city,service_date_key,route_group_id,route_bucket,input_row_count,service_count,unique_service_stop_count,route_coordinate_count,home_found,start_policy,end_policy,backend,endpoint_id,profile,cache_identity,status,failure_reason,distance_km,duration_min,cache_hit,request_attempts,request_elapsed_ms
"Atlanta, GA",2026-06-01,1b34ed7c5771d3dd3976518f781982177e93a6167524e44ec2061117e4f3b99d,DMS,3,3,3,4,True,home_fixed_start,last_service_stop_no_home_return,osrm_road_network,atlanta_ga,driving,2ba38fe8ff5b0418706b195f3a6ff9e862e59a5348a47e2c5c7d03f945e56956,success,,58.5485,63.43666666666666,False,2.0,401.37390000745654
"Atlanta, GA",2026-06-01,4f5832d4db11fb19ba6ae14e9f1071fd010affb70a4c352ae8eb57e180e11f8b,DMS,5,5,5,6,True,home_fixed_start,last_service_stop_no_home_return,osrm_road_network,atlanta_ga,driving,239940a1592fc29ac8eb4617650d137b50c63e0c8cae3239cd993128cbc2a3d5,success,,71.28110000000001,86.89333333333335,False,2.0,408.4748000022955
"Atlanta, GA",2026-06-01,626d8987a43fd1e246efb8eaa2d5b4b5db1ac186a4293183552d726c8d11cd1b,DMS,4,4,4,5,True,home_fixed_start,last_service_stop_no_home_return,osrm_road_network,atlanta_ga,driving,73e8a736e6911808f2e6c97843a92f3c89805a96da7db9a20cd77f6d644e51ee,success,,74.851,85.71833333333333,False,2.0,421.40849999850616
"Atlanta, GA",2026-06-01,69dea0287d030016ba6800a9c132745a65930b72589e297ce7c244205eb117f4,DMS,5,5,5,6,True,home_fixed_start,last_service_stop_no_home_return,osrm_road_network,atlanta_ga,driving,1027af6ecd8da7f7c9f4efea0f053bdbf5843b698aa4a181475d227b53697594,success,,145.6128,144.05833333333334,False,2.0,848.648500017589
"Atlanta, GA",2026-06-01,6b3a338b678c90a0c2d8b821543d0f8b4be1ff27251729b1a59f22d7c6a17d0d,DMS2,1,1,1,1,False,nearest_neighbor_best_start,last_service_stop_no_home_return,osrm_road_network,atlanta_ga,driving,ffbf1b7236d3f84bcca3278c195589c0610f9259be6a7d3c38e5f9581e3e4b5f,success,,0.0,0.0,False,0.0,0.0
"Atlanta, GA",2026-06-01,9cc875cb443036d8a6a43590e558fe38ca302933ab21c92344377512bf697e8e,DMS,3,3,3,4,True,home_fixed_start,last_service_stop_no_home_return,osrm_road_network,atlanta_ga,driving,e946d13d5f50636948a580a808c5c0c85ac625de7d45a19c8964bfdac4182648,success,,114.8135,113.235,False,2.0,868.0160000221804
"Atlanta, GA",2026-06-01,9ef0ecd8b859edd19d2b74563c7c2b8bff8114520fa25bccb73f11b16a9d90b0,DMS,4,4,4,5,True,home_fixed_start,last_service_stop_no_home_return,osrm_road_network,atlanta_ga,driving,3769719e21b24a2a553e2c27d5746a39e5cc291ba7c2a90167ded7d9e1cc6cc9,success,,259.6245,245.535,False,2.0,599.1697999997996
"Atlanta, GA",2026-06-01,bb12c4e2d11557fc24e40d68c87fc4789e2512fdc722035667dcbd95a0639043,DMS,3,3,3,4,True,home_fixed_start,last_service_stop_no_home_return,osrm_road_network,atlanta_ga,driving,5e90f11a382902c9e1d30d721d89c3cf09c534f6bddaceb16b6b0d1a0f7b057f,success,,53.204699999999995,69.86333333333333,False,2.0,421.2575000419747
"Atlanta, GA",2026-06-01,caecf941dd0b74bda0ed49a3d5d3c6b5442e418cb74909a527b06c1807e2730c,DMS,2,2,2,3,True,home_fixed_start,last_service_stop_no_home_return,osrm_road_network,atlanta_ga,driving,e3f4521872bb07ba460219cd87e70231e587d4ec2aea9744a40718b14c461bc9,success,,131.6685,113.64666666666668,False,2.0,412.2483000101056
"Atlanta, GA",2026-06-01,cf645d9b89621e20745fee09100d9a0cdcf1f1b4c1949efed85726df67def210,DMS,2,2,2,3,True,home_fixed_start,last_service_stop_no_home_return,osrm_road_network,atlanta_ga,driving,c9f6d1851ea38873a0c7ea3024787f74e9b73570f7f49a8282e1a05db7d69ec3,success,,71.8714,71.66166666666666,False,2.0,866.7314000194892
"Atlanta, GA",2026-06-01,d3548e8c33b0272a2d458c558539aada8a079eea728708b95acc408ad1b3fee9,DMS2,2,2,2,2,False,nearest_neighbor_best_start,last_service_stop_no_home_return,osrm_road_network,atlanta_ga,driving,fe4a522ebcbf1dad339491a64e5ac1cadcdfba5ff5c352462a347c04731a817a,success,,25.5657,28.745,False,2.0,406.3607999996748
"Atlanta, GA",2026-06-01,d7b8704e35a13dd99c347d42f19e13cc0ac8e8f80bad102ffab086a37f165700,DMS,4,4,4,5,True,home_fixed_start,last_service_stop_no_home_return,osrm_road_network,atlanta_ga,driving,f3b49b6e52bbd2b5a4f4cae5734397f3b4e63e5e716e460f78437db18e54dca5,success,,58.1533,72.53166666666667,False,2.0,425.22890001419
"Atlanta, GA",2026-06-01,da490eb4b70f22e9786279556ecc8220ec7782f4d93faceba16152878b4ffd7d,DMS,4,4,4,5,True,home_fixed_start,last_service_stop_no_home_return,osrm_road_network,atlanta_ga,driving,aaa8721e26878d60ee6d86af4e353ca646da25b965e5997ad5e1e06eae3f529c,success,,89.35260000000001,97.67166666666667,False,2.0,852.7387000212912
"Atlanta, GA",2026-06-01,eaff34a2cfef4132234a069c038c010603f9ff46403c459f1edc06d2a9e0e9ac,DMS,4,4,4,5,True,home_fixed_start,last_service_stop_no_home_return,osrm_road_network,atlanta_ga,driving,a991981c767db359b3caf93d1ef009484d6e893580f6ec04c8fc6436dc660788,success,,140.5563,144.61833333333334,False,2.0,407.58179998374544
"Atlanta, GA",2026-06-01,ed82a7f96a7d34bf9009f3f7c35a1eb9186c7bba30070eabcb59a6331b8cb979,DMS,3,3,3,4,True,home_fixed_start,last_service_stop_no_home_return,osrm_road_network,atlanta_ga,driving,ec19ad2e0b16245540208d23f162601ab72cb0d689a815d35d45784c23c8814f,success,,84.68910000000001,80.76,False,2.0,403.74499998870306
"Atlanta, GA",2026-06-01,f847e7607e9370db4bce64c2bdebc21831f8175d530cb45e5a1e83793c8523bc,DMS,1,1,1,2,True,home_fixed_start,last_service_stop_no_home_return,osrm_road_network,atlanta_ga,driving,1e23a7e50a7233f057610ffdc05cc1d488350fdb8f86aeb4ba78f14ad6299eab,success,,26.957,30.68,False,2.0,399.9316999979783
"Atlanta, GA",2026-06-02,2e4780d9d75d3b908f42624b4e7731635707dd8684d1b43068f01b754a7d5cfc,DMS,4,4,4,5,True,home_fixed_start,last_service_stop_no_home_return,osrm_road_network,atlanta_ga,driving,683059dcad9fc74d49aac32e32436879f760c5b7c34537e7f286478d7307647b,success,,71.53280000000001,88.305,False,2.0,401.6946000047028
"Atlanta, GA",2026-06-02,39691d50df22178c901f564c5a75625d733f56928c135420ecc5f5b866515f5a,DMS,4,4,4,5,True,home_fixed_start,last_service_stop_no_home_return,osrm_road_network,atlanta_ga,driving,297ee0e1087c72c4074c4e026df0c95ac445d77e8b8a95ac1b34d7d37a04d303,success,,55.847,75.03333333333333,False,2.0,414.4751999701839
"Atlanta, GA",2026-06-02,3dc8a889fbd01e5ff6317ebfe2b7eb2c9fd64f99f42724406177185c74f12588,DMS,4,4,4,5,True,home_fixed_start,last_service_stop_no_home_return,osrm_road_network,atlanta_ga,driving,f578fe3d8733e164191434af7981756987e35ff5e8fed6ae68d8f78b51e18f94,success,,106.8241,119.50833333333334,False,2.0,414.4588000199292
"Atlanta, GA",2026-06-02,4d76e4e95ed067ef177be493724d38500dc7b8a2ebb945a2fe52e4bf67508f1f,DMS,4,4,4,5,True,home_fixed_start,last_service_stop_no_home_return,osrm_road_network,atlanta_ga,driving,10102027c853e2f70f3c4ccb7e0f49ac71c02c92bd1013e43f6398167166ddd0,success,,75.75880000000001,91.0,False,2.0,419.9314000143204
"Atlanta, GA",2026-06-02,5b96bc29e1959ccaa69bf8312962df1919dd20382828527a7a9d5e51a0b16bf7,DMS,4,4,4,5,True,home_fixed_start,last_service_stop_no_home_return,osrm_road_network,atlanta_ga,driving,bb27023e41e8584b987e9d41cb400b42ceded4789fd47ced31c981ffcfc15907,success,,139.3505,149.91333333333333,False,2.0,426.52839998481795
"Atlanta, GA",2026-06-02,74e24ad24bd1f28cfbbf652df2cfa66d60dc9b72d48965b1b3a63f892dce3722,DMS,5,5,5,6,True,home_fixed_start,last_service_stop_no_home_return,osrm_road_network,atlanta_ga,driving,431d97fd600160a97e365c8b91e2f4b7d3e4d902d6640294d742fa6563069dab,success,,102.34339999999999,113.54833333333333,False,2.0,424.70699999830686
"Atlanta, GA",2026-06-02,75c31d2ba24e485cd1b7e34117ce60ca1cc32ac2b8299f3d3bae8a349cbcaa29,DMS,7,7,7,8,True,home_fixed_start,last_service_stop_no_home_return,osrm_road_network,atlanta_ga,driving,4c15cbc74e70fdb3642774b84d0028ec9e3b13120a97e58a230903b39adebf0b,success,,103.4825,130.785,False,2.0,435.8705999911763
"Atlanta, GA",2026-06-02,915a3a684a2602f5a07cc529a08e677a809fb87cdeac358902bef8e84c9e479f,DMS,2,2,2,3,True,home_fixed_start,last_service_stop_no_home_return,osrm_road_network,atlanta_ga,driving,4c6bf1b03c12a339ca56626bbe5b3ed6ce6eca8d91d6f92c0a561f69073a2e21,success,,25.0944,32.565000000000005,False,2.0,398.46270001726225
"Atlanta, GA",2026-06-02,b304fabe5ef685bf89482782388d69c46bcef69362c7109bd2682c3a55771e29,DMS2,2,2,2,2,False,nearest_neighbor_best_start,last_service_stop_no_home_return,osrm_road_network,atlanta_ga,driving,2628a9d7eda0a2f629a06e1c925de65d670e0680fb2f3b58910a565438a5b411,success,,89.338,70.685,False,2.0,410.5205000087153
"Atlanta, GA",2026-06-02,bdad7542a6b21cc0c96e94446d89c65ff49a2437e9aefd0e5eef803fb033bf11,DMS,3,3,3,4,True,home_fixed_start,last_service_stop_no_home_return,osrm_road_network,atlanta_ga,driving,a5bb1568693feb97409c17b24315e0806e444096713c4f166a0666e8e720d02e,success,,125.29469999999999,116.90333333333334,False,2.0,420.7647999865003
"Atlanta, GA",2026-06-02,cfcb4c15931349729ad717efcec675df2b3ad281e5af7f03ea7c84883189ddfd,DMS,3,3,3,4,True,home_fixed_start,last_service_stop_no_home_return,osrm_road_network,atlanta_ga,driving,83371ace2f80a858c5ff71d0999a358a5aac2c66e1819bb78d708e208ddd5de2,success,,175.4771,175.4633333333333,False,2.0,437.0958000072278
"Atlanta, GA",2026-06-02,f37eaccb8c24b496c18a994abc29f8f5e69c1e486596f6675b779d9759fa9c1f,DMS,5,5,5,6,True,home_fixed_start,last_service_stop_no_home_return,osrm_road_network,atlanta_ga,driving,779dde37fa449e532db46c2b977ef3b1afca7c966c867efa39a0a1df9281e5c5,success,,65.2388,86.50500000000001,False,2.0,409.8783000081312
"Atlanta, GA",2026-06-02,f5cfa1be20b2318ebb63ca4fa604fe714a1f463359b2d596c284b25837fbd5d7,DMS,7,7,7,8,True,home_fixed_start,last_service_stop_no_home_return,osrm_road_network,atlanta_ga,driving,9ccc82220dfdf92fda7adbb6c065a84f41e6c63ce039b36f3d8834c93a9a9287,success,,102.02380000000001,117.80166666666668,False,2.0,423.15099999541417
"Atlanta, GA",2026-06-03,07e6d3345a97510b5126bfeeb380a3d3305e7acf757eb8fc9336781c2f723906,DMS,4,4,4,5,True,home_fixed_start,last_service_stop_no_home_return,osrm_road_network,atlanta_ga,driving,23fbb87f674b34960a9a47b312bede2b0956c4b5ea0a5ce4d1c1f29faf6b3231,success,,139.0314,160.10666666666665,False,2.0,423.09969998314045
"Atlanta, GA",2026-06-03,3146c38be77a32aa2ea9d9083b344439308a348ec622b08d483abd55b7f1d78f,DMS,2,2,2,3,True,home_fixed_start,last_service_stop_no_home_return,osrm_road_network,atlanta_ga,driving,96a5b21d1e5890b44bc62cd503ea793e4f1bca6803cb5cf84e9e1bb779c45c37,success,,50.127199999999995,58.63666666666666,False,2.0,414.04159998637624
"Atlanta, GA",2026-06-03,52c5655bf3629690ae9b2c2d4b28a470424b073e74ae7a2390d30f47290eb4df,DMS2,4,4,3,3,False,nearest_neighbor_best_start,last_service_stop_no_home_return,osrm_road_network,atlanta_ga,driving,cd3dd80a25522501078005abff059ce89613078cfb09311ebe47376bd7d6379e,success,,58.478,63.55833333333333,False,2.0,412.50530001707375
"Atlanta, GA",2026-06-03,5616976964de83cab047efcdd8e4e903e643445aa2e097050f492cc492b88f51,DMS,2,2,2,3,True,home_fixed_start,last_service_stop_no_home_return,osrm_road_network,atlanta_ga,driving,4b6bb2c474d25493a49c5599466f706db2046878b322916c35fdba49047ca92b,success,,84.9936,77.43333333333334,False,2.0,405.58220000821166
"Atlanta, GA",2026-06-03,6e35407a45c38bed9e5d9b3c25404ab120edb0146a52666bd5b52586ce3233d2,DMS,5,5,5,6,True,home_fixed_start,last_service_stop_no_home_return,osrm_road_network,atlanta_ga,driving,5f784f63fb5319acf1c8469678001f795869cf6e09727d3e0481dbc7dd3f3a9d,success,,120.0626,131.58,False,2.0,413.8977999682538
"Atlanta, GA",2026-06-03,74da8fa5d72bc2357ff1d195eda4e3b9180d68e85f5a2d0c76ebbcc15e35de1e,DMS,3,3,3,4,True,home_fixed_start,last_service_stop_no_home_return,osrm_road_network,atlanta_ga,driving,95d29dde7c78274aa1eda6f8bad39454edc59d2deb144ac4ea304c1eb60ba2d2,success,,104.57,111.34333333333333,False,2.0,404.22889997716993
"Atlanta, GA",2026-06-03,aa6154c664f432866d3e23b1a5f8f455eaa0891161b8f03830acd8782f2b1bc6,DMS,5,5,3,4,True,home_fixed_start,last_service_stop_no_home_return,osrm_road_network,atlanta_ga,driving,d30d913cb761d9078e68862333591b9c976150410e48ea13aa454c33d25ebbec,success,,34.558699999999995,48.52833333333333,False,2.0,400.64649999840185
"Atlanta, GA",2026-06-03,bc9d79bba3d74e3b1d1646ca70539573a52eb697cb8d40790154eb49a2826ec6,DMS,4,4,4,5,True,home_fixed_start,last_service_stop_no_home_return,osrm_road_network,atlanta_ga,driving,0f7e5f127a465eb6138a4c894d5a52c96a7fa993ae928c81a7df81de57358c51,success,,70.9041,84.8,False,2.0,441.41769999987446
"Atlanta, GA",2026-06-03,c7967417c8514ce78c5c6e36f12de05d030aa515b69eff3822a92472e8b481af,DMS,2,2,2,3,True,home_fixed_start,last_service_stop_no_home_return,osrm_road_network,atlanta_ga,driving,8b77e3aa9438a17a86497deef627419b11304968044aadc18fe38dcb9f402df9,success,,66.7612,64.99666666666667,False,2.0,407.5277000083588
"Atlanta, GA",2026-06-03,e56deb09a69c48e1323b77cdbb0de4768d90164335600a90f1aa405c6dca74e6,DMS,3,3,3,4,True,home_fixed_start,last_service_stop_no_home_return,osrm_road_network,atlanta_ga,driving,b1966973e24202819954e1d9c61aca4408477879753e48dee50ac59ce832ab25,success,,57.8308,65.36,False,2.0,406.2236000027042
"Atlanta, GA",2026-06-03,e6051eabcc4f43fff692555bc4bcf28551db9519b6e2eea87bdf6ece4661242f,DMS,3,3,3,4,True,home_fixed_start,last_service_stop_no_home_return,osrm_road_network,atlanta_ga,driving,1f6a0c3510053e761e5a5b68fa576672efe4efe398457831cea399334aa044c7,success,,100.4675,97.59666666666666,False,2.0,418.23660003137775
"Atlanta, GA",2026-06-03,ebc5580c159af7b979891e6c7a7f7f76d9942d387201b919186898799c0ca3eb,DMS,5,5,5,6,True,home_fixed_start,last_service_stop_no_home_return,osrm_road_network,atlanta_ga,driving,a286858f803d9b9086041be64865f18234725d70b43c48008e2a78b20141567c,success,,144.877,161.67999999999998,False,2.0,412.0338000066113
"Atlanta, GA",2026-06-03,ed954ecffbb61877af3abaad4949064c0be8aea05649ed77c8e2be192099fbc8,DMS,4,4,4,5,True,home_fixed_start,last_service_stop_no_home_return,osrm_road_network,atlanta_ga,driving,02129349808338a472b3a7b60b470d3a748c4ed99a9ff04fb9f5accfb32ee62b,success,,182.9746,179.97333333333333,False,2.0,422.67799997352995
"Atlanta, GA",2026-06-03,f88b48561ef6477a9965f63d0d19c7217c2f029f5512801c7d08558dd5c1078d,DMS,5,5,5,6,True,home_fixed_start,last_service_stop_no_home_return,osrm_road_network,atlanta_ga,driving,fe7e5b16ee30dfb0bd7a3e68405f5079dc7ced8589c22f8eefeb3c813c5a59b4,success,,91.1678,107.775,False,2.0,413.3226999838371
"Atlanta, GA",2026-06-04,0363a56299600e332e688cf22657cbac6f1581514bcf6fcbf28a12ed91a694b0,DMS,4,4,4,5,True,home_fixed_start,last_service_stop_no_home_return,osrm_road_network,atlanta_ga,driving,68e515cbf652118c42afeec0ff524c2a594798ac048d7f8469a4ac477598735a,success,,89.3966,99.32666666666667,False,2.0,411.76550000091083
"Atlanta, GA",2026-06-04,1d244fa5e491f0ef9489004b123dee4548101f3ece5034ccedb7e30b54d68099,DMS2,2,2,2,2,False,nearest_neighbor_best_start,last_service_stop_no_home_return,osrm_road_network,atlanta_ga,driving,5a6842b7329ddfbd85c92dd527684992dc106c9f43458e4eee3e972d3aace013,success,,2.3383000000000003,4.326666666666667,False,2.0,406.34429999045096
"Atlanta, GA",2026-06-04,4501f6a111c8ccfe2c56a45473fadeac69806ef9043d019a3f363e8ea3851c90,DMS,6,6,6,7,True,home_fixed_start,last_service_stop_no_home_return,osrm_road_network,atlanta_ga,driving,b60b2ff2ec8ea3ba0e5838ead3bd305e4941dc92e32ea0e7ee2c00b32e6d1977,success,,84.8991,101.39833333333333,False,2.0,413.5272999992594
"Atlanta, GA",2026-06-04,535e1876ad3300a2a36c011587c0f1867aa80dcb2c160098e75b95a96a261a36,DMS,4,4,4,5,True,home_fixed_start,last_service_stop_no_home_return,osrm_road_network,atlanta_ga,driving,af674d2a47b4593c0b4851eabc814234f4b11985a56d1fa61a5e459536c703a7,success,,125.7174,124.36,False,2.0,420.9681999636814
"Atlanta, GA",2026-06-04,6777ea79b81a0d666858ad5579b9b787294d052368ba3c0bc81f7e9adf16bd0c,DMS,4,4,4,5,True,home_fixed_start,last_service_stop_no_home_return,osrm_road_network,atlanta_ga,driving,cdf7572bb6532682658a527c4f25d37cc11f2dbc51c45e1ba0c3ac86c0db20e2,success,,39.0473,47.65333333333333,False,2.0,427.2210000199266
"Atlanta, GA",2026-06-04,971a113df48d2df1824602dbab1fe503c17477fd43047a8e04e340b0153fe9e1,DMS,4,4,4,5,True,home_fixed_start,last_service_stop_no_home_return,osrm_road_network,atlanta_ga,driving,fb11e53bde0320f5a60ecc25adf1362ec3b7ad0bb60e639e9a114aabe6d4fbd0,success,,52.4414,66.34666666666666,False,2.0,413.0628999846522
"Atlanta, GA",2026-06-04,a1234b94c6ee22dc2c78fef63114bf3d7d37a689a9c64318a9e898a67ae72afd,DMS,4,4,4,5,True,home_fixed_start,last_service_stop_no_home_return,osrm_road_network,atlanta_ga,driving,939c5baa2c27900cec771c161013a0ad5d62856a45b06b90842a2edc354dce13,success,,67.8385,78.72666666666667,False,2.0,421.39119998319075
"Atlanta, GA",2026-06-04,a5cde6b68a64cc0babc6061d31b0c6dac4256b99af61e2f595d7f65bf0ef87ae,DMS2,2,2,2,2,False,nearest_neighbor_best_start,last_service_stop_no_home_return,osrm_road_network,atlanta_ga,driving,11047e42cd545c565627dcc76af129670388bef0592b33e779c82fa1ffa3b624,success,,37.523300000000006,43.32,False,2.0,414.5989999815356
"Atlanta, GA",2026-06-04,b194a07b0b0e09c00366fb127e8f6ae266710f4755e2fab2a86ac0976fc3c208,DMS,3,3,3,4,True,home_fixed_start,last_service_stop_no_home_return,osrm_road_network,atlanta_ga,driving,7a1052827db4611e0b24efe5733d3598a40905742f4d2f2a60524f1236a9da2c,success,,181.82070000000002,184.76666666666668,False,2.0,419.7406000166666
"Atlanta, GA",2026-06-04,b9fc18824209c10555bd11f81f8e9c318bb264602d0a1ab702f8ac9bfc79a8be,DMS,3,3,3,4,True,home_fixed_start,last_service_stop_no_home_return,osrm_road_network,atlanta_ga,driving,7c7ded25c89d25722f94617fe3642fcdecbb64fbd0cc8a848758483ee8107f19,success,,82.85419999999999,93.865,False,2.0,412.0948000054341
"Atlanta, GA",2026-06-04,d82c51985fff2b72df40ea74b2cf8da49ba4cc4c3d2da26815ccde67f4b67d0f,DMS,8,8,8,9,True,home_fixed_start,last_service_stop_no_home_return,osrm_road_network,atlanta_ga,driving,b64a9beecb81b431f022e0bb0a13cabe44b0ef7f943391e3be3c038cebecb77f,success,,187.1754,207.13500000000002,False,2.0,442.1087000227999
"Atlanta, GA",2026-06-04,e1f3d79a3d4125c366bfb451a611df0fa576ef31bf5bdf6a4d18fcb4230edf73,DMS,5,5,5,6,True,home_fixed_start,last_service_stop_no_home_return,osrm_road_network,atlanta_ga,driving,d17376582738fb688c65d0f0f19403e8992edbe3fef388ffffe6fc8c3e047228,success,,113.6503,133.04166666666666,False,2.0,417.2541000007186
"Atlanta, GA",2026-06-04,e504948d302599eff0f2f4e1fd5f36fac985bccfbd597fdd9ccb018b4aeb6fb2,DMS,3,3,3,4,True,home_fixed_start,last_service_stop_no_home_return,osrm_road_network,atlanta_ga,driving,84f4d025ea095bb109878cd8bc3b2577df24dbaf8b2af397b0d59d932a731def,success,,94.71910000000001,97.195,False,2.0,409.1752999811433
"Atlanta, GA",2026-06-05,1877a2cffd9060eb3f2f878b9d4892514e01740af5978d5f9dc7c3718e208d48,DMS,5,5,5,6,True,home_fixed_start,last_service_stop_no_home_return,osrm_road_network,atlanta_ga,driving,2045916c53686c45859efeacfef5afccd9329e9c641609ad33e0d90dd7d4c1bd,success,,75.78139999999999,98.77833333333334,False,2.0,410.5500000005122
"Atlanta, GA",2026-06-05,1c2e3024a671d4d962d34d3d193bb920c8d7fd446ffface80d281fb76234ceb0,DMS,5,5,5,6,True,home_fixed_start,last_service_stop_no_home_return,osrm_road_network,atlanta_ga,driving,45c79743524e2c8baeb7345102ede0608561dfcbd142f6ef78859cf4dd03eaa3,success,,132.9179,143.94500000000002,False,2.0,416.1474000138696
"Atlanta, GA",2026-06-05,4f9a494978267dfee77d1212bdb5a590f03d164c91feee1e63cdc2c2e3656849,DMS,2,2,2,3,True,home_fixed_start,last_service_stop_no_home_return,osrm_road_network,atlanta_ga,driving,f52f8c9620e8aa139436a99dd33de72594bdec01fcc23164fbbdb27bcfedd18f,success,,59.226099999999995,55.03,False,2.0,400.3400000219699
"Atlanta, GA",2026-06-05,541298730a2e57a16a38cd51a177f59e7b32ec20bbbc56f8e22824413f4681c3,DMS,3,3,2,3,True,home_fixed_start,last_service_stop_no_home_return,osrm_road_network,atlanta_ga,driving,584b1a1cc9de3e7b2e35ec1ec2cb4e0ff671f20447677fd7f0a7a6d2447f3705,success,,76.1014,76.78166666666667,False,2.0,407.7314000169281
"Atlanta, GA",2026-06-05,7234a1e029cca301a41ac9fc884431385d2a9277cdfc583feeb8ff393c025b73,DMS2,2,2,2,2,False,nearest_neighbor_best_start,last_service_stop_no_home_return,osrm_road_network,atlanta_ga,driving,5d30d8f745972ab21be3ad5241e79041065dfc4b899fa454942b0769dc78dc94,success,,3.2389,4.598333333333333,False,2.0,413.60199998598546
"Atlanta, GA",2026-06-05,7400a72db508991d2d044984f6716c0ce2d39351dfff69a3950b4bd00a12de14,DMS,3,3,3,4,True,home_fixed_start,last_service_stop_no_home_return,osrm_road_network,atlanta_ga,driving,364ce6b9f19f38225ac2c0246f7c4c1a4b64f50affc2f28c04d2603f7a528217,success,,119.9941,127.77833333333334,False,2.0,415.39039998315275
"Atlanta, GA",2026-06-05,76bff4c43c8414322cc55eb8f600ef9f7e8072313b81d80cafa11833be3c68e7,DMS,5,5,5,6,True,home_fixed_start,last_service_stop_no_home_return,osrm_road_network,atlanta_ga,driving,22927eef45c07fd3982313c5b9c861d6a956686d0da3f7856cc5840c5f1f1d93,success,,101.9219,116.73166666666665,False,2.0,421.5325999830384
"Atlanta, GA",2026-06-05,8a3695dd87fa9ca8dd967dc62b3834b4366c96c6720e1f16a999552ed96bbd14,DMS,4,4,4,5,True,home_fixed_start,last_service_stop_no_home_return,osrm_road_network,atlanta_ga,driving,f6b2d3471bf97dd6b1f176d5bcba7393e0b461569ccda4126c552db1da773d5d,success,,104.42139999999999,121.47,False,2.0,429.01000002166256
"Atlanta, GA",2026-06-05,8e65576990470dcf4347f81fa57c3749672c25ff8c37781e68a38cc0bf67ad20,DMS,4,4,4,5,True,home_fixed_start,last_service_stop_no_home_return,osrm_road_network,atlanta_ga,driving,25a2d3535df55ca7fbaaf4449be6a30e2e01a5b942cfd44f38efce899137ae9a,success,,142.85739999999998,145.4116666666667,False,2.0,460.4696999886073
"Atlanta, GA",2026-06-05,a72144f4785a74a92314462a2c48de9c80724755f08dc572c1537e2f2c1e34c7,DMS2,2,2,2,2,False,nearest_neighbor_best_start,last_service_stop_no_home_return,osrm_road_network,atlanta_ga,driving,1b3b50fde990e1adcca77e3fd1a99b1a4909ea349de1e50498ccfc912b6f8423,success,,27.905900000000003,26.486666666666668,False,2.0,396.8429999949876
"Atlanta, GA",2026-06-05,c36d46b6a13c1764f4adae0242cd0701505ae760f8ea8cf81fd93448f6c6de67,DMS,1,1,1,2,True,home_fixed_start,last_service_stop_no_home_return,osrm_road_network,atlanta_ga,driving,d5249b6136f8ab1bb7bc414b91731f234ea2378b3f2dcf3f88d74719ff0086ce,success,,79.67389999999999,73.72833333333332,False,2.0,411.7817000078503
"Atlanta, GA",2026-06-05,d4d5855afbb9efc344b8c97fccb55a5d299c14239b87e6ad6271a9f52cd8406f,DMS,3,3,3,4,True,home_fixed_start,last_service_stop_no_home_return,osrm_road_network,atlanta_ga,driving,d1c4af4af1391d186b53a5d2ccee3ca7b3096ff37d2705dff2a6f6e257216ec9,success,,83.54310000000001,95.97833333333332,False,2.0,401.90919997985475
"Atlanta, GA",2026-06-05,f8755764050b993f112f8612134de7a49fa0e949a1dd640e954e5aa380ee5b5d,DMS,5,5,5,6,True,home_fixed_start,last_service_stop_no_home_return,osrm_road_network,atlanta_ga,driving,c7883fc77a699ddc71fbc22adc34bf687768fdfaed04ea377875af66c7d700a4,success,,108.6432,115.09833333333333,False,2.0,439.615799987223
"Atlanta, GA",2026-06-06,e64609eeb91526839b641e7148f30c1c2853dd8da9995ff9624c8866265c1615,DMS2,1,1,1,1,False,nearest_neighbor_best_start,last_service_stop_no_home_return,osrm_road_network,atlanta_ga,driving,222bb6dec27c497029285f6486976591ada3e0e6369d24dc1ca3bdc3408d0fa3,success,,0.0,0.0,False,0.0,0.0
"Atlanta, GA",2026-06-08,07f96214b97deb3d47eae0b2c4accc8bd9fc2aa1e40631f3d1fd6eff16e3275a,DMS,3,3,3,4,True,home_fixed_start,last_service_stop_no_home_return,osrm_road_network,atlanta_ga,driving,b726ac83e23e3e43234a6e9b93f1016acdb9986ca4686a247505575c64763a0c,success,,56.4576,68.06166666666667,False,2.0,403.62650001770817
"Atlanta, GA",2026-06-08,1cb8de9ec43754a20eb3c7996d8cbcfe034899e7e1b0c598bce7ba1644f78331,DMS,2,2,2,3,True,home_fixed_start,last_service_stop_no_home_return,osrm_road_network,atlanta_ga,driving,0586e37155bcedaecfc752cdba9472ed695f6cce9562c70e5164b7e88deabfcd,success,,119.2555,121.28833333333334,False,2.0,417.8946000174619
"Atlanta, GA",2026-06-08,1daf7122df31b22c519991e357ee795faea3e37dea24e390df4dcbf52f8dda6b,DMS,1,1,1,2,True,home_fixed_start,last_service_stop_no_home_return,osrm_road_network,atlanta_ga,driving,0ce6b6704b80bc4d800daf0226626ca5702574d86ef713cef0726cc26382806d,success,,29.729200000000002,36.525,False,2.0,395.33379999920726
"Atlanta, GA",2026-06-08,254cd4c5bcd575ed55a60ffcbfec8d561a392e7b2ac60cfc38584258496525d8,DMS2,2,2,2,2,False,nearest_neighbor_best_start,last_service_stop_no_home_return,osrm_road_network,atlanta_ga,driving,56908d7b94cb4b3ecdeb09079e1e563352ea4974130698f5d7c5a8b8e2366b9f,success,,46.1016,46.336666666666666,False,2.0,399.9257999821566
"Atlanta, GA",2026-06-08,353c68ed8c9e13d71d43d1f092b7004f9432163b80631575984da819ebab984c,DMS,2,2,2,3,True,home_fixed_start,last_service_stop_no_home_return,osrm_road_network,atlanta_ga,driving,d4040c2ad686f9b303b60ca63d71ef539a291c8aa7ca73e834ce8970dbaca3e1,success,,64.45219999999999,64.535,False,2.0,408.82919999421574
"Atlanta, GA",2026-06-08,72c3106fc7614422eb3ace57b123aecd5c28f8ad7490c6c4cb93ea4bba6918ed,DMS,3,3,3,4,True,home_fixed_start,last_service_stop_no_home_return,osrm_road_network,atlanta_ga,driving,6352e789400dbd2f3caa40c3e3f98007967a761273350786dccab1aa672434f0,success,,37.2819,46.833333333333336,False,2.0,400.4410999768879
"Atlanta, GA",2026-06-08,846b67c43bd2b3892926525088e1cc391a1ffe2204c3f3c5279a64e98a2f090a,DMS,2,2,2,3,True,home_fixed_start,last_service_stop_no_home_return,osrm_road_network,atlanta_ga,driving,c823289f8976ece6cef9806ffbfa073b0f4826e2ed8b8c07495b26abe3721594,success,,43.039199999999994,50.66,False,2.0,406.58690000418574
"Atlanta, GA",2026-06-08,8ed697a062d12bc582f9987fad6e4e837004e36eb7095bd49aef7d7c8637d6c1,DMS,2,2,2,3,True,home_fixed_start,last_service_stop_no_home_return,osrm_road_network,atlanta_ga,driving,db08a8eafc5707708c28c656222240ed8133094bfec699b2e295190c69ee6bf4,success,,19.3446,22.105,False,2.0,407.5711999903433
"Atlanta, GA",2026-06-08,a4352a39ad5bb1090c8522abb606664d55816f510e6d6a11770cd48ba0b9e297,DMS,3,3,3,4,True,home_fixed_start,last_service_stop_no_home_return,osrm_road_network,atlanta_ga,driving,76172c7176ab67104e63cfe0cc122ccdd8cfe5f2e11097f19d56a2ac75e4794c,success,,69.97460000000001,88.12666666666668,False,2.0,407.4107000196818
"Atlanta, GA",2026-06-08,b970c1c6b6db54799103bfb403936d5e93a39e6a996dd6ef31517445aaa350df,DMS,4,4,4,5,True,home_fixed_start,last_service_stop_no_home_return,osrm_road_network,atlanta_ga,driving,fb18b50fa97a9c62dcb5c1a09250083c0eb16e919960ee433533b072b3fa947f,success,,85.9079,104.86999999999999,False,2.0,405.93449998414144
"Atlanta, GA",2026-06-08,cdb85438838d15db85eac8bfd8346fab1fde4255a108d3af837044849b97911a,DMS,1,1,1,2,True,home_fixed_start,last_service_stop_no_home_return,osrm_road_network,atlanta_ga,driving,3787f38c5c93eb29314fd9b735ec5328825b81148c5c14b78c998cffa72ac6fc,success,,59.380199999999995,55.03333333333333,False,2.0,407.2468000231311
"Atlanta, GA",2026-06-08,e824a8a800b8cdcc2f24518e7f8f02da35d37f7ab8d39c4c2aa4d4b0570b3faf,DMS2,3,3,3,3,False,nearest_neighbor_best_start,last_service_stop_no_home_return,osrm_road_network,atlanta_ga,driving,67c9474ea3d7e9e26b8281b5bee7b4416d3571a1f0568a575a9a9aecd29d0f14,success,,71.2607,69.2,False,2.0,403.52839999832213
"Atlanta, GA",2026-06-08,ef4a0057f8a761a17ffbed5622001ff23ba18514a35d36932e2f49d5af0b3b4c,DMS,2,2,2,3,True,home_fixed_start,last_service_stop_no_home_return,osrm_road_network,atlanta_ga,driving,f934aaa75e200ca8c33ce7f0a2baec1d74516ab23228e34b5eb4593237d46bce,success,,115.2835,129.36833333333334,False,2.0,417.1809999970719
"Atlanta, GA",2026-06-09,1da111887d06a9bdebbc4ebda81ee5f3e63ab21c1b58dbfec9d0bf15e5712225,DMS,2,2,2,3,True,home_fixed_start,last_service_stop_no_home_return,osrm_road_network,atlanta_ga,driving,04d8b04b2d34b32ca69adea151b25abe65ff77704baf402c23196ba0cad66da5,success,,30.7686,36.43,False,2.0,397.4657000217121
"Atlanta, GA",2026-06-09,2195cbf2ef9035ef433c31afc92f10cbb0b07f57a7534d788a0d8deb64cc73d6,DMS,2,2,2,3,True,home_fixed_start,last_service_stop_no_home_return,osrm_road_network,atlanta_ga,driving,6cb4587b63c12cf4fca2aa863737ab6beaeeb82ab4583a9911869e54a864bb0d,success,,36.1462,36.041666666666664,False,2.0,407.53930000937544
"Atlanta, GA",2026-06-09,23bb74d1d5077c951a58a6fb10607e50ddd61e5a2b9e307aab19f2d05ae1705b,DMS,5,5,5,6,True,home_fixed_start,last_service_stop_no_home_return,osrm_road_network,atlanta_ga,driving,7219f5c28b58d0b16f54ef751ea1a73b16978f4db207f73a28f02938fad23b41,success,,125.11760000000001,138.79833333333332,False,2.0,427.39860000438057
"Atlanta, GA",2026-06-09,2f36aee9b3d1b32cc102939db0cd0cee8e61454efaf2946acacb880553174de6,DMS,4,4,4,5,True,home_fixed_start,last_service_stop_no_home_return,osrm_road_network,atlanta_ga,driving,ce1abbb96f6a53d337a97743b2a37f63ba68b6990e24cc969185cd449113d3df,success,,150.3084,166.14833333333334,False,2.0,415.5238000093959
"Atlanta, GA",2026-06-09,4558a4c3427a89e7c2b1677fa5651dcf6819ae9ae344d1b5b5766f30d6bedd9c,DMS2,6,6,6,6,False,nearest_neighbor_best_start,last_service_stop_no_home_return,osrm_road_network,atlanta_ga,driving,8fb28f2bc4eb328ae1f9fbc4f1b142417e4f621c07216e08e3dfc16d61fadaef,success,,170.74079999999998,181.04833333333332,False,2.0,417.7790000103414
"Atlanta, GA",2026-06-09,47868fad164c28a5d6817d39d82fce26936f71563fa31319f78a47f9930a8a42,DMS2,1,1,1,1,False,nearest_neighbor_best_start,last_service_stop_no_home_return,osrm_road_network,atlanta_ga,driving,ce67e675fb5f6e2dd0375b35c4affdbffc4028542259acc4c789e6020d78ec04,success,,0.0,0.0,False,0.0,0.0
"Atlanta, GA",2026-06-09,75ecc436c073c384f4bd898c5dbaef03c72e993dd277acf36aef45783ae999a0,DMS,6,6,6,7,True,home_fixed_start,last_service_stop_no_home_return,osrm_road_network,atlanta_ga,driving,f8f6109d3d99547a9fd4edf073c129a1b54046d2109810d115a0398318a7732b,success,,140.93470000000002,147.09666666666666,False,2.0,417.2471000056248
"Atlanta, GA",2026-06-09,77b25b8cfaa2d48be379196ca8f4b90622966ccfd4294bed49bb48c74239e1df,DMS,4,4,4,5,True,home_fixed_start,last_service_stop_no_home_return,osrm_road_network,atlanta_ga,driving,efda6f12e9f4e16a8807eaae35254f3aa0feceb2735d29dd73e485add9e6b294,success,,63.328199999999995,83.98666666666666,False,2.0,417.7322000032291
"Atlanta, GA",2026-06-09,818bb74e352b3f7b691e33096153bc4589c828ad5b141119bef6476ae4a840c0,DMS,5,5,5,6,True,home_fixed_start,last_service_stop_no_home_return,osrm_road_network,atlanta_ga,driving,7d7083e0d5b262be64c8a7a15115e2342b37bdd53d1a60ca472d3381a3bc48c8,success,,135.3737,140.44833333333332,False,2.0,434.69290001667105
"Atlanta, GA",2026-06-09,9675cabb0fb9aa81308af7c190fd16cf1e4321321a8cb8a9cdc7d1bc50b2c666,DMS,3,3,3,4,True,home_fixed_start,last_service_stop_no_home_return,osrm_road_network,atlanta_ga,driving,969727167d2cf10140102ac5f61be6bee343ef37371a5e61565b210f1272799d,success,,86.6685,98.02,False,2.0,417.91099999682046
"Atlanta, GA",2026-06-09,99dc48f81b73bb4359675d7c6d0796f59aaa6215ac5463c6675e56527f9a469f,DMS,4,4,4,5,True,home_fixed_start,last_service_stop_no_home_return,osrm_road_network,atlanta_ga,driving,e0ce8a574cd743e879d7032945bb1276ebefc0ce7fd76357975b4956111152ad,success,,59.7735,71.945,False,2.0,403.84509999421425
"Atlanta, GA",2026-06-09,db931beadf4129161497faa3b4e713983a8e8ed010670d2635b9d6abc6398b56,DMS,4,4,4,5,True,home_fixed_start,last_service_stop_no_home_return,osrm_road_network,atlanta_ga,driving,1fb14e79ccd5b050fc445d6d9f7388e79b50ee593d6be4b5e041ba9c4937be67,success,,70.754,85.83333333333333,False,2.0,417.7126999711618
"Atlanta, GA",2026-06-09,f78c766e2e18e8daa5c6a5cd33cb27f77f986d1fc483a623b5cde49560a2b0a3,DMS,3,3,3,4,True,home_fixed_start,last_service_stop_no_home_return,osrm_road_network,atlanta_ga,driving,dbdd5a86cb1fceafbd2431776045918307990ea17b8109be5d6eaf586fe9b2f2,success,,31.8897,45.416666666666664,False,2.0,412.05359998275526
"Atlanta, GA",2026-06-10,1382d7c32e2019f3366d5090a7aaafcaa16eba018505de7e470fc48433d0f127,DMS,3,3,3,4,True,home_fixed_start,last_service_stop_no_home_return,osrm_road_network,atlanta_ga,driving,0b04e795369483ece4f32c5f18fda82431e03eab0ddcc39cdfed825e748a389c,success,,67.7141,76.30666666666666,False,2.0,414.2965000064578
"Atlanta, GA",2026-06-10,2e44f29fc0e98bb8867b9f5cfc2d77239091e9c03a9462dec81ae6fc678ccf38,DMS,2,2,2,3,True,home_fixed_start,last_service_stop_no_home_return,osrm_road_network,atlanta_ga,driving,aa0b06edaa55f01a3c7b0c28e654b3f9ec23040c56689cdbc95d0283811756f7,success,,39.3143,45.33833333333334,False,2.0,410.8143000048585
"Atlanta, GA",2026-06-10,32a284c3c8f63748b6dda15e7002b8c22de9be6ed45ac319caea6ed7f4c4b8c5,DMS,3,3,3,4,True,home_fixed_start,last_service_stop_no_home_return,osrm_road_network,atlanta_ga,driving,069e033fb50428f1216e2217cd2cf4a776cafb9975aa4f5e929769e3c14ba08b,success,,65.3551,69.475,False,2.0,414.63840001961216
"Atlanta, GA",2026-06-10,45d237e3af035c74ae1e25cdfe8c61d994a541aea335e9f999edd4d9fa6333af,DMS,5,5,5,6,True,home_fixed_start,last_service_stop_no_home_return,osrm_road_network,atlanta_ga,driving,2ebc2bb7b2e49f186122c068ac79b159622a94afb5a791022de238c1ac2ecfa6,success,,111.0847,126.455,False,2.0,429.0201999829151
"Atlanta, GA",2026-06-10,6dc46379b41f7b06b599a149e2dfa9486b1b6763b323a0727855b25577bb99f6,DMS2,3,3,3,3,False,nearest_neighbor_best_start,last_service_stop_no_home_return,osrm_road_network,atlanta_ga,driving,468c8490ce01b8ae90038925a010c68b9c1546e096f28e4cd0a7a604f4f1fd40,success,,50.4852,61.644999999999996,False,2.0,397.6329999859445
"Atlanta, GA",2026-06-10,938d115ea43e445c4fb26cb658378918f4422df719819b913ac9c9983433034b,DMS2,3,3,3,3,False,nearest_neighbor_best_start,last_service_stop_no_home_return,osrm_road_network,atlanta_ga,driving,bf707e832ad9670af552546c2d7998a0d85de1e8bd44134ee0346cce21dfbf87,success,,72.37780000000001,71.96333333333334,False,2.0,411.7503999732435
"Atlanta, GA",2026-06-10,b2b63c652493586625f2b21733ae6fecc5470d0f941362985ea588d0ad65fa43,DMS,4,4,4,5,True,home_fixed_start,last_service_stop_no_home_return,osrm_road_network,atlanta_ga,driving,18645dca53a427eee7845b0ac8944712a650f6e82f4018239b194c359a692d9e,success,,97.86030000000001,94.435,False,2.0,408.0492999928538
"Atlanta, GA",2026-06-10,b9c119514967b6ab3a402084e71b07d111ce2134105bc805ed57a4f0fc994316,DMS,1,1,1,2,True,home_fixed_start,last_service_stop_no_home_return,osrm_road_network,atlanta_ga,driving,ffbab993cecf98b4eb329adb8ed0b3c08642e7d99ddefb6f34d5e332c79b52ca,success,,100.68860000000001,85.99499999999999,False,2.0,399.13720003096387
"Atlanta, GA",2026-06-10,babc8dc1f85902c72ab76822566e8685185946eb45f25ed4f165a6281e729684,DMS,4,4,4,5,True,home_fixed_start,last_service_stop_no_home_return,osrm_road_network,atlanta_ga,driving,19abfa6272bfd15f15a250656635f853f0ec87578c03ea4a7ff1a15c48dc7305,success,,69.3541,77.145,False,2.0,425.03680000663735
"Atlanta, GA",2026-06-10,e231a0625212770569b1d50cda4dd1a87306443c8580bf0426392d7ff8310193,DMS,5,5,5,6,True,home_fixed_start,last_service_stop_no_home_return,osrm_road_network,atlanta_ga,driving,8d6bed8963d26795bc8033023682eb7dcd20933e5d65e2469873b86197771611,success,,92.41980000000001,103.895,False,2.0,419.111499999417
"Atlanta, GA",2026-06-10,ea2b3905c8db79a0253c1765bd47b83af3d031d30ba49c1756c0adea1422f8bc,DMS,4,4,4,5,True,home_fixed_start,last_service_stop_no_home_return,osrm_road_network,atlanta_ga,driving,23f619cdb5a15a80e79dcaf7efe1e6d8055513944999e35279ac52ef04a97eb2,success,,87.7783,95.89333333333335,False,2.0,408.3672999695409
"Atlanta, GA",2026-06-10,eac088a8416f0411d1f09fa589d030f3d420bf80cdff1e5b3dbe48c48137be02,DMS,5,5,5,6,True,home_fixed_start,last_service_stop_no_home_return,osrm_road_network,atlanta_ga,driving,f83a03777794e4652d69487c13dce354613bd373227bf997e7a2b746b02117ae,success,,123.9289,128.52,False,2.0,412.574299989501
"Atlanta, GA",2026-06-10,f71bceba54c5e507d45067cf3030017b23a5b97a4e9c72065d134cd1e1b52c08,DMS,3,3,3,4,True,home_fixed_start,last_service_stop_no_home_return,osrm_road_network,atlanta_ga,driving,70bcfd199a50496b49787d604a76949b2f3962e8fa12ef07cdb0b7692dabde1a,success,,62.837199999999996,64.36666666666666,False,2.0,402.2024000005331
"Atlanta, GA",2026-06-11,0ccb4f1b023fd42365d8405f89cc77d1187a677162ef088f1a81590b5b316190,DMS2,4,4,4,4,False,nearest_neighbor_best_start,last_service_stop_no_home_return,osrm_road_network,atlanta_ga,driving,5c4212e279289bf235fcd68bec7001a1c665280863b1717d2e6360262a8a3b5a,success,,49.8965,63.96333333333334,False,2.0,410.57080001337454
"Atlanta, GA",2026-06-11,0d590ea21bc59b17742d28f3c549e4ee2e69534521d9d6e41942b6100d3845db,DMS,4,4,4,5,True,home_fixed_start,last_service_stop_no_home_return,osrm_road_network,atlanta_ga,driving,32958f54e35ae4725070dd0650cd6d744013ece5fedb7aa1c90597afd47a405e,success,,74.44069999999999,91.33,False,2.0,405.9306000126526
"Atlanta, GA",2026-06-11,461a14a96e4da1f62af54c96adb58514b9bc15d64b380f1827d4c70df6fa2e5e,DMS,4,4,4,5,True,home_fixed_start,last_service_stop_no_home_return,osrm_road_network,atlanta_ga,driving,bef74744572f010c88dfc48c744be5e7db43042567fefd8ad9db0bccdf5498f9,success,,61.573800000000006,80.375,False,2.0,416.2572000059299
"Atlanta, GA",2026-06-11,57d9677e15d43223610ad4f9bfca92185341fb54936d0b3b5c972fe0ddfb8837,DMS,4,4,4,5,True,home_fixed_start,last_service_stop_no_home_return,osrm_road_network,atlanta_ga,driving,eec32b9632efa01bc840cd00155ccec312debcf52a34aa41a462591be7b41381,success,,77.9022,91.44333333333334,False,2.0,422.53470001742244
"Atlanta, GA",2026-06-11,69ca187a96faebeb666dc8f1a89285e3b21c15a864ceb51fab398f7cd2687213,DMS,5,5,5,6,True,home_fixed_start,last_service_stop_no_home_return,osrm_road_network,atlanta_ga,driving,28d6188c8005d629e17f18094df39c1617a64d42ebbe3fc8f0423f7882dbb624,success,,68.4279,89.36,False,2.0,416.369400016265
"Atlanta, GA",2026-06-11,7dc075cab80d07c6e609ad80e3641670ff756cf4beacdcb31783f9ca42312dbf,DMS,5,5,5,6,True,home_fixed_start,last_service_stop_no_home_return,osrm_road_network,atlanta_ga,driving,34c5f945649c86051cb6b753c713119ef887a852cebbf78ebfad30c1d18eee42,success,,252.7819,277.5416666666667,False,2.0,417.1364000067115
"Atlanta, GA",2026-06-11,87308f471615fc9a75f909fc2f7f44152459f68d9734d680fb781022f838af85,DMS2,1,1,1,1,False,nearest_neighbor_best_start,last_service_stop_no_home_return,osrm_road_network,atlanta_ga,driving,d787251a7eea6888e877e1c3bbe4b8261639e4ab751693c5bcaad69476e07ff9,success,,0.0,0.0,False,0.0,0.0
"Atlanta, GA",2026-06-11,89110565a79f4d094a621387e66f0fcfd4199aa767857db499b07b9bd2b376e7,DMS,6,6,6,7,True,home_fixed_start,last_service_stop_no_home_return,osrm_road_network,atlanta_ga,driving,19c9bf834b35bcf9533b99c5e41d0100027bdab92f5790392d10134a6428bd02,success,,94.7692,105.20166666666667,False,2.0,421.8451000051573
"Atlanta, GA",2026-06-11,991aab02f70e33f544958716269956e5d8d3f081394417ca2f3aae709d634037,DMS,3,3,3,4,True,home_fixed_start,last_service_stop_no_home_return,osrm_road_network,atlanta_ga,driving,114bf588587e2f889b013e10fff4867d3e4f8295a60e61c3f00520010aaada17,success,,54.5465,68.39166666666667,False,2.0,420.99999997299165
"Atlanta, GA",2026-06-11,af97010ff3395c8d7d02ecbf1d640bf229530bc8bb71a676c26423a7bb872fd2,DMS,6,6,6,7,True,home_fixed_start,last_service_stop_no_home_return,osrm_road_network,atlanta_ga,driving,f81811c0319879ff381eba98a9d3f92a413a9a650b3e0157ef10eeb1eb6ccb8b,success,,145.1095,148.63500000000002,False,2.0,431.64600001182407
"Atlanta, GA",2026-06-11,b43b536269b82fe713d3593cf59f28c81f333bfba081e4032dc89840f86f09ba,DMS,2,2,2,3,True,home_fixed_start,last_service_stop_no_home_return,osrm_road_network,atlanta_ga,driving,2f5f02e7350beb84d14cbe86b6038bfd69598fa71a85a8e9fd6a6ace990d2ba4,success,,49.1025,55.09166666666667,False,2.0,414.31800002465025
"Atlanta, GA",2026-06-11,cb7970f6f2d9e3c95c3260a76d77ded6d727947708150d7ee7ef0322ef57626e,DMS,4,4,4,5,True,home_fixed_start,last_service_stop_no_home_return,osrm_road_network,atlanta_ga,driving,69961f116e22e18e8fc42f6ed6e9e86d3eb0a680a68f680efd5e7ae9314b5d37,success,,133.8082,129.415,False,2.0,421.1049000150524
"Atlanta, GA",2026-06-11,de4df53108a93be13836ed17b07f19b1369ebe71d0c1e3adda1bb5a59c21a0eb,DMS,3,3,3,4,True,home_fixed_start,last_service_stop_no_home_return,osrm_road_network,atlanta_ga,driving,59b7d1596bb9c1249a1d140c22e1e9a56c47c526aa3c70e504fd3c2d7779f1b6,success,,149.6679,152.88500000000002,False,2.0,407.9132000042591
"Atlanta, GA",2026-06-11,e2dfb990d6ad75caf27a0bc20ab31b32607f3f545e4216bbf4f7e2f4e7dab8a8,DMS,5,5,5,6,True,home_fixed_start,last_service_stop_no_home_return,osrm_road_network,atlanta_ga,driving,93b600f757400dc6de17222df62d6287b7c06a3ae8afee632fdfa66a427e0090,success,,110.3732,124.52666666666667,False,2.0,413.4578000230249
"Atlanta, GA",2026-06-12,2547bfd22751a5aade4452cbb4a578e4b3ad6af4a7b79ab6cbbdc6260e9beb27,DMS,7,7,7,8,True,home_fixed_start,last_service_stop_no_home_return,osrm_road_network,atlanta_ga,driving,98e0000530b71d46075b7ded3b6bdaba48d1805eb4ab60d128755f7fa405475a,success,,189.2566,220.20833333333334,False,2.0,425.3809000074398
"Atlanta, GA",2026-06-12,46d9d72d3438b8f2b4af3cbcf719a2d6d905b118cbcefdbe0051b08be1b7bdc2,DMS,5,5,5,6,True,home_fixed_start,last_service_stop_no_home_return,osrm_road_network,atlanta_ga,driving,5c4acf1682f870385b948a361d48d1f6be13ec60aba9fab815c08c2289353bd5,success,,80.3923,100.86999999999999,False,2.0,442.0914999791421
"Atlanta, GA",2026-06-12,4c25a37438bd8550fd722419e8f900586b9e2aa61b54b133e223740824326230,DMS,2,2,2,3,True,home_fixed_start,last_service_stop_no_home_return,osrm_road_network,atlanta_ga,driving,38f5fd0bbc6c6b27796c4ebf5f1e9cb713f78a81b2ad23e430dfd64385c1b3b4,success,,32.0553,40.306666666666665,False,2.0,404.5181999972556
"Atlanta, GA",2026-06-12,4e6ffc9788efe707a66ae1d9df17cf76960bec03100d3e50f129b3397c0f9c16,DMS,5,5,5,6,True,home_fixed_start,last_service_stop_no_home_return,osrm_road_network,atlanta_ga,driving,037c1e5056613b90ec3bb7e034dc26f35e78097e03d0b44744e9523c5a5feb28,success,,117.9652,144.36833333333334,False,2.0,436.92369997734204
"Atlanta, GA",2026-06-12,52cfcb8a89d4fc01c24c1cd329dfaac6f259f719f0c8a6761b929b8579aa7473,DMS,3,3,3,4,True,home_fixed_start,last_service_stop_no_home_return,osrm_road_network,atlanta_ga,driving,3e78bef66cc70651a200756fcea7f7e0354643992e40a11e8f19a4d0b1553162,success,,137.8473,142.51166666666668,False,2.0,414.48080001282506
"Atlanta, GA",2026-06-12,562643bd74ad797cde20e5ebddc2ba45cd68a9e58b75fb701e2f6bad59190795,DMS2,3,3,3,3,False,nearest_neighbor_best_start,last_service_stop_no_home_return,osrm_road_network,atlanta_ga,driving,8522ba7502f4fb6e21d958f7718c1b1c8634211745ed7318bd7af775b29b0a6e,success,,107.6904,121.06833333333334,False,2.0,452.2759999963455
"Atlanta, GA",2026-06-12,6c3574433bfcb86622bc67260694e1613d634b8ee60588a93730447792cfeacd,DMS2,1,1,1,1,False,nearest_neighbor_best_start,last_service_stop_no_home_return,osrm_road_network,atlanta_ga,driving,8a4e5c4439ae7452eb85273c048c805732ce11a8e0d4ff8e515085d7e1c3859a,success,,0.0,0.0,False,0.0,0.0
"Atlanta, GA",2026-06-12,6d763f984f7598c551893443fee9b78922cb11bbf1149ff563142528d6f5b809,DMS,4,4,4,5,True,home_fixed_start,last_service_stop_no_home_return,osrm_road_network,atlanta_ga,driving,136e32e9bedd9b848e190dbad9849e08ced1aa214d4a966430361628f283e18f,success,,148.6117,136.775,False,2.0,424.3002000148408
"Atlanta, GA",2026-06-12,7b476ad15c4b83ccd8c10f89afabc3cecab141dbd9babaa3e2d99999900de8b0,DMS,5,5,5,6,True,home_fixed_start,last_service_stop_no_home_return,osrm_road_network,atlanta_ga,driving,9d144c64261ab0ed979f60c72e64a51dbae209f77b79e394335bc5e9bb319e2d,success,,115.6815,142.20333333333335,False,2.0,416.27430001972243
"Atlanta, GA",2026-06-12,85d79e5311fb25ab9930fb101dcafb77d4d3cb6f8800f25fde825d337841f9d6,DMS,4,4,4,5,True,home_fixed_start,last_service_stop_no_home_return,osrm_road_network,atlanta_ga,driving,c158a1fd138235d33a67bbd3e8f9728100d0f6fc6d5f8fd4d054e9cc5a8dd3c6,success,,68.6462,76.97,False,2.0,410.049700003583
"Atlanta, GA",2026-06-12,c745e1be27bc0438631459300cf3d081f6f9363bb4f0a3cc4a07216e3d47747a,DMS,4,4,4,5,True,home_fixed_start,last_service_stop_no_home_return,osrm_road_network,atlanta_ga,driving,1bf8607c0104e27ec1afd4a0723fdc866ad75fcf34e970540d9d792c93c0f7d5,success,,66.8175,76.01833333333335,False,2.0,428.3169000118505
"Atlanta, GA",2026-06-12,d12ecb6f4c3719c66099f8ff749a87d38d29e462106af471400204c6255d4b66,DMS,3,3,3,4,True,home_fixed_start,last_service_stop_no_home_return,osrm_road_network,atlanta_ga,driving,9649deb79e9d56686fecfb43b5d5a063a4e58bb316800e48f3df82426d55a090,success,,87.28439999999999,93.54333333333334,False,2.0,427.6502000284381
"Atlanta, GA",2026-06-12,dcbe35ae456aaacd5d6486af126e4af75f743284860e8edb94d1e264f2efaf1c,DMS2,4,4,4,4,False,nearest_neighbor_best_start,last_service_stop_no_home_return,osrm_road_network,atlanta_ga,driving,6a8eaaabee87b132b5e75e7bad8ac26b1abb297aaddc0572fd498243dccdee08,success,,84.8756,84.67666666666668,False,2.0,423.4973999846261
"Atlanta, GA",2026-06-12,fbc247c18bd68bf8f84c6c507c18f77dc99a6bca881dfa4090e6d7fcd8eae427,DMS,4,4,4,5,True,home_fixed_start,last_service_stop_no_home_return,osrm_road_network,atlanta_ga,driving,7398ff2a8e42fd6f1d219c4bcdc8aa331ee66da2dae2a578c1ea93384bebf50b,success,,93.9175,95.565,False,2.0,412.92830000747927
"Atlanta, GA",2026-06-15,091801e6bdc5fb5c9262f9d86f62000520104619080a9b5813f3cf85cb610248,DMS,2,2,2,3,True,home_fixed_start,last_service_stop_no_home_return,osrm_road_network,atlanta_ga,driving,d23e49b7b514ee6a81151d3a2175814fb07e41e19804f87a237b6262c10e032b,success,,113.20439999999999,103.50666666666666,False,2.0,411.43340000417084
"Atlanta, GA",2026-06-15,171ebbe91565192f8d665819605f84e5d256b1bcd22a86dd6f4ca4414cc0bb99,DMS2,3,3,3,3,False,nearest_neighbor_best_start,last_service_stop_no_home_return,osrm_road_network,atlanta_ga,driving,14810e66f6420f39507c0fac9651e3d17bfff74546221e2b7e211946c456741f,success,,81.6292,92.595,False,2.0,407.61449999990873
"Atlanta, GA",2026-06-15,3db1cf4e0b1aa48e9451f154ee905f05aa5bb375e39dea8e8db07b527ab0b3f6,DMS,1,1,1,2,True,home_fixed_start,last_service_stop_no_home_return,osrm_road_network,atlanta_ga,driving,d7896a0fae95c00fb9985006a4e255606318741403e24a27a7ae82fe4c06ecb1,success,,46.03,52.413333333333334,False,2.0,398.5169999941718
"Atlanta, GA",2026-06-15,535b98b137be72e1669db8d77d73e29c952f4a38d1567909a5c8b4efcab0d89e,DMS,3,3,3,4,True,home_fixed_start,last_service_stop_no_home_return,osrm_road_network,atlanta_ga,driving,cc474d2a98e429d5acdb7f22ef7a447a2e4d1a998108bb8330efd1537a019e59,success,,82.02260000000001,92.89333333333335,False,2.0,409.5485999714583
"Atlanta, GA",2026-06-15,5bc5eacd447d68da3aea2fc2f2e23d06da7413664fe521f86423e9b075c7016b,DMS,3,3,3,4,True,home_fixed_start,last_service_stop_no_home_return,osrm_road_network,atlanta_ga,driving,ca46cff38eb5897db20581cf63dbeed931bc57fb20c54dc916d9aae3eccfbb6d,success,,86.1074,99.265,False,2.0,403.9996999781579
"Atlanta, GA",2026-06-15,61fc90d5a47fed2b67bc2acf8c7a032ec042b5093232da20c672e6e2c0605dc1,DMS,2,2,2,3,True,home_fixed_start,last_service_stop_no_home_return,osrm_road_network,atlanta_ga,driving,e3f3581245cf0364a8db9a8f6a1d03dd963c1f102dd914150642a4abd5918784,success,,86.53689999999999,80.50333333333333,False,2.0,400.9202000161167
"Atlanta, GA",2026-06-15,6219bab1a9270dbc2ab8d1789053d427e1d116c5d7d9c2d95c7478965ded49c0,DMS,3,3,3,4,True,home_fixed_start,last_service_stop_no_home_return,osrm_road_network,atlanta_ga,driving,563cad80192d14d4c3b7faf7f7b2f790d363d45c798c52c142932b2225272b63,success,,132.8595,124.76333333333334,False,2.0,417.6780999987386
"Atlanta, GA",2026-06-15,67b80944461754ab1ff92e2f54584f31122042f60f73526dcc6fd5cb1b6c3f35,DMS,1,1,1,2,True,home_fixed_start,last_service_stop_no_home_return,osrm_road_network,atlanta_ga,driving,a72bc199e8e94342244ad8d426cf4008a5307898b5d09d995df3bb90571450db,success,,41.115300000000005,41.915,False,2.0,407.23440001602285
"Atlanta, GA",2026-06-15,71d04db2400c50823ac65c9f63e36e8a0e5de31c93040fd5722ce0c20e9bafa5,DMS,4,4,4,5,True,home_fixed_start,last_service_stop_no_home_return,osrm_road_network,atlanta_ga,driving,52d5b18fdf907b12aa4aee74cdad182ed46a00f9b8a1321f5c23d258fa1cae56,success,,108.2765,131.13833333333335,False,2.0,418.30810002284124
"Atlanta, GA",2026-06-15,862f2f9bd158fbfb2cbb8181774fae9bb05eb7efe38e41609b9fdbe39a229c00,DMS,2,2,2,3,True,home_fixed_start,last_service_stop_no_home_return,osrm_road_network,atlanta_ga,driving,09ed04ff5cad489bfdc29a0fcea279497a75111f23dcba1ed853c3e82a453e77,success,,106.815,100.58999999999999,False,2.0,403.85700002661906
"Atlanta, GA",2026-06-15,9345bab5ca04558174719d65445d01e23a9b3c73d8ebb3ce548705e817240d93,DMS,3,3,3,4,True,home_fixed_start,last_service_stop_no_home_return,osrm_road_network,atlanta_ga,driving,be69b6e4f587812b0ba35f2aff5c0a105502cfcf811a8ba670ccf54c63328b38,success,,55.742,64.12166666666667,False,2.0,402.7021999936551
"Atlanta, GA",2026-06-15,a85cf5decb49bf7c792b93985708a3e708043f0132a2670f18d6c210caf378b5,DMS2,1,1,1,1,False,nearest_neighbor_best_start,last_service_stop_no_home_return,osrm_road_network,atlanta_ga,driving,855400b2d67b6ab4c9fb2dbe11c95a324176319bf3d88deb6444d30d4f71b901,success,,0.0,0.0,False,0.0,0.0
"Atlanta, GA",2026-06-15,cea36908b830b0402ad896779da356da4aa015025283c2f147866d296a522191,DMS,3,3,3,4,True,home_fixed_start,last_service_stop_no_home_return,osrm_road_network,atlanta_ga,driving,db4d7d6eca6243171ca2112d6973383cd321750376e2d601a3c8df6a75d141dc,success,,65.9835,70.71666666666667,False,2.0,400.9339999756776
"Atlanta, GA",2026-06-15,e4110d0c8019bad0e8f7ea1fcdd9a3e182c398dcc6a1d753675de9210a1df3bc,DMS,1,1,1,2,True,home_fixed_start,last_service_stop_no_home_return,osrm_road_network,atlanta_ga,driving,4dbd48acf02fcfca04fd3f2cb5570bcf02e9aafdbd204d54594080ad4ed4b008,success,,35.634699999999995,35.62166666666667,False,2.0,411.49629998835735
"Atlanta, GA",2026-06-15,ed154cb38f7e7c92731ac7890b6c11a23bfde5069df2ee32e0e0e9fce81aeb7c,DMS,3,3,3,4,True,home_fixed_start,last_service_stop_no_home_return,osrm_road_network,atlanta_ga,driving,a5038c7a41e8ec7439e1cb0d41ff11f4d86fcee0ceb3841714a7308fae787c7d,success,,131.2005,133.56666666666666,False,2.0,419.3275999859907
"Atlanta, GA",2026-06-15,f52be5fc2a7f353189f12e6f38e575cccbfe745a58564044510c26124a31d00a,DMS,3,3,3,4,True,home_fixed_start,last_service_stop_no_home_return,osrm_road_network,atlanta_ga,driving,d4876440261a8f5618161fcdc3a52951f958d6a7d9a34b13e51698c9164a9a61,success,,46.464,60.94833333333334,False,2.0,401.4047000091523
"Atlanta, GA",2026-06-16,073e893bb81f209e1e55a286f1ddd2603c1a195bc5ffda4bd252fe2a07f4b635,DMS,1,1,1,2,True,home_fixed_start,last_service_stop_no_home_return,osrm_road_network,atlanta_ga,driving,324d429f171f5af86d1d4a6f151f754191443d695707caa2569cc64844233e83,success,,47.8996,38.38,False,2.0,393.13120002043433
"Atlanta, GA",2026-06-16,12ef1186c98deb086358ffd9d25da554ea8f5fd52538d32c3f21aa847bd1317f,DMS,5,5,5,6,True,home_fixed_start,last_service_stop_no_home_return,osrm_road_network,atlanta_ga,driving,871390a970fd3e91914b78685e1798a05a2bbbe2822e2812099ad4f1ae66cddd,success,,74.3768,87.56166666666667,False,2.0,418.7928000173997
"Atlanta, GA",2026-06-16,21f6fb4f25d0e9dce5546e6f4e8cc78c9f192ac893175d7bd84652b9a6a9dd62,DMS2,2,2,2,2,False,nearest_neighbor_best_start,last_service_stop_no_home_return,osrm_road_network,atlanta_ga,driving,0a473274a567f488786ec974376368ccff192b776635483088f248e047dfbe44,success,,42.9069,46.60333333333333,False,2.0,395.0020000047516
"Atlanta, GA",2026-06-16,4b5a5d51eac9d150ad17682bbbe5e795a3cf13a431c873d00364f6b72535a8c6,DMS,3,3,3,4,True,home_fixed_start,last_service_stop_no_home_return,osrm_road_network,atlanta_ga,driving,5cf32677b2570f57004e91e49bfc3ab0c6a7bbe732ab37dad62b0f215f475ae5,success,,126.7149,124.16833333333334,False,2.0,405.3724000114016
"Atlanta, GA",2026-06-16,67f2fb639561e26c861972660829c1bd56f2e362cd0124245f04869c5f1d3dcf,DMS,3,3,3,4,True,home_fixed_start,last_service_stop_no_home_return,osrm_road_network,atlanta_ga,driving,47882a8daab2a330525958c59351f495a23553e325380809823c1d55c761546e,success,,97.9136,98.06666666666666,False,2.0,413.85659997467883
"Atlanta, GA",2026-06-16,85a35859455eb5c7189f773b56bf67aafb991ad36227d2914a72ca77fed3f73e,DMS2,2,2,2,2,False,nearest_neighbor_best_start,last_service_stop_no_home_return,osrm_road_network,atlanta_ga,driving,cacbe280d42a5e09dc8e35a2d7956dc73b8e1d8d5b41efe441e5a376a512cf8d,success,,70.5242,59.248333333333335,False,2.0,409.5104999723844
"Atlanta, GA",2026-06-16,8b1df9ec049efadb8ee1afec5eec904cacb1a8095b9c96702371f6e88e9a49f1,DMS,1,1,1,2,True,home_fixed_start,last_service_stop_no_home_return,osrm_road_network,atlanta_ga,driving,528cf60116301359e71a3bc549d635f45f34b425858d33381a076cfeb13edfc0,success,,22.622799999999998,24.558333333333334,False,2.0,391.358399996534
"Atlanta, GA",2026-06-16,a41985735527cd50ff3c0204609e9a8ec7007d61c870efcd59c829a55124cbb3,DMS,5,5,5,6,True,home_fixed_start,last_service_stop_no_home_return,osrm_road_network,atlanta_ga,driving,16b883ee63ad8c454cd6d2d97c58f11879efe4c6e055e4783c817009118ad529,success,,137.7862,149.975,False,2.0,410.0544000102673
"Atlanta, GA",2026-06-16,aaed406161d0c766bdb1b338fc3c20f87198c8c942c99e1601d61af557f85dd4,DMS,5,5,5,6,True,home_fixed_start,last_service_stop_no_home_return,osrm_road_network,atlanta_ga,driving,8d7642ad1feb271597ad869c4893c4a2853eca3700f98ecb4a117ba88e9e716e,success,,82.9585,105.65833333333333,False,2.0,417.018799984362
"Atlanta, GA",2026-06-16,c3edca680fae03cfd41cc88521fff9bdb371d04ebcf80ee429fee6f5579c37d9,DMS,3,3,3,4,True,home_fixed_start,last_service_stop_no_home_return,osrm_road_network,atlanta_ga,driving,041b11ff8d24954e23972306b4f47f1fb0dd3333bc722b5eca8a19efc06af232,success,,84.1302,97.07833333333333,False,2.0,413.554499973543
"Atlanta, GA",2026-06-16,d7116e243db5c5b67cc6ba1e9e4b9607a99a35aec1e43730f7546fafc6815d7e,DMS,3,3,3,4,True,home_fixed_start,last_service_stop_no_home_return,osrm_road_network,atlanta_ga,driving,f8cf613ae85b5ab604288f09f4b80bea50dcd3fcfa3fa4748e9c9ac454c440b1,success,,98.33810000000001,100.07333333333332,False,2.0,420.40270002325997
"Atlanta, GA",2026-06-16,ec2c98bdd7fd1309b6113c107b36d81381abd17880f0d87f8517bbf8b32cca9f,DMS,2,2,2,3,True,home_fixed_start,last_service_stop_no_home_return,osrm_road_network,atlanta_ga,driving,8a2c106934226d522bf5ab19a30aa9dbaeef6e7edba4e10ac1e34adf7c2952a6,success,,36.3164,44.79,False,2.0,413.17929996876046
"Atlanta, GA",2026-06-16,f347c3a9d3e4fbdead9cc0d445635609bb8f49777b270966444aa38ec2554f89,DMS,1,1,1,2,True,home_fixed_start,last_service_stop_no_home_return,osrm_road_network,atlanta_ga,driving,bfc78fdd4551991f823640c63b8a9af4738ede5a870c2bd86f02e3d812eb2fef,success,,5.8975,9.611666666666668,False,2.0,401.83499999693595
"Atlanta, GA",2026-06-16,f935b13c65f374bfbdd02cd522e8cabb22ab27179f6caac6afe28ab0b667dd8e,DMS,5,5,5,6,True,home_fixed_start,last_service_stop_no_home_return,osrm_road_network,atlanta_ga,driving,bf4fc744ffe42e10853acc5fdbef1a2fa3cde26036c0df0638f071e83ab98085,success,,104.6382,117.125,False,2.0,415.1414000079967
"Atlanta, GA",2026-06-16,faf7da81faeb9abb4633879b1bec626ac3fe4ca948c013561fce6e19263d0860,DMS,1,1,1,2,True,home_fixed_start,last_service_stop_no_home_return,osrm_road_network,atlanta_ga,driving,712257956f83ef4b53ba2816f34772000b4663495cd3fc38020e0e6adec1569b,success,,29.820700000000002,35.348333333333336,False,2.0,408.0100000137463
"Atlanta, GA",2026-06-17,1f279d35c11809c776902457f363eb606220af6f15a487f3432a31678b2fe7f3,DMS,3,3,3,4,True,home_fixed_start,last_service_stop_no_home_return,osrm_road_network,atlanta_ga,driving,a367f8bbf65c1ed6a71a0256b3f67cfaf4ca9238ec5d01dc74508a484e988654,success,,102.546,94.75666666666666,False,2.0,418.60299999825656
"Atlanta, GA",2026-06-17,1f2ff5a889e6eaf5088be81d39ea7c74153634ab8065ad72850b0bf52a7604ad,DMS,3,3,3,4,True,home_fixed_start,last_service_stop_no_home_return,osrm_road_network,atlanta_ga,driving,2e7b6bd6bd4fc98c9db5d532164214b8fd89a5784557874ea036dcb642f9968f,success,,56.8628,67.79,False,2.0,416.8807999812998
"Atlanta, GA",2026-06-17,4f1502391826500a97ac1fda3665874b806f2285895ef375f473182fad80ad04,DMS,5,5,5,6,True,home_fixed_start,last_service_stop_no_home_return,osrm_road_network,atlanta_ga,driving,1cebda6c7fba37284c4fd53cfee47089f982dbb39d2902a9a6696e4fe29ca329,success,,97.2056,114.49333333333334,False,2.0,417.144000006374
"Atlanta, GA",2026-06-17,56ac6214b06fef4cd184796edf10de404957053daf5c29374ad142d950ad9ae5,DMS,2,2,2,3,True,home_fixed_start,last_service_stop_no_home_return,osrm_road_network,atlanta_ga,driving,f8b2cba479c50019d4cdc483311685cb9894dd1446a1b0ca8e824ae56b2a5cf1,success,,47.6784,48.57,False,2.0,409.16440001456067
"Atlanta, GA",2026-06-17,79d2e1b7d584cb147198272e2cde4b64dd998733bc35f577d3f46cf7498750b5,DMS,4,4,4,5,True,home_fixed_start,last_service_stop_no_home_return,osrm_road_network,atlanta_ga,driving,3a083a59b042824f0bea38ec45d2ff1f3f389b7ddf2218949f34ac5996f3fa21,success,,57.316300000000005,79.15166666666667,False,2.0,407.87060000002384
"Atlanta, GA",2026-06-17,7c9d970c8fec275b891b0c5cdcd27747cbbfec49748b37853d8b187af650de0c,DMS,2,2,2,3,True,home_fixed_start,last_service_stop_no_home_return,osrm_road_network,atlanta_ga,driving,06836039f0465cbaa6cef2e2bfb42f4e113beba5b7bf77b08bcc44db8c17ce48,success,,97.0445,97.71166666666666,False,2.0,407.24009997211397
"Atlanta, GA",2026-06-17,80cc7aa7aa14422df2162443b9a22497d0ab554753081ea868438a452c4a8f13,DMS,1,1,1,2,True,home_fixed_start,last_service_stop_no_home_return,osrm_road_network,atlanta_ga,driving,bed3f5e980caed73cf138c42d96e0c6b59065cfff98543ed4a239d747e072476,success,,78.1915,72.89,False,2.0,400.57529998011887
"Atlanta, GA",2026-06-17,ab1d097d404bf3f448506bf014f9d63c85ab9fea5abf0d316977d15c36997712,DMS2,1,1,1,1,False,nearest_neighbor_best_start,last_service_stop_no_home_return,osrm_road_network,atlanta_ga,driving,5e270f9cf681d115a7edcb922eae75ab7bbcc1fe28f8e627441b242ea5423926,success,,0.0,0.0,False,0.0,0.0
"Atlanta, GA",2026-06-17,b5af78d8e377d0225424647cd6803c8f4bec61ffb1f4a281acc815d9ca6c7972,DMS2,6,6,6,6,False,nearest_neighbor_best_start,last_service_stop_no_home_return,osrm_road_network,atlanta_ga,driving,4e1617d08905720ccbd47d0ede50b151ef848dbb5d472014d8e07776b13ba25f,success,,136.67929999999998,148.39333333333335,False,2.0,424.814800004242
"Atlanta, GA",2026-06-17,b876f4ff84ce9dc62e7db4505b79be6bb4624fc8920212eaf9b2ee077c359dc2,DMS,3,3,3,4,True,home_fixed_start,last_service_stop_no_home_return,osrm_road_network,atlanta_ga,driving,72019626a558e135f53f279b3508122497779f6a25597fb9cdaed3ed3c67e697,success,,71.8488,82.57166666666667,False,2.0,403.10860000317916
"Atlanta, GA",2026-06-17,e0a59ce16ffbe7395c2739a12ca33643a75ebbc1b02d2405c366c0fcdd6dad90,DMS,6,6,6,7,True,home_fixed_start,last_service_stop_no_home_return,osrm_road_network,atlanta_ga,driving,18a134b57a1a577d3e44c7c908c4fcf5785519c578f5ff20e4f9190eadc6216a,success,,77.5898,106.80333333333333,False,2.0,428.33380002412014
"Atlanta, GA",2026-06-17,ef7a4af99cc54ef7e554c720ba09244a0decb7b42791d1fc4934709a702435dc,DMS,4,4,4,5,True,home_fixed_start,last_service_stop_no_home_return,osrm_road_network,atlanta_ga,driving,25c7315b28197bc29c2a419f97cbf3ea0687c7e701665b6922cb5362a5bde51d,success,,70.1402,82.87166666666667,False,2.0,403.1040999980178
"Atlanta, GA",2026-06-17,f0db5f7fa46b5b0af92ff126fef163a82552dae4c40b53ca114b23eafe3054d7,DMS,1,1,1,2,True,home_fixed_start,last_service_stop_no_home_return,osrm_road_network,atlanta_ga,driving,dcef1960cf4bdb145a4f4333b7a5afce37cc8cb2f2f6817d297b2ec41809ee00,success,,18.3684,25.948333333333334,False,2.0,400.0055000069551
"Atlanta, GA",2026-06-18,304d3d59626cb4ca869521b42913855d9862cc965571df5ee2c66b1b4054cf20,DMS,2,2,2,3,True,home_fixed_start,last_service_stop_no_home_return,osrm_road_network,atlanta_ga,driving,2681fe5079bc2ad65e39b35473567a4004dae6a6a5a6f319dd14b11515b7ce22,success,,80.9676,81.52333333333333,False,2.0,412.61780000058934
"Atlanta, GA",2026-06-18,3cf375766fac69532eca3b83249dced00b9196ad286f019c1c47bb2bbe6bc17e,DMS,4,4,4,5,True,home_fixed_start,last_service_stop_no_home_return,osrm_road_network,atlanta_ga,driving,eac46bad02ab37fea26e18bb3be757ebd900f2729c5ca3eb5c33123d7f6ec0ea,success,,41.5983,55.776666666666664,False,2.0,408.9094999944791
"Atlanta, GA",2026-06-18,583d77417260258f80f3c0a31842f8c5a8733df389d35064feb05aebf2279545,DMS,3,3,3,4,True,home_fixed_start,last_service_stop_no_home_return,osrm_road_network,atlanta_ga,driving,788f21e1cbdf98c3338b03f2b7a53f0a143c2dc5d851eac3e197afacf9301deb,success,,45.1298,60.255,False,2.0,405.8428999851458
"Atlanta, GA",2026-06-18,669e6b9a3ed21ddad8982e5917a682e48a749d32f76b8b73ec252fb258a30c65,DMS,2,2,2,3,True,home_fixed_start,last_service_stop_no_home_return,osrm_road_network,atlanta_ga,driving,6f006a08c7e6e0b97a027cd67157d11a89a51a50bc692e5344430fb2f6435451,success,,43.2618,43.69833333333334,False,2.0,400.0579999992624
"Atlanta, GA",2026-06-18,683ef74ce3cd2c728df421cb0310928e21cdc7af097e8b6d3ba6af05f28ea2e4,DMS,4,4,4,5,True,home_fixed_start,last_service_stop_no_home_return,osrm_road_network,atlanta_ga,driving,e5f5fcce4c61b1f9ca8e3a260e541a5db28f001179a8ad66b3939803f4d58702,success,,33.240199999999994,46.96,False,2.0,409.04099997715093
"Atlanta, GA",2026-06-18,6a868f2768144e5d5df4ad9994538c6ad035e89adf0b1cf1ad971a089b48581e,DMS,4,4,4,5,True,home_fixed_start,last_service_stop_no_home_return,osrm_road_network,atlanta_ga,driving,1b3f470973127b9512aa6711901690c9438109273d598fa0f6f7bb078db041bb,success,,112.6803,106.725,False,2.0,430.9804000076838
"Atlanta, GA",2026-06-18,c27a0506a03b12b344737f5ee2c05921dc6b94c0a62eb123573f4d8a215c3177,DMS,2,2,2,3,True,home_fixed_start,last_service_stop_no_home_return,osrm_road_network,atlanta_ga,driving,f5d8aab5483416ce0b5b69e19c5a9849e52384d0dfa893149bac79318e536de7,success,,58.1295,63.281666666666666,False,2.0,415.2307999902405
"Atlanta, GA",2026-06-18,d4e219f755a1281bb221e23a9df327c26d909428f3c29d6fb25736f3bf3a355e,DMS,3,3,3,4,True,home_fixed_start,last_service_stop_no_home_return,osrm_road_network,atlanta_ga,driving,4bde4ccd3830b1ba4c1bff90abb99699579f3269016fe80712328d804bce52cb,success,,43.9266,58.666666666666664,False,2.0,411.27330003655516
"Atlanta, GA",2026-06-18,dada789c392b418b3169eace001f1b3efe4ab978ff954db0073da8b13bfefe4d,DMS,3,3,3,4,True,home_fixed_start,last_service_stop_no_home_return,osrm_road_network,atlanta_ga,driving,75b8f0e980ab3e25fabb7b9c2ca283b78db7d1c958bf6f02888cc687b4310dc1,success,,127.2065,137.45833333333334,False,2.0,405.53230000659823
"Atlanta, GA",2026-06-18,dd2ad2021a286bbab12088341203c1d7e04ed73e796a64ce7cb809d9bea6806e,DMS,4,4,4,5,True,home_fixed_start,last_service_stop_no_home_return,osrm_road_network,atlanta_ga,driving,1c616cae2f155d76657857291e92010189fdc8bba266b5007cd46b8ec7937745,success,,447.11609999999996,370.08,False,2.0,422.79450001660734
"Atlanta, GA",2026-06-18,e15bce86977f39979321db6b76a461254af154d3f7e779a283d3179ae0f9685d,DMS,2,2,2,3,True,home_fixed_start,last_service_stop_no_home_return,osrm_road_network,atlanta_ga,driving,e4c9e11029d347cad879f439ea2698b8123db3d80cd17405910c6011390e914a,success,,21.4492,31.759999999999998,False,2.0,400.4354999924544
"Atlanta, GA",2026-06-18,e4d1f94e16f521ae7975dfbacf1766f1cbf2662958415efa9800ac6ac5b1a1b9,DMS,5,5,5,6,True,home_fixed_start,last_service_stop_no_home_return,osrm_road_network,atlanta_ga,driving,665d0487d7e2532e5457b0695d94a75c80cf9d033b88b4d8af26cbfcd33eea14,success,,63.9315,81.045,False,2.0,441.32780001382343
"Atlanta, GA",2026-06-18,eb2e78d0347525fc6c9d05e0ff930fb0d7a7368e71426acd42154e55a3406bb3,DMS,2,2,2,3,True,home_fixed_start,last_service_stop_no_home_return,osrm_road_network,atlanta_ga,driving,8bb6b43b077b5eb3208ae01d26157f224c1d4be7110843fd7c203a6c7e4310a2,success,,87.1823,91.06333333333333,False,2.0,412.7551000274252
"Atlanta, GA",2026-06-18,ffc9bb00f14f231ed63cc9e091310c3aa4e8cbacf19f407d5040830e69d308d8,DMS2,3,3,3,3,False,nearest_neighbor_best_start,last_service_stop_no_home_return,osrm_road_network,atlanta_ga,driving,600887304059bf46ce748a4065783f23e4e105ca4b5245621ecf3e16f22a97aa,success,,26.265700000000002,36.49333333333333,False,2.0,399.20959997107275
"Atlanta, GA",2026-06-19,049ded4b9fc0404e7aea7ef41d2c362090d971642eb9a0bf9a1bf6b4036498c3,DMS,5,5,5,6,True,home_fixed_start,last_service_stop_no_home_return,osrm_road_network,atlanta_ga,driving,108da25f9dff65b5641cde1c52fa14274ef6d982d8f06dbbe542307e789751ff,success,,59.5021,88.08333333333333,False,2.0,427.69540002336726
"Atlanta, GA",2026-06-19,0d38b951eea236384d000b718814915114eaeee8c0ab0bae39e3c8dfbe33fd36,DMS,4,4,4,5,True,home_fixed_start,last_service_stop_no_home_return,osrm_road_network,atlanta_ga,driving,1dbbda5549495bbfbfacb9f1a817ed3be0e3d8fd567fd9d6ccbea71d0b4475d0,success,,89.8202,101.265,False,2.0,432.64740001177415
"Atlanta, GA",2026-06-19,0d9a8a75e7bb1626db8dff013a436b73dc0e89eaf18b92c185d74abccc0ff456,DMS,4,4,4,5,True,home_fixed_start,last_service_stop_no_home_return,osrm_road_network,atlanta_ga,driving,9f194af636bd865e3c9748654feed12e1c7f6062eae43b7d3712a73b4cac5d8a,success,,144.3616,151.66833333333335,False,2.0,418.84549998212606
"Atlanta, GA",2026-06-19,0f614214f0ffe18c8996aefd07747a719e054c5180f6ab9fbe64588a6b8319da,DMS,4,4,4,5,True,home_fixed_start,last_service_stop_no_home_return,osrm_road_network,atlanta_ga,driving,f6418e721675937cc80810029f9912be48afffa413634dba16eaa755d7ab6b0e,success,,97.6226,94.22833333333332,False,2.0,437.8829999768641
"Atlanta, GA",2026-06-19,1c0646da3e62cfe8732485a307434bd21377958cf09138a79f837e90bb6fbc1a,DMS2,1,1,1,1,False,nearest_neighbor_best_start,last_service_stop_no_home_return,osrm_road_network,atlanta_ga,driving,514de8ea3e1d30c7ead693f8adae22055a04fc3322bd4bd10dcbf208cfc100c6,success,,0.0,0.0,False,0.0,0.0
"Atlanta, GA",2026-06-19,549de0b7903d0fb0bf2a76d2b1620141c72a7252a9b153962488f0d244fa6ceb,DMS,5,5,5,6,True,home_fixed_start,last_service_stop_no_home_return,osrm_road_network,atlanta_ga,driving,20f18efd33aaa5244359c36c3fcec477add18c9d1506bc7f7311e45c1ec872b9,success,,144.0443,148.4116666666667,False,2.0,409.6107000077609
"Atlanta, GA",2026-06-19,6cae8bec9e9ab0f4d912e111b0229224277040ac40db5a246297da41f1997798,DMS,4,4,3,4,True,home_fixed_start,last_service_stop_no_home_return,osrm_road_network,atlanta_ga,driving,8aaa0e1bf2fa2bfec8a6f44940c94e08724843a1d307673519133a42c9b5d143,success,,42.6594,50.715,False,2.0,405.14480002457276
"Atlanta, GA",2026-06-19,74378f51b74cb21213c2cf573fd370e562bf0014ef482d3bd34bb89034a948fb,DMS,2,2,2,3,True,home_fixed_start,last_service_stop_no_home_return,osrm_road_network,atlanta_ga,driving,13ed7268af104e292b71bacd9981799d68a20c7793aaa604061631bc61aa5411,success,,65.45819999999999,74.435,False,2.0,411.50450002169237
"Atlanta, GA",2026-06-19,79b25940ea8a536fb40408bdace0cbe091c43afcee964cd0893020b71c9cdba3,DMS2,1,1,1,1,False,nearest_neighbor_best_start,last_service_stop_no_home_return,osrm_road_network,atlanta_ga,driving,24b7108c6def2cd29ccf0f0f5c6075226a9572a16479a3bcda6a09c67a9ec4c1,success,,0.0,0.0,False,0.0,0.0
"Atlanta, GA",2026-06-19,a0325e07a6bf3334ebef51fea3f8f0bd8d5d3bf6f4b57ddd34a139840d621029,DMS,4,4,4,5,True,home_fixed_start,last_service_stop_no_home_return,osrm_road_network,atlanta_ga,driving,20f8e2826622666fa7f7317d750da0929c366dd1940b9df8d63863d00b674af0,success,,61.1875,72.87333333333332,False,2.0,419.2816999857314
"Atlanta, GA",2026-06-19,bf550fea4667377ed1f0d8e3d942a6440c7565d939f9a9b461f2db9ad2016df2,DMS,5,5,5,6,True,home_fixed_start,last_service_stop_no_home_return,osrm_road_network,atlanta_ga,driving,6db6c6dddab6521b63b49c5988b56d3b3f60cbbaeaf15edafb0b675bf2c62b1f,success,,81.23,107.07666666666667,False,2.0,411.05069997138344
"Atlanta, GA",2026-06-19,d3e1e8ee9e1e2fa7ad7c5361f5bf7fda2149d594e5325d490531283d746b3e3a,DMS,3,3,3,4,True,home_fixed_start,last_service_stop_no_home_return,osrm_road_network,atlanta_ga,driving,9d198272b4df2838587f9486202ce70bf1c4f2a7b3bec6bf75f032d3dd175dc9,success,,70.10860000000001,87.175,False,2.0,416.89739999128506
"Atlanta, GA",2026-06-19,dc85b53cac2d81277afd1fb667524ed92e2f0d156b5ddc014d4c544deeb61df1,DMS,4,4,4,5,True,home_fixed_start,last_service_stop_no_home_return,osrm_road_network,atlanta_ga,driving,c2fe0ea1d0a186966fc685392593deb81ff278a7fe916088d889c7973f3c6ef3,success,,118.8895,134.485,False,2.0,427.700200030813
"Atlanta, GA",2026-06-19,fe04449bd2aaa8dbb10c3d90e9a5abf8095a49263ee1ce51d49c9e9bea4a9dba,DMS,2,2,2,3,True,home_fixed_start,last_service_stop_no_home_return,osrm_road_network,atlanta_ga,driving,4117726427ba365dfc09c7c91f9707804af7a74fc7523c952975e9f58960972c,success,,38.0627,45.62,False,2.0,397.8542000113521
"Atlanta, GA",2026-06-22,22c79820575e2b354918e6fe96c120a3ad1a4417fc523e398a434d258f49837b,DMS,2,2,2,3,True,home_fixed_start,last_service_stop_no_home_return,osrm_road_network,atlanta_ga,driving,5b636d46f28436cd5b671097a1cdd893a125b2107cde9a5eb47fcff31a010a24,success,,33.539699999999996,35.483333333333334,False,2.0,404.30940000806004
"Atlanta, GA",2026-06-22,58962b87650e390f041adfe08e5a04cfdca6628e42f344599aac33b5b5de8557,DMS,4,4,4,5,True,home_fixed_start,last_service_stop_no_home_return,osrm_road_network,atlanta_ga,driving,c4b22409ada47f74a91c7330adcc11c29413610c948c238d5a9704900d72bf6c,success,,104.57310000000001,107.66666666666667,False,2.0,417.9727000009734
"Atlanta, GA",2026-06-22,62dbe9eaa8708188340a35c03c5d9c136f0066ca8f75fcae126054a090862a41,DMS,5,5,5,6,True,home_fixed_start,last_service_stop_no_home_return,osrm_road_network,atlanta_ga,driving,0965a8a0c6d90e2d589d2222ffd9b3a96e0160307478ee68bf696279ce2c4b1c,success,,190.0756,189.175,False,2.0,433.7025000131689
"Atlanta, GA",2026-06-22,67b5840cc008a3517a115acd4442d90954e0ea49b636881f77f1f14fec818a57,DMS,3,3,3,4,True,home_fixed_start,last_service_stop_no_home_return,osrm_road_network,atlanta_ga,driving,eca1671e24ca02f4b6a37b8a91092d0c3e9a5c8a69a2ddd70296cb2d4a6d76e7,success,,87.2612,93.365,False,2.0,418.971800012514
"Atlanta, GA",2026-06-22,833fb5d8e5843eb03c21c7eac5c242abc634486f045d0aee84131341a8aa0d6f,DMS,2,2,2,3,True,home_fixed_start,last_service_stop_no_home_return,osrm_road_network,atlanta_ga,driving,819c10356f26f21eab48107347dc11d9a7a2691d7582ff3d8c621e3b7bce0917,success,,36.9732,47.58833333333334,False,2.0,400.93559998786077
"Atlanta, GA",2026-06-22,848a46ab5a18b8b7e567bd31ac3b073a98148a6c1f98699d7d847514c9b2c89d,DMS,2,2,2,3,True,home_fixed_start,last_service_stop_no_home_return,osrm_road_network,atlanta_ga,driving,aaeba610dbf11ba93be4d580e2f21b1ca8fc35f6fadd153f638c668b2c471099,success,,67.8145,67.06,False,2.0,398.82060000672936
"Atlanta, GA",2026-06-22,963c4237e78e05600af2baf8fe853ea7871569342c792b4cee1ccb1e39dde0a6,DMS,3,3,3,4,True,home_fixed_start,last_service_stop_no_home_return,osrm_road_network,atlanta_ga,driving,3aa3b1da311cfe287aba36a68df7558c183b594cd5237bfa51772ad8b52d7e56,success,,63.2422,66.57,False,2.0,422.62359996675514
"Atlanta, GA",2026-06-22,aad93e18275a55a86a9bd1063dd031607ff55bcadad3dc241721ff846d16afe4,DMS2,1,1,1,1,False,nearest_neighbor_best_start,last_service_stop_no_home_return,osrm_road_network,atlanta_ga,driving,656b65d4f3acc5930e1a5efda120eedcfffae899761e497556a517c2e908920d,success,,0.0,0.0,False,0.0,0.0
"Atlanta, GA",2026-06-22,bcce172011e7d27f894b6fa9796612e45ce7500ab3d62a97751c0ad93c36f74b,DMS2,1,1,1,1,False,nearest_neighbor_best_start,last_service_stop_no_home_return,osrm_road_network,atlanta_ga,driving,61bb513d2aeb9884e12064e9a38555d228fcd48060f128af44a2086faabdf2f1,success,,0.0,0.0,False,0.0,0.0
"Atlanta, GA",2026-06-22,bd789abf581a4f4500018f1ac4df62df1fda1da2dce38830ba0462e5d961297e,DMS,4,4,4,5,True,home_fixed_start,last_service_stop_no_home_return,osrm_road_network,atlanta_ga,driving,cc27affe94771461fbc0ceb0373a86506c52debbecd4b1310c8acff829129147,success,,111.3176,105.79166666666667,False,2.0,411.5425999916624
"Atlanta, GA",2026-06-22,c45a5ce009ad1cf2b91c5135b2c83572d3e595397ed782a6db57b1a53fbe948a,DMS,3,3,3,4,True,home_fixed_start,last_service_stop_no_home_return,osrm_road_network,atlanta_ga,driving,00f72d216a2024722aa489e9c75a4018cdfa0d9396c2cc04a09c5417ce5421f7,success,,90.02789999999999,92.71333333333334,False,2.0,415.6285999924876
"Atlanta, GA",2026-06-22,ea266a9b4e7a672f900a2ad71ca73c24eea7e8c7d50425e7114b63cd1cdff272,DMS,4,4,4,5,True,home_fixed_start,last_service_stop_no_home_return,osrm_road_network,atlanta_ga,driving,28659ee6f2082d93096b1c033c34f3fbb65c8c5ad10858be62ad9c24da529fd5,success,,115.2979,114.38833333333334,False,2.0,414.2864000168629
"Atlanta, GA",2026-06-22,faefc2e35e0ac6789d641948781fd148eb74fde21378e4c17219edf2d1f54363,DMS,3,3,3,4,True,home_fixed_start,last_service_stop_no_home_return,osrm_road_network,atlanta_ga,driving,253aba1351ca40e976187ab163ea88249bf32eb428736fb2cccf39201d9d2ac0,success,,35.6692,49.333333333333336,False,2.0,404.6923000132665
"Atlanta, GA",2026-06-22,fc79eddae182b271d23823dca77ccec3270ecefdf3421ae32b1205546ca7bc6c,DMS,3,3,3,4,True,home_fixed_start,last_service_stop_no_home_return,osrm_road_network,atlanta_ga,driving,d11f699b7b1b48868cd90bd3db506e9ba107c6302e72813b9c695e76fe39e53f,success,,99.4309,96.89666666666668,False,2.0,402.25199999986216
"Atlanta, GA",2026-06-23,2491fd7ac381ff3970b4acd31672c4920786ce0a1c0edeb6d021d81f15cbf319,DMS,2,2,2,3,True,home_fixed_start,last_service_stop_no_home_return,osrm_road_network,atlanta_ga,driving,f31ca6497192bb8c6b8311a0fc7625a1c08fba777a38fa3dc4770455c33a9ec1,success,,59.031400000000005,59.64333333333333,False,2.0,398.409499990521
"Atlanta, GA",2026-06-23,32c7592b5c8ea9fccf60fe3adb6688a8a4b5b894c42d1bdeb215992eade48beb,DMS,2,2,2,3,True,home_fixed_start,last_service_stop_no_home_return,osrm_road_network,atlanta_ga,driving,f80e54b6332e2fde6ea8755a3a600a14682f17a1d2277ba3dfbd4904ef861c10,success,,19.261400000000002,25.846666666666668,False,2.0,396.94500001496635
"Atlanta, GA",2026-06-23,48791b7b0790ae799cc1d9e558fb19a6b14bdb3dcabfcf132da859ea01fba1ef,DMS,1,1,1,2,True,home_fixed_start,last_service_stop_no_home_return,osrm_road_network,atlanta_ga,driving,78e5ef07ed23777373be03e06a9a7b7d82e9c1f78c9d2f27e7d6466a6245eb0c,success,,35.7105,42.690000000000005,False,2.0,404.16400000685826
"Atlanta, GA",2026-06-23,58a9f94c6845d2d527056b4a8388abd014fafca672bb7d858646c1a6da115e44,DMS,5,5,5,6,True,home_fixed_start,last_service_stop_no_home_return,osrm_road_network,atlanta_ga,driving,6c36c8b61e3bb5cee1a5393d1aa87dc5c32198cef8c2920466911b9065d58882,success,,77.4024,96.135,False,2.0,419.0128999762237
"Atlanta, GA",2026-06-23,9059c882b92421abbf903839622545800a51b56b606e2a755a55884a7ce1d40c,DMS,5,5,5,6,True,home_fixed_start,last_service_stop_no_home_return,osrm_road_network,atlanta_ga,driving,2a4dde6a569e77ebf69436b9a6b392be3ad416bc5dbd0701babc2240e3a2afd0,success,,119.1045,134.90666666666667,False,2.0,420.0630999985151
"Atlanta, GA",2026-06-23,a4c9ae6dd08419a6f9ceba8d077dd5ba2410935dba54b958535db47a7111b240,DMS,6,6,6,7,True,home_fixed_start,last_service_stop_no_home_return,osrm_road_network,atlanta_ga,driving,d280aefe6f7242ec732256e785bce70dce21c8ce20336130212ef103446ce9c0,success,,241.9838,244.14166666666668,False,2.0,431.49720001383685
"Atlanta, GA",2026-06-23,b12956a71111724e62df283ec1f727b9dbcd8dcd0519b8c9e7889a9262edee07,DMS,1,1,1,2,True,home_fixed_start,last_service_stop_no_home_return,osrm_road_network,atlanta_ga,driving,e9f7fe45adc50290f22613cfa99b624152462d9347c4b52df6d87865261fd6ac,success,,31.545900000000003,36.50666666666667,False,2.0,411.83969998382963
"Atlanta, GA",2026-06-23,b6b3af61446d45807c9e15ddde6710a53e8e62564d1d4cdd56d691be7f081b7c,DMS2,4,4,4,4,False,nearest_neighbor_best_start,last_service_stop_no_home_return,osrm_road_network,atlanta_ga,driving,7cb22630ffac64f9a395c36a5c4f7e30b7e3b06f637b1781d5264e64e62c7ece,success,,47.186800000000005,55.71666666666667,False,2.0,403.27850001631305
"Atlanta, GA",2026-06-23,d08b9e8e14b2ce6d66eaf1e737461a568a3a6e630e913c5826369eddbc20e5c3,DMS,2,2,2,3,True,home_fixed_start,last_service_stop_no_home_return,osrm_road_network,atlanta_ga,driving,3f06e72156c8963585acbcf3a71bba80846e1b41f8427db45ce339f7e56afc86,success,,100.6486,96.20666666666666,False,2.0,418.08850003872067
"Atlanta, GA",2026-06-24,155a83bff93499bf07ced752bd2b22332814f0955ffe74af28d351d93025a86b,DMS,5,5,5,6,True,home_fixed_start,last_service_stop_no_home_return,osrm_road_network,atlanta_ga,driving,1b578390a9dd84f98853ac1605c6159e61c9098efc64789b14a57854464f262b,success,,85.0321,101.05166666666668,False,2.0,442.44770001387224
"Atlanta, GA",2026-06-24,40825b6a9ae41737a5ef698d45539f23a69c77ed8d920a2518d9e98c9d3ab149,DMS2,3,3,3,3,False,nearest_neighbor_best_start,last_service_stop_no_home_return,osrm_road_network,atlanta_ga,driving,ad37caadd8933092436eec4658014887c57556b839d42061d6986529d356b243,success,,56.3286,64.63666666666667,False,2.0,464.0637999982573
"Atlanta, GA",2026-06-24,6037650af6457bb509d45b93319279b0d1f07dba4592418d358462394a9bb5da,DMS,1,1,1,2,True,home_fixed_start,last_service_stop_no_home_return,osrm_road_network,atlanta_ga,driving,e09ac7cd0b940e6898ea6e20f1e32cde3b9b915488c52fc688a13de9d6aac33a,success,,14.6987,20.09333333333333,False,2.0,393.4204000106547
"Atlanta, GA",2026-06-24,7f3d93b953b633c801a09161e3aed3f08203fac30dc0e4c49d43a9281da8ab66,DMS,1,1,1,2,True,home_fixed_start,last_service_stop_no_home_return,osrm_road_network,atlanta_ga,driving,d9ad3043b154f91fdaacf0bc14467a546524efd5d9f190299f8dca5e856dddf7,success,,47.5295,41.336666666666666,False,2.0,398.4980000241194
"Atlanta, GA",2026-06-24,851f917f4658981be9e69272da0dd8068e9f74770f6e38eb90fab43f39c7ea53,DMS2,4,4,4,4,False,nearest_neighbor_best_start,last_service_stop_no_home_return,osrm_road_network,atlanta_ga,driving,d458d2d315aeff38fb3ff67f0d4c18fd53ad8dbb31c66c4fd7ddb81d09cfc8b1,success,,103.73689999999999,105.89166666666667,False,2.0,415.8369999786373
"Atlanta, GA",2026-06-24,972e447b0dc9671e9ba5924174485437accf4fab1211651f1c29b4bb5cd0b021,DMS,5,5,5,6,True,home_fixed_start,last_service_stop_no_home_return,osrm_road_network,atlanta_ga,driving,716cee732f6b108c9768fc7303d0f02409765367c5530e9516b7f113143bfd84,success,,99.3465,113.19333333333334,False,2.0,425.47860002378
"Atlanta, GA",2026-06-24,aab2c61c2f0c5e845cf51ecd9389fb3e0efc1033060228414b6866a8ffce89ff,DMS,3,3,3,4,True,home_fixed_start,last_service_stop_no_home_return,osrm_road_network,atlanta_ga,driving,30e82ee8b36465b266fdf9738f4733f96c87b6182e8c9cd584173016ac381207,success,,71.79780000000001,86.31166666666667,False,2.0,417.0923000201583
"Atlanta, GA",2026-06-24,b0b6fda0c646c840138642dd5a0d1a3d5effc393d877d1fdd47e0e2078f67d8a,DMS,2,2,2,3,True,home_fixed_start,last_service_stop_no_home_return,osrm_road_network,atlanta_ga,driving,747f7cee386ce7c047f303985135ad7566f8b846ac5aee2c1c6e0c15f3bae9e8,success,,58.3775,74.23,False,2.0,401.2172000075225
"Atlanta, GA",2026-06-24,b0cf50f2a31f75740a1a8a7bee561f128d5b4a52df2f8cbc03c180c6e075c333,DMS,2,2,2,3,True,home_fixed_start,last_service_stop_no_home_return,osrm_road_network,atlanta_ga,driving,a1253735d1065516d6a3a29d04280e70a247d8678b20314de2a168c5ea2f8d68,success,,69.2943,75.895,False,2.0,445.2179999789223
"Atlanta, GA",2026-06-24,b27da2f8ac878bb30db8c118c6d2d109fb3f555a9b79f43d75a8404bf83c3c78,DMS,2,2,2,3,True,home_fixed_start,last_service_stop_no_home_return,osrm_road_network,atlanta_ga,driving,60d0b86d920d193c3c8b6bee12cda1c114a766658558315fafe9263e04e362d0,success,,34.0039,41.90833333333333,False,2.0,416.6038999974262
"Atlanta, GA",2026-06-24,b95e90bdab2b611e4028e38064f5983fa093979dd4c5ce042299b970595a2980,DMS,3,3,3,4,True,home_fixed_start,last_service_stop_no_home_return,osrm_road_network,atlanta_ga,driving,5e38bddf9a4e7c5537c3616e5b5748cefcef99ea15cc1c5cf60cf652d71d3d48,success,,89.1633,90.03833333333334,False,2.0,419.9155000387691
"Atlanta, GA",2026-06-24,dadd49fd6c519c288a7c773bcc89a4e37ef56667eeed8e097b2a88e8d29ac9a0,DMS,2,2,2,3,True,home_fixed_start,last_service_stop_no_home_return,osrm_road_network,atlanta_ga,driving,c9a1a795ab0f847dbf6b7f2372ecc884d823507ae6df609d8806c033f56f8a93,success,,77.5127,76.81833333333334,False,2.0,398.9972000126727
"Atlanta, GA",2026-06-24,df5075518921284bed2eef325c4159a583aa9aa675a407b73123bda68673458e,DMS,5,5,5,6,True,home_fixed_start,last_service_stop_no_home_return,osrm_road_network,atlanta_ga,driving,c533626e16dd009ec35547c4214aa283f9f26d0fdcc29541b92e59563ee00083,success,,186.9086,177.22833333333335,False,2.0,451.663500018185
"Atlanta, GA",2026-06-24,e4ff6bb6138dcf0c5dba1e773a65cbbc112ee69f01adfce943d88a830fe3f68a,DMS,4,4,4,5,True,home_fixed_start,last_service_stop_no_home_return,osrm_road_network,atlanta_ga,driving,32f7bb20daaf1b5c5f8110081620d281a1a8e54fc529da3cbe51877eae9d04d3,success,,165.5466,168.26833333333335,False,2.0,426.06170001090504
"Atlanta, GA",2026-06-24,eb65dfbd6b9e7de2d733c3aad4b21c391eda8f132e8526d5be95825432fb75f8,DMS,2,2,2,3,True,home_fixed_start,last_service_stop_no_home_return,osrm_road_network,atlanta_ga,driving,c63e52587a523a58552757c5fbb5d3c0a8abed63d0f671e59080c39470e59047,success,,99.6912,99.14833333333333,False,2.0,414.7136999818031
"Atlanta, GA",2026-06-25,189783906528bb1768bf3af820ba139acce830272e18f1cf0bb1e98c190eb58f,DMS,5,5,5,6,True,home_fixed_start,last_service_stop_no_home_return,osrm_road_network,atlanta_ga,driving,5167d11a3383a3ce356c9050d5197ac7c6dd3c5fa5f6b3231365fcee4362074c,success,,96.8455,104.95166666666667,False,2.0,443.03790002595633
"Atlanta, GA",2026-06-25,3a6fa09643f752abd15e9a2f517f6f2ce9483f73d7d17038fd929da431bcd5e5,DMS,3,3,3,4,True,home_fixed_start,last_service_stop_no_home_return,osrm_road_network,atlanta_ga,driving,97c7994fe1642da5543e9a0fad165f2dd5775c91d521dfd2a5cb4785edc30c1c,success,,39.4396,55.04,False,2.0,426.99890001676977
"Atlanta, GA",2026-06-25,6035749722148fc74ef9b4f8fc7a013aba3fa68d79be5682201451bab644aad3,DMS,3,3,3,4,True,home_fixed_start,last_service_stop_no_home_return,osrm_road_network,atlanta_ga,driving,02729c74d75aa949ae6a3a7c8061847b17a3c4c1898ebad773d324f88270426a,success,,97.9466,95.67666666666668,False,2.0,411.72830000869
"Atlanta, GA",2026-06-25,6e00e581d7d2d384680b245eb2a7cd499d2a0d1194bf692fa62d2229c600ebab,DMS,5,5,5,6,True,home_fixed_start,last_service_stop_no_home_return,osrm_road_network,atlanta_ga,driving,b00d5f2e3f896cb15367ab393a0778eb1f967364d9e7571583857fe5ff882f14,success,,102.4155,117.445,False,2.0,436.71729997731745
"Atlanta, GA",2026-06-25,790bd9f1978c865d5b921eca6b20649870b92ede483904014543221cbd7cb107,DMS,4,4,4,5,True,home_fixed_start,last_service_stop_no_home_return,osrm_road_network,atlanta_ga,driving,bc04ba79b7763ec7178fb8489680d67b3d1d2b1db1cd8e5865f5144ef262d8f5,success,,157.8329,136.53333333333333,False,2.0,462.3367000021972
"Atlanta, GA",2026-06-25,90e206313070c281751e0eb8e12c57c897ea44544c88cf1a99e6764ac295aa33,DMS,3,3,3,4,True,home_fixed_start,last_service_stop_no_home_return,osrm_road_network,atlanta_ga,driving,f03a059ef20cb78e993d90193810aacc44d31a075f62f1986b389c0698fda5f9,success,,90.12589999999999,89.55166666666668,False,2.0,431.73909999313764
"Atlanta, GA",2026-06-25,aa0a205225c5c85dbff272f95ff185564b126a587f9476f94ed5898397b70c07,DMS,4,4,4,5,True,home_fixed_start,last_service_stop_no_home_return,osrm_road_network,atlanta_ga,driving,2ae5c8cd7638fd33fcbc92acc4dbc9611d0c2726023527a61e4a21e911c6eb08,success,,81.7702,101.31166666666667,False,2.0,426.81450000964105
"Atlanta, GA",2026-06-25,ad3ddb08a89ba7de6b60252ea137bc5e980e67b65e6f88cc017a9c2469a37732,DMS2,2,2,2,2,False,nearest_neighbor_best_start,last_service_stop_no_home_return,osrm_road_network,atlanta_ga,driving,4af2570b5de0c519b3d0ab090c03dae1114e129767db595f978a8e612629cc49,success,,50.9942,42.538333333333334,False,2.0,435.89299998711795
"Atlanta, GA",2026-06-25,b5e46af249f0a1e5c23d9872f7c1ba6c353b630f07935c80c8cce43093959610,DMS,3,3,3,4,True,home_fixed_start,last_service_stop_no_home_return,osrm_road_network,atlanta_ga,driving,dce6ed5de6cb2c9207ba8bee6cde52561705fd88e9a75f7a7f464677b3ac6a95,success,,75.62960000000001,84.03333333333333,False,2.0,413.949199981289
"Atlanta, GA",2026-06-25,b61599872467da11fc26fb911705f7c45ce73bae6ef07fc55d3f031ea769eb34,DMS,3,3,3,4,True,home_fixed_start,last_service_stop_no_home_return,osrm_road_network,atlanta_ga,driving,0146b84686eda84c460b7ea3395edf8c43cbe80b2edc50934ac05bedfc949f2f,success,,294.0181,273.075,False,2.0,436.7524000117555
"Atlanta, GA",2026-06-25,d4c8087d2019c7a15177b9b185d968db0366f687e04d74c2c52037927f8666bd,DMS,3,3,3,4,True,home_fixed_start,last_service_stop_no_home_return,osrm_road_network,atlanta_ga,driving,ac53fd0c888bb1355e269de758036fde9205792e195ee45107e57dec7b51f6a5,success,,105.589,109.67,False,2.0,420.58000003453344
"Atlanta, GA",2026-06-25,e75d142697042bdb6131ada17fece9bfce333c1fd1923973c76441d0094ab271,DMS,4,4,4,5,True,home_fixed_start,last_service_stop_no_home_return,osrm_road_network,atlanta_ga,driving,875959f20e190d7d1afdfbdd56ab11bfddfbbda3db8281cdb22f0b8bc0a20928,success,,71.04480000000001,89.61333333333333,False,2.0,443.4917999897152
"Atlanta, GA",2026-06-26,1d0c7a9ca1b1f503dab012353a8b42869283a95c05c74c579792a944c2c1f2c1,DMS,4,4,4,5,True,home_fixed_start,last_service_stop_no_home_return,osrm_road_network,atlanta_ga,driving,58ef2aca660025ad50f0aff1f10d34e35d73f23fc656ac646cbe834a4cccbd73,success,,91.92760000000001,103.37333333333332,False,2.0,421.96519998833537
"Atlanta, GA",2026-06-26,246700a6c715879fb21e8a731acf4a7a5b87728e1ecc88c09d1b8443e14cc362,DMS,3,3,3,4,True,home_fixed_start,last_service_stop_no_home_return,osrm_road_network,atlanta_ga,driving,7db74a7d8480cbac942b64673124d400abaf577a365731fc9a2421e9d7fbaa52,success,,123.9282,127.15,False,2.0,449.8228999727871
"Atlanta, GA",2026-06-26,3a55671dab032aa80db3aa6c521b0e9faceea0974aef121f8f398681d6398b29,DMS,3,3,3,4,True,home_fixed_start,last_service_stop_no_home_return,osrm_road_network,atlanta_ga,driving,8c20025566d2369ee7c95b9fcdb8049d1c74d89bc12abc7a7aa0e3b911daf8f8,success,,171.7786,161.39666666666665,False,2.0,431.2173000071198
"Atlanta, GA",2026-06-26,43760eac375a90f8a0d5b7759c4192944dbe0572a81a02c451d8068191f7dd37,DMS,5,5,5,6,True,home_fixed_start,last_service_stop_no_home_return,osrm_road_network,atlanta_ga,driving,81f519a2492ec9c8b5bab921cadb1b6dd4933136600bd6df98a420be12de8801,success,,119.7589,141.03333333333333,False,2.0,430.51209999248385
"Atlanta, GA",2026-06-26,4bd50535ed3ccbb866a0273a07d68c0816650453d2d56ad920dd3bbe82751207,DMS2,1,1,1,1,False,nearest_neighbor_best_start,last_service_stop_no_home_return,osrm_road_network,atlanta_ga,driving,a039afff1ab37031f22750619ba3a860cbe13d9f6fd19b54ce499c132e6876b2,success,,0.0,0.0,False,0.0,0.0
"Atlanta, GA",2026-06-26,8b3b935c7261f5d21383e6860c44ae02701ecf2bc4d73c44fefdf5bf2732e4b2,DMS,6,6,6,7,True,home_fixed_start,last_service_stop_no_home_return,osrm_road_network,atlanta_ga,driving,26c4769cc2e8a9c33ad6352416b5701db973af16f390b03a3494fb6add8f51ce,success,,105.1699,137.34,False,2.0,429.36990002635866
"Atlanta, GA",2026-06-26,8d0ff12727de74b50f39824e7eb322c71b42cd311f94826c953ebb75a9278d79,DMS2,1,1,1,1,False,nearest_neighbor_best_start,last_service_stop_no_home_return,osrm_road_network,atlanta_ga,driving,f558eb91171cc23bb1a790960ad8cec78fbc6c0df2d6e2b1d5fb50190a03c11f,success,,0.0,0.0,False,0.0,0.0
"Atlanta, GA",2026-06-26,9573b14fd6064980196ee2f730d511a2a5f201dbf5a18f1ea7cbfbeee5e3b132,DMS,5,5,5,6,True,home_fixed_start,last_service_stop_no_home_return,osrm_road_network,atlanta_ga,driving,9033a29b9c8449367b896c359c078a4e7fee8e903d7f4265a7bc498d888f6ba7,success,,99.3587,128.37,False,2.0,411.1016000097152
"Atlanta, GA",2026-06-26,9fd63f3bd4a0978e460dee2909fa2f5bb98bbf871cb1101ec2431e8620fca45d,DMS,5,5,5,6,True,home_fixed_start,last_service_stop_no_home_return,osrm_road_network,atlanta_ga,driving,689bee8b12b8b0ca593bb59f4c39e1d9f9e2b8a51ead39b6a511f2a3acb896f3,success,,125.3101,133.08,False,2.0,422.32109999167733
"Atlanta, GA",2026-06-26,f19dbb138b3830fe35622b738a5f5a21d8bb8e9447ec6506497b37474bb125f6,DMS,2,2,2,3,True,home_fixed_start,last_service_stop_no_home_return,osrm_road_network,atlanta_ga,driving,5906dd4bff253f085798037b62c180e3217be5c9d771c98fd0b75fa3d9e6a40d,success,,123.603,108.35,False,2.0,414.64580001775175
"Atlanta, GA",2026-06-26,fe4ad76d3604cf2e59e28cf0b199a8bb67cfbccbfd83bb0d71faf8e6922ace2d,DMS,2,2,2,3,True,home_fixed_start,last_service_stop_no_home_return,osrm_road_network,atlanta_ga,driving,099109a113b35829fc538013f39169d0bc06efff2e853264bf14b0c90abfdca6,success,,87.6509,93.09666666666666,False,2.0,404.21730000525713
"Atlanta, GA",2026-06-29,046a352bd0438a07b5f7d62125e5e9e7ab32c27ac14b4e36fea127d060b7a570,DMS,2,2,2,3,True,home_fixed_start,last_service_stop_no_home_return,osrm_road_network,atlanta_ga,driving,5241b45fd7f4db22ff12c8fee0ad893bb5f57fa0da4ba8e1a2f6127516438533,success,,115.0894,108.75833333333334,False,2.0,417.45549999177456
"Atlanta, GA",2026-06-29,0b0f869dfa2fc1e1cbdebf9538122de3c553d9e003b2dfb3c0ef8b43a73aa40d,DMS,2,2,2,3,True,home_fixed_start,last_service_stop_no_home_return,osrm_road_network,atlanta_ga,driving,7f9518a0eda937e442cc4c40c5bbf5a1530ef3226f92d2c5b4040ef30a2bffed,success,,112.3626,107.42166666666667,False,2.0,413.55350002413616
"Atlanta, GA",2026-06-29,17912aaf957c16556fb42e07335ed121041cc74ccf968869ab3b7b379042d8d9,DMS,3,3,3,4,True,home_fixed_start,last_service_stop_no_home_return,osrm_road_network,atlanta_ga,driving,21dae1651c7dc4b9e747145d5c58124f79d01d86722673c15a62a7c7caab8ffa,success,,59.703300000000006,76.69333333333334,False,2.0,399.71989998593926
"Atlanta, GA",2026-06-29,27cbdf710daff4fa70f9b4d7d5db722ebbb100739f53004d1887f0cf8ad2bb4e,DMS,3,3,3,4,True,home_fixed_start,last_service_stop_no_home_return,osrm_road_network,atlanta_ga,driving,584f23661d87588c66ac0f0736480ca3982d32b1f3eb7750c9ce42e07e902152,success,,195.3656,178.33333333333334,False,2.0,410.82639998057857
"Atlanta, GA",2026-06-29,4f4563332f201bdcfeb649a1cfb87f50029f44dc907ddd481787858c06710b7e,DMS2,3,3,3,3,False,nearest_neighbor_best_start,last_service_stop_no_home_return,osrm_road_network,atlanta_ga,driving,bcf2e6d0af122a0067cf6dd75ae5d0563fc9b2c6c7711445a7c2f5dcb274a22e,success,,40.8715,56.275,False,2.0,417.22809997736476
"Atlanta, GA",2026-06-29,5e000d5f2d4ef5c9301d351d6b7fdb3ee014b18d56c1e5144f3c7ca579bbefd5,DMS,3,3,3,4,True,home_fixed_start,last_service_stop_no_home_return,osrm_road_network,atlanta_ga,driving,b14cfaa90152cbc8e926c89a991f2a7059fdafce29435b5420448cfc646985dd,success,,58.232,67.395,False,2.0,409.2166000045836
"Atlanta, GA",2026-06-29,7c939913bc8ee02d50d8d3c36cee9aea14d72392bf4b9eb2379c600beb1f47cd,DMS,3,3,3,4,True,home_fixed_start,last_service_stop_no_home_return,osrm_road_network,atlanta_ga,driving,cb3190b2407b4e3ef4f5bda0ce310878442283a0403da7f986c92dd71298f2a8,success,,99.7144,98.77833333333334,False,2.0,416.13860000506975
"Atlanta, GA",2026-06-29,9d2a3a1cac1c91f8fbde742c4213947b96bbf8d1bff152e4389ef4ebfcacb199,DMS,2,2,2,3,True,home_fixed_start,last_service_stop_no_home_return,osrm_road_network,atlanta_ga,driving,d7c3bc960b742977788f2dde1df7b01f97da8db21e4adf93fd3d3141697413a4,success,,86.3195,76.345,False,2.0,407.3062000097707
"Atlanta, GA",2026-06-29,a5d8cd7387846e0e40765f9bd20c07b1b746173d9da0e5a4776c5a5c79610888,DMS,3,3,3,4,True,home_fixed_start,last_service_stop_no_home_return,osrm_road_network,atlanta_ga,driving,14fca7f28b242c208b3878740ddb3a3612125d0c85122fab23da4662e13cd247,success,,56.5561,68.71833333333333,False,2.0,404.92580001591705
"Atlanta, GA",2026-06-29,acc3017fe95b26f7d8070aa89bfefe356b5dda40a62eaa037f33aed3337cf23a,DMS,6,6,6,7,True,home_fixed_start,last_service_stop_no_home_return,osrm_road_network,atlanta_ga,driving,20d42801f7678d124723cf2ac723a2dc6c632d0e3639443bbe1d04b64217827f,success,,209.7186,215.965,False,2.0,429.4761999917682
"Atlanta, GA",2026-06-29,b06fe5f0c48f4b5a887f1d36f1e54e7fead09fcb930e1d73b6509be00b76bcc3,DMS,4,4,4,5,True,home_fixed_start,last_service_stop_no_home_return,osrm_road_network,atlanta_ga,driving,c796e000ed473c2d06f600768ff58f762c865ea20ac70527662d460f5aae66da,success,,159.5281,158.69166666666666,False,2.0,418.6932999873534
"Atlanta, GA",2026-06-29,d343f85a6155bb807430872f8623844da382edbcfdf740f03bfc9a165cee5145,DMS2,5,5,5,5,False,nearest_neighbor_best_start,last_service_stop_no_home_return,osrm_road_network,atlanta_ga,driving,2e3f5007bcea6a40a1e46acb02e8a1e7bf59c3399211d29a6c6948aa2f070b76,success,,57.2549,66.74666666666667,False,2.0,433.49249998573214
"Atlanta, GA",2026-06-29,da803ebba00c97dab9abcad67e687e80d9e4b90f44a6c8d41a3f739f8186f142,DMS,4,4,4,5,True,home_fixed_start,last_service_stop_no_home_return,osrm_road_network,atlanta_ga,driving,07fda25c74d782ad3d49ecd991e017d3ea73b5e44994f00cd7ff1137e7bc25a6,success,,87.6172,88.79333333333334,False,2.0,411.3379000045825
"Atlanta, GA",2026-06-29,ffbd435323f1f2e95a2593a438b7df758448d6dc5950f2af0f6761f30bb889ba,DMS,4,4,4,5,True,home_fixed_start,last_service_stop_no_home_return,osrm_road_network,atlanta_ga,driving,c52d02a66b4c8ca1e9beb99588271ca2d34ced32a62149179c7542cddc51f993,success,,94.48989999999999,113.38000000000001,False,2.0,418.331999971997
"Atlanta, GA",2026-06-30,16b3b7d85de774e083ad4cefb9e4e452b5afd57075961b59e57956e225db6324,DMS,4,4,4,5,True,home_fixed_start,last_service_stop_no_home_return,osrm_road_network,atlanta_ga,driving,46390a651bd15b98a42601b6dba50e1ed5508e74e5bc963d41771d31f93c73c5,success,,204.42479999999998,179.3383333333333,False,2.0,418.7033000343945
"Atlanta, GA",2026-06-30,22defbd547482f358f3b0ec1a48331b2bc04cc37f04c9bb4c695460d7e1aa8b6,DMS,2,2,2,3,True,home_fixed_start,last_service_stop_no_home_return,osrm_road_network,atlanta_ga,driving,3ba9175f5e5cc2c959dd432a884a7f69fec2fca66b4e4c49d9e5c3b9714ecf7b,success,,40.5721,47.505,False,2.0,399.1892999911215
"Atlanta, GA",2026-06-30,2e017d63c0c3d02111aa774ea957151581e578ee39450b821d588853660c5141,DMS,2,2,2,3,True,home_fixed_start,last_service_stop_no_home_return,osrm_road_network,atlanta_ga,driving,20cedc40f3028157e846e82d7b5a7453c90fa5093b31c4fe852ff7ce9f0d5836,success,,87.1551,105.69166666666666,False,2.0,400.00190000864677
"Atlanta, GA",2026-06-30,33856817c2ec207d9fd7b0ed6c60ec22c57c0a070f58c8c496ce9a2b34f59ca1,DMS,3,3,3,4,True,home_fixed_start,last_service_stop_no_home_return,osrm_road_network,atlanta_ga,driving,e024890f780f5f866adfbb211c3a131ebda9ea6aca2729b0b8bb39d76b954e26,success,,103.5054,104.76166666666667,False,2.0,407.70229999907315
"Atlanta, GA",2026-06-30,380b01451580b5d61dd7d3bb5e5b645ebdf453621dc4bd00b22f9c87de100611,DMS,5,5,5,6,True,home_fixed_start,last_service_stop_no_home_return,osrm_road_network,atlanta_ga,driving,0450a26f43c2fdb2fb4e33e6ccf3abdd4b647946b8e9ca462cc23d62c216ea1a,success,,103.5599,125.39,False,2.0,419.64680000091903
"Atlanta, GA",2026-06-30,5a66f21450a4876adb70cda8557af48a825fe9dfaa46d284930b3c3d5d142fa9,DMS2,5,5,5,5,False,nearest_neighbor_best_start,last_service_stop_no_home_return,osrm_road_network,atlanta_ga,driving,6c92173740f726d20e557eba77b86fcae4ac1df86ed41fa044d27a754c54bbd9,success,,84.911,99.67,False,2.0,419.5878999889828
"Atlanta, GA",2026-06-30,64a0b593740a83d15c68c54510b239b18c82b2b3d02bb75fa747bd9d828402c7,DMS,5,5,5,6,True,home_fixed_start,last_service_stop_no_home_return,osrm_road_network,atlanta_ga,driving,2866b084e45963349c6e2104ef9109e910c5b8d09341800be64888b13a2083fd,success,,83.80810000000001,95.49833333333332,False,2.0,417.9739000101108
"Atlanta, GA",2026-06-30,7146482cfbcd1e01c4bfd6d1589fbf2bad3a152044e9af26d093be6892f137ee,DMS,3,3,3,4,True,home_fixed_start,last_service_stop_no_home_return,osrm_road_network,atlanta_ga,driving,8907a0838f0d564ce45f378841a61a9c3f94cce9337fc9022c05c8a669cec2d0,success,,199.44389999999999,200.79166666666666,False,2.0,407.57410001242533
"Atlanta, GA",2026-06-30,875f05f6e2884fd1318df7b39cfb46c42c0f071fc2bbe84df27265734c25cccf,DMS,3,3,3,4,True,home_fixed_start,last_service_stop_no_home_return,osrm_road_network,atlanta_ga,driving,2ab55f044351baa57d41be9d78c278e9fb88a81c6990abfaf40d73bbdd9db710,success,,46.2512,64.51333333333334,False,2.0,415.6658999854699
"Atlanta, GA",2026-06-30,9be3e4b94bcf4ccdb3353b39e4655459ee68e056790335c14e6dfa1f7bd0f041,DMS,2,2,2,3,True,home_fixed_start,last_service_stop_no_home_return,osrm_road_network,atlanta_ga,driving,8cc0d89b7375ee5cb9ded6dadf19cfc881192e94a30a0e90fd53aca3acc479bf,success,,145.8014,130.11166666666665,False,2.0,410.4047000000719
"Atlanta, GA",2026-06-30,a781d322e0653ac5bc157de822a1abf0c9805086b70ea2f11a35d63091ba4f08,DMS,6,6,6,7,True,home_fixed_start,last_service_stop_no_home_return,osrm_road_network,atlanta_ga,driving,66a35efd1b85b18480ca0760ef947a644866ced625f3e8692f47b1cc968f1023,success,,111.4619,137.39333333333335,False,2.0,431.1545999953523
"Atlanta, GA",2026-06-30,d480aa1aa346f92c3a99a6e71f91de6682cbf5d936f34c01993bfc4b22857429,DMS,5,5,5,6,True,home_fixed_start,last_service_stop_no_home_return,osrm_road_network,atlanta_ga,driving,2cd5d262fa3fbeee2b21999dbca14b8e9f53eb9d1357d99f9b2bb5a899a32180,success,,103.8451,127.08,False,2.0,433.8883000018541
"Los Angeles, CA",2026-06-01,0500fab3eb8d567e4c3999b453a86e318341cd5fa1a8d3ac96089b6c0a0bc0e3,DMS,1,1,1,2,True,home_fixed_start,last_service_stop_no_home_return,osrm_road_network,los_angeles_ca,driving,d93f935c2c8b473b1be2989a89e2afa39127703aa8351b1ebc9e4773fe206f08,success,,5.3549,6.965,False,2.0,402.8623000194784
"Los Angeles, CA",2026-06-01,07c7e844534b01981bee65ee5a5a01dcecab2bdcd6343008e5cf7dd70ad1c611,DMS,3,3,3,4,True,home_fixed_start,last_service_stop_no_home_return,osrm_road_network,los_angeles_ca,driving,e6e6d14c23da62d2cc972fd14ac67a79de0d35048f340a2deb74c0f6a280f10e,success,,30.4513,34.126666666666665,False,2.0,420.4444000206422
"Los Angeles, CA",2026-06-01,0b4af58dd91db06bc0708aab8da2b23c31e636732b53cb53223d30741fe808f6,DMS,5,5,5,6,True,home_fixed_start,last_service_stop_no_home_return,osrm_road_network,los_angeles_ca,driving,e8acbd531dcc47a4bf12ea02f251fdb51a7a827d7e8786b3d34ae0d64d8ab688,success,,105.2127,109.36166666666666,False,2.0,428.5515999945346
"Los Angeles, CA",2026-06-01,0fe09d5fc07740ca9c3a0e3730891a9eab309fde81ddf7a6f3c62da4c7ba79ca,DMS2,1,1,1,1,False,nearest_neighbor_best_start,last_service_stop_no_home_return,osrm_road_network,los_angeles_ca,driving,1b38f78eaf9670dc77d17d9049e5389b866ddd523786b8593fe21e38c3db673d,success,,0.0,0.0,False,0.0,0.0
"Los Angeles, CA",2026-06-01,209cd5ff7a353c3ee747afc1326c1b42d96c3b01befdfa37d303a342c73be588,DMS,2,2,2,3,True,home_fixed_start,last_service_stop_no_home_return,osrm_road_network,los_angeles_ca,driving,9335b4f2586dac3998464284b0126c5dd5cdd0e1a5c2a185fe59792cc2172838,success,,22.068900000000003,24.695,False,2.0,419.13759999442846
"Los Angeles, CA",2026-06-01,3cb01aaf0b8548d5f653c7dca6637e61339bb5b28ff11805322f7556ef02203a,DMS,4,4,4,5,True,home_fixed_start,last_service_stop_no_home_return,osrm_road_network,los_angeles_ca,driving,8111888ac13bcac665271fe00ba06dbb9ea47686bf585bcdb091ea211808bef6,success,,50.281099999999995,55.943333333333335,False,2.0,405.8147000032477
"Los Angeles, CA",2026-06-01,477989e4cd189c2ec7800396ccb5d761743eca59fc70fde0cb3bc6d6aa0ec1e2,DMS,7,7,7,8,True,home_fixed_start,last_service_stop_no_home_return,osrm_road_network,los_angeles_ca,driving,cada6a7c8bebb189fb372c103f9b4c9b150b4c97f58dbebbc13c0a62a42e90d6,success,,72.0145,84.65666666666667,False,2.0,417.4841999774799
"Los Angeles, CA",2026-06-01,499496b5f71398afe0c948572a4c6254614ba0103fd9f17cb7fb99ff7870cd0c,DMS2,23,23,23,23,False,nearest_neighbor_best_start,last_service_stop_no_home_return,osrm_road_network,los_angeles_ca,driving,6060d6308b4f9731706474dd098b8b50a6c3a7038da975e728b9054ba05adaaf,success,,397.8923,446.46500000000003,False,2.0,1098.2622999872547
"Los Angeles, CA",2026-06-01,4cdd2ff4f2cee3fae0e0a5ece00cb4fcdfde977e44553414d548486480fedfcf,DMS,6,6,6,7,True,home_fixed_start,last_service_stop_no_home_return,osrm_road_network,los_angeles_ca,driving,c30d708779fdcf76a35434cf8554f44346befa829f310e3e6a11328b07764e7e,success,,126.1928,140.66666666666666,False,2.0,418.8455999828875
"Los Angeles, CA",2026-06-01,5f6b526861e3692a3a5e6f0040f34b3a60a75d597da905a55760943a25bcace2,DMS,5,5,5,6,True,home_fixed_start,last_service_stop_no_home_return,osrm_road_network,los_angeles_ca,driving,78d751208758b860b3cd6116471835991f4307fa2351936129911b0fd437fda4,success,,24.5195,45.276666666666664,False,2.0,437.63890000991523
"Los Angeles, CA",2026-06-01,63c7acf3485a5d6499fa0f78f37e3508a33444601450cebb37a0ac30348293c1,DMS2,1,1,1,1,False,nearest_neighbor_best_start,last_service_stop_no_home_return,osrm_road_network,los_angeles_ca,driving,360f52336e40fd5f23d69df70df35198182e908240455b199f85ddb468faafea,success,,0.0,0.0,False,0.0,0.0
"Los Angeles, CA",2026-06-01,66465b81e166d9ed87d77a52f82e71af56fb5f6f362164cf7de38d0bcd6442f1,DMS,1,1,1,1,False,nearest_neighbor_best_start,last_service_stop_no_home_return,osrm_road_network,los_angeles_ca,driving,e5ef0299e43c771ec286b2b05d58c117673cd5933eff20639455441d58400a4c,success,,0.0,0.0,False,0.0,0.0
"Los Angeles, CA",2026-06-01,67d298a6afd0e1d0c8d866d9e0447805ed6159f35449e12e2ec4cc5e50aa3a06,DMS,4,4,4,5,True,home_fixed_start,last_service_stop_no_home_return,osrm_road_network,los_angeles_ca,driving,7ed18f7b22167d8acb5261d6b5ea352a5cdc3e555a9ef36b4ad310a1b584d95e,success,,50.777,55.68,False,2.0,424.64350000955164
"Los Angeles, CA",2026-06-01,67d7f914919a6ca901b6c93da56938be129d24575c578cd2f08815a107be8a97,DMS2,2,2,2,2,False,nearest_neighbor_best_start,last_service_stop_no_home_return,osrm_road_network,los_angeles_ca,driving,6dfb67c70a764677096cc28e1d42b030f9329658534748dd45bd463cff016369,success,,11.0664,17.555,False,2.0,403.0909000139218
"Los Angeles, CA",2026-06-01,68689549751c2f137923f2738fcf714381609126a8b6d1ffdee65c2c62a8dc48,DMS2,1,1,1,1,False,nearest_neighbor_best_start,last_service_stop_no_home_return,osrm_road_network,los_angeles_ca,driving,82de4098addea8720a76198aa7948f9c11021f8d833b2a3e74b7bcad009a9560,success,,0.0,0.0,False,0.0,0.0
"Los Angeles, CA",2026-06-01,6cb82ad3808b2026e591004d448a55927e753562b68881910326b4a0551c9833,DMS,5,5,5,6,True,home_fixed_start,last_service_stop_no_home_return,osrm_road_network,los_angeles_ca,driving,6cc7fd6ced6aaf555dd3cb86c52931c6445a71c850158b4e9294987fdbb401e9,success,,39.252900000000004,47.89333333333333,False,2.0,407.7533000090625
"Los Angeles, CA",2026-06-01,731dce5df880df226d0c0f0964dadc6098b4deb215af55b4a7aebf9cb98e2fb4,DMS2,3,3,3,3,False,nearest_neighbor_best_start,last_service_stop_no_home_return,osrm_road_network,los_angeles_ca,driving,6aaad36cd91839041a38505da1f528e7d26c83b13e360560fb411165c29e456c,success,,60.9885,51.519999999999996,False,2.0,409.0180000057444
"Los Angeles, CA",2026-06-01,74c8288e9c326af2b120258c6533c4b9ee1ec7fe73341116001680ca89ddaa32,DMS,3,3,3,4,True,home_fixed_start,last_service_stop_no_home_return,osrm_road_network,los_angeles_ca,driving,9adc0da8a410cb18669d20fcb187327b95520662ce4602256c6e3271c8304778,success,,55.0087,65.16666666666667,False,2.0,446.7472000105772
"Los Angeles, CA",2026-06-01,782e82e022cf29aa7f88f23c915c72cf881f21a612320639ac2f5bcbf1dd9664,DMS,3,3,3,4,True,home_fixed_start,last_service_stop_no_home_return,osrm_road_network,los_angeles_ca,driving,a76638946763baff3f4ae6e41076447c24fd0a5172536410ae83910f5acf1fcd,success,,57.851699999999994,63.123333333333335,False,2.0,407.9498999926727
"Los Angeles, CA",2026-06-01,7a34c062139e8f850885ae5f249988d0dde5ea2ab9fb30f7206270efe835bfb5,DMS2,2,2,2,2,False,nearest_neighbor_best_start,last_service_stop_no_home_return,osrm_road_network,los_angeles_ca,driving,8916a776902c7b7a6012f1b91283bec3ce948d8cfaf038a6bdaceeadeb601864,success,,0.8871,1.635,False,2.0,408.41820000787266
"Los Angeles, CA",2026-06-01,7d10601a27cc5d3bde19979fabeb5511aceca6fe8a65a4eca3d307b6df2b5d56,DMS2,2,2,2,2,False,nearest_neighbor_best_start,last_service_stop_no_home_return,osrm_road_network,los_angeles_ca,driving,5b7563e0a28b6f8a9cd7f308a702df2d78d53e2db6e1ecc671858afc440daddf,success,,38.2165,34.97833333333333,False,2.0,392.74969999678433
"Los Angeles, CA",2026-06-01,8834616cbd127296a15c81dbcb8efd22c2043b39b8ff11dbff5632089dbe3fa3,DMS,5,5,5,6,True,home_fixed_start,last_service_stop_no_home_return,osrm_road_network,los_angeles_ca,driving,604599e97413471af1b043a71480c300a0a41e3a6fad331442d274299c52649e,success,,32.5099,41.00333333333333,False,2.0,408.0495000234805
"Los Angeles, CA",2026-06-01,898fb478b401d9cf7aaceda4269625fbbb603628dc7a717120ddf814201efeeb,DMS,7,7,5,6,True,home_fixed_start,last_service_stop_no_home_return,osrm_road_network,los_angeles_ca,driving,4d6c4e308482ffbfab999e0fee2fd10b7ec47fda6b229dc344676bfe951c2500,success,,47.247,54.21,False,2.0,599.7843999939505
"Los Angeles, CA",2026-06-01,9b2abb2d6270021ed37345c8eeaf374c3fbcf1d45a1aa75376cf666ec032b7d7,DMS,5,5,5,6,True,home_fixed_start,last_service_stop_no_home_return,osrm_road_network,los_angeles_ca,driving,cdc8a23b19953a64674c1c5d5c7250e8f041be7b9e9b2244eda214cd98fba203,success,,91.7657,91.01166666666667,False,2.0,607.5379000103567
"Los Angeles, CA",2026-06-01,ab2cdff5de1e38b9a77b4d61e48865132415bd5ebdce35a6641b786ea37d719c,DMS2,1,1,1,1,False,nearest_neighbor_best_start,last_service_stop_no_home_return,osrm_road_network,los_angeles_ca,driving,851f4788856c20fd3bbd37acf2850d1bc36f6efade29bca4667b23ed319f6815,success,,0.0,0.0,False,0.0,0.0
"Los Angeles, CA",2026-06-01,ae9b90185831a698e7fe83c091c96749f5f5ca07659b8f2a0a5518a3f048474d,DMS,4,4,4,5,True,home_fixed_start,last_service_stop_no_home_return,osrm_road_network,los_angeles_ca,driving,e0e0564d63e0245c1f9e968816207f882da4ce403a7500fa9f6a389ccd693bd4,success,,81.7564,82.95,False,2.0,411.1552000103984
"Los Angeles, CA",2026-06-01,aec0a6bd113fa9d3082ffa0e62d4b2af76218c54644ef3b55ad1ba6e63649e44,DMS,3,3,3,4,True,home_fixed_start,last_service_stop_no_home_return,osrm_road_network,los_angeles_ca,driving,7673f26ece7270e3566aa53d3582d3fe88958a8511223506585f6e60973423f4,success,,19.7279,26.201666666666664,False,2.0,437.5817999825813
"Los Angeles, CA",2026-06-01,b56ad4d78e10182ae1e8bbc455f4ae13244eaa8ad5a67a2a61b4d90278e1a9a7,DMS,3,3,3,4,True,home_fixed_start,last_service_stop_no_home_return,osrm_road_network,los_angeles_ca,driving,0223266ddfa98f3ffe859c7c669c2065e5cc21dbd7e0b234d329d09bf6976dcc,success,,455.52259999999995,349.045,False,2.0,413.7848000100348
"Los Angeles, CA",2026-06-01,bedd446803b88f27326858b1656d7b26cbcee0fa72d5804219c98ca7de9489e9,DMS,2,2,2,3,True,home_fixed_start,last_service_stop_no_home_return,osrm_road_network,los_angeles_ca,driving,6ab77fc11a5359340b1e50027dde50984e0445507324a5dcfec0fbdb1eaa3b4b,success,,41.817099999999996,42.126666666666665,False,2.0,600.2232999890111
"Los Angeles, CA",2026-06-01,c1e6763a36e57c566240cf50589a8c3248766ebdf61fbb093f04f6abc45f11b7,DMS,4,4,4,5,True,home_fixed_start,last_service_stop_no_home_return,osrm_road_network,los_angeles_ca,driving,9437d541e8b4bfad21d32e66d1c59440c99ecf22c6731c00842d0ef208ab2131,success,,28.2547,33.41833333333333,False,2.0,422.93270002119243
"Los Angeles, CA",2026-06-01,ca26c6fe4fe5bf568479ee86a9d9c8e6f160e52ec83f77f0a89320e376619242,ASC,1,1,1,1,False,nearest_neighbor_best_start,last_service_stop_no_home_return,osrm_road_network,los_angeles_ca,driving,fcef02f2efe7d3f9f8c34b010215f0a54d4a2ba321743c5b600c614247dc9432,success,,0.0,0.0,False,0.0,0.0
"Los Angeles, CA",2026-06-01,ce1432261881f728ac95e2f7f436425494183e23e14578018aca0e86bca69eff,DMS,1,1,1,2,True,home_fixed_start,last_service_stop_no_home_return,osrm_road_network,los_angeles_ca,driving,4f9ee6668e3505428aabb18693d724e7b916551e735ae64c63293d8e1f3ebec6,success,,14.6675,14.985000000000001,False,2.0,410.95220000715926
"Los Angeles, CA",2026-06-01,dc4844b0ea289ab6948ef3f2f4fcaad6c8a4792606f900d3f20537d715a5366e,DMS,4,4,4,5,True,home_fixed_start,last_service_stop_no_home_return,osrm_road_network,los_angeles_ca,driving,f2e219fd30b07f0277b2453236bc25d72b8f240df20e5b904f80fc75e1bb78af,success,,32.7071,44.945,False,2.0,422.49009999795817
"Los Angeles, CA",2026-06-01,dffc15d7a56f761afbf84091d9f0ff57604b29902c96c00a1478c30899e7f700,DMS2,1,1,1,1,False,nearest_neighbor_best_start,last_service_stop_no_home_return,osrm_road_network,los_angeles_ca,driving,9b86a45bdeeaf1ef1c4bc335dc5c6ddaee9d9687aad85e7ae89e2d3e3bc1ab8b,success,,0.0,0.0,False,0.0,0.0
"Los Angeles, CA",2026-06-01,e319af09724b6a8a08999e5f5b4300977cee9fb5de4c7ec0552c03f138fc2da1,DMS,2,2,2,2,False,nearest_neighbor_best_start,last_service_stop_no_home_return,osrm_road_network,los_angeles_ca,driving,3c1538c8378cd1f5207c528f9561c2b8341990458d08510706ba7728b2019281,success,,4.154,5.23,False,2.0,395.3623000124935
"Los Angeles, CA",2026-06-01,e3d60caa4323ac3e3736ede7fb4b7b2d0a53e464af302e59d288ae2eb25489f8,DMS,1,1,1,2,True,home_fixed_start,last_service_stop_no_home_return,osrm_road_network,los_angeles_ca,driving,0f5145be901257190004491674f94ea1cf2150524a39b1919713ab5c5fc5ec06,success,,19.8214,21.831666666666667,False,2.0,403.86759999091737
"Los Angeles, CA",2026-06-01,f639a8a7ccab29f251b9895085ec7dfcbca19fdf2227ac5690aa623f5c9103a4,DMS2,1,1,1,1,False,nearest_neighbor_best_start,last_service_stop_no_home_return,osrm_road_network,los_angeles_ca,driving,0b935aa2d27ca817c4ae950ae96e588f99235d7dc206880afb6b161b05e70dee,success,,0.0,0.0,False,0.0,0.0
"Los Angeles, CA",2026-06-01,ff6ec9a5a358dd5ed3554163e54d241de580320f9737533b9ef4904a84e92583,DMS,3,3,3,4,True,home_fixed_start,last_service_stop_no_home_return,osrm_road_network,los_angeles_ca,driving,d3607c8641ddcc4906a034574cbb51141904d1a32c594d6beecd51762cd963a4,success,,32.7806,38.31333333333334,False,2.0,421.1520999961067
"Los Angeles, CA",2026-06-02,05191cc27f78354b5aa279d44213026ff2b850cf64a35b23065eb7b7a8cc8a4e,DMS2,2,2,2,2,False,nearest_neighbor_best_start,last_service_stop_no_home_return,osrm_road_network,los_angeles_ca,driving,c1bb5824832e92654a58b09b54e5d4d2dcb7123ce1e4460702fed998ac82a597,success,,38.300599999999996,31.584999999999997,False,2.0,398.75199997914024
"Los Angeles, CA",2026-06-02,0dcb0d7fad48f00d2740127e0a7ce29a6ec22ce76017c3a0e397d412346ea8aa,DMS,2,2,2,3,True,home_fixed_start,last_service_stop_no_home_return,osrm_road_network,los_angeles_ca,driving,0783ed4992168bf29dac2b514a7b31f656473ac502281d7e739641fdfc872236,success,,36.993900000000004,34.14333333333333,False,2.0,407.25589997600764
"Los Angeles, CA",2026-06-02,17b99d833cb1d0bb2a57ad21fe3a44c24a31f9475ab7063152f943e4c6340cb7,DMS,5,5,5,6,True,home_fixed_start,last_service_stop_no_home_return,osrm_road_network,los_angeles_ca,driving,15d95a5b71a51dbaa3039d3820356d3735f57601f61f801bf236daaa333eb329,success,,119.5868,124.87333333333332,False,2.0,414.0350000234321
"Los Angeles, CA",2026-06-02,2436eb1339c79b4fe4cc4cd0505f6184449574c6e8a0601a357777db2e0de448,DMS2,1,1,1,1,False,nearest_neighbor_best_start,last_service_stop_no_home_return,osrm_road_network,los_angeles_ca,driving,26927720bfaa0e9a24461fa878aa91631d02548bfb8203bd705520c7e82ad9c8,success,,0.0,0.0,False,0.0,0.0
"Los Angeles, CA",2026-06-02,26257f3c403b8a331aa01bb6bd43a33a128b16bc32177b954c507f6951dc0443,DMS,4,4,4,5,True,home_fixed_start,last_service_stop_no_home_return,osrm_road_network,los_angeles_ca,driving,cd0c41ca2d02a2dffeff4fc1f34a7934e9b402e5e74b226fa759830aa4bad7d4,success,,27.6388,40.00833333333333,False,2.0,415.4335999919567
"Los Angeles, CA",2026-06-02,388eda4d607e3cd21febfff65371eecd8d6940c9a50cac7cce095c4a7906c3ea,DMS2,1,1,1,1,False,nearest_neighbor_best_start,last_service_stop_no_home_return,osrm_road_network,los_angeles_ca,driving,44be8148a8ced0b9b313fa71f842ce84ab30935af21d07a7e04a80e083ef1c7d,success,,0.0,0.0,False,0.0,0.0
"Los Angeles, CA",2026-06-02,3c1be1de6eca9be0e3f6b05f25df48095c7070c87c11348d5b24c81cce562311,DMS,4,4,4,5,True,home_fixed_start,last_service_stop_no_home_return,osrm_road_network,los_angeles_ca,driving,4e486297b0109f1ce4e939dea7a092307a5897ee8e11e39140c4d9141b582080,success,,25.5012,29.56833333333333,False,2.0,413.70180001831613
"Los Angeles, CA",2026-06-02,461446732bb4131625228d303945639e6348a0e101e464e4cf7022d7e2179a07,DMS,1,1,1,2,True,home_fixed_start,last_service_stop_no_home_return,osrm_road_network,los_angeles_ca,driving,3496ffe31fdc677baffa64fde5600e23af75645e86fc9e7cd737148e1215df7f,success,,23.247400000000003,21.521666666666665,False,2.0,415.3869999863673
"Los Angeles, CA",2026-06-02,4b1b4c1514aa24712a7683aa5cf42f71ec47dc0b48f8d44c36a3ed1a0831ea73,DMS,2,2,2,3,True,home_fixed_start,last_service_stop_no_home_return,osrm_road_network,los_angeles_ca,driving,b826eeeeab687c57d018cb908b6d4102958fc171fa013670ec9e89f3da4914ab,success,,12.776,17.371666666666666,False,2.0,419.71009998815134
"Los Angeles, CA",2026-06-02,4d85a4206e4e2dc297c1f03694ec353bd5d5358e7dcf7f9da406eae4b6156e00,DMS2,23,23,23,23,False,nearest_neighbor_best_start,last_service_stop_no_home_return,osrm_road_network,los_angeles_ca,driving,882610de2d4a83ca37e7ae6dfb50f7dc9c46b287b6c0a62c39c50cea04632748,success,,384.6272,378.5083333333333,False,2.0,711.7793000361416
"Los Angeles, CA",2026-06-02,4eec9f7aa9b929f2738e1e106fbc3c580e858f215cf14fd67b7bde8b876f50ba,DMS,5,5,5,6,True,home_fixed_start,last_service_stop_no_home_return,osrm_road_network,los_angeles_ca,driving,7e5be29300a81c91ea63bbafddc5ea1048c931bc3fe7801fb053818290afd567,success,,40.2217,48.105000000000004,False,2.0,405.20290000131354
"Los Angeles, CA",2026-06-02,5b7e17c18a5e81d62e76a0f868c9a285ca03ec092a782bad16cd87c29fb2d140,DMS2,1,1,1,1,False,nearest_neighbor_best_start,last_service_stop_no_home_return,osrm_road_network,los_angeles_ca,driving,40694fd6a15c86150600f17c62ecb3eb3d5b79ffb5dcfb87146bc2319ff172dc,success,,0.0,0.0,False,0.0,0.0
"Los Angeles, CA",2026-06-02,659db435fe7e1d1efa6ad9c7c19a1f856d6ca2878e471a55c9c285723b05cf9f,DMS,3,3,3,4,True,home_fixed_start,last_service_stop_no_home_return,osrm_road_network,los_angeles_ca,driving,cde4af5f6186f27d216247529a8a3a7671420d8f4af960939b036f77a0dde435,success,,37.5523,53.02166666666667,False,2.0,429.44619996706024
"Los Angeles, CA",2026-06-02,66e4a5ff4b566001e6ae04b6b956608d5fe057d2e76a8847bcd4e251decc3a9c,DMS2,3,3,3,3,False,nearest_neighbor_best_start,last_service_stop_no_home_return,osrm_road_network,los_angeles_ca,driving,89bd7719b54718822d226ee510bde1af80db30a0e34c445f5a675e6e46be150e,success,,11.718399999999999,14.953333333333335,False,2.0,402.95599997625686
"Los Angeles, CA",2026-06-02,7970d47723052a0ad6ad319cbd58ff3d35677e5ad0e5acb3b174bf6176ac14c5,DMS2,3,3,3,3,False,nearest_neighbor_best_start,last_service_stop_no_home_return,osrm_road_network,los_angeles_ca,driving,44bbcc7fc07270acf6e9fbfd7b96dfb9c9390d8adbc049906c236bc9a952c4c1,success,,34.152699999999996,34.79833333333333,False,2.0,395.508899964625
"Los Angeles, CA",2026-06-02,7cfc1fe006e4a30d608200569521d3c914f22eaf11e0697050f06e6c7e1ae9a5,DMS,6,6,6,7,True,home_fixed_start,last_service_stop_no_home_return,osrm_road_network,los_angeles_ca,driving,4c14836cb41c5deb39a095a1256c142b3890a9635bc66939e134894a80bc3562,success,,48.1608,55.98166666666667,False,2.0,424.39090000698343
"Los Angeles, CA",2026-06-02,828511987cf6b8fe8f77ecd08de858e2e7b28d292726ea255efa4a37cd15af0e,ASC,1,1,1,1,False,nearest_neighbor_best_start,last_service_stop_no_home_return,osrm_road_network,los_angeles_ca,driving,a7a5b75ce997501c14ec4b6126e64f1bc7b2c7c122e31704a041687634463438,success,,0.0,0.0,False,0.0,0.0
"Los Angeles, CA",2026-06-02,83a4d0180cd7cfab30e1d699b7affa850bdf9014af33cd9ff607a7a7cdb6461c,DMS,2,2,2,3,True,home_fixed_start,last_service_stop_no_home_return,osrm_road_network,los_angeles_ca,driving,1f293ffe8ddd94f99236d18c3201d795fbcf0b32cc17af9b9e01ec98f3f323a9,success,,34.8044,41.20333333333333,False,2.0,407.4316999758594
"Los Angeles, CA",2026-06-02,85becacb8457d28b577a0f1ceb56eb362a87b33314ef2c3f15deff42984b3d5e,DMS,3,3,3,4,True,home_fixed_start,last_service_stop_no_home_return,osrm_road_network,los_angeles_ca,driving,bede6519ba3b6f8a967a540b68a6ebd23cff432333afefd19bb75f599bdf1caa,success,,29.2679,32.086666666666666,False,2.0,402.1729999803938
"Los Angeles, CA",2026-06-02,8674fe336b23507067c9320402986f8cca5abf2c4d57a9d9415072614eb76486,DMS,4,4,4,5,True,home_fixed_start,last_service_stop_no_home_return,osrm_road_network,los_angeles_ca,driving,a8789c920ee2f7d55a40f7d1b4a203353718635489657685a455b4b426861b0e,success,,50.5306,57.675,False,2.0,406.7935000057332
"Los Angeles, CA",2026-06-02,90484de2462de77ef12f2fd1f52949eeb87c560e01e009c576b1fbd1f27b7908,DMS2,1,1,1,1,False,nearest_neighbor_best_start,last_service_stop_no_home_return,osrm_road_network,los_angeles_ca,driving,33f3f32ccae2784ec4921378239024b7155070acf7d2b060a951389074086e77,success,,0.0,0.0,False,0.0,0.0
"Los Angeles, CA",2026-06-02,9935168ab9efe1b69eb9790273f007c0bfe2a4de90e7ebae39973588170b37e4,DMS,4,4,4,5,True,home_fixed_start,last_service_stop_no_home_return,osrm_road_network,los_angeles_ca,driving,95b90c163dd16e2460a6343df0fc4ac9aaa9bbde53ceeebc9209ad5f37878bf6,success,,54.4789,58.10166666666667,False,2.0,418.65610002423637
"Los Angeles, CA",2026-06-02,9bfcd0b82b8662979ffac0ef4a5154243768fe8a97b6fc907f3db3113ac46914,DMS2,2,2,2,2,False,nearest_neighbor_best_start,last_service_stop_no_home_return,osrm_road_network,los_angeles_ca,driving,2f7aaa8857b878eef141a6635fc5d6bfdbccaa3d1fbde794418717776a4d3d47,success,,8.6076,10.596666666666666,False,2.0,403.584999992745
"Los Angeles, CA",2026-06-02,9c8196620e846159c0959d5cc48a108b9ef48091a5779f1b7c38230e35270556,DMS,5,5,5,6,True,home_fixed_start,last_service_stop_no_home_return,osrm_road_network,los_angeles_ca,driving,3aa4c3935bc71d0a3e88ee0e00d3a2656e7ccc3fbf3e5de7ff1133c61d4ef022,success,,49.2058,55.556666666666665,False,2.0,411.9084000121802
"Los Angeles, CA",2026-06-02,a88263e4c518494d53a756ccfb8b9d037ca331237e2f55fa47a5964088da87f0,DMS,5,5,5,6,True,home_fixed_start,last_service_stop_no_home_return,osrm_road_network,los_angeles_ca,driving,fac9937157170fe1a3c44c43a67b822cb35cff4d6b7dbc709c9e3251dadfbd82,success,,56.1446,68.96499999999999,False,2.0,417.5950000062585
"Los Angeles, CA",2026-06-02,acec8e871d2c074e2549cb9d8d0f55ad2f1a4b8b3e9acd892bdc7717d1e56234,DMS2,3,3,3,3,False,nearest_neighbor_best_start,last_service_stop_no_home_return,osrm_road_network,los_angeles_ca,driving,1eff83e1f25e2bf9b7c311eab2d1848b89a9925d491a1bb6a1d5285f8bafbe15,success,,5.4578999999999995,8.325,False,2.0,405.034599971259
"Los Angeles, CA",2026-06-02,b126271fb885a861b16b8f7600574148447b4995ac94c4a42ea06f7232e08b36,DMS,2,2,2,3,True,home_fixed_start,last_service_stop_no_home_return,osrm_road_network,los_angeles_ca,driving,f870870100c863ef473f2819e6a009f5795811909fbc1128bfd9207f3c04dfba,success,,13.8494,17.828333333333333,False,2.0,407.33700001146644
"Los Angeles, CA",2026-06-02,b7739d1dcd2b66ed7ae5dceaee6a6351b2b52f011950f20db1eca6c5fb2f7054,DMS,5,5,5,6,True,home_fixed_start,last_service_stop_no_home_return,osrm_road_network,los_angeles_ca,driving,b64e60399a5bb0a606ec84d3834a8f8f5a30cb2fed612a0b90b4210c5ebff317,success,,119.2745,120.79333333333334,False,2.0,423.74410000047646
"Los Angeles, CA",2026-06-02,b83178b976ec7818f51f47044848fc980e9053700ff654f6a506d89b83c3497c,DMS,3,3,3,4,True,home_fixed_start,last_service_stop_no_home_return,osrm_road_network,los_angeles_ca,driving,7af1fde88e9ed26c4a272ae2d39830703dde03613b8c0c99c71927c1e9d7a38c,success,,20.4915,27.605,False,2.0,399.8252999735996
"Los Angeles, CA",2026-06-02,bd5c9a959b9c3eb543a257c25eb6bc4817b1be75310d6531849a68a0b1e93793,DMS,5,5,5,6,True,home_fixed_start,last_service_stop_no_home_return,osrm_road_network,los_angeles_ca,driving,d37da75c03093341714a691811c87b633373dfb5654c94a7ef0cfd1b231eb063,success,,49.4627,56.02333333333333,False,2.0,433.5657999909017
"Los Angeles, CA",2026-06-02,d056edebbb49bc26228fb8e244deef1df872924ac5d6ed4ed54fb6b918747f05,DMS,1,1,1,2,True,home_fixed_start,last_service_stop_no_home_return,osrm_road_network,los_angeles_ca,driving,ff8c9bba3b992a89263e4fb0bdbf693705029d1c3f915f603adb98c98dd74990,success,,15.1619,16.065,False,2.0,399.33119996567257
"Los Angeles, CA",2026-06-02,d1063c61f4cbb5f8b18e9b0a22aff0c8947b414833d23993677a34ecaa5213e6,DMS,4,4,4,5,True,home_fixed_start,last_service_stop_no_home_return,osrm_road_network,los_angeles_ca,driving,5ac806c2949885a9d03d2a9680a5040e3b8e035c114d091a4ca55399e9d58cc9,success,,41.378099999999996,53.98833333333334,False,2.0,422.835400007898
"Los Angeles, CA",2026-06-02,d5def9c62b01d7f7dfb560907d0c7edcd4b94d627f182b362b65f3e1c62f30c2,DMS2,2,2,2,2,False,nearest_neighbor_best_start,last_service_stop_no_home_return,osrm_road_network,los_angeles_ca,driving,8a87d0929f88b52fc7819e14df843c611b3fc8d5cae5559a27ca6f97ceb2c282,success,,14.999,17.38,False,2.0,416.9785999984015
"Los Angeles, CA",2026-06-02,dbfbe4f1fd53f5a9ab2416f0cd49ffbac6654ed203808072d4b4933edaac91be,DMS,2,2,2,3,True,home_fixed_start,last_service_stop_no_home_return,osrm_road_network,los_angeles_ca,driving,b48141915ed70bf17965018a59deae873d312cdf5de06c4afab9f56c8fb43d75,success,,20.2925,25.478333333333335,False,2.0,410.99199999007396
"Los Angeles, CA",2026-06-02,e13913d4c2096105cdae4f27ebb8c0064a3c9de28cb3170bd15fcc8c28264cec,DMS2,1,1,1,1,False,nearest_neighbor_best_start,last_service_stop_no_home_return,osrm_road_network,los_angeles_ca,driving,ec9e886718e39021af2a4984a4cb3bbc6e6eade92cdf4145b3477bba63a80788,success,,0.0,0.0,False,0.0,0.0
"Los Angeles, CA",2026-06-02,e5c84f887106821473f87dc3533fb2c17888fec1125879bce8d632eb53bdda5a,DMS,2,2,2,2,False,nearest_neighbor_best_start,last_service_stop_no_home_return,osrm_road_network,los_angeles_ca,driving,6d5dfb67415bb5f162ec793ff2c72c811dd69b9d81c587f378a94cb9e5d1b867,success,,7.6668,11.651666666666667,False,2.0,398.86070002103224
"Los Angeles, CA",2026-06-02,ece25c2dab70bd16253c1c4cffd3d26a474a4354d22c3c5f5c493478a11fb8d9,DMS,1,1,1,2,True,home_fixed_start,last_service_stop_no_home_return,osrm_road_network,los_angeles_ca,driving,2ba848b15aac718f8d95e3b71f897c89bba7848dd68553ad76e37db48cd0586a,success,,83.7921,81.13166666666666,False,2.0,406.73940000124276
"Los Angeles, CA",2026-06-02,f9b9c8a0b26750f28c065aef113febfe4228fbae2f9604334c5cfc06ff88fa88,DMS2,4,4,4,4,False,nearest_neighbor_best_start,last_service_stop_no_home_return,osrm_road_network,los_angeles_ca,driving,1905b6bd1fd1b2887d82766f63603830540df7e53c8296eb675c7e3a6bb0c27c,success,,24.3722,32.68666666666667,False,2.0,422.75200004223734
"Los Angeles, CA",2026-06-02,f9f03378cba5b9a09ba43643867fabc4ebcaaded7414220713a8dbfda61dc25a,DMS,2,2,2,3,True,home_fixed_start,last_service_stop_no_home_return,osrm_road_network,los_angeles_ca,driving,d48ec4aee2220db4b4aad717fe2efa680c474927cb626ae47b3c5c7f6d4b4266,success,,56.5161,52.76833333333333,False,2.0,411.20479998062365
"Los Angeles, CA",2026-06-02,fa58d3df225f251126ef6f52ca80db587355b1990cd94af98d0a9807d0c79f8a,DMS,5,5,5,6,True,home_fixed_start,last_service_stop_no_home_return,osrm_road_network,los_angeles_ca,driving,ac89031a016539134d6c407e926abf64775c5494e178189d2e61ff79af5585a4,success,,98.5302,106.155,False,2.0,417.12190001271665
"Los Angeles, CA",2026-06-03,011bfebe616509eae8f5f7b06957eced0dd02470680574c060e005a7d4315a94,DMS2,4,4,4,4,False,nearest_neighbor_best_start,last_service_stop_no_home_return,osrm_road_network,los_angeles_ca,driving,b5b28e2d87149aaec5b875f2aecfbf3244de0d88721b66759e580b19fcdcb9bc,success,,55.5174,52.87166666666667,False,2.0,408.287099970039
"Los Angeles, CA",2026-06-03,0aefcf3f3f257b56658aacb334ebf8f2747266e0ef1c9031d3c2f74433063ebc,DMS2,3,3,3,3,False,nearest_neighbor_best_start,last_service_stop_no_home_return,osrm_road_network,los_angeles_ca,driving,82b5a1cf60d3ad6b2ace15ee117ff70ea78d0a9fb1768f94595e18abfd8693fb,success,,22.8666,26.201666666666664,False,2.0,409.9197000032291
"Los Angeles, CA",2026-06-03,0e3acdfbb70ed28250b83641c7965972bb91756d34a5f87e399fefad70c593c9,DMS2,1,1,1,1,False,nearest_neighbor_best_start,last_service_stop_no_home_return,osrm_road_network,los_angeles_ca,driving,d8a8a709a19fff51c7ea80902ed06e6ad91148076e7bf9065c07b3477ccb239d,success,,0.0,0.0,False,0.0,0.0
"Los Angeles, CA",2026-06-03,1421751e1b8ec6c0ff62dd61f08e96ea358ea1d7961550cf073f1c78f55178f0,DMS,3,3,3,4,True,home_fixed_start,last_service_stop_no_home_return,osrm_road_network,los_angeles_ca,driving,b224fa81c25a5aa786f48d582985d4789247cb94263a6264cab04e4ca7353801,success,,54.975300000000004,61.32166666666667,False,2.0,415.4273000021931
"Los Angeles, CA",2026-06-03,1ee9061fc609229b58932a7e1d2acef35d8113ecc72617d64e483b95b3d2e0d0,DMS,3,3,3,4,True,home_fixed_start,last_service_stop_no_home_return,osrm_road_network,los_angeles_ca,driving,a9957cdbcf39222560cee5b5c870f6de2b88b12cade78c01fa4fb00a4bf25281,success,,21.9647,27.10666666666667,False,2.0,411.99099997174926
"Los Angeles, CA",2026-06-03,1f975298470ac4b4c6d5664faa251cd715989b0fe658ba8b5f7c216b8a0f96b8,DMS2,1,1,1,1,False,nearest_neighbor_best_start,last_service_stop_no_home_return,osrm_road_network,los_angeles_ca,driving,f50c191cb351242d4e5011b96f388614cc21192b2109c8461eb1394f0612a0f3,success,,0.0,0.0,False,0.0,0.0
"Los Angeles, CA",2026-06-03,2259657041f24405e44e779d45c6964617d2aea6c0cc24a5f03a0443979fc006,DMS2,1,1,1,1,False,nearest_neighbor_best_start,last_service_stop_no_home_return,osrm_road_network,los_angeles_ca,driving,44c38d906d3d3f141f9b3d24d8eca517db8dfd2bd0dbb82d5b7b37cff808e79b,success,,0.0,0.0,False,0.0,0.0
"Los Angeles, CA",2026-06-03,27a7d2135873fd7e4255127243cfb3e6081ed026531422c10ab146cfbeb1fda7,DMS2,1,1,1,1,False,nearest_neighbor_best_start,last_service_stop_no_home_return,osrm_road_network,los_angeles_ca,driving,ac3a1589b29bd6ff17a1bbeeb20d5268135bd3782cc4d8e2cd323755cc8620b7,success,,0.0,0.0,False,0.0,0.0
"Los Angeles, CA",2026-06-03,2c6e916daf7657b8115fb20be0c875427d68d6cdebbd3786ca9e1b52cf2d32f4,DMS2,3,3,3,3,False,nearest_neighbor_best_start,last_service_stop_no_home_return,osrm_road_network,los_angeles_ca,driving,d878da6b05c72d7f8bdb36ca62a867a7a6baeefaabf195ae13479c25c230b62b,success,,93.9517,80.34333333333333,False,2.0,416.06570000294596
"Los Angeles, CA",2026-06-03,2ffe384226f8331b91eba3b4ce620d769614b89254bef89d1dc620c6f785c2a9,DMS,4,4,4,5,True,home_fixed_start,last_service_stop_no_home_return,osrm_road_network,los_angeles_ca,driving,db61f220251b3949fff54ac551528ff0ac9becbf4c5a9fbc52b68e178835dccd,success,,115.46860000000001,116.96166666666666,False,2.0,410.7187000045087
"Los Angeles, CA",2026-06-03,36bcafbd5323bdfd4bc1db81d8d91b6ef4489e535ea5e2243204ee1a82c2ac89,DMS,3,3,3,4,True,home_fixed_start,last_service_stop_no_home_return,osrm_road_network,los_angeles_ca,driving,9adaa535444ddb94103eb52b8ac4d82b48f3ba6a47edb19054cf6443c73f3b89,success,,49.8678,49.43833333333334,False,2.0,400.41780000319704
"Los Angeles, CA",2026-06-03,3aa5f12990d6ed9b2df6d3a87be936b6d73faca96daf3dffa6a9e4211b8d4dd6,DMS,2,2,2,3,True,home_fixed_start,last_service_stop_no_home_return,osrm_road_network,los_angeles_ca,driving,511073172a2507b2918fbd3708c932169a93054e523abdafbfb2707a4c5c215e,success,,36.7749,36.156666666666666,False,2.0,417.3766999738291
"Los Angeles, CA",2026-06-03,496010ef36d2e15bf26c4b12882632206c41cf487973121aa7f94c076b85a63a,DMS,6,6,6,7,True,home_fixed_start,last_service_stop_no_home_return,osrm_road_network,los_angeles_ca,driving,05029fd596d503068df43584304372b9a03bbcf163a575ce5869efe1b126fd53,success,,66.41860000000001,78.11,False,2.0,408.09640000225045
"Los Angeles, CA",2026-06-03,566aa44f74be201c79a86f03ab3ea2c7b63385dc089b17f107613eeabd9df54d,DMS2,1,1,1,1,False,nearest_neighbor_best_start,last_service_stop_no_home_return,osrm_road_network,los_angeles_ca,driving,ba344daefb157497cc8c300e21558702d0be53718700a849bf4e40820a4af48e,success,,0.0,0.0,False,0.0,0.0
"Los Angeles, CA",2026-06-03,5702d6e11c428102da85a21f2b33706ddca4d36f605014c8c1f02a26ab774d92,DMS,4,4,4,5,True,home_fixed_start,last_service_stop_no_home_return,osrm_road_network,los_angeles_ca,driving,f1b62ef3b5e1fdbae10f4d63918e8075be85e50e8ede247d42e8ba02b6926114,success,,71.9035,73.105,False,2.0,412.64299998874776
"Los Angeles, CA",2026-06-03,5a28366d2a1ef64b4d57120ef0bbfb96a7b80f0394038300f86aaf2819a16e13,DMS,3,3,3,4,True,home_fixed_start,last_service_stop_no_home_return,osrm_road_network,los_angeles_ca,driving,c1222bb706d3f5c9ab70cdfc69b0ed9bb32581c9e43331fb5cb8554d4a60e1d7,success,,15.5492,23.528333333333332,False,2.0,416.05869997874834
"Los Angeles, CA",2026-06-03,5c3f3551b7f537b2181f49500284798ca973c5a202cbfb06606ff4b2f18b3069,DMS,4,4,4,4,False,nearest_neighbor_best_start,last_service_stop_no_home_return,osrm_road_network,los_angeles_ca,driving,9bce4e92a107b7b9deb13825e06c32b5e5c4e015e4aa97d4af5d332d70c369b2,success,,22.2138,30.243333333333332,False,2.0,421.7750999669079
"Los Angeles, CA",2026-06-03,5e8980753dca8841dcfd0a5d4ae0eb6559d60230de284b6687b6e141d8f4241a,DMS,5,5,5,6,True,home_fixed_start,last_service_stop_no_home_return,osrm_road_network,los_angeles_ca,driving,2507df571b22ab925883b3065150ece31f4da630bbaf34101829fe2405ac0c97,success,,28.055400000000002,39.36666666666667,False,2.0,427.66289997962303
"Los Angeles, CA",2026-06-03,5f637e8822626e15c451376ff6e4cf36f56ae98339c1d4d01fc819b7fdea6f93,DMS,4,4,4,5,True,home_fixed_start,last_service_stop_no_home_return,osrm_road_network,los_angeles_ca,driving,48ed7b2297e1fc3d5cde456f73b92b97fbe100bb6e9a09674c2de75fa677fff7,success,,70.04039999999999,67.36833333333333,False,2.0,403.558600024553
"Los Angeles, CA",2026-06-03,7180472b03c45f3826a49883349f5cb42cd4be7a863c5123c6addd130396d397,DMS,4,4,4,5,True,home_fixed_start,last_service_stop_no_home_return,osrm_road_network,los_angeles_ca,driving,65bf27e5b9910d30838fc5ab8a35deae141c6d01631aedd67a3ef80a06ee3eff,success,,31.5197,39.769999999999996,False,2.0,399.9063999799546
"Los Angeles, CA",2026-06-03,7772cf5576993aa49638141fe7ca306475073c5f086b89074ba8bb90b9b1c683,ASC,3,3,3,3,False,nearest_neighbor_best_start,last_service_stop_no_home_return,osrm_road_network,los_angeles_ca,driving,338c7cb419f56b90eb93502d15f28c98e4fa4fa2a08538871482fc155f318b0f,success,,35.792300000000004,38.568333333333335,False,2.0,401.7085000232328
"Los Angeles, CA",2026-06-03,7f17304b70b942fa375c72cfc896d4ea5fcb366ba365346c3eac2d05290583e9,DMS,5,5,5,6,True,home_fixed_start,last_service_stop_no_home_return,osrm_road_network,los_angeles_ca,driving,57387c14a25d3a55d74c83e7a339d8b879c40e9ad976d335b92a6641b8725f67,success,,35.0344,48.74,False,2.0,428.93159997765906
"Los Angeles, CA",2026-06-03,82b8a1d6240c174dc5783e7cc28540acec0d5efe6937462507fc1387937085c2,DMS,2,2,2,2,False,nearest_neighbor_best_start,last_service_stop_no_home_return,osrm_road_network,los_angeles_ca,driving,f53ec85ef7ea54714eb23a77afd93d3b3ef3bd690fdb235a6d302c7772a70de0,success,,3.51,4.635000000000001,False,2.0,396.15000001504086
"Los Angeles, CA",2026-06-03,8af5a324df889691c25ae148054cfc07f0ec567392e25ff09b058ed434f23403,DMS2,1,1,1,1,False,nearest_neighbor_best_start,last_service_stop_no_home_return,osrm_road_network,los_angeles_ca,driving,d4f0636b51258246cd380fc56c02fcd330dde601538980c2802724c92b2b5089,success,,0.0,0.0,False,0.0,0.0
"Los Angeles, CA",2026-06-03,90c236c0771e0cc21c77d6cc068b155348e5f1d66281acc4054b33e2e24f18e5,DMS,4,4,4,5,True,home_fixed_start,last_service_stop_no_home_return,osrm_road_network,los_angeles_ca,driving,e9da12f603fc34999148d3230d4079d3838ca82452cdb6ee42d0dc52547d0864,success,,38.1885,45.019999999999996,False,2.0,428.9104000199586
"Los Angeles, CA",2026-06-03,93681828398efc7225ee195133b75b5b00a76fc33ec89a2108c6240f48beda60,DMS,5,5,5,6,True,home_fixed_start,last_service_stop_no_home_return,osrm_road_network,los_angeles_ca,driving,344b8030f3e7f32641fd6e5be45b0c76abc619398d702bb0b98d1d3811236ff8,success,,58.732800000000005,66.98833333333333,False,2.0,421.0278999817092
"Los Angeles, CA",2026-06-03,93ca7208ce6f56e4bf8a9b4579f7bee224b3669c009efbb56b0f0d02596deb47,DMS2,3,3,3,3,False,nearest_neighbor_best_start,last_service_stop_no_home_return,osrm_road_network,los_angeles_ca,driving,947b51bb4f0400a5b5a8868c849149cac2bf8e26a76e6ee644d917bd12475749,success,,23.946099999999998,32.263333333333335,False,2.0,427.7412999945227
"Los Angeles, CA",2026-06-03,95033a6616c7dd73f14b7e64d147a824fcae4eb0b86188f0f59356586e2e95e9,DMS,3,3,3,4,True,home_fixed_start,last_service_stop_no_home_return,osrm_road_network,los_angeles_ca,driving,0b8e97eab8ca26d58eb593c5e1b7948336b0e00f91aeb590e208948c3046be26,success,,23.128700000000002,33.565000000000005,False,2.0,410.2511999954004
"Los Angeles, CA",2026-06-03,98649ccbe1caa6b35aa949008208b460bcd3dda3cb12194b1f78c20919ab54c8,DMS,7,7,7,8,True,home_fixed_start,last_service_stop_no_home_return,osrm_road_network,los_angeles_ca,driving,81701396757988e293219c09d4e681f95f7a9249491a1f216a970a72bc9d7cbc,success,,67.0977,81.95166666666667,False,2.0,438.4321999968961
"Los Angeles, CA",2026-06-03,a4078e96c93d1d93addeb3cedab6c6c0a1329fa731f67fa180d4842cbcb6024f,DMS,1,1,1,2,True,home_fixed_start,last_service_stop_no_home_return,osrm_road_network,los_angeles_ca,driving,e6140f9fce4eb6c106a2eb1dd1862fcfbc9578ce8d06fee6532234dd976b6064,success,,17.822200000000002,17.740000000000002,False,2.0,397.87539999815635
"Los Angeles, CA",2026-06-03,a7d31de89ea842c4c552387d941157a549dd9f38329d9aa1c4378ce4bfc3f1d7,DMS2,2,2,2,2,False,nearest_neighbor_best_start,last_service_stop_no_home_return,osrm_road_network,los_angeles_ca,driving,43af08ac495fc8679de3ce7ee005e270f07c8dfd1d36233f7b7511e749a040f2,success,,10.2651,12.725,False,2.0,392.5588000274729
"Los Angeles, CA",2026-06-03,ab311a6495c5443373db28106ef2a956d266aafb78371b2456cd45616a0099e7,DMS,3,3,3,4,True,home_fixed_start,last_service_stop_no_home_return,osrm_road_network,los_angeles_ca,driving,774d553ba05c9351f1553baff9291f7f82c24f2c4aa9475ea9c1b53dc0482058,success,,24.185599999999997,25.816666666666666,False,2.0,423.91779998433776
"Los Angeles, CA",2026-06-03,bbdb83f395106e575c082fc7ff566206fb1ae4bec7851e49f5a28adb6bdade3f,DMS,4,4,4,5,True,home_fixed_start,last_service_stop_no_home_return,osrm_road_network,los_angeles_ca,driving,24e5314e1fe3bf9d7362b2edf78d6785d6a2c710d9a1d1c524b401dd8a05fe15,success,,50.7458,58.88166666666667,False,2.0,409.13880002335645
"Los Angeles, CA",2026-06-03,c330b4d4538cff7ceafd579141c4df57416e7c467c8d9e361908c5d4ba7bd9f1,DMS,3,3,3,4,True,home_fixed_start,last_service_stop_no_home_return,osrm_road_network,los_angeles_ca,driving,ff4b47529e981e551c5b881afc5d2c6845acba27a7ca1e5b1b48f4c70d6f0f4d,success,,103.4623,103.30333333333333,False,2.0,408.551999978954
"Los Angeles, CA",2026-06-03,ca1320344c6900e215658e490b7e068d492676d4a3b8960c0569c1c09369d5c6,DMS2,19,19,19,19,False,nearest_neighbor_best_start,last_service_stop_no_home_return,osrm_road_network,los_angeles_ca,driving,dbadaedb4ecaa7b2ae531e847737bce94bf94fd3508fb317cde6edb18a0a7df3,success,,395.0535,386.94166666666666,False,2.0,514.92089999374
"Los Angeles, CA",2026-06-03,cb65869be1ddfb7a9fcc4b1ee55ded9a32e08129fd4a7d2f5b765f51c6b6595e,DMS,1,1,1,2,True,home_fixed_start,last_service_stop_no_home_return,osrm_road_network,los_angeles_ca,driving,6857b7f0f3d45a1815545caeda4f67d952d3215b64ea927ed0f9d4e12399d250,success,,2.0036,2.9133333333333336,False,2.0,403.9946999982931
"Los Angeles, CA",2026-06-03,cd589c36c0b309a53b023b667b06d073390e52ac87cdc9f845cf352bcecfe3ef,DMS2,3,3,3,3,False,nearest_neighbor_best_start,last_service_stop_no_home_return,osrm_road_network,los_angeles_ca,driving,d6569e6ae7add76af83ee031e9118df983d3c2b6e21145a52420b7a8d0151fd1,success,,22.5637,26.921666666666667,False,2.0,405.3268000134267
"Los Angeles, CA",2026-06-03,cec5c3bd67557275b3958c99eece4de03b64c67763f7bb0d4d2d8fa0175b0269,DMS2,2,2,2,2,False,nearest_neighbor_best_start,last_service_stop_no_home_return,osrm_road_network,los_angeles_ca,driving,9affcc13f859502a5318fcc27ec5547fbd162f241134208c94a19bd7d503da1c,success,,31.6146,30.279999999999998,False,2.0,412.0254000008572
"Los Angeles, CA",2026-06-03,d022ca4ad1986642cac362cb27444cc48376c38ae613c072866139beff2c4d2a,DMS,4,4,4,5,True,home_fixed_start,last_service_stop_no_home_return,osrm_road_network,los_angeles_ca,driving,08be909fd4f055888b05a1290446cae9550d80bebe0874cbb3cd2565c0147905,success,,56.7404,59.2,False,2.0,411.61889999057166
"Los Angeles, CA",2026-06-03,d2c1d1597ffbeaa4d57799d5c916ad3dc7a110308b3c903a1235329059b1d938,DMS,3,3,3,4,True,home_fixed_start,last_service_stop_no_home_return,osrm_road_network,los_angeles_ca,driving,686db2cac1e3584dc429e8aa6d1741516f9e38ccda9a8dc5a31811a34714e5b4,success,,100.1627,86.81,False,2.0,397.74640000541694
"Los Angeles, CA",2026-06-03,e1041246e2dcce54661f7ed0edd19165439c39f5551e243f8eefd3df6f4262cc,DMS2,1,1,1,1,False,nearest_neighbor_best_start,last_service_stop_no_home_return,osrm_road_network,los_angeles_ca,driving,84e462451990ed7db632d434d1b7806aa3235c3395940f1fe9cc6757b74b7c4f,success,,0.0,0.0,False,0.0,0.0
"Los Angeles, CA",2026-06-03,e433d667489191b6ee5261ffccebe6af68580f05116b78708e625bab5f342514,DMS2,1,1,1,1,False,nearest_neighbor_best_start,last_service_stop_no_home_return,osrm_road_network,los_angeles_ca,driving,65a4a47c1af6a327cc0fe69a7c38d71b69fa4912666961218e72c462eece18ca,success,,0.0,0.0,False,0.0,0.0
"Los Angeles, CA",2026-06-03,e75fbb66dc886b9eb046587336c9d91333242d0fe51a3d3106659adffec78e93,DMS2,3,3,3,3,False,nearest_neighbor_best_start,last_service_stop_no_home_return,osrm_road_network,los_angeles_ca,driving,fc37c37825ac5a2abc905a1dcae491c8e03bdf4f37a74ff5c7884a0b2b5ce554,success,,46.501599999999996,42.495,False,2.0,413.8030000322033
"Los Angeles, CA",2026-06-03,e953eee2aa441e8a01df42d4e7a643e861bf0ff884738c72715b8b178411db3b,DMS,7,7,7,8,True,home_fixed_start,last_service_stop_no_home_return,osrm_road_network,los_angeles_ca,driving,87d965eab26300a3825df97b22976a200033e7b617b17e614dddd45914ab73cf,success,,84.9556,98.66833333333334,False,2.0,430.4536999843549
"Los Angeles, CA",2026-06-03,f59a88b42680ac53b5c49b7102fd39031ea51e0083c196c7bbb23343cb2e1a54,DMS,1,1,1,2,True,home_fixed_start,last_service_stop_no_home_return,osrm_road_network,los_angeles_ca,driving,c39934265e41ccacf279ec74f725b3eb6c9623e17db8020ffde67b764d2a225a,success,,14.8755,17.253333333333334,False,2.0,398.3564999944065
"Los Angeles, CA",2026-06-03,f85d1d089897c4c92343bf45db81b78859850a150ac3978128b7f725ea1c6939,DMS,2,2,2,3,True,home_fixed_start,last_service_stop_no_home_return,osrm_road_network,los_angeles_ca,driving,8e1b2d3a5124e7ca31871c74e3132031f550e78be58d5ae91c80977b803a2e1f,success,,37.2199,37.06666666666667,False,2.0,408.0965000321157
"Los Angeles, CA",2026-06-04,02675dc38dfb7aac0c3609fef7ec53865b7b772f122f5f386e6accfb4a86f0b7,DMS2,1,1,1,1,False,nearest_neighbor_best_start,last_service_stop_no_home_return,osrm_road_network,los_angeles_ca,driving,f0ea6d18efe334a89a69bbff6d00407130cea60b4bfda291483ecadedb942bbb,success,,0.0,0.0,False,0.0,0.0
"Los Angeles, CA",2026-06-04,06e7a29904fdb467265547c96a9d24e5df67c987c296ed625b7ed10150694b4a,DMS,4,4,4,5,True,home_fixed_start,last_service_stop_no_home_return,osrm_road_network,los_angeles_ca,driving,3c8f14aca3f4d48caff1bd5c060cc5c8690ab10896624004dd00dee9fc82e6c1,success,,42.5464,48.665,False,2.0,416.4691999612842
"Los Angeles, CA",2026-06-04,13a36cfc74ace6305879f1e08ebea9824544acd734df680f72162c783ae116db,DMS2,22,22,22,22,False,nearest_neighbor_best_start,last_service_stop_no_home_return,osrm_road_network,los_angeles_ca,driving,ea5dde76a27efec63de72fa91c84ff4c67036bb2657069434de4fecfa22220ca,success,,304.18240000000003,323.56666666666666,False,2.0,546.7797999735922
"Los Angeles, CA",2026-06-04,13d0af2296e2f143df6fc77d73dff94fd2fadbae8656efdd028b9b6a5c7ab31b,DMS2,2,2,2,2,False,nearest_neighbor_best_start,last_service_stop_no_home_return,osrm_road_network,los_angeles_ca,driving,f50997bbdf3c9fe38a08a64f1c643c57de0b271e77a40b0f8ada58c99aa0fbf8,success,,42.268,38.916666666666664,False,2.0,419.2470999842044
"Los Angeles, CA",2026-06-04,2728c6fd783b4f9d2723374ac90f684db8584248235558caae688e17d10ce351,DMS,3,3,3,4,True,home_fixed_start,last_service_stop_no_home_return,osrm_road_network,los_angeles_ca,driving,85028ddcf0bd6d26739a6bf734343e7a9bea7678e29de6b7c5aebafcb71ae55f,success,,33.7273,37.055,False,2.0,402.351800003089
"Los Angeles, CA",2026-06-04,2d46c5c6e6b4207f0b78c49809dc736449ac137d1c0d93c322ec85553a083dc7,DMS,1,1,1,2,True,home_fixed_start,last_service_stop_no_home_return,osrm_road_network,los_angeles_ca,driving,993a65c0ea643ddf35f4032fe4055bd77dd3c4c22f4932db4eb11bbc73d1cf24,success,,50.5606,41.55333333333333,False,2.0,414.603100012755
"Los Angeles, CA",2026-06-04,30d9b396d47fc75aa7782ce74770324f79b0770c53fc5709daad134f07d5c5fb,DMS2,4,4,4,4,False,nearest_neighbor_best_start,last_service_stop_no_home_return,osrm_road_network,los_angeles_ca,driving,3fd867de5407cdebc4ab5a2c6299be5b1cd1f11cd243d19f7dd96ecf9f172717,success,,138.0825,114.43666666666667,False,2.0,419.5250000047963
"Los Angeles, CA",2026-06-04,3307f02f7bddaa00b2eab8401ca002ee26c721d7d692bb814aa5bc43b31f2fdc,DMS2,1,1,1,1,False,nearest_neighbor_best_start,last_service_stop_no_home_return,osrm_road_network,los_angeles_ca,driving,7e2d0f22adb646554913e3d24780d90a4a4518e3132bd9c5de3942d9b8bcb603,success,,0.0,0.0,False,0.0,0.0
"Los Angeles, CA",2026-06-04,360f2302c865246ee328ce9c89474505d97d9005f90a1ec319fb628ce71bcf49,DMS2,2,2,2,2,False,nearest_neighbor_best_start,last_service_stop_no_home_return,osrm_road_network,los_angeles_ca,driving,a682ef1532aaabbda61f6c2af944621aece9be8dca4add1dda2e0a157324e701,success,,18.787599999999998,17.141666666666666,False,2.0,403.2479999877978
"Los Angeles, CA",2026-06-04,41c2bca2f8667118d057ea0221e4d43d91d7e9e84d3ae567986c873f492e86bc,DMS2,1,1,1,1,False,nearest_neighbor_best_start,last_service_stop_no_home_return,osrm_road_network,los_angeles_ca,driving,4246902caaed9bd5101f76ec197b8fb8b89596e901ee3d2986e2f45a4680b145,success,,0.0,0.0,False,0.0,0.0
"Los Angeles, CA",2026-06-04,4399821b85d92b71e259f3ca61fb8e50f8e0796da0a11a1f8525cb6c1cbd5d32,DMS2,1,1,1,1,False,nearest_neighbor_best_start,last_service_stop_no_home_return,osrm_road_network,los_angeles_ca,driving,7f8fb9169d96a5a7289ebffd21af316edcb07874f960bf7bffe375c1ddb7a6c7,success,,0.0,0.0,False,0.0,0.0
"Los Angeles, CA",2026-06-04,45cc363f36cbef4abd8963c71edbd8b639b6c4933eab352899e30fdf8290427d,DMS,5,5,5,6,True,home_fixed_start,last_service_stop_no_home_return,osrm_road_network,los_angeles_ca,driving,affcb67ff10548800f76c60402037d14c8205b4dd4b71b444b4cff09b977f260,success,,40.5349,49.15,False,2.0,432.50530000659637
"Los Angeles, CA",2026-06-04,486b6dfd109977a73913c30f8ff95e1eba88439cc1b3d927977be75296d6c1b2,DMS,3,3,2,3,True,home_fixed_start,last_service_stop_no_home_return,osrm_road_network,los_angeles_ca,driving,780c482b2c5e219de1b37ee00b8e8e89414dce2d3ccd7ab0cc25c673431665b9,success,,24.3843,25.988333333333333,False,2.0,400.85990002262406
"Los Angeles, CA",2026-06-04,4af481b40a1daf15bfded96319e9986a9abe33a7c89f2afe5e245b8186d91f70,DMS,4,4,4,5,True,home_fixed_start,last_service_stop_no_home_return,osrm_road_network,los_angeles_ca,driving,750453530d39cf63f8549566f548db60bd16d7bbb5374b0afbf718ebdf0f7a1e,success,,32.253299999999996,38.38,False,2.0,418.74389999429695
"Los Angeles, CA",2026-06-04,4fd5b3545c15766c9f14a641a278be5447cf666bbea2683f09a2ae2438e9f13c,DMS,3,3,3,4,True,home_fixed_start,last_service_stop_no_home_return,osrm_road_network,los_angeles_ca,driving,c76df0878d7dddf0a1f11fdb3e753bd7406751886151f70ce13b81682c4d29e9,success,,27.142799999999998,35.07666666666667,False,2.0,416.03379999287426
"Los Angeles, CA",2026-06-04,51a887aea0ee5e444fff7afd122e2f709519ea01a4d990791febfc8eea2af509,DMS2,3,3,3,3,False,nearest_neighbor_best_start,last_service_stop_no_home_return,osrm_road_network,los_angeles_ca,driving,be0534f14f3283ac06fe64bd9e8cb2ce8b359f80b5eb5abb45ed3e3c22e0f437,success,,17.7404,20.365000000000002,False,2.0,407.3659000277985
"Los Angeles, CA",2026-06-04,51bba61c4da71b3d30c8ae74779d91d183de3ebba32a7033b116f0858c8d6635,DMS2,3,3,3,3,False,nearest_neighbor_best_start,last_service_stop_no_home_return,osrm_road_network,los_angeles_ca,driving,78e4a91390569a043048b2d0938e2c60426862d08593d349663f8bed108197d9,success,,10.7066,16.906666666666666,False,2.0,409.78859999449924
"Los Angeles, CA",2026-06-04,5cb16cca4e58b5837e6d8b5f62f25ee76a50ec0af9564423336512cf5009a438,DMS2,2,2,2,2,False,nearest_neighbor_best_start,last_service_stop_no_home_return,osrm_road_network,los_angeles_ca,driving,533cd9992606ea6ea7dcab87a0f08b61dabf5447dde977fd10b4e7f5a48e4ae9,success,,27.214,26.301666666666666,False,2.0,394.4320000009611
"Los Angeles, CA",2026-06-04,5e303bccad3a37d47280b601fbf0dcc70714d63800c83b4c6c8cc305522a7b8a,DMS,2,2,2,2,False,nearest_neighbor_best_start,last_service_stop_no_home_return,osrm_road_network,los_angeles_ca,driving,50bf5ff05aedba6fdff0bfda719d46f5e46d40b2cb96d9cd2f5e50e09afe785a,success,,25.703400000000002,24.384999999999998,False,2.0,401.74989998922683
"Los Angeles, CA",2026-06-04,6ba643b964a7d3d0d1fecc8a144384016c2bad2bc4e81d12bc42379e4592ac46,DMS,5,5,5,6,True,home_fixed_start,last_service_stop_no_home_return,osrm_road_network,los_angeles_ca,driving,75af479dd2403b740c0bd627a8b29c0764d1822b6935b4dd4ae9834f078bd595,success,,41.9876,55.88666666666666,False,2.0,415.7034999807365
"Los Angeles, CA",2026-06-04,6c234f7351080cfeca3a6aaa3b62094a12dab8b33d1a17722b1a60f9db25a3a4,DMS2,2,2,2,2,False,nearest_neighbor_best_start,last_service_stop_no_home_return,osrm_road_network,los_angeles_ca,driving,681b0f87e93848882c79184651704952958338a9b9ef564c8c218b7117412341,success,,20.878,19.96833333333333,False,2.0,405.8691000100225
"Los Angeles, CA",2026-06-04,6f7ec0b32f4c3d1da3c47ab3771a71216aa72555fb74c320e5c546c236f73af9,DMS2,1,1,1,1,False,nearest_neighbor_best_start,last_service_stop_no_home_return,osrm_road_network,los_angeles_ca,driving,5d71f882f42b7ba46ea8ddf82fa02e6db2cb2ae5cc1b164f67275cb87bbe4b28,success,,0.0,0.0,False,0.0,0.0
"Los Angeles, CA",2026-06-04,71c1a2a8e399fd7caede0ee97882056e7282ae392cbd3e0715cca06156a57d3f,DMS2,4,4,4,4,False,nearest_neighbor_best_start,last_service_stop_no_home_return,osrm_road_network,los_angeles_ca,driving,34e83b5972ce2c88528b5453d4efef1329bd9afff8884ad250cab1a71d2b95fe,success,,54.622699999999995,49.108333333333334,False,2.0,422.9701000149362
"Los Angeles, CA",2026-06-04,76963c50757bd109a8f188c7848c1567e6271a19a49c064c59d15f5857c5f478,DMS,1,1,1,2,True,home_fixed_start,last_service_stop_no_home_return,osrm_road_network,los_angeles_ca,driving,b42e2356a67feb22cf213c6d24fb31c9f312c6984b1c3607e0fb16bbda231b52,success,,12.2654,14.931666666666667,False,2.0,395.70680001634173
"Los Angeles, CA",2026-06-04,84cc8a66266c27c805354beae82c95920417256f28518256f95becd48feadf38,DMS,3,3,3,3,False,nearest_neighbor_best_start,last_service_stop_no_home_return,osrm_road_network,los_angeles_ca,driving,bb37739e612f4f5cf68acbb6af6da4a7f43e112f39652c4c9497cfa39b149672,success,,22.4359,23.44,False,2.0,411.70810000039637
"Los Angeles, CA",2026-06-04,8e7d97fa644de14cbef0acb6b324b81023905e35c5bbce37f79fd196d0d673d7,DMS,4,4,4,5,True,home_fixed_start,last_service_stop_no_home_return,osrm_road_network,los_angeles_ca,driving,076ea6e7e628e1a589add804eb2a0e474b5fa7478a423ef969f7664147ff70e2,success,,114.55510000000001,118.74666666666667,False,2.0,411.6388999973424
"Los Angeles, CA",2026-06-04,915a4e12fd2b8282c9af92da340036e92ca793409e22415200e7924ef6d3968c,DMS,3,3,3,4,True,home_fixed_start,last_service_stop_no_home_return,osrm_road_network,los_angeles_ca,driving,d39669dcf87c9cff359a1333da60d104e8b016788791afe3fcdcc8e57afa2e6d,success,,21.2078,27.101666666666667,False,2.0,406.9865000201389
"Los Angeles, CA",2026-06-04,9be0045fafd245b0bf624f762b6f58d151391a79d6d8cbd7b7162cdb7ac05c04,DMS,5,5,5,6,True,home_fixed_start,last_service_stop_no_home_return,osrm_road_network,los_angeles_ca,driving,39c7a03238b72c0721d3f663a43a65257d0725a4f4238a2e7e418e1649c9169c,success,,102.3337,107.9,False,2.0,408.25159999076277
"Los Angeles, CA",2026-06-04,9da1ff5247d47b1689fc81db53bbc8b47c1302b1a243f442db5a54cc1acd47d1,DMS,4,4,4,5,True,home_fixed_start,last_service_stop_no_home_return,osrm_road_network,los_angeles_ca,driving,1830247ff948c2b1c64aba1f6d1782ff614e6f6496b893622a85702d02fa0b03,success,,34.3039,32.538333333333334,False,2.0,418.20780001580715
"Los Angeles, CA",2026-06-04,aa32af26f4a8f1cf0c599efec3b3753dccecef6bf485e078d95b15e4b0b168d4,ASC,1,1,1,1,False,nearest_neighbor_best_start,last_service_stop_no_home_return,osrm_road_network,los_angeles_ca,driving,27eecb9988f7b22ef07111ff16852fc9cc8811597dcbb0fb9ecd1cce058590bc,success,,0.0,0.0,False,0.0,0.0
"Los Angeles, CA",2026-06-04,b04fa26393f825b98e772c7a12e7c2d2a7667d35e6dc954e2fde8f40b2f301ef,DMS2,1,1,1,1,False,nearest_neighbor_best_start,last_service_stop_no_home_return,osrm_road_network,los_angeles_ca,driving,5aaa0675f6c70d358c12fdf8d2761d1962ed4c834e2313e93c743867ca3a6f7e,success,,0.0,0.0,False,0.0,0.0
"Los Angeles, CA",2026-06-04,b1e77cf08da818323cb5aed95dac5f922e34a4dc515a40ef894805143e07de42,DMS,5,5,5,6,True,home_fixed_start,last_service_stop_no_home_return,osrm_road_network,los_angeles_ca,driving,ea63bdf5845cd0fad185bceee6d5040c2d3d7beff8752e1501c8b68e3a6735eb,success,,63.6596,71.07666666666667,False,2.0,413.63539997837506
"Los Angeles, CA",2026-06-04,b2aadb98b480016131ce81c1e43830d88656277ec56c2276e602f14cc768d71c,DMS,5,5,5,6,True,home_fixed_start,last_service_stop_no_home_return,osrm_road_network,los_angeles_ca,driving,c2247001fa761eac3088c112a8b7590916d94447cc67a2de2cba7e594760fe20,success,,34.3022,47.48833333333334,False,2.0,437.30290001258254
"Los Angeles, CA",2026-06-04,b5534526effb5d40a552745a94587c718aa4325486d1b2ef79e8113810670e10,DMS,2,2,2,3,True,home_fixed_start,last_service_stop_no_home_return,osrm_road_network,los_angeles_ca,driving,6106af126d11657e09463884ba850d8fcc7ff80d9720064a6b046e715acc7624,success,,97.077,81.75166666666668,False,2.0,402.08199998596683
"Los Angeles, CA",2026-06-04,bb369c0500f8d3733f1f0a6c5f0b48e1a0f4bbde3087cc22c4025a769e58725f,DMS,4,4,4,5,True,home_fixed_start,last_service_stop_no_home_return,osrm_road_network,los_angeles_ca,driving,f6e8983a029b2d271308fc09373733ff3947d12c5b663019cdaa9d23cf45b5a3,success,,78.42139999999999,80.74499999999999,False,2.0,418.21910001453944
"Los Angeles, CA",2026-06-04,c2d06905a87cb73e369e6a1faddf348fdb752367d103c5b9b5eb6364847b90e3,DMS2,3,3,3,3,False,nearest_neighbor_best_start,last_service_stop_no_home_return,osrm_road_network,los_angeles_ca,driving,457213a362fdcdc23d4c3770c8cd6800f2c1527f0681dd370adad534dd1123e9,success,,58.412699999999994,59.13,False,2.0,401.056000002427
"Los Angeles, CA",2026-06-04,d1ecc6bbd3c8ff5dd5cff613e72f8029b86e6d8e15b58c4b4de19d11dca248ec,DMS2,1,1,1,1,False,nearest_neighbor_best_start,last_service_stop_no_home_return,osrm_road_network,los_angeles_ca,driving,cd1d5442adb1f8d95791c5b230bd955e5c9b8e7ec5157cf59e4928cea7ff9ffd,success,,0.0,0.0,False,0.0,0.0
"Los Angeles, CA",2026-06-04,d3e39ecac94bd3bd7373d01686f10a966080f297acc9fce8cac527a37b48a715,DMS,3,3,3,4,True,home_fixed_start,last_service_stop_no_home_return,osrm_road_network,los_angeles_ca,driving,3d9eb329f5bed1da7e211b9d941425abff49fea84d50926cb4a4cded3260d286,success,,60.479800000000004,61.108333333333334,False,2.0,400.47679998679087
"Los Angeles, CA",2026-06-04,d7f058906139e864e036a23e6decfd8a3f0227e98189b4a22c114707c971fcb2,DMS2,1,1,1,1,False,nearest_neighbor_best_start,last_service_stop_no_home_return,osrm_road_network,los_angeles_ca,driving,b3c1cd6c789408fe83bbb91c58e1920a207a002ad049fc80477782173a7fcd5a,success,,0.0,0.0,False,0.0,0.0
"Los Angeles, CA",2026-06-04,f006aef95ef5ba2600d6a2173b8dae5c01a2d28939bd7ac3cd4c3063f727ed6b,DMS,3,3,3,4,True,home_fixed_start,last_service_stop_no_home_return,osrm_road_network,los_angeles_ca,driving,d9880887736945c4457f756f15de589263e9bf56815e372edadd53e6b3db874d,success,,26.234099999999998,29.058333333333334,False,2.0,407.43719998863526
"Los Angeles, CA",2026-06-04,f1917e8b3fab263f9a5db5c226f9352d55363e2c6be32151864679b85d6b5bf7,DMS,3,3,3,4,True,home_fixed_start,last_service_stop_no_home_return,osrm_road_network,los_angeles_ca,driving,db2473b5011ea16e77b674937da76a81db9ddef39e1d3d24c9fe1364abb3bc94,success,,27.242099999999997,33.65,False,2.0,427.7003000024706
"Los Angeles, CA",2026-06-04,ff9de723b1ccc6cb08d72175b67b274e9c09e03f689cea4cbc869ceab30880a8,DMS,1,1,1,1,False,nearest_neighbor_best_start,last_service_stop_no_home_return,osrm_road_network,los_angeles_ca,driving,ee1023ff1d5eeabc968806cb5a2be85e9f3e599ac3e2244ee5ca58cb4924d9dc,success,,0.0,0.0,False,0.0,0.0
"Los Angeles, CA",2026-06-05,00105bce905f6a87383bdbd914191934642ed4ed6edd5fb2afd803ae7a813fd7,DMS,1,1,1,1,False,nearest_neighbor_best_start,last_service_stop_no_home_return,osrm_road_network,los_angeles_ca,driving,b18199889764fbeb19f70735f70b02d721a7a551dd7a62e99754301ae262ace3,success,,0.0,0.0,False,0.0,0.0
"Los Angeles, CA",2026-06-05,02d62e9d624e7b532683979b27d52ba6f94be4585ab7ccf8b440a118a875baac,DMS,3,3,3,4,True,home_fixed_start,last_service_stop_no_home_return,osrm_road_network,los_angeles_ca,driving,d7875d517a21f2e631314198e13cf7222f8b5048dc21d93038bea0de70c390e0,success,,35.475199999999994,39.60666666666667,False,2.0,412.19219999038614
"Los Angeles, CA",2026-06-05,04b3cb473fb3ec66ace58dd6b30bebfb5339c39bb11eccf25d49217cb5bafe47,DMS2,2,2,2,2,False,nearest_neighbor_best_start,last_service_stop_no_home_return,osrm_road_network,los_angeles_ca,driving,142c8300bebccf520a1970d86f84bbb9899bba39103d97200c53f93205822646,success,,39.9605,36.15333333333333,False,2.0,401.0567000077572
"Los Angeles, CA",2026-06-05,0fe38aeae19ba550cc27a04ad3186c75ec36f10c605d06a5494113d5314f7b1a,DMS2,2,2,2,2,False,nearest_neighbor_best_start,last_service_stop_no_home_return,osrm_road_network,los_angeles_ca,driving,e955d1be1dcfdc8df3995178d3adb690678f7f45489f009df8eca6fe45c9a50f,success,,2.9831999999999996,4.278333333333333,False,2.0,417.1797000162769
"Los Angeles, CA",2026-06-05,146798ba8224d4d6a520c3d9423b6a7c4b029715968b2de481640cd7aaee2423,DMS2,2,2,2,2,False,nearest_neighbor_best_start,last_service_stop_no_home_return,osrm_road_network,los_angeles_ca,driving,568e57f8cd3149e6a364588c5db5616156efa785cf816a1cb24adc860b2e45f2,success,,20.1207,20.341666666666665,False,2.0,414.2312000039965
"Los Angeles, CA",2026-06-05,16344d4e5191176361fe7db09965a6832ca6482362ea4aed26cfbcabb6438ec7,DMS,3,3,2,3,True,home_fixed_start,last_service_stop_no_home_return,osrm_road_network,los_angeles_ca,driving,317d74712e000fb3acbb47a374da39abf08927519e706f16a66707ce73b714f5,success,,70.11760000000001,67.09333333333333,False,2.0,413.4870999841951
"Los Angeles, CA",2026-06-05,1cf3b0386414bbcefd8fd93699f8f9833200c1a650d72b41bb08a5077b1df457,DMS2,4,4,4,4,False,nearest_neighbor_best_start,last_service_stop_no_home_return,osrm_road_network,los_angeles_ca,driving,1b57785b1ea38b16217856de1a019c3d5f289c97ff1740d91334ad09990acf72,success,,60.6989,61.748333333333335,False,2.0,408.15719999955036
"Los Angeles, CA",2026-06-05,2d0493a6190a44d6dd1b63a405537ea1225e676632b8c60c73c65a88be3c83ab,DMS2,2,2,2,2,False,nearest_neighbor_best_start,last_service_stop_no_home_return,osrm_road_network,los_angeles_ca,driving,76e7056056e01a29e69699c658c23883bac42461b4a3e482322ac972fb8af4ff,success,,44.7026,37.5,False,2.0,409.92869998444803
"Los Angeles, CA",2026-06-05,30a6b4920afaca1bba498bcbaf1a5418af3bb144a85be0d9d70e830d907589d4,DMS2,3,3,3,3,False,nearest_neighbor_best_start,last_service_stop_no_home_return,osrm_road_network,los_angeles_ca,driving,1cc6c4b34ee909eaddb085e13d94ace72bf76cf768129ceffd74fe82fec662db,success,,31.8669,28.459999999999997,False,2.0,404.673199984245
"Los Angeles, CA",2026-06-05,3407166ebcce6cd2c9123cd5014e852ef84c382f2f182a176e7573cd53259ef9,DMS2,1,1,1,1,False,nearest_neighbor_best_start,last_service_stop_no_home_return,osrm_road_network,los_angeles_ca,driving,29740f4e97465251ca7fcf11de6fd76c6490de5536b87103dd9922ffc184b27b,success,,0.0,0.0,False,0.0,0.0
"Los Angeles, CA",2026-06-05,3898435657f889f50de6a06a346a9b3e66461e8f3ce857bc9f06b2fba8053f71,DMS2,1,1,1,1,False,nearest_neighbor_best_start,last_service_stop_no_home_return,osrm_road_network,los_angeles_ca,driving,406323bb7e3ee44a300040bd20060cba3c334a1ed803dc8c571632e15a76d789,success,,0.0,0.0,False,0.0,0.0
"Los Angeles, CA",2026-06-05,42a955083c5e492ad7bc96ff1be1e6356df57dd85b8c25c0d6883a2305ae0225,DMS,5,5,5,6,True,home_fixed_start,last_service_stop_no_home_return,osrm_road_network,los_angeles_ca,driving,71be44c2af96b8631dd109f6f3c68d8ca39f5c7f5d0eec56f059a0d61e3c78a4,success,,122.99130000000001,131.85666666666665,False,2.0,413.5810000007041
"Los Angeles, CA",2026-06-05,45b1650d4c7154917449269b801782d54f29b2363378907cd831b933a6cb2095,DMS,4,4,4,5,True,home_fixed_start,last_service_stop_no_home_return,osrm_road_network,los_angeles_ca,driving,cf087e007a69dadfff6521b3b997ab8f4fb62d6d530d8c7e11aefe49a11cfa7c,success,,66.853,67.37833333333333,False,2.0,441.0201000282541
"Los Angeles, CA",2026-06-05,486a24f2333620c352ce7399ee1dd8d3da701a8ad8f5ec1f6b7f6e26a1f0eee0,DMS,2,2,2,3,True,home_fixed_start,last_service_stop_no_home_return,osrm_road_network,los_angeles_ca,driving,57de195b1d87fe5a3da82a2665487f9ecfa0021bfff6842da0c3607f2adfd02f,success,,36.7202,41.875,False,2.0,400.82140002050437
"Los Angeles, CA",2026-06-05,5408975253b305b875829edf1e4f57bb675843b21020d6ebfbc9526917c4f9f5,DMS2,18,18,18,18,False,nearest_neighbor_best_start,last_service_stop_no_home_return,osrm_road_network,los_angeles_ca,driving,01dca1ac1afd57f7150af8946237e95b20ee70c62203112ea0814fa04cfbe813,success,,346.57259999999997,344.82166666666666,False,2.0,526.3488999917172
"Los Angeles, CA",2026-06-05,55ff6982f40d3155901be3ec49c0d31a42e230c0eac4f18fc5389b2fcaedde61,DMS,1,1,1,1,False,nearest_neighbor_best_start,last_service_stop_no_home_return,osrm_road_network,los_angeles_ca,driving,917833f77ebc06eee99defea1892cca810214a4269e6f5224b52f2900a927254,success,,0.0,0.0,False,0.0,0.0
"Los Angeles, CA",2026-06-05,5a40a659e399025038c247314cbada9f4f18b988dd8981c0d43c2ab7cbab208c,DMS,3,3,3,4,True,home_fixed_start,last_service_stop_no_home_return,osrm_road_network,los_angeles_ca,driving,3b270c75104c05bb2f5482a08de294d6a40b104b54864b44260c0e7e43bcb7c9,success,,28.3934,33.473333333333336,False,2.0,416.1174999899231
"Los Angeles, CA",2026-06-05,601620c4dbea1d6cb4f4a5667ec9b27aa27bffe9ded8d108f7dbf760e71ab076,DMS2,5,5,5,5,False,nearest_neighbor_best_start,last_service_stop_no_home_return,osrm_road_network,los_angeles_ca,driving,797587114f5bb94445b6133b9eef8882c92eb6f9516331a75c9fab1a3287ee3e,success,,51.415099999999995,56.60333333333333,False,2.0,414.30269999546
"Los Angeles, CA",2026-06-05,65b31d12c3a2dfc15f2badba2508e2813e61f7aeb7a3c521f45e4f74f3ef3283,DMS,8,8,8,9,True,home_fixed_start,last_service_stop_no_home_return,osrm_road_network,los_angeles_ca,driving,7542221bb2402daca1cacc48268bccb4392b015c8219ca54f60b4363c112c377,success,,68.0163,83.78999999999999,False,2.0,459.7498000075575
"Los Angeles, CA",2026-06-05,67a2fe2f36ba51a201ab36442a623d95e6885ec5c8a3aa8e34975501d4b66c5f,DMS2,3,3,3,3,False,nearest_neighbor_best_start,last_service_stop_no_home_return,osrm_road_network,los_angeles_ca,driving,931c2033f7b3fe54a667cd1c1883becc799a481e91e4f0df05638608842fdcb9,success,,36.872800000000005,38.505,False,2.0,405.53009998984635
"Los Angeles, CA",2026-06-05,6bacaaafc52fed265cd7135410cf4078444be91127d1326e08b9b4043f0c3397,DMS,1,1,1,1,False,nearest_neighbor_best_start,last_service_stop_no_home_return,osrm_road_network,los_angeles_ca,driving,d745b1c9fa142e41c79b0d5541c81f4f99c7d1771b59a5376f3e39f5045d51da,success,,0.0,0.0,False,0.0,0.0
"Los Angeles, CA",2026-06-05,6df1eed8ebc2139ae2611773eff3757b0da4a482cf32546d63850f3f0855789e,DMS2,1,1,1,1,False,nearest_neighbor_best_start,last_service_stop_no_home_return,osrm_road_network,los_angeles_ca,driving,29740f4e97465251ca7fcf11de6fd76c6490de5536b87103dd9922ffc184b27b,success,,0.0,0.0,False,0.0,0.0
"Los Angeles, CA",2026-06-05,75cb96e9d271bd1ec68e7bff36e6f6e88f9ff901c2a33e916fd315238584b453,DMS,2,2,2,3,True,home_fixed_start,last_service_stop_no_home_return,osrm_road_network,los_angeles_ca,driving,80204c2617cf0d2626377483cade5c71cc5408590e230441cc79bf13845c5f30,success,,27.7566,28.448333333333334,False,2.0,404.76619999390095
"Los Angeles, CA",2026-06-05,7cccafb1635e3194e552748e81712f619daeab1e7fdcb7ee0907bdc62dd5891e,DMS2,1,1,1,1,False,nearest_neighbor_best_start,last_service_stop_no_home_return,osrm_road_network,los_angeles_ca,driving,32242b4102a23f2346aee84d3d0a18cffef8d5f03f0c492545b556e7652f8ee7,success,,0.0,0.0,False,0.0,0.0
"Los Angeles, CA",2026-06-05,7e4d9c3ab97c0ab941fe2f1a5ab4caf8ce816c73350d8129a9a0d5875672e01a,DMS,4,4,4,5,True,home_fixed_start,last_service_stop_no_home_return,osrm_road_network,los_angeles_ca,driving,873cfe97763b77871f76601e142b857645ab5eae12014f8ad2c813680f00c304,success,,24.805799999999998,34.07,False,2.0,444.7708999796305
"Los Angeles, CA",2026-06-05,7f7e807e6be2f6998a134167980d5cf535929ae5a1ba233cca5694b7bd189939,DMS2,2,2,2,2,False,nearest_neighbor_best_start,last_service_stop_no_home_return,osrm_road_network,los_angeles_ca,driving,a3881b6dc4ccb7785099de7176966515149049b9058f7ee079b34b3237b47251,success,,12.729,13.161666666666667,False,2.0,402.7767999796197
"Los Angeles, CA",2026-06-05,83a0edf35051b9d601996aebf0451c740f2de3ec86e1ec45989476d7f6f65786,DMS,2,2,2,3,True,home_fixed_start,last_service_stop_no_home_return,osrm_road_network,los_angeles_ca,driving,359aee69c9a11760bb996e9b16f39bf2d415d1eefcb1b22b6f61d52bcdaee21f,success,,18.880599999999998,21.68,False,2.0,394.21420003054664
"Los Angeles, CA",2026-06-05,8491326e4199999d005b6792b4cd71470195765722387dd0dfedc913b4128572,DMS,6,6,6,7,True,home_fixed_start,last_service_stop_no_home_return,osrm_road_network,los_angeles_ca,driving,466e57a7002507293a587f97dd47114ade788992ba6fb077496434c26842dd52,success,,79.9519,92.50166666666668,False,2.0,421.738600009121
"Los Angeles, CA",2026-06-05,891d5cf4789425cf146ae46cade2a83bd2f1399bfbc2c5a20492d17f61e5be5c,DMS2,4,4,4,4,False,nearest_neighbor_best_start,last_service_stop_no_home_return,osrm_road_network,los_angeles_ca,driving,fa95733ef0026a0c2cd60156e455b2239cf8c1e536cef02431d943fc381bfc5e,success,,29.4848,34.605000000000004,False,2.0,409.42359998007305
"Los Angeles, CA",2026-06-05,9cf2044865a4378ebcc71fe44f8edf5f0baa37bc811e54195a97e440d0c8840a,DMS2,2,2,2,2,False,nearest_neighbor_best_start,last_service_stop_no_home_return,osrm_road_network,los_angeles_ca,driving,249fa25274658483491462acfa42f722ba18c00b3795fcbdbb4d3bba3e2142ef,success,,7.5613,9.286666666666667,False,2.0,414.902999997139
"Los Angeles, CA",2026-06-05,a14ce1d10b75c6c7075cced8f6351555a67a92a09df6a9551625848bad2f91d0,DMS,1,1,1,2,True,home_fixed_start,last_service_stop_no_home_return,osrm_road_network,los_angeles_ca,driving,d5a5c762afffcf3c2815bf98e62c4efd8bc8e0feb724b324531307808ecca190,success,,13.2017,15.870000000000001,False,2.0,395.25610001874156
"Los Angeles, CA",2026-06-05,a381d6a8b05ee9efa5c576dedb499f3568cdd27c96b1d681e65daef19c3a06fd,DMS2,1,1,1,1,False,nearest_neighbor_best_start,last_service_stop_no_home_return,osrm_road_network,los_angeles_ca,driving,92411ce16fc949323b751ce30143e308b28aa727ceca05098f6fd22014d1e171,success,,0.0,0.0,False,0.0,0.0
"Los Angeles, CA",2026-06-05,a95e355aee54b7da84b70f15095b0640285bb56ad33ba51234eb9267d556e3c8,DMS,4,4,4,5,True,home_fixed_start,last_service_stop_no_home_return,osrm_road_network,los_angeles_ca,driving,e73f69e3e55d8b80e738a66cc4a21f3f7ee50873cca7182885ec4ac1d043fddf,success,,106.0146,109.47666666666667,False,2.0,412.30820000055246
"Los Angeles, CA",2026-06-05,aa779777ae5ced8c591f3aa3d39740679275a6145f9e7750fd17926193407fe3,DMS,2,2,2,3,True,home_fixed_start,last_service_stop_no_home_return,osrm_road_network,los_angeles_ca,driving,f22db52dcd1ab2feadc841ab7374f3c3286a7af41055b22b7c6228aababb0ffd,success,,40.001599999999996,40.75833333333333,False,2.0,406.5802000113763
"Los Angeles, CA",2026-06-05,ac861fe283afdafbacc192ace3594768be92532b3de1b1740ba072effd58a160,DMS,3,3,3,4,True,home_fixed_start,last_service_stop_no_home_return,osrm_road_network,los_angeles_ca,driving,9b41c29f0b08d6e827a4fe85a9ce5e80efabb8d081a647987e56f6dfd9ab2818,success,,66.6421,66.23833333333333,False,2.0,401.37889998732135
"Los Angeles, CA",2026-06-05,ada1b6ea53334c187cc4ea189d9a979b3336e005cda2f2961cbbb58a4c227152,DMS2,1,1,1,1,False,nearest_neighbor_best_start,last_service_stop_no_home_return,osrm_road_network,los_angeles_ca,driving,1237e71feecd7838c4f0f6b24293b4a934a0243d605f06cfdb7aea622388a492,success,,0.0,0.0,False,0.0,0.0
"Los Angeles, CA",2026-06-05,b33b379d8cc64444f25ef26da862bbfeeab96aad775397876612de33ba538b24,DMS,3,3,3,4,True,home_fixed_start,last_service_stop_no_home_return,osrm_road_network,los_angeles_ca,driving,7a0e77bef508e82df47cc5562f8ded1edd9f9c5ff47983a81664d0157cacf2cf,success,,153.5169,122.44166666666666,False,2.0,434.3835999898147
"Los Angeles, CA",2026-06-05,cb0e42b5e4773478f935b189512319e6ce4cc7c346ce927cde848b9175ca40b4,DMS,3,3,3,4,True,home_fixed_start,last_service_stop_no_home_return,osrm_road_network,los_angeles_ca,driving,055e8b47743bf96a800259ecf47739caf3a81a5f795e491aac9e6f300b2c8dd1,success,,38.7708,55.78333333333333,False,2.0,442.45160001446493
"Los Angeles, CA",2026-06-05,d469a098a547e7059204378cc5fd112e7bc5d2057b650129bd915206fba69d29,DMS,7,7,7,8,True,home_fixed_start,last_service_stop_no_home_return,osrm_road_network,los_angeles_ca,driving,990f7d95fa317d4beca8ec6385e941762833c6a01fddc808ea5e3d57231ce67d,success,,70.271,79.08333333333333,False,2.0,414.782700012438
"Los Angeles, CA",2026-06-05,d66a1783bd4be9c9e137c0962d02b4bddf0f106b8cf2a5e28ea4e6eda4ca1d41,DMS2,1,1,1,1,False,nearest_neighbor_best_start,last_service_stop_no_home_return,osrm_road_network,los_angeles_ca,driving,97ba1622ad4f8576cde062c39356ca50df5244d1792f0f8cc95f638f4cee7003,success,,0.0,0.0,False,0.0,0.0
"Los Angeles, CA",2026-06-05,def32ef2673b878186070fe885161efa8fb97a8b09c04205bfe345b7e1de03b1,DMS,2,2,2,2,False,nearest_neighbor_best_start,last_service_stop_no_home_return,osrm_road_network,los_angeles_ca,driving,41a7129d9d52e390b9396bb9377e42090656f70ffb16b145edd84bb239dd2482,success,,12.1796,14.610000000000001,False,2.0,398.08650000486523
"Los Angeles, CA",2026-06-05,e1bbd9d1c3c323c1a1e801af06a3143b63e6905d32d20bac43b486fb4e994666,DMS,2,2,2,3,True,home_fixed_start,last_service_stop_no_home_return,osrm_road_network,los_angeles_ca,driving,c835b572578d6385bf9a27710f856bddd7502f8d2069fefb998ddf2dda32b944,success,,13.460899999999999,18.421666666666667,False,2.0,398.8396999775432
"Los Angeles, CA",2026-06-05,fecea82713fa7ee0084fe2100d1d21021d162aeb2f5d6ae9881cc9a5f121a23f,DMS2,2,2,2,2,False,nearest_neighbor_best_start,last_service_stop_no_home_return,osrm_road_network,los_angeles_ca,driving,d19c6a05a7d72272a7124893e52299e9a25e843aeb4be659a6869a2958555705,success,,5.5942,6.71,False,2.0,397.78209998621605
"Los Angeles, CA",2026-06-06,0fe17509aca4eed249fdfed5f14d4aa5c8273d7ab023c977090777cc335f8642,DMS2,1,1,1,1,False,nearest_neighbor_best_start,last_service_stop_no_home_return,osrm_road_network,los_angeles_ca,driving,8f543f4d807af39f18febf93f71a70be9c82eb3a6dffdb5ff2f1beea8d1f5669,success,,0.0,0.0,False,0.0,0.0
"Los Angeles, CA",2026-06-06,156815049f2575256a2c57347cc9f8a4bfcfa4effc08ba29bcfca01960e06045,DMS2,1,1,1,1,False,nearest_neighbor_best_start,last_service_stop_no_home_return,osrm_road_network,los_angeles_ca,driving,9c552dac5db07e48a96fc1afed453aedb9b27bfdb20184e558ce33564a2bc4b6,success,,0.0,0.0,False,0.0,0.0
"Los Angeles, CA",2026-06-06,26abcc7ce4ca689b8a012259f98d81ca9b94087762961c4b8e863343ac3bd6d7,DMS2,4,4,3,3,False,nearest_neighbor_best_start,last_service_stop_no_home_return,osrm_road_network,los_angeles_ca,driving,7bfff036256722579e9e9c664110bedff6309af754c5f5811ea2c752edbd603b,success,,56.562,49.87833333333333,False,2.0,427.92290000943467
"Los Angeles, CA",2026-06-06,33136cd91b89cf13029c62a664f86c28d7c462ad2c4310fa10370ee3f9322f6c,DMS2,18,18,18,18,False,nearest_neighbor_best_start,last_service_stop_no_home_return,osrm_road_network,los_angeles_ca,driving,5afd6a34d12e57ec33e10e086d5a07b0db0466f3d47a1fc969c6b5958d4d0bb9,success,,528.1921,475.82166666666666,False,2.0,517.372099973727
"Los Angeles, CA",2026-06-06,3f357e319988f5bdb15c7407fc893cf22c24777cd2f34cf3766bed670e18fc04,DMS2,6,6,6,6,False,nearest_neighbor_best_start,last_service_stop_no_home_return,osrm_road_network,los_angeles_ca,driving,1474a6d1a7bd23e42add3e6fae19c47777c8e5349f4adb3de2424c2f2e58c5b0,success,,93.65360000000001,97.15833333333333,False,2.0,419.5911999850068
"Los Angeles, CA",2026-06-06,7c1e58565fcf2fb67a5b50450235fdb113a3ca24b8b3d76e63a108c26193dbcc,DMS2,4,4,4,4,False,nearest_neighbor_best_start,last_service_stop_no_home_return,osrm_road_network,los_angeles_ca,driving,87f928ac6d9b22a12002057d1341f899f49f78141d9c28f331d5f512098d650c,success,,31.4626,38.605000000000004,False,2.0,424.04549999628216
"Los Angeles, CA",2026-06-06,ca5e4f978567903d54e6a33f70f9b105da62901ffe75b0be194c851c6728f1c3,DMS2,2,2,2,2,False,nearest_neighbor_best_start,last_service_stop_no_home_return,osrm_road_network,los_angeles_ca,driving,056ef663e2944e133c8f493f34b1f85917e455fea48f601bce64ff48fec3badb,success,,31.4823,31.278333333333332,False,2.0,404.40850000595674
"Los Angeles, CA",2026-06-06,cdcff0853a06495be1006ccf74a8785bda7b482c2167f036f608a202028821c2,DMS2,4,4,4,4,False,nearest_neighbor_best_start,last_service_stop_no_home_return,osrm_road_network,los_angeles_ca,driving,2410601e1192186508b7d193de4e0b6ae42daddd689746ff63c2b31829159d36,success,,26.8236,32.49166666666667,False,2.0,419.64950002147816
"Los Angeles, CA",2026-06-06,d2095fc38011660ffd05466bd86164ca0ec19de122d71ddb2930f82db4074493,DMS2,2,2,2,2,False,nearest_neighbor_best_start,last_service_stop_no_home_return,osrm_road_network,los_angeles_ca,driving,9593a3b7e9a74208da41860d06dff84d0d1ba228dbcad6072d28979bb844ef0e,success,,18.1219,17.008333333333333,False,2.0,391.67020001332276
"Los Angeles, CA",2026-06-06,e63c10638c598850c838136735ab7eaba8fca50e6edc11819b8a9457b15c5e99,DMS2,1,1,1,1,False,nearest_neighbor_best_start,last_service_stop_no_home_return,osrm_road_network,los_angeles_ca,driving,9b87ad89d6bb041dd8cfa45be74963ca7e0d02c4f148a8bd92fe175b1b71017e,success,,0.0,0.0,False,0.0,0.0
"Los Angeles, CA",2026-06-06,e7e12be8874f804823ba8ddc0d540239df6375fa31d9d459df93789ae977a677,DMS2,1,1,1,1,False,nearest_neighbor_best_start,last_service_stop_no_home_return,osrm_road_network,los_angeles_ca,driving,a9f2062ff1b3cfe52860b391917b88525e2c912db9b8f2add8b4fde36ed2d296,success,,0.0,0.0,False,0.0,0.0
"Los Angeles, CA",2026-06-06,f404191e61889562ac7fbd0837ea7bff1c7167633e1b449ee44f173ce936ad58,DMS2,3,3,3,3,False,nearest_neighbor_best_start,last_service_stop_no_home_return,osrm_road_network,los_angeles_ca,driving,06387f1e1b089f73a84fbb2161bb03a6fe2ad9b0913c6bf7058c65558b6898a2,success,,6.1909,10.036666666666667,False,2.0,410.45530000701547
"Los Angeles, CA",2026-06-06,f44e6396d92f2a2b939e845466cacfc59dd55c84360c5cb1558f532c16a76cf9,DMS2,3,3,3,3,False,nearest_neighbor_best_start,last_service_stop_no_home_return,osrm_road_network,los_angeles_ca,driving,32b3d4c57ad730b1c6a7b73b87546de6410302568a54cd848459c84d9b7de578,success,,101.8553,86.48833333333333,False,2.0,402.8121999872383
"Los Angeles, CA",2026-06-06,ff0a97fa3be61f7e1a105d4d61a931fc26bff1e86109abb4def90b79882bf99e,DMS2,1,1,1,1,False,nearest_neighbor_best_start,last_service_stop_no_home_return,osrm_road_network,los_angeles_ca,driving,6f233ed881d2a80a68778fda16be809dc8cb9e0b4e0dddb51ee20f85af01bc56,success,,0.0,0.0,False,0.0,0.0
"Los Angeles, CA",2026-06-08,00dfe8aa3bce8903bb41652c0dde817ccf9b7af20cedd5ad9454497179c53c0c,DMS,4,4,4,4,False,nearest_neighbor_best_start,last_service_stop_no_home_return,osrm_road_network,los_angeles_ca,driving,1659b11bcbe628f9b5f13331c06c14170a7277731e43595db51f849fcc0d4a5d,success,,31.38,37.315000000000005,False,2.0,402.45389999472536
"Los Angeles, CA",2026-06-08,071a2eb822e2aa699c49a3060aa8168123a398cc1c9caa919dc3c12a97d96003,DMS2,1,1,1,1,False,nearest_neighbor_best_start,last_service_stop_no_home_return,osrm_road_network,los_angeles_ca,driving,9c26973462579ff64742377d711417e68d2a6f6663d5fc185c20ba550c55eab0,success,,0.0,0.0,False,0.0,0.0
"Los Angeles, CA",2026-06-08,0b72dab844fe2117f5e6069659edc762405e076f74b1a8cc5b044ba7e52898dc,DMS,5,5,5,6,True,home_fixed_start,last_service_stop_no_home_return,osrm_road_network,los_angeles_ca,driving,f8cae7e8f26fe2d757a2cd3e20b2fd7957edd71d3cb1326c6245ad14f93c3e83,success,,40.0956,55.38666666666666,False,2.0,434.832999977516
"Los Angeles, CA",2026-06-08,179257cfed5fc1e5c15a5b3e12f57f5692001c9061b9956293a4cc98192145e6,DMS,3,3,3,4,True,home_fixed_start,last_service_stop_no_home_return,osrm_road_network,los_angeles_ca,driving,0a5b77b4f6dddc1386d83a436e744c2d405616854db8375da659f0aab022a8c2,success,,104.5411,88.24333333333334,False,2.0,400.18789999885485
"Los Angeles, CA",2026-06-08,17f75e072baa5b564cc8b51be391416e2887c7b2406f57786f2d75da53eae207,DMS2,1,1,1,1,False,nearest_neighbor_best_start,last_service_stop_no_home_return,osrm_road_network,los_angeles_ca,driving,8ec8d54233765b7253ed1de478288ec41b569ccc01272b9119a01cf18943de2a,success,,0.0,0.0,False,0.0,0.0
"Los Angeles, CA",2026-06-08,18ebeaeba0a5be995c2b630567476594076a879ac1ba80c11af2ef9cc1a499c5,DMS,4,4,4,4,False,nearest_neighbor_best_start,last_service_stop_no_home_return,osrm_road_network,los_angeles_ca,driving,7916faf8d7eceb21eda712c1a0f0ffaffbea09777fe1284495c477bee56a2a83,success,,35.6226,39.65,False,2.0,428.1423000211362
"Los Angeles, CA",2026-06-08,18f5c3661e529e6037b9299791986cf15d6a38921098326124012563c47cfeab,DMS2,1,1,1,1,False,nearest_neighbor_best_start,last_service_stop_no_home_return,osrm_road_network,los_angeles_ca,driving,4d8aad053dc372775877c4d87ab161630dca4f9927d80b57b687375206cc400a,success,,0.0,0.0,False,0.0,0.0
"Los Angeles, CA",2026-06-08,2106d4382ea19463aef4476bb441bfa57883b3c36a076b7807207f0c891063a8,DMS,6,6,6,7,True,home_fixed_start,last_service_stop_no_home_return,osrm_road_network,los_angeles_ca,driving,a3525bcbb1b1845f9912739ffc87fa503b4563244e2ae5deaa37d92a1bf31c44,success,,120.8569,115.54833333333333,False,2.0,411.1801999679301
"Los Angeles, CA",2026-06-08,2a6a08fea3b521be45d0548d3fdc44f5c44f7d447a9e2b7e2c7b0001d5c0e719,DMS2,5,5,5,5,False,nearest_neighbor_best_start,last_service_stop_no_home_return,osrm_road_network,los_angeles_ca,driving,c77999254b412c25764af9d5d6811ad9cd447720c2fb254e38b1ccb7cac33bed,success,,111.61489999999999,102.855,False,2.0,412.5736999849323
"Los Angeles, CA",2026-06-08,314a65ee5c0d75aba6c17cf2ddba5c6c9c0b025068bac61047c22c968c7c55db,DMS,5,5,5,6,True,home_fixed_start,last_service_stop_no_home_return,osrm_road_network,los_angeles_ca,driving,473a79fac1a98df5489ab41fed09e238e9f200e6185dce15f3ebed3d8beb0c95,success,,61.5605,69.83833333333334,False,2.0,435.7739000406582
"Los Angeles, CA",2026-06-08,31e72dc6b09a7a2a6d1375f359496d5753c238310fcf70f5dcba6936358bd1ba,DMS,1,1,1,1,False,nearest_neighbor_best_start,last_service_stop_no_home_return,osrm_road_network,los_angeles_ca,driving,c0280c758157c86f423ff94a28594e74e2924e45feebd7fc8ee88c111f0d4cb3,success,,0.0,0.0,False,0.0,0.0
"Los Angeles, CA",2026-06-08,321f6e5bd641b6b37fb4eb818b25ccad031827d371fcf8fc575e43aa44f8b49f,DMS2,2,2,2,2,False,nearest_neighbor_best_start,last_service_stop_no_home_return,osrm_road_network,los_angeles_ca,driving,bcf4bc9ad80a205ba0fab5510a0eee89797d3118b695b1537a5d8e6e35500bbe,success,,17.6735,17.985,False,2.0,403.0256000114605
"Los Angeles, CA",2026-06-08,33806be13dd430965f1cb599edc1cea8f69245f56e6bebeb60384ba04b0fd78e,DMS,4,4,4,5,True,home_fixed_start,last_service_stop_no_home_return,osrm_road_network,los_angeles_ca,driving,87f22d394c8aac01755bdd7104a91d7b7f6a2979b899b830ecb1684a783bf2a1,success,,36.657,46.75833333333333,False,2.0,424.3039000139106
"Los Angeles, CA",2026-06-08,41af4b0b64d4a2d5f98f82e6b083dac97cb225a22bba91d3987823ea3288fed8,DMS,1,1,1,2,True,home_fixed_start,last_service_stop_no_home_return,osrm_road_network,los_angeles_ca,driving,1e64d7087a3a16d2cdbc92f3ade858c959dae68abea5a5f1dea3ec0f0d22f73e,success,,36.402,39.968333333333334,False,2.0,413.75439998228103
"Los Angeles, CA",2026-06-08,4c1bde93b56d7fd7da1100a300dd1db31db601b7817e27878c6ceede887d2433,DMS,1,1,1,1,False,nearest_neighbor_best_start,last_service_stop_no_home_return,osrm_road_network,los_angeles_ca,driving,f13db87f76412f91df610a083e82c08a2445ffde7fc6d99791ae330a728465a9,success,,0.0,0.0,False,0.0,0.0
"Los Angeles, CA",2026-06-08,50bfbe569833278d2b3f6f3a55eec8ccf4ee6ae94133d808b9815d032959e72a,DMS,2,2,2,3,True,home_fixed_start,last_service_stop_no_home_return,osrm_road_network,los_angeles_ca,driving,b5da08f5f070e81a1527f3c6e3159ca36beede9674a3e2646bf41bc9d08bcc68,success,,15.9179,20.975,False,2.0,409.4025999947917
"Los Angeles, CA",2026-06-08,576bf4a4f3336d0c40571d903d6e6b6dc216edfc9dca79f78e727a341ddbb091,DMS,5,5,5,6,True,home_fixed_start,last_service_stop_no_home_return,osrm_road_network,los_angeles_ca,driving,9634bfdbb1cc73cc70aaf3ec46c9ac01482f03c32fc053fdd7555915f7e22de6,success,,52.8083,57.651666666666664,False,2.0,422.1403999836184
"Los Angeles, CA",2026-06-08,5aec98c7e1c76b4814528494a4df82a75229e9b44883cdf5090276ecf26776ea,DMS,5,5,5,6,True,home_fixed_start,last_service_stop_no_home_return,osrm_road_network,los_angeles_ca,driving,42903c0c96c8d8d815a8fef8db3765f9ddd59a47a8fea38dae68e2259d0d01dd,success,,44.7985,63.498333333333335,False,2.0,430.12310002814047
"Los Angeles, CA",2026-06-08,6720e7533778c9a9406d4e9a45902e1e7348310aea4acccf888d6c72f22400ce,DMS2,1,1,1,1,False,nearest_neighbor_best_start,last_service_stop_no_home_return,osrm_road_network,los_angeles_ca,driving,9070491c725bb542c7548bc4f40c0ae888f572b54bdf361c8f570c5696fc2982,success,,0.0,0.0,False,0.0,0.0
"Los Angeles, CA",2026-06-08,6894adce95ed83a289c85ecb4e4d21efe7206952ea702e3fcf0cf53ed298625a,DMS2,4,4,4,4,False,nearest_neighbor_best_start,last_service_stop_no_home_return,osrm_road_network,los_angeles_ca,driving,ea6d70e7ea8a5e3f2afc81ff9bfaef8a6b12a36cca7ed73505bac91d2e1194df,success,,21.8063,27.525,False,2.0,406.6756999818608
"Los Angeles, CA",2026-06-08,6ddb22c4ac7a6825e7d371ce72b0ac66fe7afbf18526f9b12023a3abb08bc95c,DMS2,4,4,4,4,False,nearest_neighbor_best_start,last_service_stop_no_home_return,osrm_road_network,los_angeles_ca,driving,73cc950a6dd4d27696349f543e6cbf999cbf2c6ae5f09b7698f3c5da73266964,success,,76.6687,71.515,False,2.0,417.1473999740556
"Los Angeles, CA",2026-06-08,7076d4aef2e5a2d8f04840b91b3b48f832902d1ccc5f73cf3b885bee3c9e5e20,DMS,2,2,2,3,True,home_fixed_start,last_service_stop_no_home_return,osrm_road_network,los_angeles_ca,driving,92c51bb562bb9e2be0a3dad4bd149b3e16947cef7a3aae032b57b9f740bfe9d6,success,,51.5076,45.769999999999996,False,2.0,403.5620999929961
"Los Angeles, CA",2026-06-08,729a9c60c36e19d858aea6d11629b0e3042e1abb7edf092aa7d10ef22efd7d76,DMS2,7,7,7,7,False,nearest_neighbor_best_start,last_service_stop_no_home_return,osrm_road_network,los_angeles_ca,driving,57f79f2781d72d44374ea86f375a8d4426801560155f86fc6a22828698f18957,success,,108.4153,106.08999999999999,False,2.0,430.08330004522577
"Los Angeles, CA",2026-06-08,73b8cd37388ee3fee46b0466f05b31df797ea28778ed085084a5636476364795,DMS,5,5,5,6,True,home_fixed_start,last_service_stop_no_home_return,osrm_road_network,los_angeles_ca,driving,4a7bb91d724702b09a05c483bbad85aef4ba5b3337485ff94e306f6ea22c3b6d,success,,113.012,116.03,False,2.0,407.68500001286156
"Los Angeles, CA",2026-06-08,769cff9e377ddd478b0e48c8591b571fd3ca668c6eaef7215424fbd481e0c48a,DMS,2,2,2,3,True,home_fixed_start,last_service_stop_no_home_return,osrm_road_network,los_angeles_ca,driving,9e2fc8c71a8221393de88a7eacc12997a3d6bb8575b0155f85cf8cedb9eb1b9a,success,,15.5803,17.84333333333333,False,2.0,409.7726999898441
"Los Angeles, CA",2026-06-08,77b6dd7bb0292638da2e88ece036b817913d3fb08f5c920ee791e3eeab8bbb2b,DMS,1,1,1,2,True,home_fixed_start,last_service_stop_no_home_return,osrm_road_network,los_angeles_ca,driving,9c36cd9e01d9b3e365cdd4ae01af519ff03abf067d4e1a9e6872c83b107f63b8,success,,21.619400000000002,25.003333333333334,False,2.0,402.29030000045896
"Los Angeles, CA",2026-06-08,7e18b32dc1455d0cd5ee956812622659a421af688d6254afe117d0fd54846a13,DMS2,6,6,6,6,False,nearest_neighbor_best_start,last_service_stop_no_home_return,osrm_road_network,los_angeles_ca,driving,620b1655e284329f829f32f3de993e9dadabdca3fba4d22fb72430defe5961f8,success,,36.3504,48.51,False,2.0,424.0301000245381
"Los Angeles, CA",2026-06-08,859fba9191ed19db9327960eacfc29c751bab1cc24f36147cf9013fd3e56daae,DMS2,2,2,2,2,False,nearest_neighbor_best_start,last_service_stop_no_home_return,osrm_road_network,los_angeles_ca,driving,7b8c66cf4de49887b68f10d8b7815427c572c8285c1b9a274a932c6ed3791a5a,success,,9.1344,9.968333333333334,False,2.0,398.0595000030007
"Los Angeles, CA",2026-06-08,877b17666750f4f271aafbaf7530a3e1fc687a3198c976908070234e22c30099,DMS,3,3,3,4,True,home_fixed_start,last_service_stop_no_home_return,osrm_road_network,los_angeles_ca,driving,d89b3cb0bb89be0121abadf215c49dbd989db46674323f427da8683ef194e9d7,success,,23.3392,32.53,False,2.0,408.57080003479496
"Los Angeles, CA",2026-06-08,8801c10266f4601d307fd0ed8edb7eba9a9aacb9534c8e2cfb1dbc1eb938c23b,DMS,2,2,2,3,True,home_fixed_start,last_service_stop_no_home_return,osrm_road_network,los_angeles_ca,driving,74d9bc8a4844f68aeedde2314b49472329aee932194adaec0d664516b88dd7d4,success,,40.8143,42.05833333333333,False,2.0,408.9370000001509
"Los Angeles, CA",2026-06-08,9b34276a49f9c418d1cdf1b3654dd1256732ab378b24953e412934f3cdd774cc,DMS,4,4,4,5,True,home_fixed_start,last_service_stop_no_home_return,osrm_road_network,los_angeles_ca,driving,7f5f5fde2c03d4c2c23d353c65efaf75700bf79246cf7af30b7936e5e31dbd84,success,,42.4685,53.1,False,2.0,411.8208999861963
"Los Angeles, CA",2026-06-08,aae4d92eae28efe223b4848f5b56e7e18e60f96ad11b3d5ad95bd6dff1bdca09,DMS2,4,4,4,4,False,nearest_neighbor_best_start,last_service_stop_no_home_return,osrm_road_network,los_angeles_ca,driving,740a6d154c11f53efc4a57b5b9cf721829fa0d2a504b9d1d4ee6ae1e3cadf380,success,,37.6736,42.64833333333333,False,2.0,424.93670003023
"Los Angeles, CA",2026-06-08,bb3c570dd2509772bbd9b7250dce6fa4510670801e7cc6e29e5d5b02c492b0c8,DMS,4,4,4,5,True,home_fixed_start,last_service_stop_no_home_return,osrm_road_network,los_angeles_ca,driving,7b953d56ffbebd0212c492be92cf6012082f2af5a1af4ed30878d93f8c7c3458,success,,58.0444,62.434999999999995,False,2.0,404.2229999904521
"Los Angeles, CA",2026-06-08,c3401ffa929b987440c4d5dcfbb26d986a621c55151fbb06cfb087451cc2c731,DMS2,2,2,2,2,False,nearest_neighbor_best_start,last_service_stop_no_home_return,osrm_road_network,los_angeles_ca,driving,f4049a22c0cc95a4c26f85598b320082c3409d2a0acd515db3cb68f796b54fd1,success,,26.1705,24.5,False,2.0,411.4871999772731
"Los Angeles, CA",2026-06-08,c59aa18f00720fa13433aefe5655cf8f2612249b994a18b94778833eb66d4cac,DMS,4,4,4,5,True,home_fixed_start,last_service_stop_no_home_return,osrm_road_network,los_angeles_ca,driving,583ce73ff526a8681d01dc87406c76164ca332bdf7e54cd0d5963db7838fe7bc,success,,57.2535,63.53333333333333,False,2.0,401.13129999372177
"Los Angeles, CA",2026-06-08,cab19f046cfe45669c57635ca1c66a5f60476253f9642fa80b62bc4c2f0042b7,DMS,3,3,3,4,True,home_fixed_start,last_service_stop_no_home_return,osrm_road_network,los_angeles_ca,driving,316ee527f8c67b62c481484a80676bb3c0c69b002d3eef82ed3dcc7f2b672d38,success,,23.5295,31.538333333333334,False,2.0,406.6639000084251
"Los Angeles, CA",2026-06-08,d2f2af92c2dca5f71dfdc5b4eceaa8d65a8b2d51f645a6a6fb0a1a150127b7f9,DMS2,13,13,13,13,False,nearest_neighbor_best_start,last_service_stop_no_home_return,osrm_road_network,los_angeles_ca,driving,19828586400cc65eebca4d995c9c3b0cf698805921f7302d0386a48cbe5b04c1,success,,288.6001,286.79833333333335,False,2.0,673.0649000091944
"Los Angeles, CA",2026-06-08,d7a2a12b3d2ecee47078192748310613f838c3e5b7ee0fd296669aa4ffb471de,DMS,4,4,4,5,True,home_fixed_start,last_service_stop_no_home_return,osrm_road_network,los_angeles_ca,driving,e581a10fef31a6d65334e8a6f32b798380d9011efbdaa4cde7441fceaed87527,success,,53.978300000000004,58.70166666666667,False,2.0,410.54979999898933
"Los Angeles, CA",2026-06-08,ec085d985db3bb4646b3a3d998187459f0c7a5b0d0551aad31d2e940ef35b1c5,DMS2,3,3,3,3,False,nearest_neighbor_best_start,last_service_stop_no_home_return,osrm_road_network,los_angeles_ca,driving,471eca7e52d82874db28d8bc580b2320c6710daec018d129edf9b39d4ca0a077,success,,22.435,26.598333333333336,False,2.0,400.44540000963025
"Los Angeles, CA",2026-06-08,ec576a12f0164fac6d2a2f5a8af6707e973967fedc9ffbff3d8502e88137d1d6,DMS2,5,5,5,5,False,nearest_neighbor_best_start,last_service_stop_no_home_return,osrm_road_network,los_angeles_ca,driving,1ec27c1e3022bebb1b2b69688e49ee91e3e67efd9089235bb66a2c2a46bf5a08,success,,88.88369999999999,84.50333333333333,False,2.0,413.03660001722164
"Los Angeles, CA",2026-06-08,ed2dc3b33bbdb87e89654319675f1d25eb3e4fdb1c9f4e05ab719923e7ed1bbc,DMS2,9,9,9,9,False,nearest_neighbor_best_start,last_service_stop_no_home_return,osrm_road_network,los_angeles_ca,driving,afe7dd52fdce0bba3025afde1f82be0b08adbd05a9c7c1a6c5406ff1f90e4801,success,,110.3062,124.695,False,2.0,449.7222000209149
"Los Angeles, CA",2026-06-08,ef65694aea0d31ced49470fa515e93686f592920ca30a4cdd8a70d3dfe123f12,DMS,4,4,4,5,True,home_fixed_start,last_service_stop_no_home_return,osrm_road_network,los_angeles_ca,driving,86d96f3fd9b90b7f21c751355eaf86f78167a9f249f222d01b7ce5b81c582fa9,success,,31.5135,43.86333333333334,False,2.0,430.56979999528266
"Los Angeles, CA",2026-06-08,f5b059860e70b22add7de95f9222f149523d24d83d6da7508e2db5295cb581f8,DMS,4,4,4,5,True,home_fixed_start,last_service_stop_no_home_return,osrm_road_network,los_angeles_ca,driving,9fe016fbdefb84722909df25d3222b04f6b1d5180b54fd490b26507cda80f94d,success,,118.8545,114.19666666666667,False,2.0,417.8325000102632
"Los Angeles, CA",2026-06-08,f5c08251f9d17e2481ab0b73e80f830dd7ee2cc20b485269127a43e182999523,DMS,4,4,4,5,True,home_fixed_start,last_service_stop_no_home_return,osrm_road_network,los_angeles_ca,driving,6c181d709beb0bcdebd929069e2647ab368a5f51f65eef8839b9e0d87f686ae1,success,,48.3049,57.035,False,2.0,432.28569999337196
"Los Angeles, CA",2026-06-08,f89de0dfbd0c8645d7fecd7dcec58dd957bad3060c79447095b78f9400f72edc,DMS,3,3,3,4,True,home_fixed_start,last_service_stop_no_home_return,osrm_road_network,los_angeles_ca,driving,5dde5c95da4e6278796fa643a6915d34cd0889fcad394e5555df05f1b91ece8a,success,,27.0985,33.87166666666666,False,2.0,417.9261000244878
"Los Angeles, CA",2026-06-09,0df4e34ed2076af27cfdc18e66aa59c7d9733743cb83036fa1a53e80b1e07793,DMS2,3,3,3,3,False,nearest_neighbor_best_start,last_service_stop_no_home_return,osrm_road_network,los_angeles_ca,driving,836875cc8918a773752b7a4c36f00bb04e73feea9928dcd5db8bbe82dd21c5ec,success,,24.6642,29.381666666666668,False,2.0,415.98990000784397
"Los Angeles, CA",2026-06-09,130407a0de38966ad1cab18c335a0a39c11b95d7897fd7540656aafab936aa2a,DMS,4,4,4,5,True,home_fixed_start,last_service_stop_no_home_return,osrm_road_network,los_angeles_ca,driving,87df99f412fc1be5a19a80ce7aea0f090dd01dccd434ff3713796813fa97a7f3,success,,38.1635,44.651666666666664,False,2.0,431.19299999671057
"Los Angeles, CA",2026-06-09,1367e40eb6cf8e8daf536c2ba77f6eb950828f41bdf8320422d754cbfb542693,DMS,2,2,2,3,True,home_fixed_start,last_service_stop_no_home_return,osrm_road_network,los_angeles_ca,driving,a524024f14100ba071d092614c7a5e59faf52e0453d2b0313032aa3b8afca9c3,success,,16.924799999999998,24.46333333333333,False,2.0,407.88569999858737
"Los Angeles, CA",2026-06-09,1a0ec937f0cc41daf144a85fa6ad724ff6d25204ea0295cb29e86ec491ac12f7,DMS,2,2,2,2,False,nearest_neighbor_best_start,last_service_stop_no_home_return,osrm_road_network,los_angeles_ca,driving,835b232d9ac762afcdc65e39105c4d124249caf65f5d7e22fb2dd3ad9fdca720,success,,3.3328,5.694999999999999,False,2.0,393.44069999060594
"Los Angeles, CA",2026-06-09,1a3c14637a7af16be65fc85d18afe9b8c1f4ed088254cd59fefa57e368a06ed6,DMS2,2,2,2,2,False,nearest_neighbor_best_start,last_service_stop_no_home_return,osrm_road_network,los_angeles_ca,driving,a9ee40d9a833041e6443256f1678760e85bf1f4ba2861d97f6484620a4896ef2,success,,26.6728,26.583333333333332,False,2.0,417.60069999145344
"Los Angeles, CA",2026-06-09,1ce6beb43ed849da9887c6cfa530d4182663ea9a5f413e3927d38d16740dc8e4,DMS,4,4,4,5,True,home_fixed_start,last_service_stop_no_home_return,osrm_road_network,los_angeles_ca,driving,82c28dc66530b322383b43726320c722f0f9240b65b1a63bb01d625dc288dfc9,success,,28.8163,39.56166666666666,False,2.0,431.12599998130463
"Los Angeles, CA",2026-06-09,1e9ef4c6feb2fab06c3e66206a38e86d3beffc46b1aff606e363195c2fe9d90d,DMS,4,4,4,5,True,home_fixed_start,last_service_stop_no_home_return,osrm_road_network,los_angeles_ca,driving,e232bd507fd9307e7d98cb0f0bad4d180ba8804b10134a560a50cb9f3254d8f4,success,,38.985699999999994,48.91833333333333,False,2.0,409.2750999843702
"Los Angeles, CA",2026-06-09,23e5785407c3364cd268684361744538b095380db713fa435e3f07e4cea7e8f0,DMS,2,2,2,3,True,home_fixed_start,last_service_stop_no_home_return,osrm_road_network,los_angeles_ca,driving,e7ab74245a09b1c122d9cdb6d6aa0e29f17af2d4bd39dfd0a54a638b12be337d,success,,21.4213,24.511666666666667,False,2.0,414.96209998149425
"Los Angeles, CA",2026-06-09,2f7c84916bf8fd414159d3a235fedd4cafa37566a2a555c3defe8afe9deac3d2,DMS2,3,3,3,3,False,nearest_neighbor_best_start,last_service_stop_no_home_return,osrm_road_network,los_angeles_ca,driving,1d36ab2a41a443286b113bb0f7bdbabea9fe78d703d1f6dda4d4858c91b9974b,success,,13.807,19.154999999999998,False,2.0,414.90150001482107
"Los Angeles, CA",2026-06-09,352bf51772f807d541ebf74d4f95780af0ba13f97ce3102fdcc5764850e811a8,DMS2,19,19,19,19,False,nearest_neighbor_best_start,last_service_stop_no_home_return,osrm_road_network,los_angeles_ca,driving,644be7d51850c5bda0fa2a0ef14335ba7819b588b83cdd26a6b453c9283ce6d9,success,,740.1303,640.2816666666666,False,2.0,527.5906999886502
"Los Angeles, CA",2026-06-09,38e205528fbfabd6d761c3393beb2681c059c92dbd8a07987300972be819b403,DMS2,1,1,1,1,False,nearest_neighbor_best_start,last_service_stop_no_home_return,osrm_road_network,los_angeles_ca,driving,99ae6ee81e7d383668855805a341f3e374383f7eb49274057f0193ff97933005,success,,0.0,0.0,False,0.0,0.0
"Los Angeles, CA",2026-06-09,3a9ddd704bd5815da3a43069ee854462701611cf3fd6be5caeae015987067ac2,DMS,4,4,4,5,True,home_fixed_start,last_service_stop_no_home_return,osrm_road_network,los_angeles_ca,driving,29385a46ea660249315d4dc8b215e813f98726ee55d50162586bd65d788221e6,success,,65.91069999999999,65.77333333333334,False,2.0,412.44029998779297
"Los Angeles, CA",2026-06-09,3df535012e1dbfb63819a2012350f43d86ee7d28139ac1c881952a83a3a8ef11,DMS,5,5,5,6,True,home_fixed_start,last_service_stop_no_home_return,osrm_road_network,los_angeles_ca,driving,7da39f8f5e97d421367507c0cc2cd799db456dfb68747069d47d801ed21cefe6,success,,120.70089999999999,122.83166666666666,False,2.0,420.1333000091836
"Los Angeles, CA",2026-06-09,620adc404e5f9da33cd4edfe416a28e6867cbe9700be5e007b6732129f5e18f7,DMS,6,6,6,7,True,home_fixed_start,last_service_stop_no_home_return,osrm_road_network,los_angeles_ca,driving,94d69506797b71fa70d53eaf0a092f1f2a525b922d94264693113b4098247cb5,success,,54.039,64.37333333333333,False,2.0,415.867600007914
"Los Angeles, CA",2026-06-09,6549d648c1cb5a78111599e960f154ac7c93b407e860a649b043357cbb6ee5dd,DMS2,1,1,1,1,False,nearest_neighbor_best_start,last_service_stop_no_home_return,osrm_road_network,los_angeles_ca,driving,6667dbed717825c6d28d3da532d32312f7618ab3ee9e356e6c9c3e34ea26f94b,success,,0.0,0.0,False,0.0,0.0
"Los Angeles, CA",2026-06-09,77515feadbe834d5ae75e674df07f49174679d47b37ffbf0ce88f930cbaa1309,DMS2,6,6,6,6,False,nearest_neighbor_best_start,last_service_stop_no_home_return,osrm_road_network,los_angeles_ca,driving,7899f39d9d24e673d8b542146c7945fe01a863b5bed2ecb09aab712d06b73bbd,success,,80.648,87.69833333333332,False,2.0,414.1778999764938
"Los Angeles, CA",2026-06-09,7ba8187bb97027db0e28c6d87ef77473e450a2365b9d4510e115c47769c68c94,DMS2,1,1,1,1,False,nearest_neighbor_best_start,last_service_stop_no_home_return,osrm_road_network,los_angeles_ca,driving,3db068904e9f906fd11793e646f4926193b79a02c743e5ebaa569c1a30e6f7d2,success,,0.0,0.0,False,0.0,0.0
"Los Angeles, CA",2026-06-09,7fe2c78141d5c07877c6f496bfb263eb9200fc3fc8443727726ab90f298abc15,DMS,4,4,4,5,True,home_fixed_start,last_service_stop_no_home_return,osrm_road_network,los_angeles_ca,driving,917585c96f60f26c1cc2740a29389c552f353a1868c9ef8cef92c857f83c887a,success,,46.7375,53.211666666666666,False,2.0,414.25879998132586
"Los Angeles, CA",2026-06-09,84191563ee05ab3755e1c66c52e04370f71be421b9bfdc1d130d3314a34296fa,DMS2,1,1,1,1,False,nearest_neighbor_best_start,last_service_stop_no_home_return,osrm_road_network,los_angeles_ca,driving,7543dd22b2acc2b83461a76208f7f702dbffc8b079adf3f91bf51d0fe18c9e7a,success,,0.0,0.0,False,0.0,0.0
"Los Angeles, CA",2026-06-09,848fdfc423ea0daa63a637d36404452a0e81b5c3317b7b7fae1143507d6d2a9c,DMS2,4,4,4,4,False,nearest_neighbor_best_start,last_service_stop_no_home_return,osrm_road_network,los_angeles_ca,driving,e42a93d3e43b019540f767ff004e911cd1a56a66b283a2a350b51ef099d69ea4,success,,73.68260000000001,69.81333333333333,False,2.0,409.5296000014059
"Los Angeles, CA",2026-06-09,8bdb166ec39982a11b467db19ebde9b34eca5bac7b01ee06db06575d56a056ec,DMS,4,4,4,5,True,home_fixed_start,last_service_stop_no_home_return,osrm_road_network,los_angeles_ca,driving,8680eac5826721f233557b8f00d00f3fbbfb34e8f8239894637d82de0cbe3a86,success,,120.3236,113.02666666666667,False,2.0,405.4900999763049
"Los Angeles, CA",2026-06-09,8f823443a0e1db74485d545d48d9b2d3c87dcae0c477010de3f7444ed61bbea4,ASC,1,1,1,1,False,nearest_neighbor_best_start,last_service_stop_no_home_return,osrm_road_network,los_angeles_ca,driving,9bc2b89aa40372bcfd9c406b6065ab23bc9aa8fc123774e2b3d05b3e7154374f,success,,0.0,0.0,False,0.0,0.0
"Los Angeles, CA",2026-06-09,9045641adaabae307ed75331f9b85a77a1c75164b370a0fb4092bacda0e90c28,DMS,3,3,3,4,True,home_fixed_start,last_service_stop_no_home_return,osrm_road_network,los_angeles_ca,driving,d35f7ce3ebadcb8f672cb38722c3ea0df737d0497b029dbffea11efd20d693c0,success,,37.4283,37.215,False,2.0,402.0417999709025
"Los Angeles, CA",2026-06-09,907a5bfaf6b197127c6b9c98b8ddbde65a2be4fc77eb1dfc1dde5afa33b1870c,DMS2,1,1,1,1,False,nearest_neighbor_best_start,last_service_stop_no_home_return,osrm_road_network,los_angeles_ca,driving,835216f8a980d0ae1fabbaca86d6014f1682332f5473f65b28b5c96389128e6e,success,,0.0,0.0,False,0.0,0.0
"Los Angeles, CA",2026-06-09,92bef88e87e79728c27fc6b36d89071b50e82a3eb6ef2cc70ed0a2ce324825b3,DMS,4,4,4,5,True,home_fixed_start,last_service_stop_no_home_return,osrm_road_network,los_angeles_ca,driving,4449c822b32e8ebb0444d74e4cd40d056d18de80279fb54bb4e274272bf785f4,success,,39.3255,44.31666666666667,False,2.0,415.2907000097912
"Los Angeles, CA",2026-06-09,9c94a24bd9fd6bb4d4dd9c3a5e8d6bc2c5d34307b4dbbd2c4f8ee62d14296910,DMS,3,3,3,4,True,home_fixed_start,last_service_stop_no_home_return,osrm_road_network,los_angeles_ca,driving,81e37c1929209d76cf594437b092d5b211524c5d06e5d7ed6835206b48f954a4,success,,37.6744,47.230000000000004,False,2.0,410.32940000877716
"Los Angeles, CA",2026-06-09,9e52819aaa321444a0e8d51ec1f28bce09b1baac5f69bfe742d6eb439018fd82,DMS2,1,1,1,1,False,nearest_neighbor_best_start,last_service_stop_no_home_return,osrm_road_network,los_angeles_ca,driving,e34d5a9009310820dd9c76da3413f9d792c1939e1a07095b0b9dd3971f76090c,success,,0.0,0.0,False,0.0,0.0
"Los Angeles, CA",2026-06-09,9f276068975167203710938978da140facbd0bb3f954e86756bd7463206a058a,DMS2,1,1,1,1,False,nearest_neighbor_best_start,last_service_stop_no_home_return,osrm_road_network,los_angeles_ca,driving,5c97cb80d07022153af091742ee60e93b73e5771f67d8e956ecdce1244505c0d,success,,0.0,0.0,False,0.0,0.0
"Los Angeles, CA",2026-06-09,9fb4e22a1b04549d1fca8f7580af10a2cf3a0bb981d0dac89785ecbbffba433b,DMS,5,5,5,6,True,home_fixed_start,last_service_stop_no_home_return,osrm_road_network,los_angeles_ca,driving,cf183f36334d010c217b815e2c4fb8c549ef59b63de2f75b2fe30e4d99d8688d,success,,32.0394,43.401666666666664,False,2.0,402.3872999823652
"Los Angeles, CA",2026-06-09,a463b2a09b7109f91a760b57dedc8d3ac77b51a3fc350ec651e4a7c406963762,DMS,6,6,6,7,True,home_fixed_start,last_service_stop_no_home_return,osrm_road_network,los_angeles_ca,driving,cdb2799deb8f80d363938fa7e0c52cc804605aacb4319823af607719e6e53848,success,,43.817099999999996,49.17333333333333,False,2.0,432.7502000378445
"Los Angeles, CA",2026-06-09,a823fd923c825af8409e8aac4cfbbd63fdd948f05ca1f56e78815b1f9b8f6be2,DMS2,2,2,2,2,False,nearest_neighbor_best_start,last_service_stop_no_home_return,osrm_road_network,los_angeles_ca,driving,8e95502f415fa5e28b8cc6c41c21b75bab29d48533d2b817a60f181928a95dc6,success,,3.2491999999999996,4.6433333333333335,False,2.0,420.72530000586994
"Los Angeles, CA",2026-06-09,b453d3097cca7c6053fc2b1c4120466115ad6afb80f8c6c590518afb2432d992,DMS,3,3,3,4,True,home_fixed_start,last_service_stop_no_home_return,osrm_road_network,los_angeles_ca,driving,3f9944d473bf92fe92c9694d63fd300c002482ae34d6b01072b6ba25c965a910,success,,21.3845,24.528333333333332,False,2.0,406.0536000179127
"Los Angeles, CA",2026-06-09,b6a3f9aec7055118f9ed61eec9426d50fbe7d75c77cabc56dfd71db260ddf52e,DMS,5,5,5,6,True,home_fixed_start,last_service_stop_no_home_return,osrm_road_network,los_angeles_ca,driving,166d926e94154bd82613ccbc96486842e22c024d4e8c7e3f752321645bae8172,success,,77.1097,86.03500000000001,False,2.0,428.21620000177063
"Los Angeles, CA",2026-06-09,b9ec73c9ef5230f231ee53190b32e50992eb42ad2a72896dc90bd274b92f31f5,DMS,4,4,4,5,True,home_fixed_start,last_service_stop_no_home_return,osrm_road_network,los_angeles_ca,driving,eecdf019115a1e70695464b383498d74d84de946b53676c78f621a013534a649,success,,40.5051,45.330000000000005,False,2.0,438.28589998884127
"Los Angeles, CA",2026-06-09,ba10271c9b8b2897d2723cf9015d88b5eaead0eec6b35257a32647731804a61f,DMS2,5,5,5,5,False,nearest_neighbor_best_start,last_service_stop_no_home_return,osrm_road_network,los_angeles_ca,driving,2d65855ee42d9766028dca85ba9b245d2aa1ca2b3e832459eca24cd6baf7e50a,success,,114.7632,99.08833333333334,False,2.0,439.31750001502223
"Los Angeles, CA",2026-06-09,ba9f04cfcc572f4488488e7933b2d97810f3b5a687611a57c34415c1ac22e702,DMS,5,5,5,6,True,home_fixed_start,last_service_stop_no_home_return,osrm_road_network,los_angeles_ca,driving,9e056dbeb4ef7f22eabda1ed19335ae4f10d5be994c7570da0d37076fcf6a3e4,success,,37.352199999999996,45.975,False,2.0,411.14330003620125
"Los Angeles, CA",2026-06-09,c7a05865988bfa4bd5f5fa5ec1d4d530a5c1ab6e6b851523ffa1f3e57ce3112a,DMS,4,4,4,5,True,home_fixed_start,last_service_stop_no_home_return,osrm_road_network,los_angeles_ca,driving,3061c228dbb839246352f55e429d0aff68b8475a65a853bf546678767abc7f45,success,,42.2563,50.505,False,2.0,429.42960001528263
"Los Angeles, CA",2026-06-09,c7f9ac8513b94598652f9388e7bcc469a3e905ad5cbf2dc197b41465eb0637be,DMS,4,4,4,5,True,home_fixed_start,last_service_stop_no_home_return,osrm_road_network,los_angeles_ca,driving,659575755b57a8d557332157ac783d050947a370a013ccd804d58e72d151bfa5,success,,38.3247,47.985,False,2.0,434.51229998026974
"Los Angeles, CA",2026-06-09,cc876969f092b6dff1465f240c7589a42474ce328a61f58b4b17f882a34bd809,DMS,2,2,2,2,False,nearest_neighbor_best_start,last_service_stop_no_home_return,osrm_road_network,los_angeles_ca,driving,31ea57a88f663c8cd3c0e6c9034005778eb261f4837dff4863ca81952faddc80,success,,4.5171,6.636666666666667,False,2.0,398.98930001072586
"Los Angeles, CA",2026-06-09,cfbb27d148569698973e8cc5c36f25237fbd95556b9ec51525a4e4ea04bf0632,DMS,2,2,2,3,True,home_fixed_start,last_service_stop_no_home_return,osrm_road_network,los_angeles_ca,driving,9cc194a2513b64256cab866bad12a2d2d4bf8e6f36094733da01fd32974f4979,success,,374.7825,289.62666666666667,False,2.0,402.751099987654
"Los Angeles, CA",2026-06-09,d7400f56215d892b62c2c94c88ac118330b169e30d3b55479730916784c54c7c,DMS,4,4,4,4,False,nearest_neighbor_best_start,last_service_stop_no_home_return,osrm_road_network,los_angeles_ca,driving,67242def4b44c414485c2ccbd392aa9d50330ade65bb666e96a28f9e5cc7fe53,success,,30.5708,34.968333333333334,False,2.0,402.6618000061717
"Los Angeles, CA",2026-06-09,dc69c4e0b70764f3cbb1a25d8b9e038dc54366e6b177e1409892348608fbedfd,DMS,2,2,2,3,True,home_fixed_start,last_service_stop_no_home_return,osrm_road_network,los_angeles_ca,driving,e993f39ec76234b91bc3f8cdea633f28e569e1203efbe5ed2a34bbd2fb0a85c3,success,,111.1093,87.53999999999999,False,2.0,414.8908000206575
"Los Angeles, CA",2026-06-09,e706e4c2cefa7a0cdc7338fc343d4f2719a1469d76067a6efad9443e18c2f189,DMS,2,2,1,1,False,nearest_neighbor_best_start,last_service_stop_no_home_return,osrm_road_network,los_angeles_ca,driving,4324efa0ada09927018c6ca3d1b8108b70a94d04a106db0dfdd2d557cb4e7678,success,,0.0,0.0,False,0.0,0.0
"Los Angeles, CA",2026-06-09,ee7df81ce9df6ba2f897a92fee065467ccc4bf69382d316d2aee7e0388bc094a,DMS,6,6,6,7,True,home_fixed_start,last_service_stop_no_home_return,osrm_road_network,los_angeles_ca,driving,8847ce9547320ce307ac33df4d934b38012914456f051070cd60fb685d362215,success,,53.8849,61.93333333333333,False,2.0,423.26790001243353
"Los Angeles, CA",2026-06-09,fa15730edd5f9f1f62053716b86861796d322c833727f2d88df5dd093059a33b,ASC,2,2,2,2,False,nearest_neighbor_best_start,last_service_stop_no_home_return,osrm_road_network,los_angeles_ca,driving,661ddb28a069d80bb05cb589f02c916287edb189fb9cdf4152754ffbf5a18988,success,,96.1032,74.16833333333334,False,2.0,406.1002000235021
"Los Angeles, CA",2026-06-09,fb4751db3b9c257471f2642381a39c44e19b3ed418c6e5edb36e7ae00aea927d,DMS2,2,2,2,2,False,nearest_neighbor_best_start,last_service_stop_no_home_return,osrm_road_network,los_angeles_ca,driving,2340b810a94c6ff080d36e0cd2a188662159fae6ca70ada9fc0559f64d212512,success,,34.7377,31.33833333333333,False,2.0,400.24530002847314
"Los Angeles, CA",2026-06-09,fe58bbab143a5fc783fb589baeb604dbfb972750fb24ad31e880bb6c5ed51402,DMS2,1,1,1,1,False,nearest_neighbor_best_start,last_service_stop_no_home_return,osrm_road_network,los_angeles_ca,driving,a1048e12cc389e2ea4e98597df1fb711f8e9c8ec2a079da1a57b11f560e81115,success,,0.0,0.0,False,0.0,0.0
"Los Angeles, CA",2026-06-10,0635c9c7e8e150aa254928f4b3b73526427c32f31d257b84694ed762fafe5d3a,DMS2,3,3,3,3,False,nearest_neighbor_best_start,last_service_stop_no_home_return,osrm_road_network,los_angeles_ca,driving,411cf35a726ff9b515bafe2c92b076b36e331b916bf96929e54d3b3c198f948e,success,,19.6252,19.69333333333333,False,2.0,419.9650000082329
"Los Angeles, CA",2026-06-10,0e1709e8b4134b27c5d424f251f7437f42fd4efa80cf087c79d948208a6d676e,DMS,4,4,4,5,True,home_fixed_start,last_service_stop_no_home_return,osrm_road_network,los_angeles_ca,driving,95f864ab1e9bc958dffb4c00696d9a36d634d7d61c0c559e30970b91d258d682,success,,33.4079,39.565000000000005,False,2.0,416.20800000964664
"Los Angeles, CA",2026-06-10,16a57a2c732b914fa4070b8758033874f0fd00a655b704fc163cc2fe02bbb65c,DMS2,1,1,1,1,False,nearest_neighbor_best_start,last_service_stop_no_home_return,osrm_road_network,los_angeles_ca,driving,8d094afd8de24761995e54bbdab23f23d353b0048a7c04e4b1dd2d1a07e3b33c,success,,0.0,0.0,False,0.0,0.0
"Los Angeles, CA",2026-06-10,18c6d972ac28772ce636d7073e5ad140b95a46f6af530562c824d29a074b2ff8,DMS2,3,3,3,3,False,nearest_neighbor_best_start,last_service_stop_no_home_return,osrm_road_network,los_angeles_ca,driving,95dd77381f06476794f3d9f352613c8a7eb4c29d1651c79e19cc5a43aeaf6267,success,,29.0383,32.90833333333333,False,2.0,395.3104999673087
"Los Angeles, CA",2026-06-10,18deafa302226bacd17e8a05c46104a4eb88bd1cd2912706d394e82ec67a091b,DMS,4,4,4,5,True,home_fixed_start,last_service_stop_no_home_return,osrm_road_network,los_angeles_ca,driving,c2eeb842cd2622750fc32b2e3f4ce0e847776cd2a63a796dd59f1feb69e0f3a5,success,,41.3775,42.748333333333335,False,2.0,415.89099998236634
"Los Angeles, CA",2026-06-10,330af1d83bd666ee11da3981e63d8bcb978d9b44c9dee0f646af3ad04f783af8,DMS,4,4,4,5,True,home_fixed_start,last_service_stop_no_home_return,osrm_road_network,los_angeles_ca,driving,fc7e3a413a3a312d41bc3db909a3f480df6595128e980d1ee0c863c043cb5a8d,success,,56.843900000000005,62.75333333333333,False,2.0,413.66230000858195
"Los Angeles, CA",2026-06-10,3492c06e156e2a43df6fc1edebd90ae0fcb998fa9d5eacc618ba890eaf83c420,DMS2,3,3,3,3,False,nearest_neighbor_best_start,last_service_stop_no_home_return,osrm_road_network,los_angeles_ca,driving,c0688b0392fe981fe810eb43c12df22fbd99c20865cc28c88327945c1bcfe4d7,success,,27.0557,29.651666666666664,False,2.0,404.5942999946419
"Los Angeles, CA",2026-06-10,3aba9742ecb7146a2473bdef41b04df42b1892f9ded57463ae1122662a166fc5,DMS,1,1,1,2,True,home_fixed_start,last_service_stop_no_home_return,osrm_road_network,los_angeles_ca,driving,f389e62dbe308130af2c19421a952c7c3ce5d5de8bd6f9ece08acaa236097546,success,,63.25,51.11666666666667,False,2.0,395.41759999701753
"Los Angeles, CA",2026-06-10,3ca0a4d03ed9f37878da97dfff5b9e455529a521bd6ec0a4bb30f36137abed83,DMS,5,5,5,6,True,home_fixed_start,last_service_stop_no_home_return,osrm_road_network,los_angeles_ca,driving,f8a433b6851c8466dc8d450d1d8d36c8fd584edbe41117b9c93576a0fbe5358c,success,,49.0463,61.64666666666667,False,2.0,416.03789999498986
"Los Angeles, CA",2026-06-10,415e1645000fe268b500fe8c6009f7baea89be6449b15459dbffd52baece2df8,DMS,3,3,3,4,True,home_fixed_start,last_service_stop_no_home_return,osrm_road_network,los_angeles_ca,driving,0f20cf411492364126e2a5df53f70b8ecaf059b93e24408faecbac017aa2c1b0,success,,29.145799999999998,32.513333333333335,False,2.0,420.41529997368343
"Los Angeles, CA",2026-06-10,435697ea537526297b8d4362820b7f92a2cf7e3b12071ca55db00c9d28458027,DMS2,2,2,2,2,False,nearest_neighbor_best_start,last_service_stop_no_home_return,osrm_road_network,los_angeles_ca,driving,026c764ec18e0283470f9ab231a5b439d774de5473f8914aeb1e2293ea5b520a,success,,44.479699999999994,36.49166666666667,False,2.0,394.6476000128314
"Los Angeles, CA",2026-06-10,43fcda7e5b24a61c7f4fa19fc27134e3fd793851574fff9b848751ce223bd16c,DMS,5,5,5,6,True,home_fixed_start,last_service_stop_no_home_return,osrm_road_network,los_angeles_ca,driving,c6063def8a84931fd539c159bb9eb457343a91e7a3d23a1530a716f3851bf0a6,success,,53.4207,62.49,False,2.0,408.77970002475195
"Los Angeles, CA",2026-06-10,47dfc336f78d93d62d2c717fc639428f42f8ad8e4c938d184fd4aaa4810a00c3,DMS,4,4,4,4,False,nearest_neighbor_best_start,last_service_stop_no_home_return,osrm_road_network,los_angeles_ca,driving,e676f92911b65c3068df523f542e60f7de8124c631b6b0d51a58be55b3eedab3,success,,31.8034,36.751666666666665,False,2.0,404.98580000712536
"Los Angeles, CA",2026-06-10,48bb1f26e736e5d56d49d8dcdc3430b71ac936615fa90cf010eb8f8fb1f8dc7f,DMS,2,2,2,2,False,nearest_neighbor_best_start,last_service_stop_no_home_return,osrm_road_network,los_angeles_ca,driving,e5391b20096489e5284cd7b2308e47c9bdd3dbe6e317c83856db8e97a2fe7467,success,,29.217200000000002,27.404999999999998,False,2.0,396.4617000310682
"Los Angeles, CA",2026-06-10,4ab49b83ed5e2165280c6d86f1db830fc7e6b704698fd00a7c2e5c76b1bb679f,DMS,2,2,2,3,True,home_fixed_start,last_service_stop_no_home_return,osrm_road_network,los_angeles_ca,driving,b89951fe6b7bc276554117e43d1e4f55b4482167d68f03b01b73d18bb987f788,success,,27.6278,29.388333333333332,False,2.0,405.70309999748133
"Los Angeles, CA",2026-06-10,4fe4407b0f4157209e2bafba5fa310cd7dcc4199571a6aebfb5f0c0430daa2f9,DMS,4,4,4,5,True,home_fixed_start,last_service_stop_no_home_return,osrm_road_network,los_angeles_ca,driving,9325441b01c15b08b2766f617441ab49d65b0223c4afb4391b9c575c0c4601f5,success,,26.7367,35.763333333333335,False,2.0,414.1413999896031
"Los Angeles, CA",2026-06-10,50fd52d92d6495a03046dce7065ef9aa9334bb7528c4e17d263abe3d8841272d,DMS2,1,1,1,1,False,nearest_neighbor_best_start,last_service_stop_no_home_return,osrm_road_network,los_angeles_ca,driving,2d85c200bac19a83f6653c75b452b1a73710d90b5b8d23b056e47d8aaa41ab2b,success,,0.0,0.0,False,0.0,0.0
"Los Angeles, CA",2026-06-10,5ba2e01c7813e6a982cbcc9fee7d72e196e22fdda8beb2012414abecfeb7ea6f,DMS,2,2,2,3,True,home_fixed_start,last_service_stop_no_home_return,osrm_road_network,los_angeles_ca,driving,4604e447d9ec57e044c64c8c69ab93902e9eb93bdcd5083d9ab8977be89a1930,success,,32.3773,37.09166666666667,False,2.0,400.8453999995254
"Los Angeles, CA",2026-06-10,5c46b6d7ca51707f298e747c1e49a7a2f9224014d286136afff9efb248947054,DMS2,2,2,2,2,False,nearest_neighbor_best_start,last_service_stop_no_home_return,osrm_road_network,los_angeles_ca,driving,03788091a7bc24f1638c4d8bb62b2707806619f3f51f858205235136187d1bd9,success,,72.74210000000001,58.325,False,2.0,408.4246999991592
"Los Angeles, CA",2026-06-10,5d2b73996c738b033ad196c4cb38715545c49b2662ce21546d4bd854913289c4,DMS,2,2,2,3,True,home_fixed_start,last_service_stop_no_home_return,osrm_road_network,los_angeles_ca,driving,f09e398c0d7bb22ee94bab88030e7d3f5d52d34d68b19e12c70615dfbbf37930,success,,32.2095,35.056666666666665,False,2.0,406.5844999568071
"Los Angeles, CA",2026-06-10,5d66ef773d177b1cbbbd80e44da2eb7180b53dd86ec1582746639e0b676794fc,DMS2,1,1,1,1,False,nearest_neighbor_best_start,last_service_stop_no_home_return,osrm_road_network,los_angeles_ca,driving,97264e21fcb903fe2a974f372833bfb2a8f3c446eb17b04499d60f306329e1c6,success,,0.0,0.0,False,0.0,0.0
"Los Angeles, CA",2026-06-10,6057b3a09084dcedfbecd7d97641433d4eb74890e23e4369b72b9024a726d38b,DMS,2,2,2,3,True,home_fixed_start,last_service_stop_no_home_return,osrm_road_network,los_angeles_ca,driving,dd1e6720147122813d21eca646d48240eada9756fc4304ac715d9f628a468947,success,,31.9645,28.423333333333336,False,2.0,410.31720000319183
"Los Angeles, CA",2026-06-10,7a6865ff13ef4be9de3fb313c8372fbcb271cf3bce963d6328b4743e0b6a4a19,DMS2,1,1,1,1,False,nearest_neighbor_best_start,last_service_stop_no_home_return,osrm_road_network,los_angeles_ca,driving,eee1f69ecfd069cb02b5e3748ffe01ee0fea3c6e4fe8a5402892efab7bed8764,success,,0.0,0.0,False,0.0,0.0
"Los Angeles, CA",2026-06-10,849156a0219c30c7d40849db2faa93b11ec0999cae0924451f509e90af7e79ce,DMS,5,5,5,6,True,home_fixed_start,last_service_stop_no_home_return,osrm_road_network,los_angeles_ca,driving,f108c7eecf5bb355ad5078f4b49277c8494a351440c7f9012c169bd24d885875,success,,54.5955,63.34166666666667,False,2.0,414.66350000700913
"Los Angeles, CA",2026-06-10,85fe1edc633e0699384662df1b41269f4f01c6b26b0a1424e5738a9bd0534d74,DMS,5,5,5,5,False,nearest_neighbor_best_start,last_service_stop_no_home_return,osrm_road_network,los_angeles_ca,driving,a8d9cba332f404310383dfab593374cd18840811e84c009e35c85ab548a1cf62,success,,13.588799999999999,21.740000000000002,False,2.0,419.4409000047017
"Los Angeles, CA",2026-06-10,8d47668f55ba0ccc535342bb87904cc3346606aa9c416f49135e5b0e7aba22c2,DMS2,3,3,3,3,False,nearest_neighbor_best_start,last_service_stop_no_home_return,osrm_road_network,los_angeles_ca,driving,5da8ba7810c1a6d6e5d50e5d9211c38acaf84f8dd7f1fbb663c6d5df6ddbe34e,success,,15.835,18.173333333333336,False,2.0,416.8111000035424
"Los Angeles, CA",2026-06-10,8f7744fe7ef3ad3d5f64844d563227b3dbcc880b2e7ca39570c3c1c61c0af1fc,DMS,4,4,3,4,True,home_fixed_start,last_service_stop_no_home_return,osrm_road_network,los_angeles_ca,driving,0c0e8e8dc1778a260fdf8a6a62c8f723df69823b5c89c1d95f6324e5fdedd011,success,,47.4134,57.61333333333334,False,2.0,404.7399999690242
"Los Angeles, CA",2026-06-10,9bce04a13bb77db087e6110232847accdb23e9273cc99087adda9b303016220d,DMS2,3,3,3,3,False,nearest_neighbor_best_start,last_service_stop_no_home_return,osrm_road_network,los_angeles_ca,driving,4a84dedaf75886f296556ad383526c56531e30e7f65250b7ec466e3a683a7328,success,,18.6742,23.775,False,2.0,407.08649999578483
"Los Angeles, CA",2026-06-10,9c4bd09a094cebe799f550be19077748e740e72d500b9d66bd6d81e3bd0e78dd,DMS,3,3,3,4,True,home_fixed_start,last_service_stop_no_home_return,osrm_road_network,los_angeles_ca,driving,f559eb8480bad6ee653ecc1f92771deadb4e3a3af93b9c736ff1285e2f1f1bf1,success,,48.3335,48.505,False,2.0,395.90699996915646
"Los Angeles, CA",2026-06-10,a31d63472de2534055b13ba52843f13c9490caea41fab8fefc0723771ff59ea5,DMS,4,4,4,5,True,home_fixed_start,last_service_stop_no_home_return,osrm_road_network,los_angeles_ca,driving,1f2c2365f1bcacf815335465978906ebb23a1764b9da43653651774e68ebd469,success,,52.1599,57.95333333333333,False,2.0,411.1435000086203
"Los Angeles, CA",2026-06-10,a38e1387253cff64fe6a2ce6e392d56f97728830e7c36ed9cc3ae3243c058c75,DMS,4,4,4,5,True,home_fixed_start,last_service_stop_no_home_return,osrm_road_network,los_angeles_ca,driving,17cb5d0eb3f6a3c20ca00a9d7a3c6d300eca3f44da04f998a53d94a962601e40,success,,45.6238,54.525,False,2.0,417.9289999883622
"Los Angeles, CA",2026-06-10,a7561ea668906fd74ae7343dd7717a842259ca67fc457aba657220b87e8136e4,DMS,6,6,6,7,True,home_fixed_start,last_service_stop_no_home_return,osrm_road_network,los_angeles_ca,driving,4def9c2f13c9102588e93a8a68035a36120f999ba45daf495af4c07b112ec4ef,success,,20.6303,31.136666666666667,False,2.0,448.8124999916181
"Los Angeles, CA",2026-06-10,bd7ee9ed30ba6312d4e8fa689934dfe0c921addfb5979bafa1b4f90c828fdbe7,DMS,2,2,2,3,True,home_fixed_start,last_service_stop_no_home_return,osrm_road_network,los_angeles_ca,driving,06ce0561d7de1b3041ea5b4ff0ddf46b46f02cf0948770927080359519a758a8,success,,10.467,14.725,False,2.0,401.7760000133421
"Los Angeles, CA",2026-06-10,c65e821319e35da7301bf26c36ae35155362d3041a839741eca874adc5751541,DMS,3,3,3,4,True,home_fixed_start,last_service_stop_no_home_return,osrm_road_network,los_angeles_ca,driving,9dbe759006e7ea64f3090623b8875967297efbe98d3e8b5b7751b91256216eaa,success,,32.4813,40.45,False,2.0,411.1138000153005
"Los Angeles, CA",2026-06-10,cc2b6c2d0e3bb1b743befc4f92834d50bc9163cdcccd9bc4d51962030fcab5d8,DMS,4,4,4,5,True,home_fixed_start,last_service_stop_no_home_return,osrm_road_network,los_angeles_ca,driving,92a238838453fd71ff2959e45c916128e55a6aaf01cba65a4fa3570ed412b38b,success,,52.9972,60.30333333333333,False,2.0,425.85200001485646
"Los Angeles, CA",2026-06-10,da4f3db585bf7d82eb6414eb889cb91b573554b05c0ed06c2cf5a16d4acb27db,DMS,2,2,2,3,True,home_fixed_start,last_service_stop_no_home_return,osrm_road_network,los_angeles_ca,driving,24388cf3ff7c93f553ce3d5bd034a2fed3dbb7365efa36d33cc1b88d6e183a3e,success,,83.8345,84.775,False,2.0,410.7656999840401
"Los Angeles, CA",2026-06-10,dcfecbe2c4350954bdbffc512b61e3021cd1e23131d1205a29e3aae438f8a4d8,DMS2,5,5,5,5,False,nearest_neighbor_best_start,last_service_stop_no_home_return,osrm_road_network,los_angeles_ca,driving,2c05908affdcc4418cd1132beb73187e87f7b9a3234002ed2631cda172c09259,success,,18.1457,25.561666666666667,False,2.0,423.7643000087701
"Los Angeles, CA",2026-06-10,e0e503ccef7def38910d20c50f26c017bdcf599659830805caa627f66d6f5deb,DMS,5,5,5,6,True,home_fixed_start,last_service_stop_no_home_return,osrm_road_network,los_angeles_ca,driving,0b97356eee67c5c440793e48ec3258ce2e1508093f20f8eea39aba3b063a4bdb,success,,55.5471,60.98166666666667,False,2.0,423.7420999852475
"Los Angeles, CA",2026-06-10,ecf12a43c7656ced768a22decb38d9477cfec12dfa31f434705e2e194979e67c,DMS2,1,1,1,1,False,nearest_neighbor_best_start,last_service_stop_no_home_return,osrm_road_network,los_angeles_ca,driving,3c7526364913cd5ee895b8b8119bcf95b8861096c8c916b66d7ecefdbfc7bb46,success,,0.0,0.0,False,0.0,0.0
"Los Angeles, CA",2026-06-10,ecfeced145eeda793de3a9c995a58e53c9d5764adcc9566eba271b8534a9bc4d,DMS2,3,3,3,3,False,nearest_neighbor_best_start,last_service_stop_no_home_return,osrm_road_network,los_angeles_ca,driving,c9e4a77b65294502733e37d79fa1ce0055b297c8bf622c9a7022a74f1021aa06,success,,22.490099999999998,24.361666666666668,False,2.0,407.95480002998374
"Los Angeles, CA",2026-06-10,ed8c1d6a612c1d08ae2ee4dbca476d124603907d5b63f6ee1e4206a297a18f00,DMS,5,5,5,6,True,home_fixed_start,last_service_stop_no_home_return,osrm_road_network,los_angeles_ca,driving,46b73661d48c8241cd05ff6b4981b980b39927665407177765a928f059386e6e,success,,94.8569,96.85,False,2.0,422.8084999776911
"Los Angeles, CA",2026-06-10,eee0147d5fb85f0c99e3608109e30462b0012c24c8a34e4409372dc62f22cc2a,DMS2,2,2,2,2,False,nearest_neighbor_best_start,last_service_stop_no_home_return,osrm_road_network,los_angeles_ca,driving,f201cfe93cf923eccbac8779ede68d71742fc4f9a9ccec685403af76bfaa72ae,success,,43.087300000000006,35.43,False,2.0,405.44259996386245
"Los Angeles, CA",2026-06-10,f7af1316d5e62f29ef20cfe905892df095e33a6b7e63cf3836cddd22723dced4,DMS2,12,12,12,12,False,nearest_neighbor_best_start,last_service_stop_no_home_return,osrm_road_network,los_angeles_ca,driving,267cc2d05e12f7c0ab8807190d84bc2de9fd3d1240cda82617f292c6b50a108e,success,,219.6213,227.43333333333334,False,2.0,472.2392999974545
"Los Angeles, CA",2026-06-10,fe4bfa824c777d2052cff7adfa5256a990ae2695d43de89f9aa707281d435b53,DMS2,1,1,1,1,False,nearest_neighbor_best_start,last_service_stop_no_home_return,osrm_road_network,los_angeles_ca,driving,fd4f932047a117540c37421c29186b059af1c8d9d3c6190416c5796e388caff9,success,,0.0,0.0,False,0.0,0.0
"Los Angeles, CA",2026-06-11,01e61cd67d9c3fabcbbf04f75353dfdc7beaece1e7c7b47a62dcebaa0604c704,DMS2,3,3,3,3,False,nearest_neighbor_best_start,last_service_stop_no_home_return,osrm_road_network,los_angeles_ca,driving,5ebfefc46b9c9360a2be85359acd5aa3a995de1f6c9ae0ef86682de64ceaaeb0,success,,29.5985,32.515,False,2.0,399.0750999946613
"Los Angeles, CA",2026-06-11,053bd0541cfb029e51ce962bdc73fc4c7af64907283251984e141045b9431811,DMS2,2,2,2,2,False,nearest_neighbor_best_start,last_service_stop_no_home_return,osrm_road_network,los_angeles_ca,driving,a2239e2044343105dfd02e88f4ec6e1dfa4544b6c5a13a8a0bc852d264662ea3,success,,4.6316999999999995,7.27,False,2.0,410.4755999869667
"Los Angeles, CA",2026-06-11,05423ca33b56c00e618256c75aea71fbb5ab8756c21b82b6b33d1ae833f9ab73,DMS,3,3,3,3,False,nearest_neighbor_best_start,last_service_stop_no_home_return,osrm_road_network,los_angeles_ca,driving,9ca5f85a448b7a28db9c375e57f30b1445e3fa3fcd5b8f81fbb0299404e96d7b,success,,20.8095,24.285,False,2.0,401.244200009387
"Los Angeles, CA",2026-06-11,0755cfb691e8f204ceb2638b3e632aad94dc3add658458fac35f515466567f8c,DMS,3,3,3,4,True,home_fixed_start,last_service_stop_no_home_return,osrm_road_network,los_angeles_ca,driving,10568fecb4970390f64a718df46f62c86e6ab17b7ad0e10e11609d75880994ca,success,,30.2835,35.88333333333333,False,2.0,413.88129998813383
"Los Angeles, CA",2026-06-11,081128c7ff01b3e08da594dd712148c095bcfb9970cd77b75d87eaf463eb5828,DMS2,1,1,1,1,False,nearest_neighbor_best_start,last_service_stop_no_home_return,osrm_road_network,los_angeles_ca,driving,6199d70c81c1fd340d8f24396625f3386f2ad76a2d044101e6588287af6554da,success,,0.0,0.0,False,0.0,0.0
"Los Angeles, CA",2026-06-11,0ca901abcc469333e28f68f615e3fc2bd9cf66551118841d502023d9ef43728e,DMS,3,3,3,4,True,home_fixed_start,last_service_stop_no_home_return,osrm_road_network,los_angeles_ca,driving,566dbe9c8b7a8b765607b35ea470b05b03cfc887e3a848fdadf40409ff3126c1,success,,50.928,58.943333333333335,False,2.0,398.328399984166
"Los Angeles, CA",2026-06-11,1ed062fa9ad33c46c15101334ef15d972da765ce60dcc599f060ec8a218c8a6e,DMS,4,4,4,5,True,home_fixed_start,last_service_stop_no_home_return,osrm_road_network,los_angeles_ca,driving,8742e18c931ad2e08e60d906c50b3b20be472e57a4f9a0698dde9b4d32187d0f,success,,37.8386,46.751666666666665,False,2.0,458.5174000239931
"Los Angeles, CA",2026-06-11,1fe17114ae80a9c7d220c2856f58837f070f3f9558f423383cdb1d4529c74e07,DMS,6,6,6,7,True,home_fixed_start,last_service_stop_no_home_return,osrm_road_network,los_angeles_ca,driving,9101b6d72566326da58702f09e2493c23bd7132d7d4cee9d595ec021d0e2b0fc,success,,49.684599999999996,67.475,False,2.0,433.55549999978393
"Los Angeles, CA",2026-06-11,2219cfc2ef09d1ee9a7d51217ab0f5d56d70e9ae83928961258c32414eb8b403,DMS2,3,3,3,3,False,nearest_neighbor_best_start,last_service_stop_no_home_return,osrm_road_network,los_angeles_ca,driving,b7933058d3f5dba0a117978f08c5c05ee53e6bab6b5be0d838e4ff3672dee213,success,,48.9056,45.230000000000004,False,2.0,427.46409997926094
"Los Angeles, CA",2026-06-11,257a4867dc0e6e29c405802d5a76322d6b7827322bc26b05381a8d34692b6def,DMS,5,5,5,6,True,home_fixed_start,last_service_stop_no_home_return,osrm_road_network,los_angeles_ca,driving,3d2847a8f550e8bf50566d40b295fd3d3a2be216590857995411435dc6e68fed,success,,42.547599999999996,59.18666666666666,False,2.0,440.0967999827117
"Los Angeles, CA",2026-06-11,2c80b6a4635fa8b83404c814ef20ccb8918784a6cd26382ee709dd787247ebd8,DMS,2,2,2,2,False,nearest_neighbor_best_start,last_service_stop_no_home_return,osrm_road_network,los_angeles_ca,driving,55a7fb0b1cb0bdb67928380d8092bf658f514dd68628c72615ba0c91f20225d2,success,,11.3792,11.813333333333333,False,2.0,396.0819999920204
"Los Angeles, CA",2026-06-11,2dee0c407c50831171f3d07e50192bc745b7af76839aca93b019d205dd786d18,DMS,3,3,3,4,True,home_fixed_start,last_service_stop_no_home_return,osrm_road_network,los_angeles_ca,driving,a5e36b84c13fc898956a03f8718561db70dc612607de86c0e82d4b4c5ba42649,success,,21.8004,25.711666666666666,False,2.0,417.4664000165649
"Los Angeles, CA",2026-06-11,3e7eeb5eba346dc1ba5492a74e889aebb05f603837cbd69cc570bb4c684950c5,DMS2,1,1,1,1,False,nearest_neighbor_best_start,last_service_stop_no_home_return,osrm_road_network,los_angeles_ca,driving,f329619b73a27347809b5e550819e1da37d29c8a2fa7b0e193ae2a391db22d95,success,,0.0,0.0,False,0.0,0.0
"Los Angeles, CA",2026-06-11,3fc87a951c114f63d288626d887c387f0af9fb4a84064d03a7e15240f5a57b38,DMS2,9,9,9,9,False,nearest_neighbor_best_start,last_service_stop_no_home_return,osrm_road_network,los_angeles_ca,driving,5a32f7c69be16e741a2901ec239b1f5cec43233b33e9d59d7314a2660357ce55,success,,111.4037,118.12666666666668,False,2.0,424.18969998834655
"Los Angeles, CA",2026-06-11,5171cd0639985ced56aa457ff97d0f3fe56bf6bfbd455db7e4368f8e08fc60a0,DMS,2,2,2,3,True,home_fixed_start,last_service_stop_no_home_return,osrm_road_network,los_angeles_ca,driving,bba48dfb04b3b273a2365d78a96bc034b1d68886149baca8349c983d4bfcea07,success,,39.189699999999995,34.70166666666667,False,2.0,404.134200012777
"Los Angeles, CA",2026-06-11,57f86a0616d9a75b6754dc8c8f820b7e5949429778d9a430fb3a67e73586688e,DMS,6,6,6,7,True,home_fixed_start,last_service_stop_no_home_return,osrm_road_network,los_angeles_ca,driving,6be3ef1adffcbf941212c6318211859a7a668d5a74dea0b0acb5b611dc3376f5,success,,52.7738,61.285,False,2.0,409.5291000267025
"Los Angeles, CA",2026-06-11,650fefdefa0c0846a1341d97fc469420c5759974957358cc87199d95a6bf6ac1,DMS2,3,3,3,3,False,nearest_neighbor_best_start,last_service_stop_no_home_return,osrm_road_network,los_angeles_ca,driving,1ac642a142eeeb4a30f9396382a969113505feb910a019adc218d096f1920a21,success,,19.12,24.134999999999998,False,2.0,407.9221999854781
"Los Angeles, CA",2026-06-11,67ef33555b179d4eaceb24ee09e05f013696a74982f85250ae9610950a7eab12,DMS,6,6,6,7,True,home_fixed_start,last_service_stop_no_home_return,osrm_road_network,los_angeles_ca,driving,c41ba68693453c3ac17649f85376845c9ad23e3d2b05de3f657333ac8ccc074b,success,,31.771099999999997,44.916666666666664,False,2.0,431.11159998807125
"Los Angeles, CA",2026-06-11,6a683f141c67565d7e20fb1ae1a0016ad7c4a532008d9e2d37d12ce11533d774,DMS2,5,5,4,4,False,nearest_neighbor_best_start,last_service_stop_no_home_return,osrm_road_network,los_angeles_ca,driving,d79c72623772ef8eb4554ea04be9c7862c8771eba4a7ed26642feaf29626ca0d,success,,62.623400000000004,68.79166666666667,False,2.0,412.03249999671243
"Los Angeles, CA",2026-06-11,6bef9af8487df4ecd24243455470c34ba1146db808359586aea426b58b347b88,DMS,6,6,6,7,True,home_fixed_start,last_service_stop_no_home_return,osrm_road_network,los_angeles_ca,driving,9c38d49caf1c813e9707724f8d9226830f7ab7d72786fbda74a26aa7665fe380,success,,63.7722,75.73333333333333,False,2.0,418.60919998725876
"Los Angeles, CA",2026-06-11,71667c53003e1fe8c9a679b47b77e5f8721d0dc2bc1820ae89e65014bffc32ac,DMS,5,5,5,6,True,home_fixed_start,last_service_stop_no_home_return,osrm_road_network,los_angeles_ca,driving,2ddbe0278d5df33bcb804904194e3192d87f9e438dae4525b5b47c7ceae3b615,success,,129.8173,133.54333333333335,False,2.0,424.682999990182
"Los Angeles, CA",2026-06-11,76ffcda0236a39e6081cb7277e91f9cc094d033485bb2bd76294ab02d84c6cdf,DMS,5,5,5,6,True,home_fixed_start,last_service_stop_no_home_return,osrm_road_network,los_angeles_ca,driving,1b66dda50c6e08de9aec428d4983f2540a5fcf65f1303ad884779549f7580e6f,success,,45.7721,61.66166666666666,False,2.0,422.4404999986291
"Los Angeles, CA",2026-06-11,887ac12bb93e556b0e8066a8e42766a5f76bd15f1429ceaddedf5712360e3a60,DMS,3,3,3,4,True,home_fixed_start,last_service_stop_no_home_return,osrm_road_network,los_angeles_ca,driving,32271731cfc21806b414f94d8b5e8b0e4bbad0bc8b01f899e877118683509f49,success,,31.1973,35.70666666666667,False,2.0,422.43250002502464
"Los Angeles, CA",2026-06-11,8951d09509f7498c2543950e9ac1aee71b14541abb400ff37c1415ae390ca83b,DMS,3,3,3,4,True,home_fixed_start,last_service_stop_no_home_return,osrm_road_network,los_angeles_ca,driving,a2cffb214c6bd8de091a00cf1ad2d9ab20d32f924ecd4f112661439eee05ff90,success,,23.894099999999998,30.78666666666667,False,2.0,411.5760999848135
"Los Angeles, CA",2026-06-11,93da4e388c65fe312e1e111721b186df58a7156bb6ab473cd87d5568befd2979,DMS2,3,3,3,3,False,nearest_neighbor_best_start,last_service_stop_no_home_return,osrm_road_network,los_angeles_ca,driving,9e3f052ab3cab96eac80cd91f8316dc51b80deca04e0a65766165ff617a471ae,success,,67.58460000000001,61.405,False,2.0,407.6925000117626
"Los Angeles, CA",2026-06-11,9755c9793c0fb6061a2f7d5d74f8a4f3bf657b8d5e5236bde07e197e79d1197a,DMS,3,3,3,4,True,home_fixed_start,last_service_stop_no_home_return,osrm_road_network,los_angeles_ca,driving,ec0f9695bc74a94dba31207b074231d58bac06451407ee0ee7531df18054d615,success,,51.738699999999994,56.986666666666665,False,2.0,404.15670003858395
"Los Angeles, CA",2026-06-11,9ab43315f1f5d289dae67114a3a9490c33ebb0e47c5a21f0f94bf994f5136f53,DMS2,3,3,3,3,False,nearest_neighbor_best_start,last_service_stop_no_home_return,osrm_road_network,los_angeles_ca,driving,d20d24bf71ecf24cb38ea26dcf6c3c67a619ff0c00bd0c45b39911277f7f2f8d,success,,68.16460000000001,63.345,False,2.0,410.3927000251133
"Los Angeles, CA",2026-06-11,a7c387e2c459994847aae98858ea2e1dfb4351854e1e256d678be9d59e5e02d5,DMS,3,3,3,4,True,home_fixed_start,last_service_stop_no_home_return,osrm_road_network,los_angeles_ca,driving,8ebb7b1676e435179b9718aaa73c0f16c00d9b22b20d34a7d419d9faae7f237d,success,,68.38789999999999,73.86999999999999,False,2.0,419.4160000188276
"Los Angeles, CA",2026-06-11,a8a3d831268c54d367f744457a6b8993f1b80a65107082c4fbf4f258d95d9065,DMS2,2,2,2,2,False,nearest_neighbor_best_start,last_service_stop_no_home_return,osrm_road_network,los_angeles_ca,driving,f33a2f20abc4a1d896414b947c6e6ad92a0b1ad34901b8d5168b9506e2e36a5b,success,,30.9909,24.633333333333333,False,2.0,390.7813000259921
"Los Angeles, CA",2026-06-11,aa26e4b186be5c1ca782cc38bc7b83d1eb4fdd052b5c81788b6780a5f03a6e86,DMS2,1,1,1,1,False,nearest_neighbor_best_start,last_service_stop_no_home_return,osrm_road_network,los_angeles_ca,driving,0f44cf5c6c9b3bb8f40a7128cd61283795d4092c8180321c345970e85e5b0f30,success,,0.0,0.0,False,0.0,0.0
"Los Angeles, CA",2026-06-11,bf70e25281788e2fe28c0733df5a135e446a60ab8338f780e3453a527cc0e6d8,DMS2,2,2,2,2,False,nearest_neighbor_best_start,last_service_stop_no_home_return,osrm_road_network,los_angeles_ca,driving,8b53108b4abc2f93a6e87ed2ca23c38ede83fb3280a69720663cec85b7087e30,success,,34.7742,34.40833333333333,False,2.0,390.2349999989383
"Los Angeles, CA",2026-06-11,c32e45f73228e0f2f1b2839fc8583318171a823a45eaaaec19e2f72f9096899f,DMS,5,5,5,6,True,home_fixed_start,last_service_stop_no_home_return,osrm_road_network,los_angeles_ca,driving,40f878a9824ce3d7b5c74a6c0a1af20f5f39aac46b14d3f4a21ff731d1ae4cad,success,,36.112300000000005,49.90833333333333,False,2.0,423.28179997275583
"Los Angeles, CA",2026-06-11,c357385a4f4db4532638b3309864a81af81c7e5270b20cd94ec03ef01b076ad9,DMS2,1,1,1,1,False,nearest_neighbor_best_start,last_service_stop_no_home_return,osrm_road_network,los_angeles_ca,driving,2476efe1cdc7bd9b31111a5b85b371e3387f234a10195ae0cbe10448841aa5b1,success,,0.0,0.0,False,0.0,0.0
"Los Angeles, CA",2026-06-11,c3eb18e30f4bb2ea5f49c03c5d1dd1bba30e1330249b451caa14ee31a28e476f,DMS,1,1,1,2,True,home_fixed_start,last_service_stop_no_home_return,osrm_road_network,los_angeles_ca,driving,902b8ce9c782091a2ee4581efa90ac086ee0a721e9bdaa58e22a166df0aac125,success,,68.8668,54.306666666666665,False,2.0,409.16850001667626
"Los Angeles, CA",2026-06-11,d08d43c148da0952c64e3086bc450b3029ddb8067335fbd9aac76c26b2dfcde7,DMS,1,1,1,1,False,nearest_neighbor_best_start,last_service_stop_no_home_return,osrm_road_network,los_angeles_ca,driving,af08dad65a4ecb1bf4a8cab596cb4f5451f0d0876e04a2f1955dad71b65d189e,success,,0.0,0.0,False,0.0,0.0
"Los Angeles, CA",2026-06-11,d8e26332f143ded8434217f845feaef86b8a9bdf9bd11b7f639a95fbac7dc3d3,DMS2,13,13,12,12,False,nearest_neighbor_best_start,last_service_stop_no_home_return,osrm_road_network,los_angeles_ca,driving,3501ec53fcdd920d5cb84aaf256ff88006addf11b9f8e9ec9972a732adabe33e,success,,217.9545,228.86833333333334,False,2.0,498.66159999510273
"Los Angeles, CA",2026-06-11,dfbf110785db0743c6574af50b91a292358b10fceef0331f0c83e56f560d4135,DMS,1,1,1,1,False,nearest_neighbor_best_start,last_service_stop_no_home_return,osrm_road_network,los_angeles_ca,driving,edbdd7c339a8918cba4a89a92b3ec0355e0b1b5f11792a372d82e79af991b51c,success,,0.0,0.0,False,0.0,0.0
"Los Angeles, CA",2026-06-11,e6578824e8729db0c4096754557d39acbe8e7fbe2474272855e315a1facca917,DMS,2,2,2,3,True,home_fixed_start,last_service_stop_no_home_return,osrm_road_network,los_angeles_ca,driving,8a19f9dc3118b15d84aa2abcd8359ba3ae23229da661339d8a16b5db623ed0d8,success,,17.3018,22.301666666666666,False,2.0,397.3546999914106
"Los Angeles, CA",2026-06-11,e9afeeb30575abc0b8844814b6911cbea631b2ce27eccd2a7448b6b3c7ebe798,DMS,4,4,4,5,True,home_fixed_start,last_service_stop_no_home_return,osrm_road_network,los_angeles_ca,driving,12d95b06ec2ea22e43be3e6be0d6ac5eb4b7f581d44c62fbbe0c2ac66c7b92a2,success,,39.6998,48.28333333333333,False,2.0,409.8274999705609
"Los Angeles, CA",2026-06-11,ece83e97e7c9aad8761f0fc2acef86d04232e669c8c0f7a8ec8ce5aececceae2,DMS,4,4,4,5,True,home_fixed_start,last_service_stop_no_home_return,osrm_road_network,los_angeles_ca,driving,854db908ce6cfc28dd8afd0f68aee02a4e76c04e6cacefd66e09d308e05b54a4,success,,36.7806,43.49333333333333,False,2.0,408.7489000230562
"Los Angeles, CA",2026-06-11,f017dce06fbdca5f30920aeb2c0e6018f34b1a46f9702a7239f683423bd4e86d,DMS2,1,1,1,1,False,nearest_neighbor_best_start,last_service_stop_no_home_return,osrm_road_network,los_angeles_ca,driving,15c8090dc904c8df0957804b246391f0ebc2c161325d563933580a305dbb3cd5,success,,0.0,0.0,False,0.0,0.0
"Los Angeles, CA",2026-06-11,f5d1848bc7f8e699c25e4e6a72e37115de00b8819b0c8c6ed95eb8ac0e597473,DMS2,3,3,3,3,False,nearest_neighbor_best_start,last_service_stop_no_home_return,osrm_road_network,los_angeles_ca,driving,f714e9552eb27bc5380a37660efe266ad6b0be12104c46b283ca746bba65dcb7,success,,29.0925,28.615000000000002,False,2.0,406.02220001164824
"Los Angeles, CA",2026-06-12,0231ad1f67ed81f887c82aae085ac43a0fcb05b544afccf057601e942c91a018,DMS,4,4,4,5,True,home_fixed_start,last_service_stop_no_home_return,osrm_road_network,los_angeles_ca,driving,3eafca835d103271e31a1836e970e8f7ca69761a58a60907bf20d7426402ae6a,success,,54.788599999999995,64.51166666666667,False,2.0,410.889099992346
"Los Angeles, CA",2026-06-12,0675f080097a10fbd12208130ccc7e5933bacabb56187754087f9d3e505c91d5,DMS,3,3,3,4,True,home_fixed_start,last_service_stop_no_home_return,osrm_road_network,los_angeles_ca,driving,ff861b94ac1e71efb84354008cc87c7497d80534782b0ab40db3d8a64891c960,success,,108.9406,107.26,False,2.0,408.71280001010746
"Los Angeles, CA",2026-06-12,0fdcbb1be66bd68fba5a5ffe890c9f1e0d39f8ec8ed3d3e2d93344af5db2b624,DMS,4,4,4,5,True,home_fixed_start,last_service_stop_no_home_return,osrm_road_network,los_angeles_ca,driving,2125e09fb5236cfcf0ecf5807f99985a9b226a9f666d2d64a75ab37b9889d9b1,success,,31.9748,40.14,False,2.0,412.4733999778982
"Los Angeles, CA",2026-06-12,13c36c87f121c0a034192a15ff92bea1b30a9c6afca90d61f1161bd08db7a2d0,DMS,2,2,2,2,False,nearest_neighbor_best_start,last_service_stop_no_home_return,osrm_road_network,los_angeles_ca,driving,42f703f97341d33a008a7e23147adc3bcd508271d36d6d94ecd186c6f4f0907d,success,,20.427,18.631666666666668,False,2.0,411.5165999974124
"Los Angeles, CA",2026-06-12,1d4abf3d4078c0c1baa2e89fc945a20541f215b2b9c29c662989a0c10e7ff0f8,DMS,4,4,4,5,True,home_fixed_start,last_service_stop_no_home_return,osrm_road_network,los_angeles_ca,driving,2ae67510dd8469a53fe17f55a62e2d78fa1969388af4d2947d2e814618e8ffee,success,,86.2612,95.4,False,2.0,404.9164999742061
"Los Angeles, CA",2026-06-12,287aebe7fa5c9eb6f22f47370d8b8a09e3669500c1698cfcbf26ebfbba894fd1,DMS2,1,1,1,1,False,nearest_neighbor_best_start,last_service_stop_no_home_return,osrm_road_network,los_angeles_ca,driving,ae306e8f22a1a7b8c625a8c991b4cb4e03c7b1f980ccee1d85e671facba3f22c,success,,0.0,0.0,False,0.0,0.0
"Los Angeles, CA",2026-06-12,29bafc7a5eec02a65f2ecfc3d47a8f38141cc8bf39ee5147882716c6ad54d076,DMS,5,5,5,6,True,home_fixed_start,last_service_stop_no_home_return,osrm_road_network,los_angeles_ca,driving,4432f6a2a8b7bdc7b17fa36b7c207d56ead28f17119ad83017e6d5b61038f7bd,success,,795.9648000000001,588.38,False,2.0,440.4439000063576
"Los Angeles, CA",2026-06-12,34842b6691160253118234d31613f2a9546451d4371e74f9586e1122a62882a3,DMS,3,3,3,4,True,home_fixed_start,last_service_stop_no_home_return,osrm_road_network,los_angeles_ca,driving,9ce85d63f621fdfdd15a9022a98c377247592cc772835d64f4b2f71ca03334c7,success,,32.6105,34.78333333333333,False,2.0,412.33890000148676
"Los Angeles, CA",2026-06-12,380e2dca110d4db0bec61ecf018ffed7f753b0c6d8679afe7013473da530858c,DMS,4,4,4,5,True,home_fixed_start,last_service_stop_no_home_return,osrm_road_network,los_angeles_ca,driving,061eeb28c59f9db3c4e664644d9cacecbe6318c83f825d8f0cb472fe209f146d,success,,25.9496,33.05833333333333,False,2.0,411.08630000962876
"Los Angeles, CA",2026-06-12,3f402f9d90f53258a4af66c97e9f9f640aa5e4d1414df26c62dded6ac2c6ffbc,DMS,1,1,1,1,False,nearest_neighbor_best_start,last_service_stop_no_home_return,osrm_road_network,los_angeles_ca,driving,466974b93ed4e0388ce7e6418da4ebf64bb5fdf526e7191120843783efd8e478,success,,0.0,0.0,False,0.0,0.0
"Los Angeles, CA",2026-06-12,3fdfbbde62a6a941a7c6e3ccda4f5671bc23e347e92d9564fa35cd40b0f7109d,DMS,3,3,3,4,True,home_fixed_start,last_service_stop_no_home_return,osrm_road_network,los_angeles_ca,driving,00489e448953cafad7bd2fbf1ca06fb9251ed826a1ea1e60294d37b1549684c0,success,,31.294900000000002,34.865,False,2.0,409.39619997516274
"Los Angeles, CA",2026-06-12,46029d0e10dc61186c84ad70852c7926409fdd1d44aac6e32c7cf73a099268ec,DMS2,3,3,3,3,False,nearest_neighbor_best_start,last_service_stop_no_home_return,osrm_road_network,los_angeles_ca,driving,7a2e0e9bdbdbe7b7fb66cf794bd43681702f25e5825ee106a5bd725a06c28f6a,success,,59.7112,55.61333333333334,False,2.0,411.40279997489415
"Los Angeles, CA",2026-06-12,4d99cf8dcd96c3c2c44c9e187fcd0cf6001df13468c5f20f96874d2c2cee6160,DMS,3,3,3,4,True,home_fixed_start,last_service_stop_no_home_return,osrm_road_network,los_angeles_ca,driving,02f06cb5ef3b261baaeb51d3f1f1b1d557d8684d8109f6c1213f9dea002cd4c7,success,,26.0717,34.294999999999995,False,2.0,406.6439000016544
"Los Angeles, CA",2026-06-12,502e3d95af1661120f1745325a611ff8d7e35928fda86820707c150399a06e5b,DMS2,9,9,9,9,False,nearest_neighbor_best_start,last_service_stop_no_home_return,osrm_road_network,los_angeles_ca,driving,21899d788c0debc4f3107c62ae058a9afacaf2e48a73a9f9058c49b234ff5191,success,,212.19729999999998,199.45666666666665,False,2.0,457.92280000750907
"Los Angeles, CA",2026-06-12,55668228eb0e471e4070e681772bbdba8eb19e8e56300daab06cfbb4d8ca792a,DMS2,3,3,3,3,False,nearest_neighbor_best_start,last_service_stop_no_home_return,osrm_road_network,los_angeles_ca,driving,c840ae47d37006379bb03b96d970e9e68b804f2be83ec8112e2ec74c599db648,success,,33.792,38.651666666666664,False,2.0,402.0498000027146
"Los Angeles, CA",2026-06-12,5c05359a090ccb7373c23a51b4035ae9a05eb5b8196b11b11f3b767d84c6d54b,DMS,1,1,1,1,False,nearest_neighbor_best_start,last_service_stop_no_home_return,osrm_road_network,los_angeles_ca,driving,fa49201680a3b5b5acad296b18265de59bb9646c9209c4161818ec51432a8ed7,success,,0.0,0.0,False,0.0,0.0
"Los Angeles, CA",2026-06-12,62d428b34dcbf25dce74d8058d31d895ee307ede158917da0f4f372965e69637,DMS2,1,1,1,1,False,nearest_neighbor_best_start,last_service_stop_no_home_return,osrm_road_network,los_angeles_ca,driving,0557479c982e07a9f7338c0a5a9a8ff775f1c84d0d7a37dd6011028d40f9a7dd,success,,0.0,0.0,False,0.0,0.0
"Los Angeles, CA",2026-06-12,63b6e7f2dddbd77cabfdc6e4f0ea236b00729c7b3fe51911faf7613715a90b42,DMS,5,5,5,6,True,home_fixed_start,last_service_stop_no_home_return,osrm_road_network,los_angeles_ca,driving,f202a195f64b8c075c7d9376a9bfeb8fbc618ecfc8dc402ece7a4bb0d7243a6c,success,,49.9919,56.75666666666667,False,2.0,410.06179997930303
"Los Angeles, CA",2026-06-12,64e308026530affff6abc4806135327199bfbfc5d83eb0b55a9b717ea303baa2,DMS,1,1,1,1,False,nearest_neighbor_best_start,last_service_stop_no_home_return,osrm_road_network,los_angeles_ca,driving,338004022e6b4816112592abf6cb7ddd8751236650cc01564ac55d50ceb2e2fb,success,,0.0,0.0,False,0.0,0.0
"Los Angeles, CA",2026-06-12,65f623d3ba0ac427b8ee637014147c99490a6bbe5d68c9ce24ea78c6c32bd46e,DMS2,1,1,1,1,False,nearest_neighbor_best_start,last_service_stop_no_home_return,osrm_road_network,los_angeles_ca,driving,267181f78a03bc3c094529aef6026cda095fe11ac754667b1bc2de78d9edd89b,success,,0.0,0.0,False,0.0,0.0
"Los Angeles, CA",2026-06-12,6e1a910173c983ff3426e513ce775610c1941fe7cdcf35765d9a387dfc18243f,ASC,1,1,1,1,False,nearest_neighbor_best_start,last_service_stop_no_home_return,osrm_road_network,los_angeles_ca,driving,0f16f7b4d579660e2fe435a402beb840fb885e6bd5654922e88e6c576bdc1404,success,,0.0,0.0,False,0.0,0.0
"Los Angeles, CA",2026-06-12,70c2fc06366229c3d008078c9c50a70116f8ec96eee8f706cc391a41daf56b4f,DMS,1,1,1,2,True,home_fixed_start,last_service_stop_no_home_return,osrm_road_network,los_angeles_ca,driving,9185d890ab5e68ca6e73e77c4e0b796d7f9df2f28c5900fb07578c7223b61e65,success,,16.8933,19.428333333333335,False,2.0,396.8657999939751
"Los Angeles, CA",2026-06-12,738090c86aab03fdda8e788798acf472feed36c1b1cf45f63b261f11f8146400,DMS,4,4,4,5,True,home_fixed_start,last_service_stop_no_home_return,osrm_road_network,los_angeles_ca,driving,2112c1c0b0f52d0e11d8cdffab5547abca8d32dfee894b94f7f288a4a07cb58b,success,,23.1698,32.684999999999995,False,2.0,425.143600004958
"Los Angeles, CA",2026-06-12,775454bfd5c1afadd1b7040d7c0875f2ee01b7af6677f1441a40f9d121117472,DMS,4,4,4,5,True,home_fixed_start,last_service_stop_no_home_return,osrm_road_network,los_angeles_ca,driving,4599c8e2dc6fc71adcfb29547077b11237d7f3d06190e7e6b563b1363d90162d,success,,57.7727,63.18333333333333,False,2.0,414.70250001293607
"Los Angeles, CA",2026-06-12,77da804b1833de3c7df3e254b1ad4b3510094d51c7dac3c72b62b4160d084a77,DMS2,2,2,2,2,False,nearest_neighbor_best_start,last_service_stop_no_home_return,osrm_road_network,los_angeles_ca,driving,7c6287c39d70e0ac1f01675c58a20492c891956ad4f236e0ec4d598cc89df262,success,,37.3341,34.29,False,2.0,411.3993999781087
"Los Angeles, CA",2026-06-12,81572bfa1b7157ed8732cf365e7c3cacd6e1771176ceda3724afa329b8dd6ea7,DMS2,5,5,5,5,False,nearest_neighbor_best_start,last_service_stop_no_home_return,osrm_road_network,los_angeles_ca,driving,b65bb07fc2ca34e6a784ef12d1deebc415a9db038a94ca0bb308934ef6f6106c,success,,76.8878,73.38000000000001,False,2.0,412.63240002444945
"Los Angeles, CA",2026-06-12,8f846986e16cd96543b3f9750c1d81753f5f7cd18b1be402d75aa20e3de42cc5,DMS2,2,2,2,2,False,nearest_neighbor_best_start,last_service_stop_no_home_return,osrm_road_network,los_angeles_ca,driving,5149d4b6d15e3b07abca0668b433558f0027d2e80c8a8126561b6887a4377436,success,,72.7458,56.37833333333333,False,2.0,423.6275999865029
"Los Angeles, CA",2026-06-12,90a54b4cb8fd2530cd874a12120334aefca509bb28ba5bf4cc723c6282343fa9,DMS,3,3,3,4,True,home_fixed_start,last_service_stop_no_home_return,osrm_road_network,los_angeles_ca,driving,5b1ae0c19d21b9aff2df7e2d113260f0a73d237676a09b1adfcfb8a8a8e58ace,success,,36.385400000000004,39.32666666666667,False,2.0,418.05780000868253
"Los Angeles, CA",2026-06-12,94c49b9b6209867117e5caa2a0e07ea2a79916f8da8beb9d92ccff64e3357221,DMS,7,7,7,8,True,home_fixed_start,last_service_stop_no_home_return,osrm_road_network,los_angeles_ca,driving,7ae730cd09d644cf975d84647ba33b9f218a1c9272f2fe11ca78bab807e55033,success,,89.8876,101.66166666666666,False,2.0,434.123000013642
"Los Angeles, CA",2026-06-12,9ebe8dac3116234decf057414262e4430e04297647456a30b7fa797430a79d0a,DMS,2,2,2,3,True,home_fixed_start,last_service_stop_no_home_return,osrm_road_network,los_angeles_ca,driving,6d7ff82ae58b56c3c4b5c4711a88cec1d68c802a5820c1b6bba990b3b52f0e76,success,,18.7163,22.46333333333333,False,2.0,412.3650999972597
"Los Angeles, CA",2026-06-12,a38dea7c5efb8ac7e3651ca8861fa950027a656b0a9500985975c17b75bd8c97,DMS,4,4,4,5,True,home_fixed_start,last_service_stop_no_home_return,osrm_road_network,los_angeles_ca,driving,2cef804e2011435bab8b90bf45f4f6f3ba3b2ca597ffd63edf0f6848d314fa3e,success,,39.7699,51.06333333333334,False,2.0,419.96869997819886
"Los Angeles, CA",2026-06-12,ad726cc7b8bf87e9870dbfd97e6220817a312cc3e47da24e6b85501d1b4c2b5e,DMS2,1,1,1,1,False,nearest_neighbor_best_start,last_service_stop_no_home_return,osrm_road_network,los_angeles_ca,driving,7b4a14f1cbbd56168534137af48fd9d0cffe0a0a223a1c5c582bf9a975ceff8b,success,,0.0,0.0,False,0.0,0.0
"Los Angeles, CA",2026-06-12,b6b3970a1c6e607ba99600f5212913d53611a20f5d2766fec1f3836d3adfe9ea,DMS2,1,1,1,1,False,nearest_neighbor_best_start,last_service_stop_no_home_return,osrm_road_network,los_angeles_ca,driving,704875fa0db387453d1be1a23048da62e1246e94a6940e9411e74ad540ad0933,success,,0.0,0.0,False,0.0,0.0
"Los Angeles, CA",2026-06-12,bdda31013a87c7d04db4c0fe90bb923ad19a71c1f62362832beff1fd6673fbbd,DMS,3,3,3,4,True,home_fixed_start,last_service_stop_no_home_return,osrm_road_network,los_angeles_ca,driving,c4788fedcbcf9705733250d026fa6605cf14da58595fc5b2eab83b579cebdeb9,success,,36.349599999999995,42.193333333333335,False,2.0,406.9182999955956
"Los Angeles, CA",2026-06-12,c49d57c0c61873c2c9bd31d913185a2ad9d814ac6d1932a5ff40403ea911deb3,DMS2,1,1,1,1,False,nearest_neighbor_best_start,last_service_stop_no_home_return,osrm_road_network,los_angeles_ca,driving,4a34fa2832325ccfb8496ae0a9296019ffa37081510253c96860caf59e779398,success,,0.0,0.0,False,0.0,0.0
"Los Angeles, CA",2026-06-12,c7a11cbb9695daebbefe57c8ae3b9dd42a67f35980cb6cd3898b6e1b0f30e7dd,DMS,2,2,2,3,True,home_fixed_start,last_service_stop_no_home_return,osrm_road_network,los_angeles_ca,driving,3973d7a0fc33118e0c6b0e5b50b7702c8a48d0cba3e2f795bc84404a2a3099c9,success,,33.5889,34.65333333333333,False,2.0,418.4567000193056
"Los Angeles, CA",2026-06-12,cc7a31500b1e24a4bef958b5b1132d7ddd462d9c1e63e866df1434c19afcab13,DMS2,3,3,3,3,False,nearest_neighbor_best_start,last_service_stop_no_home_return,osrm_road_network,los_angeles_ca,driving,028acd186eaae234ec1d3ba65184453788210f53eab8022b0e0ab85301176845,success,,38.7249,49.315000000000005,False,2.0,419.0520000120159
"Los Angeles, CA",2026-06-12,ce4ffc10b131d2c16c3b8d4515b83d25925d1eb081b21dec970009f26b919e42,DMS,4,4,4,5,True,home_fixed_start,last_service_stop_no_home_return,osrm_road_network,los_angeles_ca,driving,2f4c2958d2450127c2a4a6d1c924d0abc16d823521c7cad1631eeab48c2dafb6,success,,24.777099999999997,33.0,False,2.0,415.3214999823831
"Los Angeles, CA",2026-06-12,d10722d06ded2d1a9c8fd3dbf20bd0338985de2dae206928104e36ab9a6e72a3,DMS2,3,3,3,3,False,nearest_neighbor_best_start,last_service_stop_no_home_return,osrm_road_network,los_angeles_ca,driving,9adc2f9606ff0120d2927998b4216b38c8079cc003391fa1975db540b5fe3726,success,,42.3392,37.708333333333336,False,2.0,403.7162999738939
"Los Angeles, CA",2026-06-12,d879982a4830f07c38fd03c86bd7bce8321383a3a7910c71a4826161fac6fe90,DMS2,1,1,1,1,False,nearest_neighbor_best_start,last_service_stop_no_home_return,osrm_road_network,los_angeles_ca,driving,457999182cd906a72a32a1ad0eec34623083fc85a5ea6d2409be678fdd372ed4,success,,0.0,0.0,False,0.0,0.0
"Los Angeles, CA",2026-06-12,d8ea5c078621fde39c0a137ec06f3b7e048279e7e4ceeff42d372474a8ef1455,DMS2,2,2,2,2,False,nearest_neighbor_best_start,last_service_stop_no_home_return,osrm_road_network,los_angeles_ca,driving,26a1ea7f251585421143025f795bd71739f32283f1aac76020e2ab532b6d9c12,success,,11.180299999999999,16.636666666666667,False,2.0,400.7054999819957
"Los Angeles, CA",2026-06-12,e096fb2a5836ffbad4cee90831cd03c307149b710c4686e28607f9a07ecf8b04,DMS,2,2,2,3,True,home_fixed_start,last_service_stop_no_home_return,osrm_road_network,los_angeles_ca,driving,41a91a68ecf9bade9572f356b329f964261a25c2afd93ddd054f0608a050c91c,success,,12.4941,17.57,False,2.0,422.1405999851413
"Los Angeles, CA",2026-06-12,e42f2087a4402d36c2ce0bda6d8af508466e0460e2b9474192471d3a5826f12b,DMS,5,5,5,6,True,home_fixed_start,last_service_stop_no_home_return,osrm_road_network,los_angeles_ca,driving,5e862ba4196a104c010316f22a182887c370718e8664b0cf8a821c9d71315c01,success,,21.038,31.108333333333334,False,2.0,424.7447999950964
"Los Angeles, CA",2026-06-12,ea67321125a9dbfde4df194ec07fe9bbd2488705e5ca99508ca77062ccbf77bb,ASC,1,1,1,1,False,nearest_neighbor_best_start,last_service_stop_no_home_return,osrm_road_network,los_angeles_ca,driving,fa58ddb9317ad1f14b710bd13b6a449f6e4e3b6cdc7837150b612ff873d05785,success,,0.0,0.0,False,0.0,0.0
"Los Angeles, CA",2026-06-12,f1e9afe5a6319d2e2d21f89fc29681aaf83ee1e0cfe732ffa240318561cfa987,DMS2,2,2,2,2,False,nearest_neighbor_best_start,last_service_stop_no_home_return,osrm_road_network,los_angeles_ca,driving,0755e36293c02e3bac0ea46c145f0d0f41f8d4402ba26925597605e68cbd6dfe,success,,51.522,41.998333333333335,False,2.0,401.2796999886632
"Los Angeles, CA",2026-06-13,0a69aab3efc1f4616260042f87c175ebb7cfb0cac3cb45d2f3f866e837355b04,DMS2,2,2,2,2,False,nearest_neighbor_best_start,last_service_stop_no_home_return,osrm_road_network,los_angeles_ca,driving,a24d6099e27beedb8a9d0a46889dfd700b28bcefd90db14666b365f66b7ac97d,success,,41.261900000000004,35.306666666666665,False,2.0,393.50219996413216
"Los Angeles, CA",2026-06-13,10fb177e2b5b538b316fe1b8f63a13ce991786be2af0261259a82312efdb65dd,DMS2,1,1,1,1,False,nearest_neighbor_best_start,last_service_stop_no_home_return,osrm_road_network,los_angeles_ca,driving,457cd7986f0503c87716b5ab474c8896d2363fdd78ed5be4dd08d4b3f71fb373,success,,0.0,0.0,False,0.0,0.0
"Los Angeles, CA",2026-06-13,2184904d9543ffe1b02aa437269fe93e11dc2f6ddc4754a8a70322a40120b9d4,DMS2,1,1,1,1,False,nearest_neighbor_best_start,last_service_stop_no_home_return,osrm_road_network,los_angeles_ca,driving,77f5bc6d4aab3aa3f41f2fc612a5cfcd8d5debeadad9b5464d9a8e3c1eadcd81,success,,0.0,0.0,False,0.0,0.0
"Los Angeles, CA",2026-06-13,227038cb0c7043d1f9eb4f4a281e4a6e9f9785737a5ef9bbeac62aeffcbeb0ea,DMS2,4,4,4,4,False,nearest_neighbor_best_start,last_service_stop_no_home_return,osrm_road_network,los_angeles_ca,driving,0d50f349d5a7eb9f385da68594f08cf3ba1e854d44bd1d2278d8827d5ccb05b0,success,,100.4426,91.895,False,2.0,417.85759999766015
"Los Angeles, CA",2026-06-13,2c458ae9dc8e5e13daae0868404e468e3916f536fcd69fbe22fabb96c2c693ac,DMS2,4,4,4,4,False,nearest_neighbor_best_start,last_service_stop_no_home_return,osrm_road_network,los_angeles_ca,driving,a525ca19157a77909736e8dfb2b852bc3e8de93ac72ef9fd454514995e9ef46c,success,,61.0997,63.751666666666665,False,2.0,413.0841000005603
"Los Angeles, CA",2026-06-13,44cbc6c43ddaa7dbf82eecaf65144ec12a164cc1d33eccbc643c13a0d6ba3318,DMS2,2,2,2,2,False,nearest_neighbor_best_start,last_service_stop_no_home_return,osrm_road_network,los_angeles_ca,driving,a1a745761e70a56925a933240bb4215a6c9b6486c4791c285bd10a71ec0ab555,success,,21.0288,20.303333333333335,False,2.0,405.70149998529814
"Los Angeles, CA",2026-06-13,4df7745d97c61b35d9c1735d4f5a744658fe65735be838bfa42024ff8bab602d,DMS2,7,7,7,7,False,nearest_neighbor_best_start,last_service_stop_no_home_return,osrm_road_network,los_angeles_ca,driving,f5e9a8e68f21ee4383497317c18b7c42e887430fed3f2d4adb3f794347be4223,success,,82.2269,93.49833333333332,False,2.0,426.3730999955442
"Los Angeles, CA",2026-06-13,50321c1ff12e3643bdd18458c4c13e2ec7eb8d603a3ac2ea202f301a4faa7721,DMS2,14,14,13,13,False,nearest_neighbor_best_start,last_service_stop_no_home_return,osrm_road_network,los_angeles_ca,driving,fb29e9f55e57288ac5cacb248651dc6d3759a6a991c26814ef6e8d3dd10367a6,success,,248.62279999999998,257.465,False,2.0,488.9016000088304
"Los Angeles, CA",2026-06-13,518bf690df3422f96c50dcd85deefaf2ea5eb6fe788c66a3443340e43b43795c,DMS2,1,1,1,1,False,nearest_neighbor_best_start,last_service_stop_no_home_return,osrm_road_network,los_angeles_ca,driving,8b9e7c264385d7a50827c123b0ddc8543c75165c74bdd762d3a131685652c229,success,,0.0,0.0,False,0.0,0.0
"Los Angeles, CA",2026-06-13,602b6085abad82921bbd3e2ff95f2971490db6abbaf6fbd26770faf440a1b9c5,DMS2,1,1,1,1,False,nearest_neighbor_best_start,last_service_stop_no_home_return,osrm_road_network,los_angeles_ca,driving,8d094afd8de24761995e54bbdab23f23d353b0048a7c04e4b1dd2d1a07e3b33c,success,,0.0,0.0,False,0.0,0.0
"Los Angeles, CA",2026-06-13,608715129694ca638cc8aeaa00e7bfd4ba77efb190f7a144ab078c752f5ce6d6,DMS2,1,1,1,1,False,nearest_neighbor_best_start,last_service_stop_no_home_return,osrm_road_network,los_angeles_ca,driving,ce26fda7909013ad959d0bf7492f430a769ff44959017f50be3cb310cec84cdc,success,,0.0,0.0,False,0.0,0.0
"Los Angeles, CA",2026-06-13,6bba05b497dc78d6467f8f6c12f48a55075c47eb40f6b4c98dae97237e60c1e1,DMS2,1,1,1,1,False,nearest_neighbor_best_start,last_service_stop_no_home_return,osrm_road_network,los_angeles_ca,driving,69aa7b12f8af07b8faf0aabe6a35bf5d77e21f00a4d20496365f43a3732d97b7,success,,0.0,0.0,False,0.0,0.0
"Los Angeles, CA",2026-06-13,72515737f9cb5943f9ad2906be1a86f3e7e8b58f8490fddf8ccb8359bf1ad8a3,DMS2,1,1,1,1,False,nearest_neighbor_best_start,last_service_stop_no_home_return,osrm_road_network,los_angeles_ca,driving,de6cd4dd1decb249a301840b558551270c56bca186d1a9d88eed1699bc5b08a0,success,,0.0,0.0,False,0.0,0.0
"Los Angeles, CA",2026-06-13,93c564edd764c9ac771e89f64520b86bc5441afd5b1ab299bc6aacf7b2486f1b,DMS2,1,1,1,1,False,nearest_neighbor_best_start,last_service_stop_no_home_return,osrm_road_network,los_angeles_ca,driving,bdec2564f4db21f3173b6afe4728fe163c409f044dce287d563cbeb68629674c,success,,0.0,0.0,False,0.0,0.0
"Los Angeles, CA",2026-06-13,a85ae4ca1110bcc40cfc2f7211df871f3af31b3f4de0cf69bbb0d76213e123ba,DMS2,2,2,2,2,False,nearest_neighbor_best_start,last_service_stop_no_home_return,osrm_road_network,los_angeles_ca,driving,7f404783c2efabb2e67876a1d7cebaf65db9cb76d9fe3c5378baac1d8ac55a0e,success,,48.6724,46.42333333333333,False,2.0,418.50449997582473
"Los Angeles, CA",2026-06-13,c296e4065cf0a18026a5a6e3351163b74235ab1aea6426712e60b7201ab5c9d2,DMS2,2,2,2,2,False,nearest_neighbor_best_start,last_service_stop_no_home_return,osrm_road_network,los_angeles_ca,driving,f25a37814389d875792bd9403a3a43f188802591bee170740b942c6b693ad654,success,,8.603299999999999,8.916666666666666,False,2.0,405.3264000103809
"Los Angeles, CA",2026-06-15,009744a9215bf400c65fbfc933e96c897a76a7dd1781d18723f93c938e89b4df,DMS,5,5,5,6,True,home_fixed_start,last_service_stop_no_home_return,osrm_road_network,los_angeles_ca,driving,b6e34cb5876111291864d7a7a2fc1446b6d62f17d09ca225eb242f36f6261967,success,,55.35,67.185,False,2.0,411.6541999974288
"Los Angeles, CA",2026-06-15,059c93411eb1079bb0a2babf27b66b0b3b275cea533f3269e450d38883a214d5,DMS,5,5,5,6,True,home_fixed_start,last_service_stop_no_home_return,osrm_road_network,los_angeles_ca,driving,a59c1546d3a9a12a4681f836ce7795920248c1eda3c9728d786770b86532dd14,success,,32.3937,46.25666666666667,False,2.0,414.5791999762878
"Los Angeles, CA",2026-06-15,06a42e88e51f23b24dc4d31907d5865f27731da0719c9c3ea549fd9af0e2966f,DMS2,2,2,2,2,False,nearest_neighbor_best_start,last_service_stop_no_home_return,osrm_road_network,los_angeles_ca,driving,a8cdda3cdff945070e1428092db6e5b4e9cfc33bbd3cb8b9994e30cdba73a931,success,,13.375399999999999,13.223333333333333,False,2.0,401.0132000257727
"Los Angeles, CA",2026-06-15,08a007a07ff499743a77231ff8f905609a30468dcc5b90b1232b1cbe02ae79b3,DMS,3,3,3,4,True,home_fixed_start,last_service_stop_no_home_return,osrm_road_network,los_angeles_ca,driving,46fa8c83ded1cfe429d909f93b90e9f1a0fcb854f6172ba01781e262f568357a,success,,33.4814,37.08166666666667,False,2.0,433.5632999718655
"Los Angeles, CA",2026-06-15,1daea73c95c5a00f3cd441bed3362d23b6ca1c7ae53a5a92eee355ae9818b3ff,DMS,7,7,7,8,True,home_fixed_start,last_service_stop_no_home_return,osrm_road_network,los_angeles_ca,driving,893b6963792733d0288143b5100f7ec7f19b358bab36509ac25be20ba9e1d02f,success,,128.40630000000002,140.275,False,2.0,435.22509999456815
"Los Angeles, CA",2026-06-15,20f1efde2f01c8a9c883d5d9fa692d47840244ae61095527bd2f3531e339d4a5,DMS2,7,7,7,7,False,nearest_neighbor_best_start,last_service_stop_no_home_return,osrm_road_network,los_angeles_ca,driving,18b4b9c10d67d3b699ea03733e2608a132a226557cd688dab62c9ba7f3191e6b,success,,70.0366,78.58333333333333,False,2.0,429.1222000028938
"Los Angeles, CA",2026-06-15,22072e1b10a89b1ad52211f4af3ecce6b7819579412c081799f32a5eb278a71c,DMS,4,4,4,5,True,home_fixed_start,last_service_stop_no_home_return,osrm_road_network,los_angeles_ca,driving,107a30af0e03a045445b952948908d883fae0110cc5456f4682ad7dd64119177,success,,31.1877,39.690000000000005,False,2.0,420.99339998094365
"Los Angeles, CA",2026-06-15,24be9ed89db2fcf0e3f65b57e66d5945c637c91b4c22cd00fbc1d5fe95d3b073,DMS,2,2,2,3,True,home_fixed_start,last_service_stop_no_home_return,osrm_road_network,los_angeles_ca,driving,fd7831e5f87a1ea88a9f2e29215e55c10f7795078d6c6353b1d12af9c908a48a,success,,32.8408,31.326666666666664,False,2.0,402.5770000007469
"Los Angeles, CA",2026-06-15,27a28d84126c2d6fdf49cfd18e07d95071df1398568ac150f4d4b468da5c705f,DMS,2,2,2,3,True,home_fixed_start,last_service_stop_no_home_return,osrm_road_network,los_angeles_ca,driving,e0a5d700e22bb6883bc996b95930d3c0f486242be4af2d8f11b82fb8c4d7a520,success,,20.389599999999998,25.525,False,2.0,404.997400008142
"Los Angeles, CA",2026-06-15,332bb74ebb555361f727210ff8a0c539cdd5c0f27b4c2741444e81b21407d9ad,DMS,5,5,5,6,True,home_fixed_start,last_service_stop_no_home_return,osrm_road_network,los_angeles_ca,driving,f33f0f58adbba4193f2aaa987d0e0153920261e6de2011fe6983168bec6776a8,success,,797.6543,592.5116666666667,False,2.0,430.8753999939654
"Los Angeles, CA",2026-06-15,3ab601bd73b499016b5dcbe5b4d1009da60118dda291892620a881aa3aad57d6,DMS2,2,2,2,2,False,nearest_neighbor_best_start,last_service_stop_no_home_return,osrm_road_network,los_angeles_ca,driving,410232c1f5bad00f9869671fb2caf7c71ebbdedf59a536146118529472b20081,success,,65.0168,52.38333333333333,False,2.0,409.88890000153333
"Los Angeles, CA",2026-06-15,3b1bc9ee910c7b17541fd03cbcb90d94f9fc9034008a45af075f877f347a14f0,DMS,4,4,4,5,True,home_fixed_start,last_service_stop_no_home_return,osrm_road_network,los_angeles_ca,driving,872234e39dd37c11c1c5295e82cad4552f73bae73f1136c62bf86f1f8c7025c4,success,,41.3344,45.03666666666666,False,2.0,425.7475000049453
"Los Angeles, CA",2026-06-15,41a4d8eecf7212821bd3404194385c27672bd5dd50272975b1666ccccc3130cc,DMS2,3,3,3,3,False,nearest_neighbor_best_start,last_service_stop_no_home_return,osrm_road_network,los_angeles_ca,driving,6de4488680021400b6f5291871120b70a4f4c7f1d4780e5a44bb18b31bac0115,success,,5.9799,10.006666666666666,False,2.0,407.90399999241345
"Los Angeles, CA",2026-06-15,43f85704b13fbcf5bc40551b18f84e448b24dac1eb11c56174714487dffdf85b,DMS2,7,7,7,7,False,nearest_neighbor_best_start,last_service_stop_no_home_return,osrm_road_network,los_angeles_ca,driving,88968bb17182c87142e672ad1f7c9ca0e551c2a7f1219093e88c2e3ce05e46fc,success,,95.507,98.985,False,2.0,442.1392999938689
"Los Angeles, CA",2026-06-15,44feb80060cbc294a858fc46f2925379a00709f462677e74ad70e0514bcc14f8,ASC,2,2,2,2,False,nearest_neighbor_best_start,last_service_stop_no_home_return,osrm_road_network,los_angeles_ca,driving,0a8689dc08c903407e5a43d4da9df5eef7d544194a9c74773d504e7ecd5b50ff,success,,15.864,16.656666666666666,False,2.0,395.94710001256317
"Los Angeles, CA",2026-06-15,4df2b5aa8e01f2bd42692478410d8f2d48ef459bca6fb293a5c09abb250a2e0c,DMS,3,3,3,4,True,home_fixed_start,last_service_stop_no_home_return,osrm_road_network,los_angeles_ca,driving,734c4965c70e9ffe984678a281979ff90d0549c5b6e0f9cc6543492fe6a055c4,success,,12.3059,18.584999999999997,False,2.0,409.8278000019491
"Los Angeles, CA",2026-06-15,511f2c164f30f910fd86114abeccfa4b87d35ab768acc25500db3d7821a97fb4,DMS2,5,5,5,5,False,nearest_neighbor_best_start,last_service_stop_no_home_return,osrm_road_network,los_angeles_ca,driving,147984cfaf0548170ba75934a6aa678702717492287bac3750505fcca0935d02,success,,69.29,72.40333333333334,False,2.0,407.02329998021014
"Los Angeles, CA",2026-06-15,53415a04d2b0001fff51b69284c5575c0850dbfb717026387d1b35fb1cba2e28,DMS,7,7,7,8,True,home_fixed_start,last_service_stop_no_home_return,osrm_road_network,los_angeles_ca,driving,e9296575cbb38477da6bd48228d8b09edef1cc4f9eadcc4503aa7ca5aa7d3286,success,,84.0748,95.83999999999999,False,2.0,432.122599973809
"Los Angeles, CA",2026-06-15,6af6bffcbdf59176553bf43e74ceb7cb082b37425e5898e92a872f9630a8b660,DMS2,2,2,2,2,False,nearest_neighbor_best_start,last_service_stop_no_home_return,osrm_road_network,los_angeles_ca,driving,8e66ee4dc64b5f61a4f8ec92ffee7a41b7ce57e3ec45832c54186c58d5ceb887,success,,17.4793,22.56,False,2.0,402.87089996854775
"Los Angeles, CA",2026-06-15,6e6fe12668bfcdf6f7ade103841537eae46e4cc476bab886c9bf804cadb96b2f,DMS2,5,5,5,5,False,nearest_neighbor_best_start,last_service_stop_no_home_return,osrm_road_network,los_angeles_ca,driving,59e0f59cdedf0c50c00315c2cf2f5aba06f714a657434503b037b79aacc162eb,success,,79.0753,77.19,False,2.0,425.0294000376016
"Los Angeles, CA",2026-06-15,7afb2d8f2d69df15c8db33141cc25f7ccc404bd21a41a00b7d0eb48d9cc1decd,DMS2,2,2,2,2,False,nearest_neighbor_best_start,last_service_stop_no_home_return,osrm_road_network,los_angeles_ca,driving,49fd868d1e36b057da0f1e92e7f4634c2b4752a40fd9a760702f49b3fc67a1fa,success,,12.629,16.308333333333334,False,2.0,400.16150000155903
"Los Angeles, CA",2026-06-15,7bfb02bebfc41bd65d75979e69db818a7bafba2ecc3a6d2747fe58e1f9b9ab3c,DMS2,3,3,3,3,False,nearest_neighbor_best_start,last_service_stop_no_home_return,osrm_road_network,los_angeles_ca,driving,587988ed946fbf3b7ee6288bedd90b19712cacd81d7149b1de396d5c9b6513d4,success,,22.037200000000002,23.371666666666666,False,2.0,404.55459998338483
"Los Angeles, CA",2026-06-15,8017c36734f3013341cb8ae34613593be865737994051cc4c28c597e455ecb1b,DMS,1,1,1,2,True,home_fixed_start,last_service_stop_no_home_return,osrm_road_network,los_angeles_ca,driving,fbb6227ffbf1ef5f6f4b57a7d0d2970cbcb3a60a82e00d4ff2623c2ae6f4a0e4,success,,79.61619999999999,79.195,False,2.0,406.4343999780249
"Los Angeles, CA",2026-06-15,843854121c94c7cc696e43d122b6ddc9eadac4b54c77bb7f47484df9fc42d516,DMS2,1,1,1,1,False,nearest_neighbor_best_start,last_service_stop_no_home_return,osrm_road_network,los_angeles_ca,driving,c66500bbfd97ae012ba020263e2cb2fa47bb9f0662fd61c8b01947d40d6fb062,success,,0.0,0.0,False,0.0,0.0
"Los Angeles, CA",2026-06-15,9499ac63c9b5c0781da01c6021749c0a066f82426c5bb4da3174029734ee8f8c,DMS,5,5,5,6,True,home_fixed_start,last_service_stop_no_home_return,osrm_road_network,los_angeles_ca,driving,8fea65d66bd1b4d391fe19fc242dd45c4a47dba7e51ad13691f8d63795d27723,success,,30.285400000000003,47.440000000000005,False,2.0,428.0822999717202
"Los Angeles, CA",2026-06-15,975d9ceaf60e3f9cf7da21aa09d0198073c65d344149b19cbafce2be42d62215,DMS,9,9,9,10,True,home_fixed_start,last_service_stop_no_home_return,osrm_road_network,los_angeles_ca,driving,14cf10c3c48f0f95d3ffd11c07cfa97720997c331979d12a9a94d8976f1757e2,success,,63.6879,83.95,False,2.0,432.6608999981545
"Los Angeles, CA",2026-06-15,a734f4820d2ed25602868ea6d68d2ffb0ac5cf1f731c6cd75aeba6c741674937,DMS,3,3,3,4,True,home_fixed_start,last_service_stop_no_home_return,osrm_road_network,los_angeles_ca,driving,9f218035e29d8f9beb2d50f5754ebd568efca4708e5990934e8c292e5f2af881,success,,53.5713,56.355000000000004,False,2.0,415.6086999864783
"Los Angeles, CA",2026-06-15,adfca48921c7550c7f227986f7499a0bc0adeeef3baa29c7cd05e4d3d70fc083,DMS2,2,2,2,2,False,nearest_neighbor_best_start,last_service_stop_no_home_return,osrm_road_network,los_angeles_ca,driving,02bd7bb14cdacd5d56bcb890930a4b488d651a00c1d9250b9e2b63808c5bfe9e,success,,26.8109,24.45,False,2.0,408.2676999969408
"Los Angeles, CA",2026-06-15,b305685c93481500bf34a77d6d24a50903c0af640b3b5d7b336a10695e04e055,DMS,6,6,6,7,True,home_fixed_start,last_service_stop_no_home_return,osrm_road_network,los_angeles_ca,driving,3458e9737261b58a83587a1ab9166894ca1a48377899cf7e10abce1748f39171,success,,40.1238,56.84666666666667,False,2.0,428.5420999804046
"Los Angeles, CA",2026-06-15,b48f79f950f21e3f366c68eaaf77f65a9a99caca8aa9243067cda5fe49d6a1b8,DMS,1,1,1,1,False,nearest_neighbor_best_start,last_service_stop_no_home_return,osrm_road_network,los_angeles_ca,driving,bac768eb12784035781de16226f69787f164f6c49c55f0a74ae021b731110e52,success,,0.0,0.0,False,0.0,0.0
"Los Angeles, CA",2026-06-15,b91aa74985302f6ad28db4c49915b870b0628f409a891c7a1f8b7b43defe1357,DMS,2,2,2,3,True,home_fixed_start,last_service_stop_no_home_return,osrm_road_network,los_angeles_ca,driving,7e6806943af332477cb8a6c4ef578b1a4d14383965985cb79ab362299a5070c1,success,,25.1465,29.09333333333333,False,2.0,403.4018999664113
"Los Angeles, CA",2026-06-15,bfbe7aa62f185a4d5ad9af1ab4547f843524684d8317a35602b950df231f173b,DMS2,4,4,4,4,False,nearest_neighbor_best_start,last_service_stop_no_home_return,osrm_road_network,los_angeles_ca,driving,8a6670716baf1ef532e5469a2d9ee88161327cb9587ee28d58f9e786e4e76065,success,,63.438,65.365,False,2.0,422.0165000006091
"Los Angeles, CA",2026-06-15,c9f82db54c9501857bb00b722ffb45b6d0f0ac9b34d304ffc9424155bf7fc46a,DMS2,4,4,4,4,False,nearest_neighbor_best_start,last_service_stop_no_home_return,osrm_road_network,los_angeles_ca,driving,ebdabc06daf0a00f55200a5f6c8506506f16c6c58f5161ea6700f0db7d3bdf47,success,,55.5118,57.748333333333335,False,2.0,409.05459999339655
"Los Angeles, CA",2026-06-15,ceb9583c54cc6a574829738f503a21de2bbc9b769ee86c45a72d32e6df856f44,DMS,3,3,3,4,True,home_fixed_start,last_service_stop_no_home_return,osrm_road_network,los_angeles_ca,driving,2c718fd319eda47807752c4b1c929da278f525405ae6d3b079258cee2843d170,success,,94.696,83.02833333333334,False,2.0,410.7826999970712
"Los Angeles, CA",2026-06-15,cf695362cb66ea6084b509b71bf69fbc1e72e3b3123f6969a79565edbf261321,DMS2,2,2,1,1,False,nearest_neighbor_best_start,last_service_stop_no_home_return,osrm_road_network,los_angeles_ca,driving,ba95d9b2b83e2e07b1026a4b9df1581a6fb6fc4080a711346934eb1d19b53cb8,success,,0.0,0.0,False,0.0,0.0
"Los Angeles, CA",2026-06-15,d43248aa16465463c84d1d144642ffdd9f7e88903ef4459924dfda2fd10b1ee4,DMS2,12,12,12,12,False,nearest_neighbor_best_start,last_service_stop_no_home_return,osrm_road_network,los_angeles_ca,driving,f5008d80ea7dd07ae3dd037b161a1ed875d7a9151177edc45f8508abebe09159,success,,364.9045,337.7366666666667,False,2.0,465.1488999952562
"Los Angeles, CA",2026-06-15,d58066baa8820ead8b141f09468589c4fed4ff05aab74ab136d8b4ca371f5b17,DMS,1,1,1,1,False,nearest_neighbor_best_start,last_service_stop_no_home_return,osrm_road_network,los_angeles_ca,driving,b99d8867230e740e2d13776bd4621f814a9da22dc28a38013814313606635877,success,,0.0,0.0,False,0.0,0.0
"Los Angeles, CA",2026-06-15,d7cc0a653fd2aade5c2af1e37711268402e25fb4bc873bcd3a8970cf3043132d,DMS,6,6,6,7,True,home_fixed_start,last_service_stop_no_home_return,osrm_road_network,los_angeles_ca,driving,f438a756ae1d38c79190070c58077acd7515f2d44d21c25d34f07c3ddaca0ce5,success,,46.6244,60.03,False,2.0,412.16789997997694
"Los Angeles, CA",2026-06-15,dffdba7aaf9c94d89e61cba77a668938d8f59ae283f85da3ec93aec16f4ae561,DMS2,2,2,2,2,False,nearest_neighbor_best_start,last_service_stop_no_home_return,osrm_road_network,los_angeles_ca,driving,d8f83f8d9dcf1a1223543fc8549c09ddb055db9d64259ad835c5fdd9ef18999d,success,,9.1315,10.325,False,2.0,407.611700007692
"Los Angeles, CA",2026-06-15,f3b93b9a7110b909f0cc34b7c85529cef6338a8df6325a6ce470646e5d126c1b,DMS,5,5,5,6,True,home_fixed_start,last_service_stop_no_home_return,osrm_road_network,los_angeles_ca,driving,c52a25ed3d1219b097a3e24cdd1103b45e5df3ffb5c3d3171ed2980dcdf3bc9b,success,,40.9526,54.81666666666667,False,2.0,406.4448999997694
"Los Angeles, CA",2026-06-15,f3d15ceed65086422efb3b9337649f354a9320b8456d6b90aec9fea72663f286,DMS,2,2,2,3,True,home_fixed_start,last_service_stop_no_home_return,osrm_road_network,los_angeles_ca,driving,8e64adc9bd90af0a6e7bb2099a51246455116fe460e9c82c21785dd913a6994a,success,,92.1511,86.78999999999999,False,2.0,404.86300000338815
"Los Angeles, CA",2026-06-15,f51efc9d715744eba3938e9652fc55c8c2386e62f23caf88cda985e28db62975,DMS,5,5,5,6,True,home_fixed_start,last_service_stop_no_home_return,osrm_road_network,los_angeles_ca,driving,59b2619fadbd2bcd8cdd2f6ff0022b771d2bd915fed97edcb3f72b34b6603298,success,,45.212900000000005,55.44166666666667,False,2.0,404.98680001473986
"Los Angeles, CA",2026-06-15,f7055785f586ca0f9963a4beae5e3d22e2e28fd235ce2d45fe9136e5d9f4def8,DMS,4,4,4,5,True,home_fixed_start,last_service_stop_no_home_return,osrm_road_network,los_angeles_ca,driving,16eaf6a93a86eea4a34c9a41ff9fcd7797b6c7d5ffbf5fa8f54f064d8e930a05,success,,53.1406,65.41333333333334,False,2.0,416.73150000860915
"Los Angeles, CA",2026-06-15,fbdc6b25da18fa20ddba9d655f3fd58b56547c5f79cb4572fc00b227c88fd834,DMS,1,1,1,1,False,nearest_neighbor_best_start,last_service_stop_no_home_return,osrm_road_network,los_angeles_ca,driving,922d598913fd4f9c75d963885ea8c18b8eedf6031081cc528c08f5f3b0d113b6,success,,0.0,0.0,False,0.0,0.0
"Los Angeles, CA",2026-06-15,fd5b1ed6e919fa4567c72c776f217747a697f87a3570e7f11603f1450d6bf20d,DMS,5,5,5,6,True,home_fixed_start,last_service_stop_no_home_return,osrm_road_network,los_angeles_ca,driving,1d8889f75397a0c4d71ab2bc8e22572105549e8a509a66876f3a2821fbda8929,success,,39.488,51.92166666666667,False,2.0,415.84279999369755
"Los Angeles, CA",2026-06-15,ff5d21c82f3dc78170c90d27dd7f44f593b0e4ac7741a03e149f8e239873463b,DMS2,3,3,2,2,False,nearest_neighbor_best_start,last_service_stop_no_home_return,osrm_road_network,los_angeles_ca,driving,46892f41d7442bea6656c4cc1eaf8af50ccec72aa7bcd2849b05322f0397748d,success,,2.5671,4.761666666666667,False,2.0,410.36420001182705
"Los Angeles, CA",2026-06-16,0163f1988e61db367dadd25935018f924fbcd68e5d5f3c783f82b1b4cce936be,DMS2,1,1,1,1,False,nearest_neighbor_best_start,last_service_stop_no_home_return,osrm_road_network,los_angeles_ca,driving,9a3191ac74b6f7ad28c80eda6d21777a08038e323d9e7252641e6544a4793184,success,,0.0,0.0,False,0.0,0.0
"Los Angeles, CA",2026-06-16,056b19c8685378f6588b68c520da1dd8d81da367d2c981ab84584cfd7f52e387,DMS2,1,1,1,1,False,nearest_neighbor_best_start,last_service_stop_no_home_return,osrm_road_network,los_angeles_ca,driving,11b1e75593799a4bc5bb5e921a03a0a51e19302c843bfed3f2c64f6c63cdbbd6,success,,0.0,0.0,False,0.0,0.0
"Los Angeles, CA",2026-06-16,06733e810f87d71528c45a5aefacd42c9fb0653f77ac630d8c638dffae89201f,DMS2,1,1,1,1,False,nearest_neighbor_best_start,last_service_stop_no_home_return,osrm_road_network,los_angeles_ca,driving,68764244b3b3aa1b52705ce5d5797a788d76c1f87d2146dc6eb6004c99458b7a,success,,0.0,0.0,False,0.0,0.0
"Los Angeles, CA",2026-06-16,084c22f78e7f526c81c4e8f152105a00d92ae16f5a44c1a47c2ed7291cb298fb,DMS,4,4,4,5,True,home_fixed_start,last_service_stop_no_home_return,osrm_road_network,los_angeles_ca,driving,0f12f308daca7b680e0bfa922627061647f9be0e0eb62eccd50d59449ce4eb36,success,,45.348,53.79,False,2.0,407.99279999919236
"Los Angeles, CA",2026-06-16,0971b2af8da94346fe2a7c86e5276c57cedb03af3d95fd3b68e7cf1201c7aace,DMS2,5,5,5,5,False,nearest_neighbor_best_start,last_service_stop_no_home_return,osrm_road_network,los_angeles_ca,driving,10b8d0528d0f2640c3973f371e5b1899eac1269862c1bc0383cf931b1ea235b7,success,,38.0788,43.89833333333333,False,2.0,419.80400003376417
"Los Angeles, CA",2026-06-16,109b19cac4e4959d6faf418a4facbfe488671c2b731b5f4d5ac2873c92d88f45,DMS,2,2,2,3,True,home_fixed_start,last_service_stop_no_home_return,osrm_road_network,los_angeles_ca,driving,d0aadc46127d91497d4967d62331d9c0ffd8a25a254c4db4f649d430bc006aff,success,,33.3018,50.123333333333335,False,2.0,413.8818000210449
"Los Angeles, CA",2026-06-16,12658a2c12910badc401f4d0644a1a6421732b0b47c63fae290bed6b32b0ec25,DMS2,2,2,2,2,False,nearest_neighbor_best_start,last_service_stop_no_home_return,osrm_road_network,los_angeles_ca,driving,7cb185b8b377fc2c4aa3c9c1bfb2fbba97dd421cd5cfabd1b2fea71e078ecb11,success,,106.9802,88.99,False,2.0,419.74470001878217
"Los Angeles, CA",2026-06-16,1725991ef3c3df410f59c68f4d1addd7ee28a027f2d5acabb4780ea50d0da975,DMS2,3,3,3,3,False,nearest_neighbor_best_start,last_service_stop_no_home_return,osrm_road_network,los_angeles_ca,driving,17e4af480e1df862c0b24c7750a8958b44172da618f2196b05b7e3e387258777,success,,9.8318,14.735000000000001,False,2.0,397.90320000611246
"Los Angeles, CA",2026-06-16,1d221b0f46284ad2df72308952f987d0e2493fd52b869ff69b893d5548bee15b,DMS,4,4,4,5,True,home_fixed_start,last_service_stop_no_home_return,osrm_road_network,los_angeles_ca,driving,a0b7b7ed2df0159103b38713ecadd41358eb21f691f2b26284479d6a5530a671,success,,118.62519999999999,122.275,False,2.0,410.49050001311116
"Los Angeles, CA",2026-06-16,25d9e4e871e89a9a1cf50cfde18f820f00aeef3dc972002a298bd70815ca847b,DMS2,3,3,3,3,False,nearest_neighbor_best_start,last_service_stop_no_home_return,osrm_road_network,los_angeles_ca,driving,9d7d8303b4619aabf541a367f05bf77e6ff5fcdcdccdc664029628d7be9afc1e,success,,20.6773,21.783333333333335,False,2.0,407.17059999587946
"Los Angeles, CA",2026-06-16,2e3f189a3bba0396526aa8b2196fa3f6a6705041a3affccec39be3fa46d72a0d,DMS2,1,1,1,1,False,nearest_neighbor_best_start,last_service_stop_no_home_return,osrm_road_network,los_angeles_ca,driving,029d5141cb69ee7e980de4a5c31d13a5fa0429e8e576044360e0d9624cddb959,success,,0.0,0.0,False,0.0,0.0
"Los Angeles, CA",2026-06-16,30a04c2a1376bd28c05a2fdbb4438701ee2649db19a6c266922089d1e623e3da,DMS,2,2,2,3,True,home_fixed_start,last_service_stop_no_home_return,osrm_road_network,los_angeles_ca,driving,67f2726a31a5079849f01bfc7991a11bba170737d876c7aec917b908f8be179e,success,,86.1314,69.45166666666667,False,2.0,407.21569999004714
"Los Angeles, CA",2026-06-16,36bfac81f232144c0096dc0b655bbbde4ad10a3bcbcdde25db238e4eb123b185,DMS,4,4,4,5,True,home_fixed_start,last_service_stop_no_home_return,osrm_road_network,los_angeles_ca,driving,84a5ea0ab2ac287d1eeb950063ac31f380850111bc55658aa95bc2bbe90af45a,success,,46.5346,52.02333333333333,False,2.0,424.8632000235375
"Los Angeles, CA",2026-06-16,3bc2ffe23a39db67891a963d1c716898da00941fdf9e15b4b2c789995807a4f4,DMS,6,6,6,7,True,home_fixed_start,last_service_stop_no_home_return,osrm_road_network,los_angeles_ca,driving,ef2ae732c42e15c5fa4dce4164aa1b63ac413a0d35b8426265f2fed7291127db,success,,105.94239999999999,111.21166666666666,False,2.0,412.0165999920573
"Los Angeles, CA",2026-06-16,3d13ba289fd734f44560c98d3fbc13a3a187a35ab1e318aec4b151510258457d,DMS,4,4,4,5,True,home_fixed_start,last_service_stop_no_home_return,osrm_road_network,los_angeles_ca,driving,fe4f308b8e34091b91d246e70d36403cde896ca566cfe5c1b3d57e111c5decac,success,,63.810199999999995,64.85,False,2.0,423.27290002140217
"Los Angeles, CA",2026-06-16,416b64652ea11586d9832a706b9724f681acde669c45bbed07cd6a13fbc5be4c,DMS2,4,4,4,4,False,nearest_neighbor_best_start,last_service_stop_no_home_return,osrm_road_network,los_angeles_ca,driving,012daf7e786eb75dc6a41840f0a782623b30891f8cdb62fdb56f34485eef1dba,success,,60.791,62.16833333333333,False,2.0,418.28960002749227
"Los Angeles, CA",2026-06-16,47a381598bb722cffbdcdc95e1fb76e68e5f18917832c144fc1d9123f8e33149,DMS,6,6,6,7,True,home_fixed_start,last_service_stop_no_home_return,osrm_road_network,los_angeles_ca,driving,1933eb2bc6221aca5302e26938063ede9bffbbf4c9e69d4c6019fcb852f8d5c9,success,,115.9712,123.86,False,2.0,422.5092999986373
"Los Angeles, CA",2026-06-16,52a2d5dac28778fe9563719b46a9b5dc24307630058c9a6d5b9592aec3477edb,DMS,5,5,5,6,True,home_fixed_start,last_service_stop_no_home_return,osrm_road_network,los_angeles_ca,driving,62660e11ddbfd73e6ab81a73c57172f3365e46b67e2b37b7ca62374803fc0ca0,success,,36.276199999999996,44.836666666666666,False,2.0,426.93630000576377
"Los Angeles, CA",2026-06-16,52f45af0de91548cbe3529690e8b9671e5f879c6a3fad62d0e4e4e9bd270c0dc,DMS,4,4,4,5,True,home_fixed_start,last_service_stop_no_home_return,osrm_road_network,los_angeles_ca,driving,2f6bda45c5425c53038f16e96789c5ee90fccff03495ec2525bc737a9bacf485,success,,42.6521,52.27833333333333,False,2.0,409.6344999561552
"Los Angeles, CA",2026-06-16,5e198f0bb5a68a9d4ce99a8ffeb2431a97c4b280cd661baf4df2fb726fd1a4c6,DMS,4,4,4,5,True,home_fixed_start,last_service_stop_no_home_return,osrm_road_network,los_angeles_ca,driving,7e1eab2129f5c86b45954a12c1e480f9b0242c8322ec69d286ea818ade1a788d,success,,34.933,40.016666666666666,False,2.0,405.7704000151716
"Los Angeles, CA",2026-06-16,6e60128b93ea7e1fe935a72b04d83c86db72b7c914369c9f5a1a6096ba3da768,DMS2,5,5,5,5,False,nearest_neighbor_best_start,last_service_stop_no_home_return,osrm_road_network,los_angeles_ca,driving,9acc0f9058bd21f84477c645d90df53e5bd89ab09ef1ae53fd86556931305f42,success,,45.962,59.068333333333335,False,2.0,437.6963999820873
"Los Angeles, CA",2026-06-16,78fafa3fecdd775e57a4c73b32b997595f142dcd9c7078f449c55e7aecd30eda,DMS,2,2,2,3,True,home_fixed_start,last_service_stop_no_home_return,osrm_road_network,los_angeles_ca,driving,b9447e5a6e48fac26710ba3656b9af06a419af7c6084b09c4b5b12533d6781d7,success,,21.2909,26.051666666666666,False,2.0,411.5481000044383
"Los Angeles, CA",2026-06-16,8911551ead8d281d48d8bdbc16d2c89f714ded3a8a77be15078d19c66569742b,DMS2,4,4,4,4,False,nearest_neighbor_best_start,last_service_stop_no_home_return,osrm_road_network,los_angeles_ca,driving,f17613795763c6c1ec0bf03bb3df403a89ab7a01bf18a94e5cc8abb1795545d9,success,,59.512800000000006,60.94666666666667,False,2.0,411.9310000387486
"Los Angeles, CA",2026-06-16,8b17cd5b768e86b666680365f4da00461bbe28df902d2a11a6ec1363a9c18a25,DMS,2,2,2,3,True,home_fixed_start,last_service_stop_no_home_return,osrm_road_network,los_angeles_ca,driving,343556de602dbd6782a28636abc5b67c6af1cca632a8fe9a918fceaef915a6ee,success,,12.770100000000001,17.298333333333336,False,2.0,422.95029998058453
"Los Angeles, CA",2026-06-16,95b546557cf1d65e82c1ba79ea32c223f8a6a68dad1bab661091f6d751273f0d,DMS,6,6,6,7,True,home_fixed_start,last_service_stop_no_home_return,osrm_road_network,los_angeles_ca,driving,82eb871c0a5a24985bf5cc41afee5ede949371e2516ba75fd3e625a08dccb3b6,success,,56.5863,67.72333333333333,False,2.0,428.9075999695342
"Los Angeles, CA",2026-06-16,9a03736ac7efd830a1e490f97b774226e88f453c220583bd1c3d181640fbe95c,DMS,4,4,4,5,True,home_fixed_start,last_service_stop_no_home_return,osrm_road_network,los_angeles_ca,driving,09000acbefbce363e80527e58ec67957b74c0a05c9f97b0ae36cf75ba2f04cde,success,,53.085800000000006,55.306666666666665,False,2.0,410.33760001300834
"Los Angeles, CA",2026-06-16,9a2e86515038f1b05d0598b7b5358c9321b683b88c89b6bf154382ddc32ee09a,DMS,5,5,4,5,True,home_fixed_start,last_service_stop_no_home_return,osrm_road_network,los_angeles_ca,driving,7136efe7409546611e0d1daeca89d13b1b124a81fe1ef5a41c55a28fc0c5c9d1,success,,26.144599999999997,32.73166666666667,False,2.0,424.8525000002701
"Los Angeles, CA",2026-06-16,9e04df94ea94b7731145908f465e288cd5f809828c8441bf4e8128ae9228f88d,DMS,5,5,5,6,True,home_fixed_start,last_service_stop_no_home_return,osrm_road_network,los_angeles_ca,driving,dda794175f2f652c99ebaad1299db3a5cb6ad70c46822b28afef0e6061642d49,success,,35.1094,52.13166666666667,False,2.0,420.95729999709874
"Los Angeles, CA",2026-06-16,9f6bf20e51148a77e578e2b6449d7e6530e932041db55ac100090ae565cb7e56,DMS,4,4,4,5,True,home_fixed_start,last_service_stop_no_home_return,osrm_road_network,los_angeles_ca,driving,7fea7f9e6d79ace1fe834d617e9403cdb0b0fac48088b1bfa087474a0ca03ee5,success,,59.5085,62.480000000000004,False,2.0,408.90789998229593
"Los Angeles, CA",2026-06-16,9f99435c7273a2ae9e98878b194c07d9ff799165de0a0f89b34ef10e80102c59,DMS,5,5,5,6,True,home_fixed_start,last_service_stop_no_home_return,osrm_road_network,los_angeles_ca,driving,ccbd95784810b9592b09cd3b06bef5a3de176ac46451c9ae45ac1f9004123436,success,,44.2255,54.15833333333333,False,2.0,413.6043999751564
"Los Angeles, CA",2026-06-16,a70a33acd760da0dc3db4b6cdc132d3cf2c892ddd083110afa2782e1cb10cbd6,DMS,2,2,2,2,False,nearest_neighbor_best_start,last_service_stop_no_home_return,osrm_road_network,los_angeles_ca,driving,8d52b592631ba2245426ddc2aa7326468ef833d231a5143e60c7cc4fcbf12ec0,success,,6.395,8.33,False,2.0,414.7285000071861
"Los Angeles, CA",2026-06-16,a8f5456f8a0f1684351bc3828b6943f0c43f6a2590a2d3225a54814f584c4bc0,DMS2,18,18,18,18,False,nearest_neighbor_best_start,last_service_stop_no_home_return,osrm_road_network,los_angeles_ca,driving,372577db6490f6e0e846241158e0c702d0fe138b28a2b52bc334ceeca3cd2fa0,success,,282.16659999999996,292.35999999999996,False,2.0,514.9272999842651
"Los Angeles, CA",2026-06-16,ba865c022c5b2a2c0ffbab7034195968d1fdee231118f2caebf1e01ef8641f4e,DMS2,2,2,2,2,False,nearest_neighbor_best_start,last_service_stop_no_home_return,osrm_road_network,los_angeles_ca,driving,8d1ec7f954cd3be5fc632b0f632dafc722d5569a23e675896d990e3d2210835f,success,,12.7966,13.84,False,2.0,402.7688000060152
"Los Angeles, CA",2026-06-16,c3f7ebe6cc6fc9a74dc9cc64391eae4001b1cb912b61a6573f996c31a22d43cd,DMS,4,4,4,5,True,home_fixed_start,last_service_stop_no_home_return,osrm_road_network,los_angeles_ca,driving,bd7f1c0376b1152ae7dee4709b8ef7bb945355af266058a0ec862b7ba324bc29,success,,33.7436,40.248333333333335,False,2.0,398.81029998650774
"Los Angeles, CA",2026-06-16,c98ff6b9f6fcf78ba8357cf833e790d7367c7e1486a31567c7c97b610967fc58,DMS,6,6,5,6,True,home_fixed_start,last_service_stop_no_home_return,osrm_road_network,los_angeles_ca,driving,9461918336c9e3dbba8d62d39cb70b9b75421202efd6f4f6308435a8a33cd58c,success,,85.874,92.57833333333333,False,2.0,416.1820000153966
"Los Angeles, CA",2026-06-16,d250887ac08582f960ea95361c26a634d305af3474ede18ba9e2853a4dadd912,DMS2,2,2,2,2,False,nearest_neighbor_best_start,last_service_stop_no_home_return,osrm_road_network,los_angeles_ca,driving,ea7b8830c87d1a121900708c021056f1dd74f5480aba21016d2419580f09cf93,success,,46.4994,39.33166666666667,False,2.0,407.38340001553297
"Los Angeles, CA",2026-06-16,d64593a3d32f9ff7b9cb72c0419ced0a60705fc14e54cdfcd10c2ba6a04978bb,DMS,4,4,4,5,True,home_fixed_start,last_service_stop_no_home_return,osrm_road_network,los_angeles_ca,driving,898edbcce02ace8cbcbb80b3f15f1d923d9c677b43b8ba4d7fbebc421686a458,success,,30.6437,40.53333333333333,False,2.0,412.40870000910945
"Los Angeles, CA",2026-06-16,de0ed70a248bb54baa9fc7154726a5330f126264267ed60b1a8fc9ac884533fc,DMS,5,5,5,6,True,home_fixed_start,last_service_stop_no_home_return,osrm_road_network,los_angeles_ca,driving,3ca71a65717975d4e556fc119c03fd930d1a0dde08b566ee3894c433a049ed8f,success,,57.408699999999996,68.48166666666665,False,2.0,405.75730000273325
"Los Angeles, CA",2026-06-16,e3744dfd589ffdf6c98317b599569a51b873c646cb06f4040067594eb4b1cdac,DMS2,2,2,2,2,False,nearest_neighbor_best_start,last_service_stop_no_home_return,osrm_road_network,los_angeles_ca,driving,9d7bb0163636251ac47a5d4b29a3823453c19fe66416eeab302395060f422292,success,,36.5577,29.68166666666667,False,2.0,399.97570001287386
"Los Angeles, CA",2026-06-16,e63a363765e3c00fbd43adcf8676a9d3d3411f0894bd6d725565d84baf968ae7,DMS,1,1,1,2,True,home_fixed_start,last_service_stop_no_home_return,osrm_road_network,los_angeles_ca,driving,d4ebee76bfc1610bb5fb1310405ff5bc508014c4a9d00f4418830da62dca4dc7,success,,14.485700000000001,15.853333333333333,False,2.0,411.01290003280155
"Los Angeles, CA",2026-06-16,ed100aa56e960361b383ee933ceefe2b695c62422302c36ddef8f87be919328b,DMS2,1,1,1,1,False,nearest_neighbor_best_start,last_service_stop_no_home_return,osrm_road_network,los_angeles_ca,driving,3c4ba5df18899f7344db266206fb1aa03fb67a79f995b04d4536259b9c77cbe8,success,,0.0,0.0,False,0.0,0.0
"Los Angeles, CA",2026-06-16,f0dc88757e75aad59500226e185af227a63ed7e9bb0ddbdb099cf6774c6918f3,DMS,2,2,1,1,False,nearest_neighbor_best_start,last_service_stop_no_home_return,osrm_road_network,los_angeles_ca,driving,4295674e0fbdd9341779cbe438a2d90b38c19b179e18ea37b93f2fec97e2858a,success,,0.0,0.0,False,0.0,0.0
"Los Angeles, CA",2026-06-16,f23e3cda09f5646a80cc6d4fa310f20197a83f66b906c1ccc34e137edb078973,DMS2,1,1,1,1,False,nearest_neighbor_best_start,last_service_stop_no_home_return,osrm_road_network,los_angeles_ca,driving,508045449ad8f96ddd9ae09bb4fe54d79d7601e8646154845bd31e8b93448af5,success,,0.0,0.0,False,0.0,0.0
"Los Angeles, CA",2026-06-16,f64851cc9ca5b41986929aa504c2a979b4d24cd12f802ed98eea4129466ccd4e,DMS2,6,6,6,6,False,nearest_neighbor_best_start,last_service_stop_no_home_return,osrm_road_network,los_angeles_ca,driving,c03441ee7efe0767ff6c193d2f936f2490193e5d5b046d0e2c4db00ab70d6feb,success,,87.11880000000001,84.47333333333333,False,2.0,423.66129998117685
"Los Angeles, CA",2026-06-16,f74a66e4c8ea4ee5daa463a3eef649c9b1671f81f0c9fed243f858c6a4cfcdfb,DMS,4,4,4,5,True,home_fixed_start,last_service_stop_no_home_return,osrm_road_network,los_angeles_ca,driving,34073c1cfd9812d534581516f2b36ebc184f397b5fc875b9a3dcb33fd46a766e,success,,29.7189,41.516666666666666,False,2.0,410.60919998562895
"Los Angeles, CA",2026-06-16,f9c78971fc9ce1818e689a1753d71c78130c290f8f2b3a1b1ccc58ed6e712efe,DMS,2,2,2,3,True,home_fixed_start,last_service_stop_no_home_return,osrm_road_network,los_angeles_ca,driving,3094695382ab58e93e22a4e2dc92a16894b8307a0f0aead973339be6fb790216,success,,27.9958,30.703333333333333,False,2.0,418.185699993046
"Los Angeles, CA",2026-06-17,00260ad61783f87f58451b2458e0ecbe8dbe099e4ad9844d9435efa9b430f239,DMS,7,7,7,8,True,home_fixed_start,last_service_stop_no_home_return,osrm_road_network,los_angeles_ca,driving,81fd63c745bf045390127a2521f61fdd3a2848db99a4d70958aac46647b676a6,success,,59.4138,79.61999999999999,False,2.0,425.07329999352805
"Los Angeles, CA",2026-06-17,03fda20c12f8c2ce6d1794ce9449f9f96e4ba02346dc94c9fd7b4b511ef50df6,DMS,6,6,6,7,True,home_fixed_start,last_service_stop_no_home_return,osrm_road_network,los_angeles_ca,driving,8af8e26aa9f7120057e659496dfdb61ff91a26b2f5cbc7ccccba574aedf5a375,success,,56.991800000000005,65.74,False,2.0,416.9506999896839
"Los Angeles, CA",2026-06-17,1247168a95c7d038be45667e89c888bf69975789117f906aa3910fe4228ea347,DMS,3,3,3,4,True,home_fixed_start,last_service_stop_no_home_return,osrm_road_network,los_angeles_ca,driving,e2d5fbb6bb8b3d144bc9748f17d31eeb1d3825a5e3595b7d6b38ef1dc8c2d782,success,,14.5428,20.795,False,2.0,403.6404999787919
"Los Angeles, CA",2026-06-17,19b58056d5f53d7c51721c2792f6792cfd4c662c9dce5979e995e667061354eb,DMS2,2,2,2,2,False,nearest_neighbor_best_start,last_service_stop_no_home_return,osrm_road_network,los_angeles_ca,driving,e6c5e3584a9711f3f4b0a520e215b86393fd387221fb5c5a58ad2b7e3e0d2a85,success,,14.6314,13.336666666666668,False,2.0,411.69710000394844
"Los Angeles, CA",2026-06-17,19d34ab79c5ec940308b60c63a0a6e548289da778f2192cfd02c0037d4334e29,DMS,1,1,1,1,False,nearest_neighbor_best_start,last_service_stop_no_home_return,osrm_road_network,los_angeles_ca,driving,de10de455c8e5c56e4d00a74f6745e4f7e507495800ff86c7c6dcb2712365066,success,,0.0,0.0,False,0.0,0.0
"Los Angeles, CA",2026-06-17,1df734fae04bc270d9e442bf8982afc13673474468a2626861cddf61e68ede86,DMS2,1,1,1,1,False,nearest_neighbor_best_start,last_service_stop_no_home_return,osrm_road_network,los_angeles_ca,driving,35ca7bff14600929ffc62f6eff10a384e9c943dc99860e7513c35385cc0eeb41,success,,0.0,0.0,False,0.0,0.0
"Los Angeles, CA",2026-06-17,268f50eae5fcdf39a7548a06748d283a9c60460b16031e0443d650c45d80d0aa,DMS2,5,5,5,5,False,nearest_neighbor_best_start,last_service_stop_no_home_return,osrm_road_network,los_angeles_ca,driving,030ebf6416d3ca044b56035d441aaad898d64d3de94262264f4ce3f62b908064,success,,79.7152,81.2,False,2.0,424.58509997231886
"Los Angeles, CA",2026-06-17,2d02f230e3bdb832d986c04c6971a616922aab64ed288ab330ef2e63f61c2085,ASC,1,1,1,1,False,nearest_neighbor_best_start,last_service_stop_no_home_return,osrm_road_network,los_angeles_ca,driving,28d3557e2b21ea129e4138a99b08a2817c5abc02864dc4c949d8561afd71dac2,success,,0.0,0.0,False,0.0,0.0
"Los Angeles, CA",2026-06-17,2f67a389158f9082b38130c43d604096967eab7724e095635e483a193e56db1e,ASC,1,1,1,1,False,nearest_neighbor_best_start,last_service_stop_no_home_return,osrm_road_network,los_angeles_ca,driving,88924494f80709072d384053702884e91d9df12bea3e38452d890aa92e9953f4,success,,0.0,0.0,False,0.0,0.0
"Los Angeles, CA",2026-06-17,31e12afc50c2bceb2c1275a11082537808c74e6707403b23b7db940a0097242c,DMS,3,3,3,4,True,home_fixed_start,last_service_stop_no_home_return,osrm_road_network,los_angeles_ca,driving,c31a8b16af532a800a51930c62fd2e6af12bb3680bbe9d9f382d31183fc2584c,success,,54.269400000000005,58.431666666666665,False,2.0,414.5985999784898
"Los Angeles, CA",2026-06-17,3202ec62e96f1c06aa09859b01f08cc7c71eed327b39b193fed9f2be3347d6f3,DMS2,5,5,5,5,False,nearest_neighbor_best_start,last_service_stop_no_home_return,osrm_road_network,los_angeles_ca,driving,fb486ac6ec86210575a5d8cf5fdc56798fe491e627c3b5cec3bdf9497a9d95d5,success,,95.1423,89.89333333333335,False,2.0,446.86809997074306
"Los Angeles, CA",2026-06-17,34bfa084036eb6e649f67a2621e269d0d895cdce092233d5f11c3e52eba44ec6,DMS2,1,1,1,1,False,nearest_neighbor_best_start,last_service_stop_no_home_return,osrm_road_network,los_angeles_ca,driving,22e50d33b4c106676114c1f4b74994576a20ad5f84464879f02893602a6d5125,success,,0.0,0.0,False,0.0,0.0
"Los Angeles, CA",2026-06-17,412733ca0dfcf631ada576605322db8ca7d5da6fbf007430c7149a24bccacb3d,DMS2,5,5,5,5,False,nearest_neighbor_best_start,last_service_stop_no_home_return,osrm_road_network,los_angeles_ca,driving,0c4aab3bafde81ee59e66c17ad9d9c5ba5bac8e2654aa8d5a2879bb80915541c,success,,146.54489999999998,122.27,False,2.0,419.4939000008162
"Los Angeles, CA",2026-06-17,4a83f8269d9c66ce6c018f79b103246d712957b072cb3a1b7945764428f4ef70,DMS,4,4,4,5,True,home_fixed_start,last_service_stop_no_home_return,osrm_road_network,los_angeles_ca,driving,325d95e335a8cec4e2ff2607c6d5c905c12669e10cfe915ba2f9ac9e87301420,success,,50.2557,52.11,False,2.0,403.3671999932267
"Los Angeles, CA",2026-06-17,516b38848febbc45571b01be5f39ca3239a0203e56d9168ae2f79e0e9ded0a11,DMS,3,3,3,4,True,home_fixed_start,last_service_stop_no_home_return,osrm_road_network,los_angeles_ca,driving,a737359da547d37d8ce57bb2657ab0f94bb59e0c5780cdab289894c36831ec0c,success,,43.5781,44.763333333333335,False,2.0,405.32859999802895
"Los Angeles, CA",2026-06-17,578a01e176b3491de97d2304db9654e65dd472f70e9d59343e3404196f4b0373,DMS2,2,2,2,2,False,nearest_neighbor_best_start,last_service_stop_no_home_return,osrm_road_network,los_angeles_ca,driving,02747a15934d31859708b2794b0868296fab355b763d131d9073d5e93549f7de,success,,8.2665,10.343333333333334,False,2.0,396.51110002887435
"Los Angeles, CA",2026-06-17,5f938298fdb777b0f59c948390ba233c3fafc22814db39d9050bef124bec2360,DMS,1,1,1,2,True,home_fixed_start,last_service_stop_no_home_return,osrm_road_network,los_angeles_ca,driving,32fdb14988effa02ab7184e7475892e42d12cf8d0af3d0bf0403bbaec5f7d61f,success,,24.4198,27.525,False,2.0,409.52010001637973
"Los Angeles, CA",2026-06-17,6d9ee6e70f4775955bcf3851658d3f925af307f14b8be706926350e4067dee34,DMS,1,1,1,2,True,home_fixed_start,last_service_stop_no_home_return,osrm_road_network,los_angeles_ca,driving,25edcc839d035552413aa314755e4d906569fed7a8c2ebdc199827b45f7997f0,success,,29.5846,28.220000000000002,False,2.0,419.43449998507276
"Los Angeles, CA",2026-06-17,72a9ba14669a0b8d5530ee13bc4a285d4d3aa5af51d74487da01436afa8e89e9,DMS,3,3,3,4,True,home_fixed_start,last_service_stop_no_home_return,osrm_road_network,los_angeles_ca,driving,582aff2be70a0d671c4b98f545409fc244e3a3fe8b331471ad6e6de5cb8c6ea6,success,,51.186099999999996,55.725,False,2.0,411.973999987822
"Los Angeles, CA",2026-06-17,72c5d370cea960a8f3bde231724bbd046e5ed8ba139ccf51f7e1f6fbc1de7783,DMS2,2,2,2,2,False,nearest_neighbor_best_start,last_service_stop_no_home_return,osrm_road_network,los_angeles_ca,driving,46d18ae80f017b10b355768f8c44aa06b034e7120d77b3d3a1ad944dd02d2d3b,success,,11.9689,17.293333333333333,False,2.0,404.8766999912914
"Los Angeles, CA",2026-06-17,76a4c290e841cfa7d01977ee1846ee941e790097250fb82c78211e0a0d72aad2,DMS,7,7,7,8,True,home_fixed_start,last_service_stop_no_home_return,osrm_road_network,los_angeles_ca,driving,f6b52dce26bd3b72dd55f4718b246fe94bd4a5dda8a0eef9c11b5e57a4702092,success,,100.20819999999999,108.225,False,2.0,437.93709998135455
"Los Angeles, CA",2026-06-17,76d6317e7e7acccdc7ab3755a4efbe9e1cb944598255d264693c9a2015a9a21b,DMS,6,6,6,7,True,home_fixed_start,last_service_stop_no_home_return,osrm_road_network,los_angeles_ca,driving,8c0ffbb9de9ef4ede36202f44edb46cfbad3529acb4f277c03a7bda8140298b6,success,,41.881099999999996,52.02333333333333,False,2.0,425.77160001383163
"Los Angeles, CA",2026-06-17,7865981b704be4a40f42540153a8ba4def4e67ee3b27dee5aa05c6abfd9c6d28,DMS2,2,2,2,2,False,nearest_neighbor_best_start,last_service_stop_no_home_return,osrm_road_network,los_angeles_ca,driving,e05693d9026a3e694e1bd163336ac6ce23690d998aa570dde2485f9f300afcf3,success,,21.2462,19.651666666666664,False,2.0,399.1128000197932
"Los Angeles, CA",2026-06-17,80347f5550cf9529611b0688596fc8df12ff578ab3fc93a3be15c4ca450112fe,DMS,5,5,5,6,True,home_fixed_start,last_service_stop_no_home_return,osrm_road_network,los_angeles_ca,driving,28cc91460550ba7900fc4bc8669acb60ef5112f0a72ba53ae6f9f8afcadbe508,success,,31.353,40.406666666666666,False,2.0,431.581599987112
"Los Angeles, CA",2026-06-17,8f8604df7c302a654b3a9238d3f880b3882e5ef581c07be99775d5804fca641c,DMS,4,4,4,5,True,home_fixed_start,last_service_stop_no_home_return,osrm_road_network,los_angeles_ca,driving,daa71765ab252f72f2621f718cf450471fe5c831b8d6244aba7e6624d825e436,success,,36.077,44.745,False,2.0,430.21210000733845
"Los Angeles, CA",2026-06-17,a538d8cfc9ea2fad19bd53302e4ffbcbaf6c03466976260ea2640e5907282e7b,DMS,7,7,7,8,True,home_fixed_start,last_service_stop_no_home_return,osrm_road_network,los_angeles_ca,driving,0d7dcda0c9b7ddf9bae646a2a4e61a14ff7838585c24f82b7a2fa037d35cc2e1,success,,30.6929,47.108333333333334,False,2.0,448.2063999748789
"Los Angeles, CA",2026-06-17,a59f74ef7f329e50f2a203130c45675a5ea2673eb2a729c806d082fb0756be15,DMS,6,6,6,7,True,home_fixed_start,last_service_stop_no_home_return,osrm_road_network,los_angeles_ca,driving,3d25bbc8e6483479d43ba9ed4de3209ce4cca38f108ac1e2bcd17692dc484a16,success,,116.1809,126.16499999999999,False,2.0,419.8575000045821
"Los Angeles, CA",2026-06-17,a778f2e62641a505ffb3378b3cb070f7c077d1a0a9e7393edb6b36dd23ad54da,DMS2,4,4,4,4,False,nearest_neighbor_best_start,last_service_stop_no_home_return,osrm_road_network,los_angeles_ca,driving,ccb4e8590be44030a3966fba818491f939856e6ef0d849254e018e346ae58ee8,success,,39.6603,48.736666666666665,False,2.0,402.37950001028366
"Los Angeles, CA",2026-06-17,a8f8753c5832ffc38c108559293299c75337822bc1ea28dbf6564bab18732918,DMS2,1,1,1,1,False,nearest_neighbor_best_start,last_service_stop_no_home_return,osrm_road_network,los_angeles_ca,driving,fb36a7685d8a34366764ddc41f300c8072e19e5500454763651305de8bdb46f8,success,,0.0,0.0,False,0.0,0.0
"Los Angeles, CA",2026-06-17,aa7a35e01ecd44718809a0ae6a2bda1c39aa7849ba4ca9be7a95d23bac00a76a,DMS,3,3,3,3,False,nearest_neighbor_best_start,last_service_stop_no_home_return,osrm_road_network,los_angeles_ca,driving,bcb2492d1f8d09e92aae6752a6f630de40d5268ebd151fa8818f82d82e6ca074,success,,23.1614,25.966666666666665,False,2.0,408.56380001059733
"Los Angeles, CA",2026-06-17,b06d55375e169a1394a8d71ca24f1b4bac980e893aab24dc03975904c601e9c8,DMS,3,3,3,4,True,home_fixed_start,last_service_stop_no_home_return,osrm_road_network,los_angeles_ca,driving,65dc2fdd3bf1a4deca68082541c7f49918cb5c91c3ab502d504d9567635f69f9,success,,27.334799999999998,29.925,False,2.0,416.72869998728856
"Los Angeles, CA",2026-06-17,b8c25f6e6c8b43451530b44cb63dbd5b75e173dbf2f192a5fac991f1792bcc1e,DMS,4,4,4,5,True,home_fixed_start,last_service_stop_no_home_return,osrm_road_network,los_angeles_ca,driving,684d9234df163b1b16462839b42d59439c3476a13c738137202b1415ad9cb7e3,success,,117.3317,122.71166666666666,False,2.0,406.4494000049308
"Los Angeles, CA",2026-06-17,b986e58121a61d3f69f973a46fc9d32f44ff949f21c353749cdc0f328e994685,DMS,2,2,2,3,True,home_fixed_start,last_service_stop_no_home_return,osrm_road_network,los_angeles_ca,driving,12017c0534a63afa41de7c324b732a7995554e0a520ea62dd5c06a10889937dc,success,,52.4461,51.92333333333333,False,2.0,410.7988000032492
"Los Angeles, CA",2026-06-17,b9ca102c8c9a7db141199283dd7b51abb347a50732102c3eb33c27bb4a8a04c9,DMS,2,2,2,3,True,home_fixed_start,last_service_stop_no_home_return,osrm_road_network,los_angeles_ca,driving,391bfc3d6bcd08c178fc214d53c2a045633a5256be75c722e587fe969e1afc75,success,,28.689,37.57,False,2.0,394.6690999728162
"Los Angeles, CA",2026-06-17,bbabbb179060b3e4da53cd642efc7c593bffbc96b6cd378bc44504de642fbd7c,DMS2,4,4,4,4,False,nearest_neighbor_best_start,last_service_stop_no_home_return,osrm_road_network,los_angeles_ca,driving,51b0ed1e1a26863f0fb87e509e5a7853e6e1d1cd5d47917a2ff26dbc0e8fa314,success,,45.4287,42.394999999999996,False,2.0,406.3396999845281
"Los Angeles, CA",2026-06-17,c27f7e161859751fb32569aaa4640ca73ff502b118286e41865bdffbcb554e3b,DMS2,13,13,13,13,False,nearest_neighbor_best_start,last_service_stop_no_home_return,osrm_road_network,los_angeles_ca,driving,45760ef028a28564fa363c533d4c631caa239352882afebefb1a72d498691f49,success,,333.6535,317.02000000000004,False,2.0,469.1113000153564
"Los Angeles, CA",2026-06-17,c826eb4bb1f37ccf9e5e5539e49fb4415c532036a6884dab786bf627ac7a9784,DMS2,2,2,2,2,False,nearest_neighbor_best_start,last_service_stop_no_home_return,osrm_road_network,los_angeles_ca,driving,637a8e97822314af5e393db162033049de7199b75185c4b37977141e714a22a7,success,,10.222,9.981666666666666,False,2.0,407.64540000236593
"Los Angeles, CA",2026-06-17,cbe5c79ffc538be8e121c9554b33cb757b13771a7eed0c37c2ad7e9fe22b284d,DMS2,1,1,1,1,False,nearest_neighbor_best_start,last_service_stop_no_home_return,osrm_road_network,los_angeles_ca,driving,977d284f3fc919be9ffbc1c237456ff9c86d436d1c7e18eb0cba14dca3fac266,success,,0.0,0.0,False,0.0,0.0
"Los Angeles, CA",2026-06-17,d21fc8e05f0e79cc4e7600fb599631da5769f4884d967fc8a7b803a97ee8eb65,DMS,2,2,2,3,True,home_fixed_start,last_service_stop_no_home_return,osrm_road_network,los_angeles_ca,driving,ed03b98a4745200aed1577886dbe1c7ddbd3a5cc54694ff67e92035cb08b9ecc,success,,72.6323,61.61833333333333,False,2.0,398.06570002110675
"Los Angeles, CA",2026-06-17,d635250c07e9b7b3e0e4188c871d49ab179d806a38b1c2d34b5bbcd3331643e3,DMS,5,5,5,6,True,home_fixed_start,last_service_stop_no_home_return,osrm_road_network,los_angeles_ca,driving,d1dd08893c8c0f91b149d197c7629b56f0573833cd54588dd332874576fbd94b,success,,144.0379,138.37166666666664,False,2.0,422.2198000061326
"Los Angeles, CA",2026-06-17,de81109fe452fd0ba77d55d1d77bae717f8d4dcb855f403c668c6ef6321824fa,DMS,6,6,5,6,True,home_fixed_start,last_service_stop_no_home_return,osrm_road_network,los_angeles_ca,driving,219cadf424557a53f8b439df4b524eafa0b86b5aca9ee69394b27227374c711f,success,,30.5702,40.611666666666665,False,2.0,417.45759997866116
"Los Angeles, CA",2026-06-17,e10bba0caf9a81a547a7acc1195d2cae3de33ef99108885ab331227f8047fe53,DMS,2,2,2,3,True,home_fixed_start,last_service_stop_no_home_return,osrm_road_network,los_angeles_ca,driving,72ee997a79843b154884bf3fcb8b22d37e477e24ccea1b06a99ac6f4bcd19d91,success,,45.3344,49.57166666666667,False,2.0,399.5793999929447
"Los Angeles, CA",2026-06-17,e437318f24161ca6680fca966827c9106f98a2becfa7fad19f4d1fb299d34e0c,DMS,3,3,3,4,True,home_fixed_start,last_service_stop_no_home_return,osrm_road_network,los_angeles_ca,driving,f18302a7aa394adfa2c89e9a5913ef6b1829c73a5b194675c1da1e87945d7ec6,success,,25.991799999999998,32.968333333333334,False,2.0,418.7658999871928
"Los Angeles, CA",2026-06-17,e8305745b17b85fe04e8b21d48fd331c7cbdb7662cd090d2132e55d111664190,DMS,4,4,4,5,True,home_fixed_start,last_service_stop_no_home_return,osrm_road_network,los_angeles_ca,driving,b0988a3343eac2b5ddff1e86e43321401453eee811f996939736c506a2ee9cef,success,,62.034099999999995,68.36,False,2.0,399.6712999942247
"Los Angeles, CA",2026-06-17,ecb75f2965097283e8466968fcfdcb0570d22d4684d00a0e95a43d50b9dd8462,DMS,3,3,3,4,True,home_fixed_start,last_service_stop_no_home_return,osrm_road_network,los_angeles_ca,driving,af40e5eae7959d793f2a4a65ee5a9658a39566e05e0136874b73a73cbb8f29fa,success,,32.5002,43.02333333333333,False,2.0,417.26280000875704
"Los Angeles, CA",2026-06-17,f01719d4d2bb0a21dcfcca021cf5e3e7fc4c969d7837977c1a70c32df77ab6bc,DMS2,1,1,1,1,False,nearest_neighbor_best_start,last_service_stop_no_home_return,osrm_road_network,los_angeles_ca,driving,d797fa2f259478798082fd0c0f69cd16a4cec9660af5e116a3feada71487e186,success,,0.0,0.0,False,0.0,0.0
"Los Angeles, CA",2026-06-17,f17426c7357f393cd8b6b07481b963443e6a3a61d6e0ee99817c82994b00fa81,DMS2,3,3,3,3,False,nearest_neighbor_best_start,last_service_stop_no_home_return,osrm_road_network,los_angeles_ca,driving,28dc31e1178d26d7add3f4e9712d870033275e04376ccde6c6ed154d66759957,success,,43.3581,42.47,False,2.0,406.0831000097096
"Los Angeles, CA",2026-06-18,00bb39088e4cc03c38690ae14aec57e90008be976c791bce415bd7d964872825,DMS2,3,3,3,3,False,nearest_neighbor_best_start,last_service_stop_no_home_return,osrm_road_network,los_angeles_ca,driving,08c2a1293267e6492d21fc47d973cefcd11c0d7c5c115f5ee1eb7c1e5609e0b5,success,,44.0055,44.55833333333333,False,2.0,400.8320000139065
"Los Angeles, CA",2026-06-18,07e7890d2f09c60abc127c37920eb922baeeff95a43651c54a6da04608e5d3c2,DMS2,6,6,6,6,False,nearest_neighbor_best_start,last_service_stop_no_home_return,osrm_road_network,los_angeles_ca,driving,f4b577f15e05f4793c31480460f8d80d88fa34c9ae2f8d0d2a22cebb4b9c9ba5,success,,158.56310000000002,144.06666666666666,False,2.0,438.17150001996197
"Los Angeles, CA",2026-06-18,0cbb1dd444bd1c7dc2e35f67b4d1cf5a38b817ed9826ef3f4fd1276abdb44a7c,DMS,4,4,4,5,True,home_fixed_start,last_service_stop_no_home_return,osrm_road_network,los_angeles_ca,driving,3a1b8e8a76c86723156fae298090f9936726a9673dafa335d185e8eeaa74d6d0,success,,55.877900000000004,61.11666666666667,False,2.0,414.7109999903478
"Los Angeles, CA",2026-06-18,119dab0b3abb4484fa634debe72f7ffff4ffd3e84df835de036ba96da8318881,DMS2,7,7,7,7,False,nearest_neighbor_best_start,last_service_stop_no_home_return,osrm_road_network,los_angeles_ca,driving,5e87677bbb3585ad53ba1ed16388102d606c9e31063cf77df7a190659fb0aea8,success,,54.8119,62.559999999999995,False,2.0,409.6323000267148
"Los Angeles, CA",2026-06-18,14862c51f07b32bec9bbf9cec8fb959debc098d3b235e84b7116a573ce4d1ed8,DMS,3,3,3,4,True,home_fixed_start,last_service_stop_no_home_return,osrm_road_network,los_angeles_ca,driving,74cfb07c2ffce84743f3f7e5d15b34258017b187973f0c6cf7db1283bd5250b7,success,,41.2592,41.24333333333333,False,2.0,404.96740001253784
"Los Angeles, CA",2026-06-18,17d8b74fe30f503de5ffd4c626a7f884320b6b91a76240ac03c7f38c16e724ec,DMS2,1,1,1,1,False,nearest_neighbor_best_start,last_service_stop_no_home_return,osrm_road_network,los_angeles_ca,driving,28f4bdbd4e1a7ac457b2a18ec057f883b46e8f062819c8e5373355c13c823592,success,,0.0,0.0,False,0.0,0.0
"Los Angeles, CA",2026-06-18,1f44043ee7aa4279699dd00da6c9c56607690fa25ae65aba4d67568a83a97090,DMS,1,1,1,2,True,home_fixed_start,last_service_stop_no_home_return,osrm_road_network,los_angeles_ca,driving,0ef3b1361d4a0a39c2dd144724e4ca5cca63db340855def6e4e39d97176d1b4d,success,,72.4928,69.985,False,2.0,398.96809999481775
"Los Angeles, CA",2026-06-18,26a1ad7fbd27a73e26fbb7ff938f76abb08e643422de55ce19805f98364dd15e,DMS2,3,3,3,3,False,nearest_neighbor_best_start,last_service_stop_no_home_return,osrm_road_network,los_angeles_ca,driving,a9107f524ad3758d5ce3f85ba499a285100641a243b8cfa7f1aa59be3d5904a8,success,,50.724599999999995,48.31166666666666,False,2.0,394.68549998127855
"Los Angeles, CA",2026-06-18,2a8ce61766de79ddc7fd73f7f27b8229d7b1080de7135adcc7d3458f4a460b81,DMS,5,5,5,6,True,home_fixed_start,last_service_stop_no_home_return,osrm_road_network,los_angeles_ca,driving,faa921161d1c85789fb3e485dd43c3b8acff08981cd1456c1ffc3258a1d0a20d,success,,36.972699999999996,48.65833333333333,False,2.0,435.9245000232477
"Los Angeles, CA",2026-06-18,2c460b0c981d02e2c54f059c6265165c678740073cae147f7fdd132fd0d04f81,DMS2,6,6,6,6,False,nearest_neighbor_best_start,last_service_stop_no_home_return,osrm_road_network,los_angeles_ca,driving,4725ef32cb038bdf4e5ae9699aca9481f37020d1d51bb8283c72cc532d767510,success,,50.1971,60.3,False,2.0,426.2668000010308
"Los Angeles, CA",2026-06-18,42b7047a4c0a95ffe430b0194083b17896cbe96230bb804fd78abf954e92ae21,DMS,2,2,2,3,True,home_fixed_start,last_service_stop_no_home_return,osrm_road_network,los_angeles_ca,driving,aeb45dbe013c54ae60f7d6dbd6d1991ab503987435746b26811f5727b586e8ff,success,,85.1672,76.49166666666666,False,2.0,403.45589999924414
"Los Angeles, CA",2026-06-18,44080ba5010707d6eaad2ed17b1ee14ed4e787c3bee5d536507cd9eb85ccc953,DMS,2,2,2,3,True,home_fixed_start,last_service_stop_no_home_return,osrm_road_network,los_angeles_ca,driving,b32e36f1bf54cc85b936c3d0156bf7600e118fc87e877d0e24d865778822c68e,success,,113.1129,92.19166666666666,False,2.0,411.91510000498965
"Los Angeles, CA",2026-06-18,45826adc9174a95388da8aa3594f6168c57400ab65526aa43424c0f8e51d1d3a,DMS,4,4,4,5,True,home_fixed_start,last_service_stop_no_home_return,osrm_road_network,los_angeles_ca,driving,4fde15f0635daf9512af75a67b3f6635c43ebc23c197d6de1ca8ab807ffd3046,success,,33.047599999999996,43.181666666666665,False,2.0,426.67879999498837
"Los Angeles, CA",2026-06-18,46acbe75a2d3d35886ba63f40ee659166e0e22effc773ecc029b7c565f3761e6,DMS2,3,3,3,3,False,nearest_neighbor_best_start,last_service_stop_no_home_return,osrm_road_network,los_angeles_ca,driving,5fbfd273f532464f16547edd9e86e9f77c562475aa28658ca391c36e697d3512,success,,14.395,21.716666666666665,False,2.0,397.64019998256117
"Los Angeles, CA",2026-06-18,4ae52dd17784d1c3925d293f32e0100934731efbbe6d6752a1894bf3b69f9d1d,DMS,6,6,6,6,False,nearest_neighbor_best_start,last_service_stop_no_home_return,osrm_road_network,los_angeles_ca,driving,b3976b5039d67c58aefe9683ccf4ccf4babfa486fb89994f496c8e6200a98023,success,,26.8171,34.60333333333333,False,2.0,420.5345000082161
"Los Angeles, CA",2026-06-18,4c36a1118067ec954cad5dda88ac14b4f0f480e7b17e4b349e2655b02f20d008,DMS,5,5,5,6,True,home_fixed_start,last_service_stop_no_home_return,osrm_road_network,los_angeles_ca,driving,40c303766d8a15c33211d82ee36936d8508b6f7d5c09abb45269249e69cfd2be,success,,64.354,63.64666666666667,False,2.0,411.7003000283148
"Los Angeles, CA",2026-06-18,504dd10c025e36f597a8802af6c475b234742eb1a070fa9c2e6964e33ba4354f,DMS2,5,5,5,5,False,nearest_neighbor_best_start,last_service_stop_no_home_return,osrm_road_network,los_angeles_ca,driving,3e7aaae0e1e229a47d61a922281d25957dda210000238fc9099b39afc02a2cc1,success,,71.23410000000001,77.08999999999999,False,2.0,426.9852999714203
"Los Angeles, CA",2026-06-18,5c16e0adadfa4f1842f25676491151bf5ab4a34f161b3e2aadd628120206e42c,DMS2,6,6,6,6,False,nearest_neighbor_best_start,last_service_stop_no_home_return,osrm_road_network,los_angeles_ca,driving,80462b314304ae955adceafe354c19f622e8a28d49335127250b3c0fdb6e8966,success,,84.2362,90.21333333333334,False,2.0,423.4100000176113
"Los Angeles, CA",2026-06-18,5d4c8f3fc9ef7671c9ee5a8608540eb31a4002370237c238d42003e25dc29258,DMS2,1,1,1,1,False,nearest_neighbor_best_start,last_service_stop_no_home_return,osrm_road_network,los_angeles_ca,driving,7d26d06d45c1c8e3362ee5a478f41ed5a35981e74abe53c61206ec9ffb644200,success,,0.0,0.0,False,0.0,0.0
"Los Angeles, CA",2026-06-18,5ed8fc68b9937ad04dcfab0d95b65a9fbd7788bd830ba6c4c6321421ea28a761,DMS2,1,1,1,1,False,nearest_neighbor_best_start,last_service_stop_no_home_return,osrm_road_network,los_angeles_ca,driving,a9aa6de72e99f213b62637be623bf8955c1d539b55962b12dab8dc29afcab476,success,,0.0,0.0,False,0.0,0.0
"Los Angeles, CA",2026-06-18,5eee0353dda52f4008cdc4c0be485c8c6421a6155b39696d755b951539b7f9ae,DMS,3,3,3,4,True,home_fixed_start,last_service_stop_no_home_return,osrm_road_network,los_angeles_ca,driving,35813d2f042b5cb678e4d1f3408ad195f97095cebb47b6e8594e56eb382ca07e,success,,23.9511,29.415000000000003,False,2.0,412.685400020564
"Los Angeles, CA",2026-06-18,6888cf9c4c9cbe2fa66a7f67bcd58c0091ced4f42006aa905b88321069d068c4,DMS,5,5,5,6,True,home_fixed_start,last_service_stop_no_home_return,osrm_road_network,los_angeles_ca,driving,fc4ac9ce1486ccfca43e06aed660e99d74184e3fc69d83394c6df63c301f0aa0,success,,42.0706,54.65833333333333,False,2.0,423.6720000335481
"Los Angeles, CA",2026-06-18,6c375d660f5d66f892cabaecabcfea575da946f7e0aa6949968fa944e2b9817b,DMS2,4,4,4,4,False,nearest_neighbor_best_start,last_service_stop_no_home_return,osrm_road_network,los_angeles_ca,driving,34dfacd37f3b8451f5e13567f0c9d8b04bb91ad6bb45ae56398cc2eb08ac487b,success,,42.9541,48.24166666666667,False,2.0,416.1108000262175
"Los Angeles, CA",2026-06-18,84c7b3c6c573a8e8570dc69f93454a6feeb74e7015f4d9f36fafb7d661a6a2fa,DMS,3,3,3,4,True,home_fixed_start,last_service_stop_no_home_return,osrm_road_network,los_angeles_ca,driving,ab8eaf41d61fb770a067a6acda6ecae86b470ec9eaad8a9b191b66528b61c309,success,,112.5259,94.395,False,2.0,407.74180000880733
"Los Angeles, CA",2026-06-18,85acc15253f7dfa4d5d1951c6b458282e311f68be0f3167537ac259308715b41,DMS2,9,9,9,9,False,nearest_neighbor_best_start,last_service_stop_no_home_return,osrm_road_network,los_angeles_ca,driving,9c5c7d5cf30ef426c67f345a69aeefa9d2c5be347e17714479573c07cfacd550,success,,193.3468,177.89666666666665,False,2.0,474.26780001842417
"Los Angeles, CA",2026-06-18,864e5f9842ef59a4f89aa60e5aa28c26b908af09ca140378afd524f8008b8293,DMS,4,4,4,5,True,home_fixed_start,last_service_stop_no_home_return,osrm_road_network,los_angeles_ca,driving,4a0afd7b507d261c940dd6f2dac87435256aa12d8b0dce566c5261ddbbdb293b,success,,76.2684,73.39833333333333,False,2.0,411.0836999898311
"Los Angeles, CA",2026-06-18,8799d166abed0347e1edf7765d2331dade2fd7ecc6df7188bdcf5f2405ae6c43,DMS2,8,8,8,8,False,nearest_neighbor_best_start,last_service_stop_no_home_return,osrm_road_network,los_angeles_ca,driving,0310e1eb2912cd3e71180ed9ee533d0c6fc8eb86fdb9dc5ae82a2e891c1a3994,success,,381.31809999999996,324.1683333333333,False,2.0,438.9212999958545
"Los Angeles, CA",2026-06-18,882415a55d28fc1f4a7cb0d4ebd1f80f82f6adcf5db59c726e5e93d69354c099,DMS2,2,2,2,2,False,nearest_neighbor_best_start,last_service_stop_no_home_return,osrm_road_network,los_angeles_ca,driving,9cb03945b88d0581103b061c0605ba6c793ceb37c177a18af8a852e0987e1a07,success,,126.2284,99.295,False,2.0,412.7318000246305
"Los Angeles, CA",2026-06-18,8fc455c54021b047a9b15034074680ef9ae1766c4ba339eac83000bea1980470,DMS,4,4,4,5,True,home_fixed_start,last_service_stop_no_home_return,osrm_road_network,los_angeles_ca,driving,9d2b6cdf26ac802380e1174585fcc18199075f64659b4ec27da6fae334c4d823,success,,28.9004,37.92833333333333,False,2.0,412.9938000405673
"Los Angeles, CA",2026-06-18,af89cf5e9fd35a8fd96c03852ef5684e069b7aaa7f8c601c2d3c7d8fd03c04fa,DMS,3,3,3,4,True,home_fixed_start,last_service_stop_no_home_return,osrm_road_network,los_angeles_ca,driving,723a5c5e5bd555ead2e5501273b7c97f7257763c89e5dafd6cbbe5865607b554,success,,48.435900000000004,49.805,False,2.0,410.84170000976883
"Los Angeles, CA",2026-06-18,be1f07929bc8b52424ea0b6f62c62d1b61cd0e6a490dab02d521a5bd424507e2,DMS,6,6,6,7,True,home_fixed_start,last_service_stop_no_home_return,osrm_road_network,los_angeles_ca,driving,4e9ae07def3e84fcc6d4352508ae31d298a31a59dc39b59053e3b4da2339c9db,success,,136.0195,143.45833333333334,False,2.0,422.8302999981679
"Los Angeles, CA",2026-06-18,bee07984815934b940773bc33a0151c1c74df9b2146c4ff956e18a858a2eb535,DMS,3,3,3,4,True,home_fixed_start,last_service_stop_no_home_return,osrm_road_network,los_angeles_ca,driving,1a4821f311b1765496beb967cde55e81622024077da2e2aca174e8f2eedb9216,success,,23.2366,34.605000000000004,False,2.0,418.5589000117034
"Los Angeles, CA",2026-06-18,bfdd568d6c72afe7363b6150a7731cba293e45ce811dfb93b440d778434cfc03,DMS,5,5,5,6,True,home_fixed_start,last_service_stop_no_home_return,osrm_road_network,los_angeles_ca,driving,5393968015f04daaaf026de93f2ce3f661d4708a018990d06d623980683e588d,success,,50.0786,59.135,False,2.0,431.017900002189
"Los Angeles, CA",2026-06-18,c4784fe4777c8c598c4671fbd7c9e3074760c7a629cfe01097d4655599ed8edd,DMS2,1,1,1,1,False,nearest_neighbor_best_start,last_service_stop_no_home_return,osrm_road_network,los_angeles_ca,driving,d85a7631ff48948e69fb89fdf03277fa560a155b571fb1c3ac9bce2dde23e393,success,,0.0,0.0,False,0.0,0.0
"Los Angeles, CA",2026-06-18,c71bc1fd1de989bda74f029dda6c110b1e26e9e87a589ea7edbb3247843dab5d,ASC,1,1,1,1,False,nearest_neighbor_best_start,last_service_stop_no_home_return,osrm_road_network,los_angeles_ca,driving,10e519f5c0406a4657a1791b11a5ca34ed40c9f01aac3a73e1113f99ca7aad4a,success,,0.0,0.0,False,0.0,0.0
"Los Angeles, CA",2026-06-18,cf6d7bc1785f52162d65447c7f67f0fb346ac7dcb8cda0658d75bc1e8013734f,DMS,1,1,1,2,True,home_fixed_start,last_service_stop_no_home_return,osrm_road_network,los_angeles_ca,driving,0ed422d4bdaf7b5c8a8ef4c8b04fd89a16e9c943a1f935f025e9a04a28a117b7,success,,22.2607,22.465,False,2.0,405.51199996843934
"Los Angeles, CA",2026-06-18,d1596f4469b3b3c5eac894768bfbdee9e754d195edee046e3028c320d4e7a361,DMS,3,3,3,4,True,home_fixed_start,last_service_stop_no_home_return,osrm_road_network,los_angeles_ca,driving,2e839c84471d90c383aece181f5259700250e89c4f996fc9dcce0bd89024fb37,success,,41.933,49.723333333333336,False,2.0,405.1529999997001
"Los Angeles, CA",2026-06-18,d67df13ca44d9266b9616297eb98238be28bfae343df575b273a24ab75bbf33c,DMS2,7,7,7,7,False,nearest_neighbor_best_start,last_service_stop_no_home_return,osrm_road_network,los_angeles_ca,driving,c15c31fabf02e65290b3d237fe0cb0454711079c297f7b98f3f94855466cf1ad,success,,37.654199999999996,53.10666666666667,False,2.0,446.8466999824159
"Los Angeles, CA",2026-06-18,d6cb99dbad46bec6f546225de564e7239c3f7a689fe1443aa56034596e41573c,DMS2,3,3,3,3,False,nearest_neighbor_best_start,last_service_stop_no_home_return,osrm_road_network,los_angeles_ca,driving,6fab8363b547f9c81e682b911a152efe0b4cb5d1e0477677b2a634c7dc9ce7b5,success,,21.764200000000002,24.240000000000002,False,2.0,403.20379997137934
"Los Angeles, CA",2026-06-18,da9bb171f6ffcb6f6e181e599f69f99c1c5777e40327e94569548471b0b8d9a9,DMS2,6,6,6,6,False,nearest_neighbor_best_start,last_service_stop_no_home_return,osrm_road_network,los_angeles_ca,driving,9af4501dc9a3bcdb90469f7751f92ccd52b0470aaa70a718378bc380ad206177,success,,50.1531,58.07166666666667,False,2.0,425.93669999041595
"Los Angeles, CA",2026-06-18,df422a0ba329c8a1e0b45dd790b165f05d5dab038ce03d54e478ece01f155f2b,DMS2,5,5,5,5,False,nearest_neighbor_best_start,last_service_stop_no_home_return,osrm_road_network,los_angeles_ca,driving,cf66632a3408399f01c4ec0c567ebaecf7cc26275b98ceef64afca8e95da761e,success,,57.1641,67.565,False,2.0,418.0855000158772
"Los Angeles, CA",2026-06-18,e55a58e405780ef18113fb543be8787db1f83b1064ab72676acb2c6685272265,DMS,5,5,5,6,True,home_fixed_start,last_service_stop_no_home_return,osrm_road_network,los_angeles_ca,driving,c52586c792ae96d2a6fbce03b9bd9c143c55ba068474e25eebe9dee894cc6d86,success,,29.1689,37.77166666666667,False,2.0,430.7087999768555
"Los Angeles, CA",2026-06-18,e87906b09e88f73e7eafcae51daae38b58dc4ac3b2306692770b3f4e566407cb,DMS,4,4,4,5,True,home_fixed_start,last_service_stop_no_home_return,osrm_road_network,los_angeles_ca,driving,c79476c8e2064a9a490d5d96f7e260c43261ea9a5f23d2c154cb7758efb5940e,success,,462.86920000000003,373.51166666666666,False,2.0,427.3596999992151
"Los Angeles, CA",2026-06-18,f86355f7db5884db3661c981f20aed11811995e8245417fc9533cd695475d3df,DMS2,7,7,7,7,False,nearest_neighbor_best_start,last_service_stop_no_home_return,osrm_road_network,los_angeles_ca,driving,59ae8bc32ef9dc032044a3f07f09ee844bbfc43c1736d557508d209f44e7a108,success,,169.82170000000002,146.85166666666666,False,2.0,446.0497999971267
"Los Angeles, CA",2026-06-18,f8b598a00c0001f6ddaef9829133c4ea8a17ad29554896fb8d2cbe57da6f048c,DMS,3,3,3,4,True,home_fixed_start,last_service_stop_no_home_return,osrm_road_network,los_angeles_ca,driving,cb2bb385e6ac5099ae9796c25124ceacb4e90ed7a19f27316b6f6ed635afc565,success,,39.014,44.608333333333334,False,2.0,427.82179996720515
"Los Angeles, CA",2026-06-18,fad1ef9c5f8ccd93c6d1351db1436766d15f33efd8e9f3d4a06f86e7cf5f1e6f,DMS2,1,1,1,1,False,nearest_neighbor_best_start,last_service_stop_no_home_return,osrm_road_network,los_angeles_ca,driving,6650b27dd7f4ecf4029aaa0bbf460bd8501ad0c5d3f2d76ef72be8b7a6043c0c,success,,0.0,0.0,False,0.0,0.0
"Los Angeles, CA",2026-06-18,fad581bcc2d0f320f68fb7ee861a4f6bc2711e30b0ce2f427254d3be0221713b,DMS2,1,1,1,1,False,nearest_neighbor_best_start,last_service_stop_no_home_return,osrm_road_network,los_angeles_ca,driving,4394516807f96b654b53c09aa107c1b35b7a34b5bb84037cdcfd33163abe5dfb,success,,0.0,0.0,False,0.0,0.0
"Los Angeles, CA",2026-06-18,fe80a6324b0c7a099997f3f449509453896ee04daf0ef84fc10a34388e8373e4,DMS,5,5,5,6,True,home_fixed_start,last_service_stop_no_home_return,osrm_road_network,los_angeles_ca,driving,13fe50c0c53a7b620928b0a5db93b0c94f1cd6591dc07a88c6022d7ce5d203d0,success,,36.8226,48.766666666666666,False,2.0,411.9766000076197
"Los Angeles, CA",2026-06-19,0734644c5114ad1f2b64d30a40d7145d91981de996e49c2f090ce3e5fba5ac4e,DMS,2,2,2,3,True,home_fixed_start,last_service_stop_no_home_return,osrm_road_network,los_angeles_ca,driving,feef26bada2f6021bdfc92bec697df5e789250106a51e45fb922b39d5a3546b4,success,,23.882099999999998,28.245,False,2.0,418.7633999681566
"Los Angeles, CA",2026-06-19,093fb2814b5ad9d10e18282cac419b90de77f05be931c7035e95385003b1d3e0,DMS,3,3,3,4,True,home_fixed_start,last_service_stop_no_home_return,osrm_road_network,los_angeles_ca,driving,57a00cfdad7a14d67a17dce6faeaedb505fc9d3cfa84e59deb64a25d08e78a77,success,,36.6887,36.88333333333333,False,2.0,407.94760003336705
"Los Angeles, CA",2026-06-19,149d7bbfc2a81a88439b767ffe8c54e2d673cab71909597b9d3c7e2e2c1f5789,DMS,5,5,5,6,True,home_fixed_start,last_service_stop_no_home_return,osrm_road_network,los_angeles_ca,driving,a3031dcd162da56657f20f9ab41a0e3eedbc057d923434e4fad5544f45c47b7b,success,,67.9405,72.48333333333333,False,2.0,412.0905000017956
"Los Angeles, CA",2026-06-19,20a7e22b3787e62a988311fe344210df65aabf9e8a26c37ccf959204b400968d,DMS,3,3,3,4,True,home_fixed_start,last_service_stop_no_home_return,osrm_road_network,los_angeles_ca,driving,4e9e5dadd99be5257e46c037519a3b08b293baf895ebe2fec62f1059cfe3b375,success,,30.1208,34.431666666666665,False,2.0,410.61329998774454
"Los Angeles, CA",2026-06-19,267c72496191fcce557865170869e6391ca2a6efb4b8e2ef598b7613e5547205,DMS2,5,5,5,5,False,nearest_neighbor_best_start,last_service_stop_no_home_return,osrm_road_network,los_angeles_ca,driving,9cfc684c75a6bc108e085cf2abee85ffab780b78c31837bd7b0c63eea7f389ab,success,,52.218300000000006,60.809999999999995,False,2.0,423.2491000148002
"Los Angeles, CA",2026-06-19,33cca2f69f0b10da2630e052fac9507345eb25129560524a70bfe1ece1243f2d,DMS2,7,7,7,7,False,nearest_neighbor_best_start,last_service_stop_no_home_return,osrm_road_network,los_angeles_ca,driving,195bb661dc57100a61be72f59f3ad68ebcde35b485d78349c866968a5f12a954,success,,73.67760000000001,78.02833333333334,False,2.0,420.9666999813635
"Los Angeles, CA",2026-06-19,3d254e82ffd77cdc4d4b99db00489b5b2c082ab6ae3c405ccafab1ae10fb3d31,DMS2,2,2,2,2,False,nearest_neighbor_best_start,last_service_stop_no_home_return,osrm_road_network,los_angeles_ca,driving,4484f02057814a937b821652510f88e482261ee0c01ed48ed4910a2577f92913,success,,41.0705,36.24166666666667,False,2.0,401.0028000047896
"Los Angeles, CA",2026-06-19,4f82c8dbbfd03c49ae538b83f7fda195affdb58a0c2f053dee3814432375a8be,DMS2,1,1,1,1,False,nearest_neighbor_best_start,last_service_stop_no_home_return,osrm_road_network,los_angeles_ca,driving,fe7f343f9bafec9ea9fcee4ede3b1a446baca028d081baaaeb0b89d5d9e38448,success,,0.0,0.0,False,0.0,0.0
"Los Angeles, CA",2026-06-19,502e58ec67165d4c585204aebf430bb8e0cae18cca600d2b1e38373c172a288d,DMS2,4,4,4,4,False,nearest_neighbor_best_start,last_service_stop_no_home_return,osrm_road_network,los_angeles_ca,driving,bce51f1c7fd255e178f57c22fbb81d831e69ca460278a3ac2e85eb593be11c89,success,,82.00280000000001,77.065,False,2.0,407.15169996838085
"Los Angeles, CA",2026-06-19,550d24d87f8a76ea4b9ad25cafee58283dfe22e2890f82c37fadedbcdf6057ff,DMS2,1,1,1,1,False,nearest_neighbor_best_start,last_service_stop_no_home_return,osrm_road_network,los_angeles_ca,driving,33cd9279e0ca45989b88a529933d6423c6a9ebbe0b9c0d9b3b45dc94a628dc76,success,,0.0,0.0,False,0.0,0.0
"Los Angeles, CA",2026-06-19,5ccd9a83b1de1f8042830f7b26b1adcaad51eafb7a0f3b6897d9d3046f818d82,DMS,6,6,6,7,True,home_fixed_start,last_service_stop_no_home_return,osrm_road_network,los_angeles_ca,driving,8e9954dcc7b0d13aa82057011de8c90925e3ac0f940e7419c76b190e634f4f66,success,,38.9596,53.733333333333334,False,2.0,424.5105000154581
"Los Angeles, CA",2026-06-19,5e318596a5c28ed86faa4f5a820968bdabc498f92ea925c09a53741b53e1ce0d,DMS2,1,1,1,1,False,nearest_neighbor_best_start,last_service_stop_no_home_return,osrm_road_network,los_angeles_ca,driving,6d67445d05e7850a38d6d4d886348b8d8177974f7529926b6a933fd90fabde88,success,,0.0,0.0,False,0.0,0.0
"Los Angeles, CA",2026-06-19,5fa1f8c12880ae3f50d20cd1b98a1396b6fa897d23cc6901230f07577bdd2d7b,DMS2,4,4,4,4,False,nearest_neighbor_best_start,last_service_stop_no_home_return,osrm_road_network,los_angeles_ca,driving,a956c15335ad76359ece9c3e3e1fddf8d952799ad3ff1d771bd6d91e9f2ff2ae,success,,47.9209,56.525,False,2.0,417.1500999946147
"Los Angeles, CA",2026-06-19,68654afa5aab4903e82b84ae495c62a9e871a5170e9d62b2ded2a2f7198ee403,DMS,7,7,7,8,True,home_fixed_start,last_service_stop_no_home_return,osrm_road_network,los_angeles_ca,driving,62f73f02612a2c44e1f9ca93a45ab92ad6c0a674805099b6e391edb9f13f2c18,success,,718.9091999999999,560.0816666666667,False,2.0,446.20879998547025
"Los Angeles, CA",2026-06-19,70b00ad4803f7ed15bc7835f33fd7d9d3244d39566c8dcb548ddbfbea3d8b2ee,DMS,5,5,5,6,True,home_fixed_start,last_service_stop_no_home_return,osrm_road_network,los_angeles_ca,driving,eb2d30306ff5ef134ebe4dbc08230372892d01750362435f290231db55c6e70a,success,,95.8938,103.29666666666667,False,2.0,412.4016000132542
"Los Angeles, CA",2026-06-19,7803d3900b10ff6327507755bb26ee11b670d66b8d7bdcfd5e5f69cd39ef8525,DMS,7,7,7,8,True,home_fixed_start,last_service_stop_no_home_return,osrm_road_network,los_angeles_ca,driving,9c3af81be6ec750e17728d2544a01726d25889d3ad6f06152ca03e16e54b3653,success,,44.1832,62.055,False,2.0,434.2665999720339
"Los Angeles, CA",2026-06-19,7951d27156c8c0dd8f3a303dcb249e840e60c5a1e90935c5a8a45fad7e7e01e8,DMS,2,2,2,3,True,home_fixed_start,last_service_stop_no_home_return,osrm_road_network,los_angeles_ca,driving,9598c53378a1941914c005dcb7b28837d8554594370c0f22faac04a4e8a8066e,success,,47.684400000000004,44.111666666666665,False,2.0,408.7541999761015
"Los Angeles, CA",2026-06-19,7a5de8919a3ec658ecd0ced94219234a18b6401249b03a4b8ed5c2bfa45efd31,DMS2,7,7,7,7,False,nearest_neighbor_best_start,last_service_stop_no_home_return,osrm_road_network,los_angeles_ca,driving,bd01406207af8f87d9bffd806062d4c0620270a8a6a303cd32491037f30f8f64,success,,95.14580000000001,99.98166666666665,False,2.0,441.9976999924984
"Los Angeles, CA",2026-06-19,7c5a5c0d19f20bfadb10aebf37627ec3c7e9ec5c6fd46c1e92258cc7c872606b,DMS2,2,2,2,2,False,nearest_neighbor_best_start,last_service_stop_no_home_return,osrm_road_network,los_angeles_ca,driving,8cd2f4e29732d3289eac00bd325fae37be14b5b4fdb5747e4402123905a9bd3c,success,,130.8502,102.07,False,2.0,412.7250000310596
"Los Angeles, CA",2026-06-19,7f095552c831ac28edf52cd2ff2ca15c40f0f669c15e1cf02c5f5b21064d6d3e,DMS2,4,4,4,4,False,nearest_neighbor_best_start,last_service_stop_no_home_return,osrm_road_network,los_angeles_ca,driving,f2477cdb1b58ff641ee3848328ad966c5931a026a795df6a61b7e475a03df85d,success,,37.9201,39.57333333333334,False,2.0,418.0775999848265
"Los Angeles, CA",2026-06-19,7fb0af817071875ef68eddaee730ab76aaf787bb3c40e2342efce5e167a9d184,DMS,3,3,3,4,True,home_fixed_start,last_service_stop_no_home_return,osrm_road_network,los_angeles_ca,driving,220fc7d296dd8eef6366b4439ffcd6c551f4ad3d0272aa71fc20f6da3485e8f6,success,,41.7349,49.416666666666664,False,2.0,416.557799995644
"Los Angeles, CA",2026-06-19,8c7e87f37b8a75c75255e1d1b6355797ae38547b0f9b2e8ef104f771665cddf0,DMS2,2,2,2,2,False,nearest_neighbor_best_start,last_service_stop_no_home_return,osrm_road_network,los_angeles_ca,driving,f475e273697b4071b81b5d5a0849d69966b3e1d164ebfc66c5d51e98950a1090,success,,17.4533,19.605,False,2.0,404.5660000410862
"Los Angeles, CA",2026-06-19,95e27b9de8a97c5778bbd67d4aa2c6c2216ea9df0bfb877b0a0b8e964c756c8a,DMS,6,6,6,7,True,home_fixed_start,last_service_stop_no_home_return,osrm_road_network,los_angeles_ca,driving,d12e5e0e7058126da1dc282646e5523d2675080663bba4efe44b8bb9c1660e26,success,,42.823800000000006,55.065000000000005,False,2.0,414.5483000029344
"Los Angeles, CA",2026-06-19,991d790519320b1fc0cdba26968cbf704494493cc629a654e6e9d684505635ee,DMS,3,3,3,4,True,home_fixed_start,last_service_stop_no_home_return,osrm_road_network,los_angeles_ca,driving,bc82098e67f9c064e5f5f6ac6b55dd5eefee4a9f58a0dc86c9d9ba2201d17e41,success,,31.517599999999998,37.91,False,2.0,402.43879999616183
"Los Angeles, CA",2026-06-19,9c32e61e1e601a1d0eba1b7faf985102d8bb9d3b893c160f4012483cad267596,DMS2,3,3,3,3,False,nearest_neighbor_best_start,last_service_stop_no_home_return,osrm_road_network,los_angeles_ca,driving,26b35575a3abce1c460d93ee20ed31a7fa110b82834b68a0ce0332afe8b2c06d,success,,36.6794,39.33833333333334,False,2.0,405.6979000160936
"Los Angeles, CA",2026-06-19,a110931f4cba55376ce116e520d811251387e0d88e8a4df702052af9b5fbbb0f,DMS,4,4,4,5,True,home_fixed_start,last_service_stop_no_home_return,osrm_road_network,los_angeles_ca,driving,43775bbec63a8057d963e5e4d38bb45c3e4dbda0eb8e4adcde90aa6cda10de18,success,,34.2464,45.32333333333334,False,2.0,423.0819999938831
"Los Angeles, CA",2026-06-19,a26eb2ed9890f492db28ccaa6202006c34993d3cd4b910c9f689323aeaa658fa,DMS2,3,3,3,3,False,nearest_neighbor_best_start,last_service_stop_no_home_return,osrm_road_network,los_angeles_ca,driving,5b2eaafcbb87e31667ba2ab6ba3a52d20b1bdfa5d949bc32dd84f8df3cfcf035,success,,178.086,141.39333333333335,False,2.0,423.9184999896679
"Los Angeles, CA",2026-06-19,ad845869a920ca383671771a4ec8d886f3ce3d2cb90732bd0c4a624e87fcc85e,DMS2,5,5,5,5,False,nearest_neighbor_best_start,last_service_stop_no_home_return,osrm_road_network,los_angeles_ca,driving,d74590d42d24042043033e6dfce140b9d3c2667d89e37ddd0b4bb213375e489a,success,,37.5445,51.001666666666665,False,2.0,413.7612999766134
"Los Angeles, CA",2026-06-19,afa104619fa451b51ae1b53cdefb4fdfeb8d1d4781e3347d9b3ca8818c3b8012,DMS2,7,7,7,7,False,nearest_neighbor_best_start,last_service_stop_no_home_return,osrm_road_network,los_angeles_ca,driving,e1eb9080df100ca1f40d03f340329156e00a8e18cd146dc993b570d8376e0555,success,,126.05980000000001,128.10333333333332,False,2.0,432.62889998732135
"Los Angeles, CA",2026-06-19,b8dca141457bbfef15c492f39d6979fd66ceb4e407533498d5666d043d7eecaa,DMS2,3,3,3,3,False,nearest_neighbor_best_start,last_service_stop_no_home_return,osrm_road_network,los_angeles_ca,driving,7e570cb96f295e49a4764079f0081ae8ae694a5b6d49e32c258e947b404c5aec,success,,30.599700000000002,33.221666666666664,False,2.0,411.6220000141766
"Los Angeles, CA",2026-06-19,baf97159d5fdb1028c18c84784bd3f0543bf2b1a9808adbfaf73c57df59a808b,DMS,4,4,4,5,True,home_fixed_start,last_service_stop_no_home_return,osrm_road_network,los_angeles_ca,driving,c26695ca3fa0b64463c754240abb621e546d9f506bff15f99edd62f0b009d1b1,success,,31.1122,40.623333333333335,False,2.0,444.7240000299644
"Los Angeles, CA",2026-06-19,c394b274acaab4a1fdd68690c1741fb2a7263b5f666f4ff8a0d1df2116f92cdd,DMS,2,2,2,2,False,nearest_neighbor_best_start,last_service_stop_no_home_return,osrm_road_network,los_angeles_ca,driving,42aa06bc47c39d99abc35cd01eb7108302671ab883b1f29841ead72db6d00a85,success,,5.6068999999999996,8.76,False,2.0,396.5721999993548
"Los Angeles, CA",2026-06-19,c550c32cc481312182f8ee18b54c3c99004a2463e83b6f26483cf5af1ae3225c,DMS,2,2,2,3,True,home_fixed_start,last_service_stop_no_home_return,osrm_road_network,los_angeles_ca,driving,8ee7a0f8130409177325ae3777e4a75f8d44556ec234c0c5e022dfac8ed83ace,success,,44.3195,46.01166666666666,False,2.0,406.4528000308201
"Los Angeles, CA",2026-06-19,cd36423f38087fbae8cede4f3d7bf473d0637e4acb4fb0449259cb61b4e96e00,DMS2,1,1,1,1,False,nearest_neighbor_best_start,last_service_stop_no_home_return,osrm_road_network,los_angeles_ca,driving,ee9e30a8d281686c9bd0cf34372ef41bce6808940492553830808a8d92782611,success,,0.0,0.0,False,0.0,0.0
"Los Angeles, CA",2026-06-19,cd457490aad571084fc7e563d8d1e8f5917b9e79475712bc7cf52060f63b9bf9,DMS,3,3,3,4,True,home_fixed_start,last_service_stop_no_home_return,osrm_road_network,los_angeles_ca,driving,48a2914a28948b967377faece13589b9032dc71553a4086015517500be6e7129,success,,29.6678,36.681666666666665,False,2.0,423.9213000109885
"Los Angeles, CA",2026-06-19,d46e361bc1eb977887b5259e862c3216abde82a58604d45a3a3ba0e20fe366b5,DMS,2,2,2,3,True,home_fixed_start,last_service_stop_no_home_return,osrm_road_network,los_angeles_ca,driving,d50cb78a983b995660b5ef7ccdae44db827427514e62eb2bf2e56ac2cb32f0e4,success,,29.1341,25.95,False,2.0,406.87909998814575
"Los Angeles, CA",2026-06-19,d952e5b76319e8b737d9f987c2a6a3866e4b2ac40b80471181502574d8fe501d,DMS2,2,2,2,2,False,nearest_neighbor_best_start,last_service_stop_no_home_return,osrm_road_network,los_angeles_ca,driving,77acfe8fcd2375a513aa298b613a3d5c0d27c3156d68c31b4c8be90dd081728b,success,,104.4757,82.365,False,2.0,430.06519999471493
"Los Angeles, CA",2026-06-19,e1eea4058b51b8883ff480edc005eccd16e4901b347ac67151347dbca946b3b6,DMS,5,5,5,6,True,home_fixed_start,last_service_stop_no_home_return,osrm_road_network,los_angeles_ca,driving,93b40a931c397b85ad1c06ed5633b165a553bb7a453e27d38709434d54f4bd0c,success,,43.0429,58.39333333333333,False,2.0,410.7430000149179
"Los Angeles, CA",2026-06-19,e7effbc1ceedfd570dbdf2b826a36b1325db6b15a6cb141916fc8fcf1e87ce28,DMS2,6,6,6,6,False,nearest_neighbor_best_start,last_service_stop_no_home_return,osrm_road_network,los_angeles_ca,driving,af09ebc928a7d431600c9ddafd92b5751ce73ec6ef23fd2c556623f6a424189e,success,,47.424099999999996,59.84666666666667,False,2.0,439.93990001035854
"Los Angeles, CA",2026-06-19,edc5efeda269966c247051ee41b9185139c1e986a1341b294362fa63618e95f1,DMS,2,2,2,3,True,home_fixed_start,last_service_stop_no_home_return,osrm_road_network,los_angeles_ca,driving,e6ed1f60083c110c2942e2e4c70032ed4001c0b892dcfd5b88dec0150afb7ecd,success,,20.4715,26.01833333333333,False,2.0,409.14279996650293
"Los Angeles, CA",2026-06-19,f6e53f47b41fe0f71e9934ab918b4eee4d28bba6ca2c4f62910203803bca0b10,DMS2,5,5,5,5,False,nearest_neighbor_best_start,last_service_stop_no_home_return,osrm_road_network,los_angeles_ca,driving,6f0be6e9842a89c586d206bbb2109ff73d6d39b7d083d7a709ac2c86da530092,success,,39.0652,45.505,False,2.0,426.70680000446737
"Los Angeles, CA",2026-06-19,fdc5a20d7c74b1584d5bdb78f6ccd62469ecf4b6241a7fdf59bdc91b51560603,DMS2,5,5,5,5,False,nearest_neighbor_best_start,last_service_stop_no_home_return,osrm_road_network,los_angeles_ca,driving,6931e0e62cee2af2f14f22981aeec4516cc861e889c0cb017053e629f0b2e7b2,success,,43.9339,52.458333333333336,False,2.0,420.9232000284828
"Los Angeles, CA",2026-06-20,1625bf8245fc8bf942acd90f6dbfc03f9d3bc38c96e5dbace1e9cceda8a83aaf,DMS2,2,2,2,2,False,nearest_neighbor_best_start,last_service_stop_no_home_return,osrm_road_network,los_angeles_ca,driving,307801dae627d5a14e3d70f8490b22f314c9190db61e3c20c81d2388d4ba7512,success,,57.6634,48.42833333333333,False,2.0,406.4084999845363
"Los Angeles, CA",2026-06-20,19bf27ddf188f6bb09802ac23913cacf088f9c9fa1a5e0ee7cd5aacaf949d577,DMS2,2,2,2,2,False,nearest_neighbor_best_start,last_service_stop_no_home_return,osrm_road_network,los_angeles_ca,driving,0d7bd8b60b2cd2fe06ca89fb2058c12ad3f077a9c696d3c4a0ea3cd0e86e574d,success,,11.0266,13.475,False,2.0,411.32369998376817
"Los Angeles, CA",2026-06-20,60ce805a952d11a4d49f575155edec0f0c3ac994b8b0bb08df4848f02a57dd37,DMS2,1,1,1,1,False,nearest_neighbor_best_start,last_service_stop_no_home_return,osrm_road_network,los_angeles_ca,driving,1b88c8710f9192b33ac16a4e5d15f1635abf30997b9219f1a4f727364be6c19d,success,,0.0,0.0,False,0.0,0.0
"Los Angeles, CA",2026-06-20,6c46e7a8e06a2e04e5cc390ca93d3627a7bfa6748016ced0791f8621b4b49084,DMS2,2,2,2,2,False,nearest_neighbor_best_start,last_service_stop_no_home_return,osrm_road_network,los_angeles_ca,driving,923e5d8b2df37382fb6e3afee0f249c089538925d19442ac29d8f7e948d12566,success,,42.196400000000004,36.765,False,2.0,401.9840999972075
"Los Angeles, CA",2026-06-20,72b18fc31c8f7ad73467ef3061a6576a011efc9e525b00a62956abde0e2aa2d1,DMS2,2,2,2,2,False,nearest_neighbor_best_start,last_service_stop_no_home_return,osrm_road_network,los_angeles_ca,driving,c7fca7d8aa5bc0a94349cb598c1a75dde291b3afc601cd67a8e7477eb6d2ce2f,success,,13.755700000000001,14.381666666666666,False,2.0,392.88120000856
"Los Angeles, CA",2026-06-20,7f8705a418da2416e66ee478bbf3d295b6d249ba4a19290f98077d6461893ea1,DMS2,5,5,5,5,False,nearest_neighbor_best_start,last_service_stop_no_home_return,osrm_road_network,los_angeles_ca,driving,daa879c994860771dcfadc3fce7350f75c244ad95a867e09f91da29d1cc21713,success,,38.2963,48.248333333333335,False,2.0,422.95810001087375
"Los Angeles, CA",2026-06-20,842c9f52050ca97cd29f641bc84a1ae61e5c25724f036740185530da88c81ddd,DMS2,1,1,1,1,False,nearest_neighbor_best_start,last_service_stop_no_home_return,osrm_road_network,los_angeles_ca,driving,a843545e35482c2e094c09a4699d266d61aa06c96406377666d200653142660a,success,,0.0,0.0,False,0.0,0.0
"Los Angeles, CA",2026-06-20,87f266892e1443474d053d17e0b020c3519741d048f9fa6c03def2228d6a31c3,DMS2,1,1,1,1,False,nearest_neighbor_best_start,last_service_stop_no_home_return,osrm_road_network,los_angeles_ca,driving,bc7daa9ad0972b5f7e0e18e0ad26bdb31715d9013851486870ed46f7a7e6755b,success,,0.0,0.0,False,0.0,0.0
"Los Angeles, CA",2026-06-20,97f70996c0e1b38b246c45d38f26a5e5eeb20fac31c7bd5200781073310c38eb,DMS2,4,4,4,4,False,nearest_neighbor_best_start,last_service_stop_no_home_return,osrm_road_network,los_angeles_ca,driving,84d6b3ca11879f3188bb696225ee76d2952c412c78d0bc9997a60679b785ff39,success,,60.406,58.693333333333335,False,2.0,433.8405000162311
"Los Angeles, CA",2026-06-20,ac9d7ff8f5c7953104aa4086386e02a11b927a5059d20471a89815cef8e0405d,DMS2,3,3,3,3,False,nearest_neighbor_best_start,last_service_stop_no_home_return,osrm_road_network,los_angeles_ca,driving,0b07c5ce791fd26f4dba129091b90408223c893436356bf3c7c6f33b42151191,success,,26.724400000000003,26.006666666666668,False,2.0,401.03999999701045
"Los Angeles, CA",2026-06-20,b0c934f8747bf949f7aa1dd60cae37cd9531ce5d9a8406242440c12fff14f484,DMS2,1,1,1,1,False,nearest_neighbor_best_start,last_service_stop_no_home_return,osrm_road_network,los_angeles_ca,driving,73a46045ac326e6661bc03c379eac9d84b5512b0b839c13d66f89c4d1e80e694,success,,0.0,0.0,False,0.0,0.0
"Los Angeles, CA",2026-06-20,b11a97f92799425c1c76fecfe2d0a709d1d7c6c3b8e0f37f5390d4772061d72c,DMS2,1,1,1,1,False,nearest_neighbor_best_start,last_service_stop_no_home_return,osrm_road_network,los_angeles_ca,driving,df81147b335232f059f327d21c969e7547ba047c78133f8ec8ab13ec56b598f3,success,,0.0,0.0,False,0.0,0.0
"Los Angeles, CA",2026-06-20,c6f83558a07d0252997397377c42e0ee1864fb5f12ad14c6097456474e7c7f56,DMS2,1,1,1,1,False,nearest_neighbor_best_start,last_service_stop_no_home_return,osrm_road_network,los_angeles_ca,driving,0b6e6a58e406a5d520e79d396831c1438f91f127a0aa76187194c6ae36483793,success,,0.0,0.0,False,0.0,0.0
"Los Angeles, CA",2026-06-20,d292f03fd1bf5124bbe7f27dd8887a002a222eedc35ce50fc8a5f20fbcd6ae02,DMS2,1,1,1,1,False,nearest_neighbor_best_start,last_service_stop_no_home_return,osrm_road_network,los_angeles_ca,driving,c5c2cb85a420289fe1c54a2d3ea6714ab4a1f7979367a1c49049f646ab231414,success,,0.0,0.0,False,0.0,0.0
"Los Angeles, CA",2026-06-20,e7fc724c4bc5113091d7363612404573e55e766dfa7aa73016db96ad40a047be,DMS2,1,1,1,1,False,nearest_neighbor_best_start,last_service_stop_no_home_return,osrm_road_network,los_angeles_ca,driving,3a8284cf38058347e66ebb13c41b229889335ce5fadc26fe46c25af3c5910019,success,,0.0,0.0,False,0.0,0.0
"Los Angeles, CA",2026-06-20,f923d620c9e50893e2418e6a8d3d23d949b8c40c7843411cd87918411ff01e15,DMS2,6,6,6,6,False,nearest_neighbor_best_start,last_service_stop_no_home_return,osrm_road_network,los_angeles_ca,driving,5ff5ae3a3fba3f65e573e7031c97dac7dedc635f18c5feeb83597e8a7d5440ba,success,,114.1598,111.10333333333332,False,2.0,434.63959998916835
"Los Angeles, CA",2026-06-22,06f47be9441386ee24982aa25837c6e55575ba595ecebacf5161f36d6dadba94,DMS2,10,10,10,10,False,nearest_neighbor_best_start,last_service_stop_no_home_return,osrm_road_network,los_angeles_ca,driving,f507579f58295ae9564737a4633115f5795110fde9eadd9dff49e3698119f600,success,,98.06219999999999,120.62833333333333,False,2.0,433.02460000268184
"Los Angeles, CA",2026-06-22,0ed54cf3d134777e9b7781d6c0cbd7bb0821d6216a79b23c7a4ba7bb6290d819,DMS2,1,1,1,1,False,nearest_neighbor_best_start,last_service_stop_no_home_return,osrm_road_network,los_angeles_ca,driving,6f33b75bd3bcaa7bada9d5e4e733633708477616238003ebcdff125759eeac14,success,,0.0,0.0,False,0.0,0.0
"Los Angeles, CA",2026-06-22,15b6b59814e5df87c6b217ce58d5c206254dfa03e6ed1e8c665c54e48aed61ed,DMS2,3,3,3,3,False,nearest_neighbor_best_start,last_service_stop_no_home_return,osrm_road_network,los_angeles_ca,driving,5f48373cd12075b325b3cb0e8e2993e587cb1ac315d2946a60401aa2dbcd3c9a,success,,26.368299999999998,33.82333333333334,False,2.0,406.7845999961719
"Los Angeles, CA",2026-06-22,1de42e1b40bbaedf1ccd62badf5d1a50d14dbdc9547643cff97b885d25501956,DMS2,3,3,3,3,False,nearest_neighbor_best_start,last_service_stop_no_home_return,osrm_road_network,los_angeles_ca,driving,1fa3e3d1e86b86de8c77cfe182c0fe37dc5bc776590ca75f07d7ba1ef147906e,success,,20.877200000000002,24.485,False,2.0,396.1903000017628
"Los Angeles, CA",2026-06-22,33a257c72e858aa269773bae1ebd6f1f87d73495ad24eee61c7d347b6ba790d9,DMS,6,6,6,7,True,home_fixed_start,last_service_stop_no_home_return,osrm_road_network,los_angeles_ca,driving,86a681472bbd4d85ec70fe8c2455b156a32efabec187ec83495088c4248ff5c1,success,,32.6658,40.07833333333333,False,2.0,439.3080000008922
"Los Angeles, CA",2026-06-22,3448d9fa9570f02f2b44193432291d9fe58fac78dd3087bd4cec66e3a8d9cc0c,DMS2,2,2,2,2,False,nearest_neighbor_best_start,last_service_stop_no_home_return,osrm_road_network,los_angeles_ca,driving,5d69113595d950d737ac0fd66e620aee74a2460d4967ea9413045f8c84541a4f,success,,33.700300000000006,30.948333333333334,False,2.0,414.13300001295283
"Los Angeles, CA",2026-06-22,379109f8abb2075831e6c8cd6a27a95245f585b84d5b8fc26f29b8e8efbd53d6,DMS,4,4,4,5,True,home_fixed_start,last_service_stop_no_home_return,osrm_road_network,los_angeles_ca,driving,c647f4fa686450fe4287eb9437b02fd1f7dbd96ddfd683bfcd588f50baa777fb,success,,101.9045,107.075,False,2.0,410.6661999830976
"Los Angeles, CA",2026-06-22,3e6aa2ef73bef0012eea77f6880f87bd2f12c147ed06d00876baa99f85bf869b,DMS,3,3,3,4,True,home_fixed_start,last_service_stop_no_home_return,osrm_road_network,los_angeles_ca,driving,54230472fc5f118934157abe5c2eac667725a390016a468d3a5bcfb4d57cd7f0,success,,29.697,38.32833333333333,False,2.0,411.3925999845378
"Los Angeles, CA",2026-06-22,454f76bcb3f322d89958ac97b1b6db0f6a7014be6de4b5b641a793c61d198df0,DMS2,3,3,3,3,False,nearest_neighbor_best_start,last_service_stop_no_home_return,osrm_road_network,los_angeles_ca,driving,be1348d86926ca81d7287012a0a56fdc184145cb6bd6b5ec63c522010f914650,success,,34.487,35.61666666666667,False,2.0,415.34899998805486
"Los Angeles, CA",2026-06-22,493d9372590a57dd962436ba4f8d6d8fdb2c91849c92d5233c7c077c5bcf493b,DMS,7,7,7,8,True,home_fixed_start,last_service_stop_no_home_return,osrm_road_network,los_angeles_ca,driving,928719f16f87958a64d5bf63a21861e0f7494e020e9586520c760ca068735455,success,,155.5977,160.155,False,2.0,420.0110000092536
"Los Angeles, CA",2026-06-22,4e260bc79ad4a407559318acb6866f3eb58dc3d1427cbcf1cc6d7e6a61ac3b6f,DMS,3,3,3,4,True,home_fixed_start,last_service_stop_no_home_return,osrm_road_network,los_angeles_ca,driving,547f10e9a188ffe02de6c02a8696031c69e279b78229fc8996e4511678f3a82a,success,,129.45,134.73833333333334,False,2.0,417.3525999940466
"Los Angeles, CA",2026-06-22,572301e943ed62e0887aac111e1898e9ad66e08cd7dc078d0c2c1e5bedd6709d,DMS2,1,1,1,1,False,nearest_neighbor_best_start,last_service_stop_no_home_return,osrm_road_network,los_angeles_ca,driving,4bc06d4594fe1f0f47f927818940d4c5c7bfc6d1771df000c7850d49e53ecb43,success,,0.0,0.0,False,0.0,0.0
"Los Angeles, CA",2026-06-22,5ddc0db475fd19d99280ede711083e57597f72d503f04d48d0d2b493bbf99b76,DMS,5,5,5,6,True,home_fixed_start,last_service_stop_no_home_return,osrm_road_network,los_angeles_ca,driving,0081667a1231895e10c03361c719ce7eae6b99d9a6a2fb629be917188e571709,success,,63.3065,67.14833333333334,False,2.0,416.5520000096876
"Los Angeles, CA",2026-06-22,6c3aa43310a9b76a5eb260005fd214edc03ffafe44b429667f9bd2beba6c3f39,DMS,3,3,3,4,True,home_fixed_start,last_service_stop_no_home_return,osrm_road_network,los_angeles_ca,driving,4346509d6d39a1071baace00580ed127511abe2efad233b0d0a7e5fabee35147,success,,56.8814,57.013333333333335,False,2.0,419.03189997537993
"Los Angeles, CA",2026-06-22,6ce99caa1744c1f501f826d5d0ccc4ecaab8ad97935a3170ef8aac4d65133adc,DMS,5,5,5,6,True,home_fixed_start,last_service_stop_no_home_return,osrm_road_network,los_angeles_ca,driving,ba4b60d8f73ef792c8a676652c9448cca3bf11b34b954a2d5aef5ec5bb12d6be,success,,33.067800000000005,37.77333333333333,False,2.0,426.6152000054717
"Los Angeles, CA",2026-06-22,74cd94df5018653b08f433e03225425b436de3c581902dbb750387db18073269,DMS2,2,2,2,2,False,nearest_neighbor_best_start,last_service_stop_no_home_return,osrm_road_network,los_angeles_ca,driving,09c679440944fa15418f0d0b321cb10e6e27e4f813381b2d3b6889f4d7715736,success,,62.9086,48.309999999999995,False,2.0,403.33559998543933
"Los Angeles, CA",2026-06-22,7d6ff4db196ffab6747ff56f95a824a7f9f6d73477518d105841ad96cfefb46f,DMS2,4,4,4,4,False,nearest_neighbor_best_start,last_service_stop_no_home_return,osrm_road_network,los_angeles_ca,driving,8f2ce503b0fa11d19013cf961f867b911d2a913e31ae2b1a9c764f07173a9e61,success,,96.3815,80.87833333333333,False,2.0,422.0136000076309
"Los Angeles, CA",2026-06-22,89f9b48f0b86afa66ec8376d3ec99aad0822411703717c95029b0bcb60c97de8,DMS,3,3,3,4,True,home_fixed_start,last_service_stop_no_home_return,osrm_road_network,los_angeles_ca,driving,809ea56cd5fb311957672ba1f688cf2496520b80281f7dbcc29aa3d90d4d6d0d,success,,57.7913,52.0,False,2.0,412.0216000301298
"Los Angeles, CA",2026-06-22,8a96dd937856e8747df9f76d93a8254701cb6fda904594c9ee8f199ca544c84c,DMS2,5,5,5,5,False,nearest_neighbor_best_start,last_service_stop_no_home_return,osrm_road_network,los_angeles_ca,driving,340bcbfde0937673cf05ea8cfe54e4e12628a5739ab5b589af3f653cf9d1d1ba,success,,62.838699999999996,73.705,False,2.0,413.90109999338165
"Los Angeles, CA",2026-06-22,8f0aa18f9b513759b1cddb1f8dbb2147db493de6b43a6404f287238e6e290197,DMS2,1,1,1,1,False,nearest_neighbor_best_start,last_service_stop_no_home_return,osrm_road_network,los_angeles_ca,driving,08863c3cbe50e2b8c75251bd5a394dfe0275155dd7434cd12149f5824d3abaed,success,,0.0,0.0,False,0.0,0.0
"Los Angeles, CA",2026-06-22,8f8f37959376e89b5522b44fdb77f92d84868d573033568d69a889b1502da562,DMS2,3,3,3,3,False,nearest_neighbor_best_start,last_service_stop_no_home_return,osrm_road_network,los_angeles_ca,driving,a23ea73c40f25767bc6fd6fb59f104de47763c76149a19428274d6085629a3e4,success,,60.984199999999994,56.54333333333333,False,2.0,397.1892999834381
"Los Angeles, CA",2026-06-22,9241ee7149f830891d06a940e634e9b9516ee2873ed761cb0debd14770b3712c,DMS,3,3,3,4,True,home_fixed_start,last_service_stop_no_home_return,osrm_road_network,los_angeles_ca,driving,fd7137ce0164b2fbf904c014e4e08cce196168140066732789765e740275a07d,success,,20.8923,27.025,False,2.0,415.3128000034485
"Los Angeles, CA",2026-06-22,92c274b20f792a66df6e0279e3482c14d9c09f252ecd802274f19dcf9f725830,DMS,2,2,2,3,True,home_fixed_start,last_service_stop_no_home_return,osrm_road_network,los_angeles_ca,driving,178d1240a11d7be7d1dbccb199302413ee92cc1205ab5ed6f691896305795fd7,success,,22.4562,26.408333333333335,False,2.0,411.76839999388903
"Los Angeles, CA",2026-06-22,9db9b57a6cbb3b31f09a48dcb889b3998f9e4da536ca0f632242377164efcbf0,DMS2,5,5,5,5,False,nearest_neighbor_best_start,last_service_stop_no_home_return,osrm_road_network,los_angeles_ca,driving,dac7d95a0248b24105d6c53945b43c7027c527f03442f400294dc9a93f4f0fe7,success,,214.28779999999998,180.87833333333336,False,2.0,466.11300003132783
"Los Angeles, CA",2026-06-22,9f721c851cb822b50421d39c81c30155e08eea75f60de0e10087aa24fd60bbd4,DMS2,4,4,4,4,False,nearest_neighbor_best_start,last_service_stop_no_home_return,osrm_road_network,los_angeles_ca,driving,27c9f2ddde98493272778a97777646395b2eec4ed114fb7049a87f17620264d4,success,,42.2894,49.61,False,2.0,430.6252000387758
"Los Angeles, CA",2026-06-22,a427e81bc81a4437e2321fc2eeff2eca60b3cc96cb86216d6b488bca28a0ab8d,DMS2,2,2,2,2,False,nearest_neighbor_best_start,last_service_stop_no_home_return,osrm_road_network,los_angeles_ca,driving,596b6933e4e22c3336c93ad4d43fcfd69b116e3c4af518b3268225dbcdf5a1bc,success,,8.902899999999999,12.633333333333333,False,2.0,415.9825000097044
"Los Angeles, CA",2026-06-22,a92a4aeac33334a193b5dc576cf840d7bcb939477761e3d90fe3da7f24a4e406,DMS,3,3,3,4,True,home_fixed_start,last_service_stop_no_home_return,osrm_road_network,los_angeles_ca,driving,8ece408f48ada233610dd31434451c8b7e9cb7f31fb1cc5273053a4b2a1a1ec4,success,,39.5832,41.05166666666666,False,2.0,399.96519999112934
"Los Angeles, CA",2026-06-22,aec404b14bcc39b7fc2c51b7421e08cda80a916e78973e518b92029cdbafdcf8,DMS,2,2,2,3,True,home_fixed_start,last_service_stop_no_home_return,osrm_road_network,los_angeles_ca,driving,f24544dd8614949709ce6d8054f82cddb085ad120161c6b7c952b8e84d401025,success,,11.747,15.29,False,2.0,399.0965999837499
"Los Angeles, CA",2026-06-22,af7fd9a51269a7a9ab77a81443e5ad5c73d3c30dd8d6fc7ef92cbad1cb2133bc,DMS,4,4,4,5,True,home_fixed_start,last_service_stop_no_home_return,osrm_road_network,los_angeles_ca,driving,656485d90188e643377ac42646a3005b7490bd0b0c89bf2ddbdf55ed86120606,success,,35.048,48.538333333333334,False,2.0,409.2823000100907
"Los Angeles, CA",2026-06-22,aff95e9ae354fd9b372704c961e3a85f343613ae6a84117b43fc6ab7c9ab4619,DMS2,1,1,1,1,False,nearest_neighbor_best_start,last_service_stop_no_home_return,osrm_road_network,los_angeles_ca,driving,51f3f72c52c11b9d76819fbb730afe4514558bd636e92e44fd16fd5f2608305b,success,,0.0,0.0,False,0.0,0.0
"Los Angeles, CA",2026-06-22,b0298082f7d3bb01a22af11998c88c00449cd1e05f8bec021ffd4f07707f2001,DMS,6,6,6,7,True,home_fixed_start,last_service_stop_no_home_return,osrm_road_network,los_angeles_ca,driving,8cfa189566d1353ffeb09d06a6c679832b4a3a53d48bf44fc3f5af80f5860128,success,,35.6585,53.09166666666667,False,2.0,429.54260000260547
"Los Angeles, CA",2026-06-22,bff760215148f090dee075356fe23a60f62d4d4e6cb96408e6c26a6ec97f2d31,DMS2,1,1,1,1,False,nearest_neighbor_best_start,last_service_stop_no_home_return,osrm_road_network,los_angeles_ca,driving,7ea984656469940281dfef9af832daa73e1395cb7990e2cd726c4ade6bcf7bd4,success,,0.0,0.0,False,0.0,0.0
"Los Angeles, CA",2026-06-22,c77ddd9a01d8a7301a63a88a84f90a49ddc9a7662368a1faeed441e08a46a293,DMS,5,5,5,6,True,home_fixed_start,last_service_stop_no_home_return,osrm_road_network,los_angeles_ca,driving,f8be03b89c4069c88f22b701cb200b2b22fc457572610bb941b23997048697fa,success,,45.6866,55.195,False,2.0,448.5413999937009
"Los Angeles, CA",2026-06-22,c90d76d76b5fce505727c09ee52271654be8d393041b495b3077b15731b70667,DMS,5,5,5,6,True,home_fixed_start,last_service_stop_no_home_return,osrm_road_network,los_angeles_ca,driving,2007afa4e6720c905286ae386e4c844e8e9edff6a078ae0c9313c65f40652ae5,success,,37.256,39.98166666666667,False,2.0,414.50630003237166
"Los Angeles, CA",2026-06-22,d0cb65e295b5c898bfb65205e0059a8982e617952cf6012fac9e9ca2f13281d9,DMS,2,2,2,3,True,home_fixed_start,last_service_stop_no_home_return,osrm_road_network,los_angeles_ca,driving,34209b974b8a1ce0c1f403231049d004f5b3481e84bcde7040f85c2e84040654,success,,27.673,29.326666666666664,False,2.0,406.4276000135578
"Los Angeles, CA",2026-06-22,d6d8cd12f2acce479b62df26af8f43ebb0aba21762634a795728264b192d1ada,DMS,4,4,4,5,True,home_fixed_start,last_service_stop_no_home_return,osrm_road_network,los_angeles_ca,driving,4386691816980965d05b5e798a326d42c528604d3c8864a8061d872243208b3b,success,,57.846,62.013333333333335,False,2.0,414.7347000252921
"Los Angeles, CA",2026-06-22,df6a71616c7ae7915907a4dd5b1a23ea48a591f7815d6c807d44563fda9bba6e,DMS2,2,2,2,2,False,nearest_neighbor_best_start,last_service_stop_no_home_return,osrm_road_network,los_angeles_ca,driving,b76247898f4c08156a19bb4fe3904165b0900c99cf6d3b1f066d0a42a44ab93d,success,,16.2526,16.616666666666667,False,2.0,395.20270001958124
"Los Angeles, CA",2026-06-22,e4d913c170b0dde16f108bc6c151d19cf6a574c2f9a215572ee923ad2bbcf9ea,DMS2,5,5,5,5,False,nearest_neighbor_best_start,last_service_stop_no_home_return,osrm_road_network,los_angeles_ca,driving,8076a1b21e72da74fce5a682b074c94e0f7e4fae8cb290ac3471d26564053b5f,success,,22.8585,31.013333333333332,False,2.0,411.5735999948811
"Los Angeles, CA",2026-06-22,e6fb1a2e4da6bf15ee30034f95cf074640a7d9a2d78618cc31678f6b04f20052,DMS,4,4,3,4,True,home_fixed_start,last_service_stop_no_home_return,osrm_road_network,los_angeles_ca,driving,0843c938e7bc976b2090077e749b70f2c2071c29208ada59c71b80abdaa4d705,success,,31.6628,37.906666666666666,False,2.0,426.9646000175271
"Los Angeles, CA",2026-06-23,06dc9cfdd52e5706cf36eae792a9e3b8977ced3274f761ddfa55c8b57d673e35,DMS,6,6,6,7,True,home_fixed_start,last_service_stop_no_home_return,osrm_road_network,los_angeles_ca,driving,e3fbf59314092810b002237a7645bc076a9daf3a8d4051eb3a657dc97136c7f0,success,,57.598800000000004,66.94333333333333,False,2.0,434.1849999909755
"Los Angeles, CA",2026-06-23,08abc66d6b1d154c45f33dc6324d2b77ce9b7e8ab81577d72c759974a953aeeb,DMS2,8,8,8,8,False,nearest_neighbor_best_start,last_service_stop_no_home_return,osrm_road_network,los_angeles_ca,driving,1ac1500ca972745b2fc250e1a1536947c9e474d8ef5e1c63b7f782b6f94c0674,success,,74.4486,83.46333333333334,False,2.0,426.42530001467094
"Los Angeles, CA",2026-06-23,08f57764f547de54284af74482fedff733c139f1a984f0d23b029e59ea8c4d77,DMS,3,3,3,4,True,home_fixed_start,last_service_stop_no_home_return,osrm_road_network,los_angeles_ca,driving,a65783258a66a83c8a08195852d632fa30484f1523d82ad74979409753b47b6f,success,,51.9266,46.165,False,2.0,412.6502000144683
"Los Angeles, CA",2026-06-23,0dc7c88b66b5dc12958b803e70b7586d26bbc0d88636a58cff02a2cdf767e16f,DMS2,7,7,7,7,False,nearest_neighbor_best_start,last_service_stop_no_home_return,osrm_road_network,los_angeles_ca,driving,387ffc5455f6360f3fc965c79575da3822a7e8e3ed1854387afe3e588aac0630,success,,102.3413,101.45333333333333,False,2.0,459.12070001941174
"Los Angeles, CA",2026-06-23,107f247e0b01ac5c13f0fa7f609ade4d68a79dd0560fb331d3c46ac9644d8b52,DMS2,2,2,2,2,False,nearest_neighbor_best_start,last_service_stop_no_home_return,osrm_road_network,los_angeles_ca,driving,f9ca9d40275cf392149773616c77eef4adc866e0e9294bfff7b015388a075bd0,success,,78.9584,59.87166666666667,False,2.0,414.2081000027247
"Los Angeles, CA",2026-06-23,108f2d114eff4c8b25f241a20539357e8dfd1003185dc80248bc439170f8ffdc,DMS2,1,1,1,1,False,nearest_neighbor_best_start,last_service_stop_no_home_return,osrm_road_network,los_angeles_ca,driving,ea6971306772ccfd95d01ae5afd3fe7a4c166c10784e06d63d0dbc267091aae7,success,,0.0,0.0,False,0.0,0.0
"Los Angeles, CA",2026-06-23,11f8ad6b21092c15f05fc96558792bb38bfcecfedef6c93158f74f42f5dd0b9f,DMS2,1,1,1,1,False,nearest_neighbor_best_start,last_service_stop_no_home_return,osrm_road_network,los_angeles_ca,driving,110a376c8142dbc604736390a273059c46f492d0386c3db26570054cd2503a66,success,,0.0,0.0,False,0.0,0.0
"Los Angeles, CA",2026-06-23,1505b17112a7f475e182ff64ca1a97eea26e9b1ce7dbd06190ad48ef90b71dc0,DMS2,4,4,4,4,False,nearest_neighbor_best_start,last_service_stop_no_home_return,osrm_road_network,los_angeles_ca,driving,667e1d4618fd612c8a380f59dfbefcd12c653acb6602b342bb987f5bce05d106,success,,76.198,71.55,False,2.0,413.7434000149369
"Los Angeles, CA",2026-06-23,1a0f119a95ee27b2dff72303fe30d3a24e3e6e7324577edc3cde3ddbe568aafa,DMS2,7,7,7,7,False,nearest_neighbor_best_start,last_service_stop_no_home_return,osrm_road_network,los_angeles_ca,driving,7a0b300f9ddd0aca94b585cf07691051993a4ce734f92e3902dd1811ebbc9a44,success,,45.9066,63.465,False,2.0,440.6752999930177
"Los Angeles, CA",2026-06-23,224dae8cc61fb31eab27d88c3c92c2a63ca3245c1f2b8c314ffacc85faf832fa,DMS2,1,1,1,1,False,nearest_neighbor_best_start,last_service_stop_no_home_return,osrm_road_network,los_angeles_ca,driving,8d094afd8de24761995e54bbdab23f23d353b0048a7c04e4b1dd2d1a07e3b33c,success,,0.0,0.0,False,0.0,0.0
"Los Angeles, CA",2026-06-23,2424f687c8380b1bf698e487b3594bf54d71b4f9301a416a82a0dca8370bd5f9,DMS2,1,1,1,1,False,nearest_neighbor_best_start,last_service_stop_no_home_return,osrm_road_network,los_angeles_ca,driving,2be1a2d82f06e73ee981faaa6c795446dcc6bd0b51df8f23491467de3d58024a,success,,0.0,0.0,False,0.0,0.0
"Los Angeles, CA",2026-06-23,271ef26ec8d60c53c74fb0cfdcfd67a790078a70dcf0d804a7bcafb8af4f7492,DMS2,1,1,1,1,False,nearest_neighbor_best_start,last_service_stop_no_home_return,osrm_road_network,los_angeles_ca,driving,1f3551de8908cc8cf16ea3c70933763c1c13c4eaa078b17878ae5bda223fc72a,success,,0.0,0.0,False,0.0,0.0
"Los Angeles, CA",2026-06-23,275eadc66f0fa08e0f389fae56e43986db76f2bd2e9e38a252fe096badbb6d5a,DMS2,3,3,3,3,False,nearest_neighbor_best_start,last_service_stop_no_home_return,osrm_road_network,los_angeles_ca,driving,58adc5ca383c2449ba391df7973e2b8fcbf1589930ff4b88f255b0e193513380,success,,35.4736,39.29833333333333,False,2.0,419.82819998520426
"Los Angeles, CA",2026-06-23,2b8e70b9e5dd17cafa8257083638aca174b4b317fcfbf495f72a8c9af8d92242,DMS2,2,2,2,2,False,nearest_neighbor_best_start,last_service_stop_no_home_return,osrm_road_network,los_angeles_ca,driving,1131ef9390804fcb404f076539ed19c8d873d547f07433ed71321264ecf2b241,success,,47.5264,42.431666666666665,False,2.0,409.0542000194546
"Los Angeles, CA",2026-06-23,3084c779ed8ca79bdef1f8d75d302cf68433906f393b22a6127a3aae812c6849,DMS,2,2,2,3,True,home_fixed_start,last_service_stop_no_home_return,osrm_road_network,los_angeles_ca,driving,eff3002ccad2da5235e39ebe39b5d87b7381330fd8f11cc20c330ab57270c821,success,,65.2034,63.80166666666666,False,2.0,419.2269000050146
"Los Angeles, CA",2026-06-23,3193310dfdd8d2195ea0c57ea138f36d962d344e1594a2df9f7bdcc9144a163f,DMS,4,4,4,5,True,home_fixed_start,last_service_stop_no_home_return,osrm_road_network,los_angeles_ca,driving,7cb4a8888fc40de53cd5c06ab6bbacaa882693fe25b0bbf740318562fa8abc37,success,,26.850099999999998,34.03666666666667,False,2.0,401.7600999795832
"Los Angeles, CA",2026-06-23,32fa96c1132b8d5320c445a5d8a3e5966ce6bbca3063f1b47dd50195e15212c3,DMS2,2,2,2,2,False,nearest_neighbor_best_start,last_service_stop_no_home_return,osrm_road_network,los_angeles_ca,driving,2528eb1627be8501f6f823d7585fa7f160dcc63567301e4e5309ff5010d39d3e,success,,11.5444,11.44,False,2.0,403.42259997851215
"Los Angeles, CA",2026-06-23,3a3bc2ed1607c12614368b14f74ea996ecc9933fc11506ccf38605f9468bc01e,DMS2,1,1,1,1,False,nearest_neighbor_best_start,last_service_stop_no_home_return,osrm_road_network,los_angeles_ca,driving,21696a84f4acc7382d789e8de2b03ab5dd7dbc91de73fb251813b180f698511e,success,,0.0,0.0,False,0.0,0.0
"Los Angeles, CA",2026-06-23,48857b302b9a713de8b38ae7ae3f9e5e32b07539ffd500ebf6ab1967739786fe,DMS2,4,4,4,4,False,nearest_neighbor_best_start,last_service_stop_no_home_return,osrm_road_network,los_angeles_ca,driving,4ec0bdad7c297d3795b124e376c8c6410887c2658053bded1dde14e0cf0fab39,success,,133.71689999999998,110.06333333333333,False,2.0,442.15379998786375
"Los Angeles, CA",2026-06-23,48d826c6531be451dd498d040f18b2678e32479a94ae9122dbf28c73368b1327,DMS,5,5,5,6,True,home_fixed_start,last_service_stop_no_home_return,osrm_road_network,los_angeles_ca,driving,09011c407da54ed5e983e22f94c81f3e1340d5c68488499aa0b1e99a9e00c7bc,success,,53.8303,63.519999999999996,False,2.0,433.8461000006646
"Los Angeles, CA",2026-06-23,55bc1f3281b7b83a8db2c76993d099f3cc8ed0c6ce8371a95c39704a0d3cc1fa,DMS,5,5,5,6,True,home_fixed_start,last_service_stop_no_home_return,osrm_road_network,los_angeles_ca,driving,5761e393193f20d6271da1554379fbe2aa24ecf63bba01bd3d00e891d1d16bf8,success,,67.93639999999999,72.30333333333333,False,2.0,403.59579998767003
"Los Angeles, CA",2026-06-23,5932182ddd5aed61b48e9837bb0546bcf88db378d0b403181eddc44792af5180,DMS2,1,1,1,1,False,nearest_neighbor_best_start,last_service_stop_no_home_return,osrm_road_network,los_angeles_ca,driving,ba404f62b8392a21e299454c5febf6045ab558f03b5e44de2677ba576e105ca2,success,,0.0,0.0,False,0.0,0.0
"Los Angeles, CA",2026-06-23,595fa3cae2db8b20322056729b75ab773794a3d12195c2e1cfeb247385d7bb78,DMS,1,1,1,1,False,nearest_neighbor_best_start,last_service_stop_no_home_return,osrm_road_network,los_angeles_ca,driving,9311684b40bdcf7cfd79ba9b470298c46dbca85c2972252f3a6dc506524baa36,success,,0.0,0.0,False,0.0,0.0
"Los Angeles, CA",2026-06-23,5a316268d6ca5e7ba1f71f05fde2e44ecb95ad6a15e577f8fe91615a4167e974,DMS,7,7,7,8,True,home_fixed_start,last_service_stop_no_home_return,osrm_road_network,los_angeles_ca,driving,fd65e913c70250dc217e71d7a8e2b3bea142e08c2d07df6c80dd7f2a83882359,success,,58.5993,74.52,False,2.0,415.6902000249829
"Los Angeles, CA",2026-06-23,5a3e68702a8f60a2810f6f329cb04e545b3c2c9964677d36ad13cda05c7a313c,DMS,4,4,4,5,True,home_fixed_start,last_service_stop_no_home_return,osrm_road_network,los_angeles_ca,driving,0244fad721a7a1e4eb73a093e0afbb28350608e24946d85dd6057d36b7a7f793,success,,36.3654,45.638333333333335,False,2.0,406.4686000056099
"Los Angeles, CA",2026-06-23,6a3880aaa275408ed341d8c1206f2b4d7fe563c5e4eb883d29e7f8ec982a20f3,DMS2,2,2,2,2,False,nearest_neighbor_best_start,last_service_stop_no_home_return,osrm_road_network,los_angeles_ca,driving,7da3f0df96e3cb5bc30a6c1fb5320a163d8e43e66508337bd15b0a52ef3739b6,success,,136.7234,101.675,False,2.0,446.1035999993328
"Los Angeles, CA",2026-06-23,6dfac8a6740187c9aa1a0b90819de43862300d49692f4025e68f8db2fea4c3ba,DMS,1,1,1,1,False,nearest_neighbor_best_start,last_service_stop_no_home_return,osrm_road_network,los_angeles_ca,driving,cf441b504aca505e6200c31c5b2ddd8d218c7515078a9af5b4b6d773acb56635,success,,0.0,0.0,False,0.0,0.0
"Los Angeles, CA",2026-06-23,6f2d90ab9b126fcb3dba9155b57c6a83284a5882333370b521cd11adc91768ee,DMS,2,2,2,3,True,home_fixed_start,last_service_stop_no_home_return,osrm_road_network,los_angeles_ca,driving,a7587800992739a4dd7264ca504894775023fe3c69f78eb01e7501bb24adbb09,success,,97.04639999999999,89.56,False,2.0,410.8729000145104
"Los Angeles, CA",2026-06-23,7055be54fd968f8e54f242a23f1adf0e1d18a1f4f661cea7ed4f61cd86d24eda,DMS,4,4,4,5,True,home_fixed_start,last_service_stop_no_home_return,osrm_road_network,los_angeles_ca,driving,f5dfcb91af1f02f78b0723082a2dd3b65a24f6cb69036d84ba9d07146fcc0d75,success,,42.226,58.57833333333333,False,2.0,423.2798000157345
"Los Angeles, CA",2026-06-23,828b38adaaacc9c4f529a095264bca0719b37a986bb0def635882ef34d6ad917,DMS2,3,3,3,3,False,nearest_neighbor_best_start,last_service_stop_no_home_return,osrm_road_network,los_angeles_ca,driving,f7d07b44efd115173f50902f8f6b301f5e2489eb972d6ea4a0f6bd5919a82616,success,,89.74119999999999,75.24499999999999,False,2.0,403.4106000326574
"Los Angeles, CA",2026-06-23,88fe40e65ea615390dd11493bdf7b9296c54d2aeebd9a3c2546b342c6654b420,DMS,3,3,3,4,True,home_fixed_start,last_service_stop_no_home_return,osrm_road_network,los_angeles_ca,driving,392789fb5f5469417d8d5eaa15ec0bd590f72c8968f091a64d1b184c3b0d12db,success,,28.890099999999997,38.413333333333334,False,2.0,407.9071000160184
"Los Angeles, CA",2026-06-23,8c4e4afed952cebc0c936db7ecaaefeedba5e0a5ba1c9aec0bd6fb2deb255c42,DMS,3,3,3,4,True,home_fixed_start,last_service_stop_no_home_return,osrm_road_network,los_angeles_ca,driving,a703411be38474ab9b9d3fba1b4e499dea1d45bb8746a9f40bc4e220aaef4218,success,,479.2081,377.98499999999996,False,2.0,422.83060000045225
"Los Angeles, CA",2026-06-23,927612bc0e51e35e59c1f883452555e1743cfed7bdddcdccd01e909590cb9a7f,DMS,4,4,4,5,True,home_fixed_start,last_service_stop_no_home_return,osrm_road_network,los_angeles_ca,driving,470018e3278c11aa854369fec58a00605f81de014bbb363538ac1a1f065f92bb,success,,42.4553,48.9,False,2.0,428.80419999710284
"Los Angeles, CA",2026-06-23,9c427f101c6f285cf3ea89777f03fa0a96d93cae93bbb7a425c74c1a8dc90076,DMS,6,6,6,7,True,home_fixed_start,last_service_stop_no_home_return,osrm_road_network,los_angeles_ca,driving,91a19cd9952e93c06a8c3b10b7062b5b6f6d81ba2d799a6b7ab3ac3f7d9fa936,success,,46.787,55.11666666666667,False,2.0,442.8552000026684
"Los Angeles, CA",2026-06-23,b12d94e0a17e0bcc6021347baed3af8909943fdfdbd8842456b588dc969f405b,DMS,5,5,5,6,True,home_fixed_start,last_service_stop_no_home_return,osrm_road_network,los_angeles_ca,driving,73bc7be6bd47ca748246a8022face5d6fdfd1af8c312d57a365a770ef8be2854,success,,36.216300000000004,42.13166666666667,False,2.0,415.021600027103
"Los Angeles, CA",2026-06-23,bcea707ed1ad4e339aa67402ddb1d503121b0ef54e8f84d52a551b26ec216294,DMS,3,3,3,4,True,home_fixed_start,last_service_stop_no_home_return,osrm_road_network,los_angeles_ca,driving,407063f043e764454256137250047291a1b579abf65b94226d47b2a61e240340,success,,114.1943,115.345,False,2.0,409.5460000098683
"Los Angeles, CA",2026-06-23,c9e70eb3f7eb5fbde99dfdb7602dacf19fb1898425a6f60be913956576694642,DMS2,1,1,1,1,False,nearest_neighbor_best_start,last_service_stop_no_home_return,osrm_road_network,los_angeles_ca,driving,9e259352019dd89529de392506cf3e1a5ab9cec9f28b83bd97ab80fcd7e30090,success,,0.0,0.0,False,0.0,0.0
"Los Angeles, CA",2026-06-23,ca5f462cd5c4b4d0349101ba06f41e4798cb9c7abb3e37dd76de442e627fded6,DMS,6,6,6,7,True,home_fixed_start,last_service_stop_no_home_return,osrm_road_network,los_angeles_ca,driving,e2a7c4ac639da612360fa5162115b928d7a741e27fb4a2a0be81caca015577c3,success,,87.03960000000001,97.78500000000001,False,2.0,421.1506000137888
"Los Angeles, CA",2026-06-23,ccf71f2fdab6d45efb03a96cd9529021760917b6390c7228ff58c4024eb0aa13,DMS,1,1,1,2,True,home_fixed_start,last_service_stop_no_home_return,osrm_road_network,los_angeles_ca,driving,5488eb0370190b9a24d792c67c21d7b9156145bcf133c58d57c9b7e2530ca360,success,,33.098800000000004,29.641666666666666,False,2.0,400.52740002283826
"Los Angeles, CA",2026-06-23,db74f5540345dcac5864d7e671e3cd7dd53e5ecdb76721dda044a3e166b06260,DMS,5,5,5,6,True,home_fixed_start,last_service_stop_no_home_return,osrm_road_network,los_angeles_ca,driving,fe86a3d5df13f514814fe56c973b80cfb4e03ec7b93010790bcb5f7d9e56cc90,success,,79.0679,84.68833333333333,False,2.0,413.87200000463054
"Los Angeles, CA",2026-06-23,e7b9376e5fee028ad01450c115b8fae768cf109c973e9d61c8d80f87be62b59a,DMS2,6,6,5,5,False,nearest_neighbor_best_start,last_service_stop_no_home_return,osrm_road_network,los_angeles_ca,driving,032771a46e1d3b7780fd805367521d316c0a20d7c4b056b9c9c3d67ce2fa7ee4,success,,29.0549,36.843333333333334,False,2.0,412.6629999955185
"Los Angeles, CA",2026-06-23,f938101f400ad789d7793a75b57eaa0643f2479b288445e1be1cb56c0020db9e,DMS,3,3,3,4,True,home_fixed_start,last_service_stop_no_home_return,osrm_road_network,los_angeles_ca,driving,aa2e5664a4836b80d3e0212aa2c165d72ebd4e1f1d8016fc78b6b40d841885df,success,,51.7984,54.01,False,2.0,415.2740999707021
"Los Angeles, CA",2026-06-23,fb614f8f015682ca78cd129d5c09612b71b835fd6f9b124d76e644f12238b65d,DMS,4,4,4,5,True,home_fixed_start,last_service_stop_no_home_return,osrm_road_network,los_angeles_ca,driving,52febed51264232bb59882e8f81169209c33c768a13b0ae8034c76b4726bdc66,success,,56.3882,66.595,False,2.0,409.744899981888
"Los Angeles, CA",2026-06-23,fe1ff325ea361a0e39da7a98104048a9fc58352324996ad575efc550ce9bffab,DMS2,3,3,3,3,False,nearest_neighbor_best_start,last_service_stop_no_home_return,osrm_road_network,los_angeles_ca,driving,f9d0223b8d4819e5956ec1a2398d9b07e5f317f9d8a27e57e41ad5f87854dc5c,success,,26.7323,26.646666666666665,False,2.0,399.80490002199076
"Los Angeles, CA",2026-06-24,023a5433ba043f24a618b5a6efed78917c9cf06b73dd78a4a62a4f244ca0c163,DMS2,1,1,1,1,False,nearest_neighbor_best_start,last_service_stop_no_home_return,osrm_road_network,los_angeles_ca,driving,c73eef14256118e992a9e186ed619d5855ce6c0d8881a8a8f2e8fc93ecdbb038,success,,0.0,0.0,False,0.0,0.0
"Los Angeles, CA",2026-06-24,2817c64a61513476f662bdf19bd19e55f84346349a88d64a02255758267aaa91,DMS2,7,7,7,7,False,nearest_neighbor_best_start,last_service_stop_no_home_return,osrm_road_network,los_angeles_ca,driving,9e5938d25c37882dd39d442454c01b2b3b1d0c4adefe56cefb7586caf97dd1cc,success,,25.179299999999998,34.955000000000005,False,2.0,437.23149999277666
"Los Angeles, CA",2026-06-24,2d5ba5203cbba6ff13be7a5e20f0205a4fd168d026c917885c0c75151307ff0f,DMS,4,4,4,5,True,home_fixed_start,last_service_stop_no_home_return,osrm_road_network,los_angeles_ca,driving,4d8c791b8c31db3c761485f96bd602db027d8cb047cab94cab7bddfe7f6acab9,success,,33.8725,43.78333333333333,False,2.0,424.4548999995459
"Los Angeles, CA",2026-06-24,3e8fdffa5e54e6d8db124461f12e46baf489d4524959c8551fcd191454dfb8f9,DMS,3,3,3,4,True,home_fixed_start,last_service_stop_no_home_return,osrm_road_network,los_angeles_ca,driving,ca8a3c5bc072e79cf75a3f041a114249cdac8865c0ba03afd13462e2f94ecf22,success,,42.122699999999995,45.07333333333334,False,2.0,420.0017000257503
"Los Angeles, CA",2026-06-24,3fb70a291032f9ca3c551dfe59e8d2aeb6dc05e71092f0886fe053a498fcb9f6,DMS,4,4,4,5,True,home_fixed_start,last_service_stop_no_home_return,osrm_road_network,los_angeles_ca,driving,75f54b0800070b630e6f3a23ea233ab57eac32b065818935f1d658fcc5d1b3ad,success,,41.2337,45.32166666666667,False,2.0,421.8027999741025
"Los Angeles, CA",2026-06-24,47b67a8afb345be834142b75eddb2184730318e128c2cae2846a7d45d4186155,DMS2,3,3,3,3,False,nearest_neighbor_best_start,last_service_stop_no_home_return,osrm_road_network,los_angeles_ca,driving,bcd113f5ac254201a61c562872b490b5288075219b0b09918481a65f3d6a07fc,success,,11.772,15.19,False,2.0,406.16760001285
"Los Angeles, CA",2026-06-24,49883b9c3d6d0ae39a36e35adcd46645e551f261229e0b3cc59e17d78520c187,DMS2,5,5,5,5,False,nearest_neighbor_best_start,last_service_stop_no_home_return,osrm_road_network,los_angeles_ca,driving,b90d117a5e98b1ba2cf34e62c123667c47b0b0d93c49423800828053e7b1a266,success,,137.70870000000002,125.00833333333334,False,2.0,449.4195000443142
"Los Angeles, CA",2026-06-24,4c304944a7e3730dda295d3c4ad28594f47d849c1fbaebbc57b16796de04aa1a,DMS,4,4,4,5,True,home_fixed_start,last_service_stop_no_home_return,osrm_road_network,los_angeles_ca,driving,3ca24ef044769cff5c8fb8a750ee2f4ad0eaef0d928b57c00716239964fd2421,success,,45.7502,52.15,False,2.0,435.22380001377314
"Los Angeles, CA",2026-06-24,4e3890c2e10bd74a00f44f88148ed80096a667380ff3bf21f8ac0a2e8932d06b,DMS,3,3,3,4,True,home_fixed_start,last_service_stop_no_home_return,osrm_road_network,los_angeles_ca,driving,9195d67b14feb74ddfd77346c06c9d8f781f900ac8d53a0822db0901d6a7c203,success,,49.0504,55.52333333333333,False,2.0,406.6280999977607
"Los Angeles, CA",2026-06-24,575c5512097b57a5ad3fd60973eac9d63a79b3a2055a9ee27d34c854ae3ee41b,DMS2,4,4,4,4,False,nearest_neighbor_best_start,last_service_stop_no_home_return,osrm_road_network,los_angeles_ca,driving,b8e7e44d610bdf9e09b3f5b4b9e1e14df807166ca2d77b671437ca30afbde579,success,,17.9817,26.391666666666666,False,2.0,425.31949997646734
"Los Angeles, CA",2026-06-24,58870c4cc613b6caa4f58526802bf512f97ceac9de639c5b0891b827a2329bf2,DMS2,6,6,6,6,False,nearest_neighbor_best_start,last_service_stop_no_home_return,osrm_road_network,los_angeles_ca,driving,30101c317297d8e793a6ccf62b7d2e295f405988f7449a7ae25b0b9dbd089adf,success,,130.953,125.43,False,2.0,420.27660002349876
"Los Angeles, CA",2026-06-24,59f29992df719fc42cbfeeaf2f899d39b5f782952090ae95372302fa4774ace4,DMS,5,5,5,6,True,home_fixed_start,last_service_stop_no_home_return,osrm_road_network,los_angeles_ca,driving,ea00827eacd8587551eddf2b3cb1617af63f67c8865395cf4ccc4e0ec2fc23a1,success,,41.8321,48.013333333333335,False,2.0,425.7361999771092
"Los Angeles, CA",2026-06-24,5e99924aa023466b02d98a87107ecd527c35eef11b3cdfef5586cb3698c9c260,DMS,4,4,4,5,True,home_fixed_start,last_service_stop_no_home_return,osrm_road_network,los_angeles_ca,driving,d10ce04bd11e3db4e39e685bb4ebca3bd63fdc522fad15c670f4f34edda518ba,success,,36.1993,44.055,False,2.0,421.19090000051074
"Los Angeles, CA",2026-06-24,5ecc682edc5fb7454e20d70cb21bacb71c459cc4330173205227b63353815751,DMS,5,5,5,6,True,home_fixed_start,last_service_stop_no_home_return,osrm_road_network,los_angeles_ca,driving,e9fd3b0f887c3061304b95c7e12b31fd2fbdc7c42fb1a552b6904e336484d050,success,,80.799,86.06666666666666,False,2.0,444.14470001356676
"Los Angeles, CA",2026-06-24,63a37abe507c56ec79efb05cf35565f3cca84dc12b461ecfc4af3989a7b0086c,DMS,1,1,1,2,True,home_fixed_start,last_service_stop_no_home_return,osrm_road_network,los_angeles_ca,driving,490f74b083c984a56c4abb71654c5206a8e9e2c06d12177ad0eb647152895431,success,,10.313,13.328333333333335,False,2.0,397.1284000144806
"Los Angeles, CA",2026-06-24,656d3f70f1b15244eb1e1c82d8a92c23988bef1a58d368a6c5ab650a8f56a245,DMS2,1,1,1,1,False,nearest_neighbor_best_start,last_service_stop_no_home_return,osrm_road_network,los_angeles_ca,driving,901db322a6e5b2c302ba930c2956f7cbef1f64ac4d72bee5d5b26525c5d99a6f,success,,0.0,0.0,False,0.0,0.0
"Los Angeles, CA",2026-06-24,672a540cd3946015202f1dd34b5f2e43eb9df0668a259f9489986ee33d4610fa,DMS2,2,2,2,2,False,nearest_neighbor_best_start,last_service_stop_no_home_return,osrm_road_network,los_angeles_ca,driving,d8481b32a8347c7259e725137455e6ae7609174c02d44446633fda3f19e74e62,success,,14.1869,13.825,False,2.0,401.63550002034754
"Los Angeles, CA",2026-06-24,6a0ad4f22651ccee3405c9b654ef3340796a16d343d69e5b09b50ccd170ac2b6,DMS2,1,1,1,1,False,nearest_neighbor_best_start,last_service_stop_no_home_return,osrm_road_network,los_angeles_ca,driving,873484424f6a35067823871ef22c2b4c9aaa227b2d111ae0e3ffd8248c11e684,success,,0.0,0.0,False,0.0,0.0
"Los Angeles, CA",2026-06-24,6a42ec6fd654828f7cd1d9fe3109c21c31629c0af94d7b53853e7039b15e95d5,DMS2,3,3,3,3,False,nearest_neighbor_best_start,last_service_stop_no_home_return,osrm_road_network,los_angeles_ca,driving,1d9f875885eaf30c6c268674e42a9fb60a1a0f9d95a484242c3a47a94a5c7934,success,,96.1947,85.15333333333334,False,2.0,406.58449998591095
"Los Angeles, CA",2026-06-24,7ce9ce06f018fb890ce6a7e6c9684f4dcdc6d402bef1e7f56fc99b9eb2300809,DMS2,2,2,2,2,False,nearest_neighbor_best_start,last_service_stop_no_home_return,osrm_road_network,los_angeles_ca,driving,eef8595e00ad5fe4a9788458db053c02b4177644606646871d50bbd86492a367,success,,17.470599999999997,15.548333333333334,False,2.0,404.5861999911722
"Los Angeles, CA",2026-06-24,874f67eb8666e51fc2705b2d6a0dfaf5d852502aedc2e520e38997ebd5e3404e,DMS,2,2,2,3,True,home_fixed_start,last_service_stop_no_home_return,osrm_road_network,los_angeles_ca,driving,96a60adb4394488ae4203d74b131fab29981164ca51c5e0d8b34d0f2a995e8b9,success,,30.4625,30.078333333333333,False,2.0,424.9024000018835
"Los Angeles, CA",2026-06-24,9090e67508e0fcca211a3ff64a2f1e0c3e8a75fe6d6f89ea68daf5e9f863447a,DMS,2,2,2,3,True,home_fixed_start,last_service_stop_no_home_return,osrm_road_network,los_angeles_ca,driving,6a55c0083cb071a63448c0902f6e54fa5f43d94beb195ab07f602ba21f8cf2b0,success,,92.08539999999999,72.61833333333334,False,2.0,407.108600018546
"Los Angeles, CA",2026-06-24,9d28383da98f42acbbce79149279885b68e32caeec5440be85d38558774f529a,DMS,5,5,5,6,True,home_fixed_start,last_service_stop_no_home_return,osrm_road_network,los_angeles_ca,driving,af7f54c5b815446e223549ff1d9e878b096486565c082e56c3ced169f4cd405b,success,,40.8686,49.958333333333336,False,2.0,411.542100016959
"Los Angeles, CA",2026-06-24,9dbf06e359ab724373eb55348a9830679c44b7c8212a20dc9b4b1e215eed6395,DMS2,1,1,1,1,False,nearest_neighbor_best_start,last_service_stop_no_home_return,osrm_road_network,los_angeles_ca,driving,c34f8ee0380556ce8d744c831fa57c8019d41ca27f7c0b83eadf1bbe0b90a11d,success,,0.0,0.0,False,0.0,0.0
"Los Angeles, CA",2026-06-24,a0e9f9330ca30cd6418b3b0d1bfb418b39258fd65217fa83addcef56b22d9a31,DMS,5,5,5,6,True,home_fixed_start,last_service_stop_no_home_return,osrm_road_network,los_angeles_ca,driving,3c77e446f050432da5620f33dde6e310c31dd37c20085f49469c88bbc155cc2c,success,,52.4696,58.16166666666666,False,2.0,412.21549999318086
"Los Angeles, CA",2026-06-24,a280a8088e4f9211395737a636ef119766cd96f53131403e1dd3f506585ec9e8,DMS,7,7,7,8,True,home_fixed_start,last_service_stop_no_home_return,osrm_road_network,los_angeles_ca,driving,e80a7cadce3fec81a5b9bfaf2c1831496b43f369f94809ac5ad5afdee7bcd695,success,,147.24620000000002,143.895,False,2.0,433.5932000540197
"Los Angeles, CA",2026-06-24,b0550d48a6e0c8a80ed8962375076d63922a226d9d8a9daaaba50bb657668f2a,DMS2,2,2,2,2,False,nearest_neighbor_best_start,last_service_stop_no_home_return,osrm_road_network,los_angeles_ca,driving,f43ef8b3dc45909b4186f10b3b6e5ec9aea4a4a08aeded502fd95e5a7afa1bae,success,,64.422,57.931666666666665,False,2.0,413.5502999997698
"Los Angeles, CA",2026-06-24,b84441315329e33520d2322bb1e7dfb89941f6d177756cf846f147aa61591125,DMS2,2,2,2,2,False,nearest_neighbor_best_start,last_service_stop_no_home_return,osrm_road_network,los_angeles_ca,driving,2fc114b5b690ea2365bb7c0e8dee6494d0cdf6681fe9fe9fa5e8889135d32e43,success,,7.5495,10.041666666666666,False,2.0,402.6478000159841
"Los Angeles, CA",2026-06-24,b8c75225250febbdd52d226fbee5cea306c13b6536059fd334b184d3df110ae7,DMS,4,4,4,5,True,home_fixed_start,last_service_stop_no_home_return,osrm_road_network,los_angeles_ca,driving,8e57a95b7e98abab766d731e6b789404b70a696d048917bcf5241205d45a19c5,success,,50.8114,54.57833333333333,False,2.0,429.12470002193004
"Los Angeles, CA",2026-06-24,bc085e95ced2d72e7ec2e96ee1566ed7379ba049e60976d45c6937c98923ca1f,DMS,3,3,3,4,True,home_fixed_start,last_service_stop_no_home_return,osrm_road_network,los_angeles_ca,driving,5c550dfdc398e2052bc13ef64b5fd44cc629f31e3fc3be475143de89075ab45a,success,,26.2365,37.55333333333333,False,2.0,415.5116000038106
"Los Angeles, CA",2026-06-24,bca930e5dff9c8d6729d00319efb5e718653669c9d1f414c7cddd7d53a9181b9,DMS2,5,5,5,5,False,nearest_neighbor_best_start,last_service_stop_no_home_return,osrm_road_network,los_angeles_ca,driving,44d4d6bc34239f63151732e02fd35d23e37c3fd20bc020280bf21f2bd3ff6c7b,success,,96.87589999999999,91.05,False,2.0,418.7621000164654
"Los Angeles, CA",2026-06-24,c0ad7a39556a2a427a7254b0676cf29b621ceb80db50efa8c604ec6862b49e6f,DMS2,1,1,1,1,False,nearest_neighbor_best_start,last_service_stop_no_home_return,osrm_road_network,los_angeles_ca,driving,fd6b91c9efe7fa8804d5b0a9f0dd1a7d3c688a7f7165846cdd1c22930db687ee,success,,0.0,0.0,False,0.0,0.0
"Los Angeles, CA",2026-06-24,c31bc7745e20dfef2ad5a15c576ef03b62732a3890a940a45123887b48d96805,DMS,4,4,4,5,True,home_fixed_start,last_service_stop_no_home_return,osrm_road_network,los_angeles_ca,driving,f3fd29ce6843bd07cd73d109cd92749ce1aaaed0aefd16d6795499cfa1d71efa,success,,99.65010000000001,112.23,False,2.0,415.5791999946814
"Los Angeles, CA",2026-06-24,c4ff5dae34363a053d56bb9019073c2793e87649ca45512e16c8529aa97c0e41,DMS2,3,3,3,3,False,nearest_neighbor_best_start,last_service_stop_no_home_return,osrm_road_network,los_angeles_ca,driving,d951291cd8ca0e3e1a3ba89c4e5f08034b067932d2c0e6a68d4e6bfb67707245,success,,22.5906,23.021666666666665,False,2.0,416.8104999989737
"Los Angeles, CA",2026-06-24,d6c9c1c4d12bd3faae1020f3d2057039ca0527ebfcd785216b3023ba76adb520,DMS,4,4,4,5,True,home_fixed_start,last_service_stop_no_home_return,osrm_road_network,los_angeles_ca,driving,c1eeed00d85e14855a64d429699df0a31a4f714f1828aa9d9411ef1d0d8ec647,success,,99.05930000000001,102.8,False,2.0,405.6857000105083
"Los Angeles, CA",2026-06-24,dbf36aea46cc8d65b4abc7258e3b465d862bbe00a1c347a92ec0de3f5ad1dfaf,DMS2,4,4,4,4,False,nearest_neighbor_best_start,last_service_stop_no_home_return,osrm_road_network,los_angeles_ca,driving,4e6f73f2be6bf9ad32ba48a6aa5c4b9410998009b00db3355de142aeb3ceb7a3,success,,9.2592,14.254999999999999,False,2.0,422.0058000064455
"Los Angeles, CA",2026-06-24,e6aeb42c5ac04d2a5863f2c78f08dac862b903873686ab9163f57169b7de7526,DMS2,1,1,1,1,False,nearest_neighbor_best_start,last_service_stop_no_home_return,osrm_road_network,los_angeles_ca,driving,3dfdcb93882ea912dd8b9cc3efc4e56499b9f4bb99560865fc2d39318fac5826,success,,0.0,0.0,False,0.0,0.0
"Los Angeles, CA",2026-06-24,e73ffd2c8c7f58c55987c0a5b14a97d5211173929a8da1ce957d17365396f40b,DMS,2,2,2,3,True,home_fixed_start,last_service_stop_no_home_return,osrm_road_network,los_angeles_ca,driving,268cb5405dde0f403290011c575dbeb1456da30879cd15d64454aaff559e8c71,success,,59.9661,55.22666666666667,False,2.0,400.2081000362523
"Los Angeles, CA",2026-06-24,f30aa2380d9d66222cd0d8809f2d53ce4c55a4374075f54f0c209a43cca76e29,DMS,4,4,4,5,True,home_fixed_start,last_service_stop_no_home_return,osrm_road_network,los_angeles_ca,driving,4fac438d8f002c494df3be121ce664a8ff75e9c931b155eb5d7c6970a99988e6,success,,36.8498,48.79,False,2.0,407.9034000169486
"Los Angeles, CA",2026-06-24,f39c04d20a0667cc6624870d2191727405dd20b63ca3d1f12fe479d137e6acae,DMS,1,1,1,2,True,home_fixed_start,last_service_stop_no_home_return,osrm_road_network,los_angeles_ca,driving,7cc70dd5cdff54f7bb9a01da080bc01d79c9ed536dc5b8185bebe4e6afc67e8e,success,,72.93889999999999,71.68,False,2.0,403.11120002297685
"Los Angeles, CA",2026-06-24,fd09fc91514c71359e804c54ddff1c6c8135c20031e2bb012f8a3fe2c11472db,DMS,3,3,3,4,True,home_fixed_start,last_service_stop_no_home_return,osrm_road_network,los_angeles_ca,driving,a9f46405ce93b024ec50963a03fe115f772117f9fe2991a504d31078ac33877b,success,,14.6429,21.616666666666667,False,2.0,404.5289999921806
"Los Angeles, CA",2026-06-25,08019072dd5cdbc83cb6e77fe6dd8a50764c8e9528f5dad44e834ec2044996c9,DMS2,1,1,1,1,False,nearest_neighbor_best_start,last_service_stop_no_home_return,osrm_road_network,los_angeles_ca,driving,8559223422325c8e4ce1a458e9d86c50c84489541d09b1d63220c29a25007607,success,,0.0,0.0,False,0.0,0.0
"Los Angeles, CA",2026-06-25,0f5cf187fac0b1f4915cb47e131bc787b9066bc21fae7e3fc96ea470709c1f8c,DMS,4,4,4,5,True,home_fixed_start,last_service_stop_no_home_return,osrm_road_network,los_angeles_ca,driving,c8a0713bc31e5828d95922ff25bf8206ed5fd79e149ed18210b685f0f0e4b125,success,,38.1121,47.15333333333333,False,2.0,423.9277000015136
"Los Angeles, CA",2026-06-25,1279f38d762045656fda90b3d8fc5190a2f9c77b639459e695ce12457c581b20,DMS,3,3,3,4,True,home_fixed_start,last_service_stop_no_home_return,osrm_road_network,los_angeles_ca,driving,a52c50cbd7f3ab4c2bf4cb3268a0b03c8c15b1394301fe357c4b38dfb11fb070,success,,33.1049,39.111666666666665,False,2.0,417.05959997489117
"Los Angeles, CA",2026-06-25,17a24a7ab69230c526209f5e3ca72921420fa851127a59b9d2a4a7f457dee1e8,DMS2,6,6,6,6,False,nearest_neighbor_best_start,last_service_stop_no_home_return,osrm_road_network,los_angeles_ca,driving,75c8c1f45286761b624179d997f8ae14a294c4dd2709e9a24d51146931179cc3,success,,129.932,126.83,False,2.0,429.16840000543743
"Los Angeles, CA",2026-06-25,1a40047da24d9b507abbfbc45cd5c4e217ecc0ad9724a6521e8e919f4851c148,DMS2,1,1,1,1,False,nearest_neighbor_best_start,last_service_stop_no_home_return,osrm_road_network,los_angeles_ca,driving,8f9df70b85837574eb67d2eb61b96534bcc0295067b14575dfa6da85ca9052bf,success,,0.0,0.0,False,0.0,0.0
"Los Angeles, CA",2026-06-25,1b75fe0e51e370d3785e0fbc2d17f468b2bce99383dfe23671d0421d6b18ce14,DMS2,2,2,2,2,False,nearest_neighbor_best_start,last_service_stop_no_home_return,osrm_road_network,los_angeles_ca,driving,25da3b8e1569f66d8c5055c3c3d0f00c67e67addba585a9d44ea418b5cbd4889,success,,27.975,25.009999999999998,False,2.0,427.29679998592474
"Los Angeles, CA",2026-06-25,2096b90f473b44e7ac9287da006d9f4b7b47285eabb7ca3b5b3af475850cf493,DMS,3,3,3,4,True,home_fixed_start,last_service_stop_no_home_return,osrm_road_network,los_angeles_ca,driving,4b063f9f26337c6df7e64bb87c262dff2699896d0770dc3622abf9ef2883e260,success,,66.1317,63.595,False,2.0,414.8249000136275
"Los Angeles, CA",2026-06-25,20b4023b1c86853561a55ddceca8f8c46566bb20a0bbfe1f2b45204b386d8c8e,DMS2,6,6,6,6,False,nearest_neighbor_best_start,last_service_stop_no_home_return,osrm_road_network,los_angeles_ca,driving,87c164017268915ea8e02425333753a96f4e5ac774351a399b08c9a11eac5b3e,success,,59.6671,70.12666666666668,False,2.0,423.75539999920875
"Los Angeles, CA",2026-06-25,24731d7bf0dadd1bcecdc58034c7d1898c23d561d37dc1297ac1a50c780792e6,DMS2,1,1,1,1,False,nearest_neighbor_best_start,last_service_stop_no_home_return,osrm_road_network,los_angeles_ca,driving,4c58fc84a5bd342cbdb44eafaa76eac7e865e1a6815a11832bc245d8fa2dcb58,success,,0.0,0.0,False,0.0,0.0
"Los Angeles, CA",2026-06-25,30858f9d8106120834edd8f39b503e74f4915fd3e4e02a1929fec4c13f15bade,DMS2,1,1,1,1,False,nearest_neighbor_best_start,last_service_stop_no_home_return,osrm_road_network,los_angeles_ca,driving,dc6db4029a67c38f5104e5dc692d5a87580df3679f6493b1b11a819bcece741b,success,,0.0,0.0,False,0.0,0.0
"Los Angeles, CA",2026-06-25,4570f5ea2d730cf84ee1a607e8ad0968b83aa5c35c37699924c6d9c0fbe1e013,DMS,1,1,1,2,True,home_fixed_start,last_service_stop_no_home_return,osrm_road_network,los_angeles_ca,driving,6bd09584dab09628bc746d1a62dd9baa5c1f60983a959e3484dcceeefb942b7b,success,,81.0766,62.330000000000005,False,2.0,405.6921000301372
"Los Angeles, CA",2026-06-25,4a7f127774da46e1db0527e33fde813340c77d32efb525d766066fc45a640795,DMS2,2,2,2,2,False,nearest_neighbor_best_start,last_service_stop_no_home_return,osrm_road_network,los_angeles_ca,driving,9908525ec5a0b923faf631acbc12d1c737cc61b0437a35251d065682aec0a3ba,success,,54.558800000000005,43.89,False,2.0,407.8006999916397
"Los Angeles, CA",2026-06-25,4ebe405af01fe39ef598a4cb0eb9f6f0b4bbf96d7326f503b88ccbb182bcbdb5,DMS,3,3,3,4,True,home_fixed_start,last_service_stop_no_home_return,osrm_road_network,los_angeles_ca,driving,9571d6f253e362f8371315501470fa73199a35df2254454c9bf3e5d1b6ec9c1b,success,,24.8101,33.556666666666665,False,2.0,418.36210002657026
"Los Angeles, CA",2026-06-25,52454adcfbbf0293db069787192f4a5c25523a6f0d2425e9dd8934112e3ab89f,DMS,4,4,4,5,True,home_fixed_start,last_service_stop_no_home_return,osrm_road_network,los_angeles_ca,driving,bdab250efda3fd065b9157e284173296796bd1793f4baf5b8908622889841606,success,,127.4495,131.37666666666667,False,2.0,440.28790001175366
"Los Angeles, CA",2026-06-25,63b96588735fd1b6b011e9992dfddf660f3ccda1a5744f43dc2e57bd682077c3,DMS,5,5,5,6,True,home_fixed_start,last_service_stop_no_home_return,osrm_road_network,los_angeles_ca,driving,ed5713ba9fe7bbf3d3daca07a2b43ce3024ae85f3a3f663091033b67627c7fee,success,,49.2121,57.37,False,2.0,435.35079996217974
"Los Angeles, CA",2026-06-25,67a84ec153a7c681d7f274045f171395a8a05cf8574b11b045ac61886e22fafa,DMS,1,1,1,2,True,home_fixed_start,last_service_stop_no_home_return,osrm_road_network,los_angeles_ca,driving,08dc9c620d9596466ad7f5a41b231e61aa1f4d26a6e35cbfdaafd0438c9050d3,success,,6.057,8.908333333333333,False,2.0,399.59459999226965
"Los Angeles, CA",2026-06-25,712dfa60d8fc63ec60f0debcbe60ceb7d1fce11e36c02d2c98b6bfb886b393ec,DMS,4,4,4,5,True,home_fixed_start,last_service_stop_no_home_return,osrm_road_network,los_angeles_ca,driving,1752d46f492cccb783faa8389982b11764fdebfca2e8a99eb7746fd42f09357e,success,,126.78689999999999,129.42333333333332,False,2.0,407.8031000099145
"Los Angeles, CA",2026-06-25,88aad9d006d064d664ada1355db7204e5538cff77d650c8fe88134d07a797a8a,DMS,4,4,4,5,True,home_fixed_start,last_service_stop_no_home_return,osrm_road_network,los_angeles_ca,driving,4d61830c61ba5495c68454f955a43b717012a7d93a838ac48f0eb2fa660d9fb0,success,,31.1055,39.59,False,2.0,425.8306999981869
"Los Angeles, CA",2026-06-25,8aa2379deab532ef0bbc3dba2f165eacd7f635a913f9b20e4ba7d8b9763f0f02,DMS,4,4,4,5,True,home_fixed_start,last_service_stop_no_home_return,osrm_road_network,los_angeles_ca,driving,e6ca71b35d386b058439654ed913553a6170976c5d293205ff35890cab84e5ea,success,,39.190400000000004,44.52833333333333,False,2.0,425.32049998408183
"Los Angeles, CA",2026-06-25,8d9ea2533c617f91322addfa645d86226a434574e41991dee12e3f30b52136f3,DMS,4,4,4,5,True,home_fixed_start,last_service_stop_no_home_return,osrm_road_network,los_angeles_ca,driving,bb67136cac51012b446fa2ca9104bc71d1fcec34dac23a7c6c0b29b501ddb5f0,success,,63.103300000000004,74.89333333333335,False,2.0,418.11619998770766
"Los Angeles, CA",2026-06-25,91dbf19d99da514860c0da1ae8bddb767dfa7ad0c0916a4eb1bd507f7bc998d7,ASC,1,1,1,1,False,nearest_neighbor_best_start,last_service_stop_no_home_return,osrm_road_network,los_angeles_ca,driving,2820cecb2577ece4eb388817b257df82a68d155e63d512c294641b6035c6b1ee,success,,0.0,0.0,False,0.0,0.0
"Los Angeles, CA",2026-06-25,93ae8c31d38d4c5239ecac3ae65cb7f7d96e5bcb1c172fe6130f05ad934c3228,DMS,5,5,5,6,True,home_fixed_start,last_service_stop_no_home_return,osrm_road_network,los_angeles_ca,driving,0cf02b42d1390164eab242ca42637f1bdc44bae28f38ffd6ffd07db7380dfd50,success,,48.626599999999996,57.71666666666667,False,2.0,409.85349999391474
"Los Angeles, CA",2026-06-25,94a9fb423352fe213532b472fd93a7e1886b1ccdfbc68da93603c5518736b69f,DMS2,3,3,3,3,False,nearest_neighbor_best_start,last_service_stop_no_home_return,osrm_road_network,los_angeles_ca,driving,c269753e8cfdb323c08a14dce6e16560fbc9500caf0bd8be67e22a4adcd41a79,success,,18.4155,24.566666666666666,False,2.0,400.74569999706
"Los Angeles, CA",2026-06-25,9a5644740b77d8976f4f554242b57e69a5ac1005225b42c143ddb4365f6eb18f,DMS2,1,1,1,1,False,nearest_neighbor_best_start,last_service_stop_no_home_return,osrm_road_network,los_angeles_ca,driving,75ff4bf701e139027e7abc08553b8c093c99c69967a9eea14605111d4e84c1f0,success,,0.0,0.0,False,0.0,0.0
"Los Angeles, CA",2026-06-25,9c2c389ec7134e342b5323ecb63609756e019a81e112667755c67c0604fe5260,ASC,1,1,1,1,False,nearest_neighbor_best_start,last_service_stop_no_home_return,osrm_road_network,los_angeles_ca,driving,5563e1b538c2d73c289b8683b1d8504b28e654c5c69172a5b17d461d9f0f4651,success,,0.0,0.0,False,0.0,0.0
"Los Angeles, CA",2026-06-25,9e8cc6c05e8aa1f5807c47ff6c64f23f083cf0e225505b3ea2ce0a05b41dc565,DMS2,1,1,1,1,False,nearest_neighbor_best_start,last_service_stop_no_home_return,osrm_road_network,los_angeles_ca,driving,40280cbbcc1c2819d09364ebd988c4c758049daca88e9b0ad665293f7529ed2a,success,,0.0,0.0,False,0.0,0.0
"Los Angeles, CA",2026-06-25,a10128b9b73099dd27dafdd23ae4ba81f75a85c41c6555b6a08928b6508c8199,DMS2,6,6,6,6,False,nearest_neighbor_best_start,last_service_stop_no_home_return,osrm_road_network,los_angeles_ca,driving,5033a9770cbb6e307ba6d0efe8337a20f64bd7157afa06ab290fe36d0e42f191,success,,49.485800000000005,62.77166666666667,False,2.0,407.46600000420585
"Los Angeles, CA",2026-06-25,a2e4ec0fb88a9546e15d71604b3458b96ddf6629a1f667591c4a03255c052fd9,DMS,4,4,4,5,True,home_fixed_start,last_service_stop_no_home_return,osrm_road_network,los_angeles_ca,driving,1ce72b206290bf611a26d37b07c8e8c475cf3cc1a4298576573c2157af2f9bac,success,,38.8,43.42333333333333,False,2.0,435.225100023672
"Los Angeles, CA",2026-06-25,a4b4b11aaba3ad11a8c8d4c00e7ee7fb4548759d15f8bd6a103208980e11c923,DMS,3,3,3,4,True,home_fixed_start,last_service_stop_no_home_return,osrm_road_network,los_angeles_ca,driving,b334e3cf6a0327c6a2fa7fb4ddfd03a8a06b812d3102b9f937365ee165c5e35f,success,,31.2942,38.651666666666664,False,2.0,398.07070000097156
"Los Angeles, CA",2026-06-25,ab40624592d2f3bff20d2e97bb9755bfae209199c10ff9a819e0e79ba58d2c61,DMS2,6,6,6,6,False,nearest_neighbor_best_start,last_service_stop_no_home_return,osrm_road_network,los_angeles_ca,driving,026c02bab30d806c631c0bafd50a36929dd771174d759e85871ca9263ae8aeaa,success,,129.583,124.14333333333335,False,2.0,426.14249998587184
"Los Angeles, CA",2026-06-25,ae112e151be62a012ba67d7690fa579db18f71bfefa166c81281b4226c3d93ca,DMS,3,3,3,4,True,home_fixed_start,last_service_stop_no_home_return,osrm_road_network,los_angeles_ca,driving,be15fb37fa7e4e83c7986e4519d9a87d86e9d70db8b7dbb8d0d34ec3b5bd4359,success,,61.607,62.19166666666667,False,2.0,398.2427000300959
"Los Angeles, CA",2026-06-25,b2d2d7659a754f6f1dd0ffeaef98debb4804c21a42d5f283fb154619e9813d78,DMS,5,5,5,6,True,home_fixed_start,last_service_stop_no_home_return,osrm_road_network,los_angeles_ca,driving,f649e67d8dffa1b1c8d40616db9aedfc27f3f82c96aaedeabc1ccffe54e0a4d6,success,,49.7951,56.233333333333334,False,2.0,414.09109998494387
"Los Angeles, CA",2026-06-25,b5788003d947caa2bdc2aad97f27f0fce69b7e5f364a3df17423b2241ecbee28,DMS,5,5,5,6,True,home_fixed_start,last_service_stop_no_home_return,osrm_road_network,los_angeles_ca,driving,a4eb12e9fe167919ffda2488cadb94bbb6eff8291961fd1f1aace596d919f0f8,success,,33.819199999999995,42.35333333333333,False,2.0,409.42660000291653
"Los Angeles, CA",2026-06-25,b7d516c5c8855b6c99556eb7326ed89121d91fac3ae69fb523474f4972c9fb0f,DMS2,4,4,4,4,False,nearest_neighbor_best_start,last_service_stop_no_home_return,osrm_road_network,los_angeles_ca,driving,41cc95902a6881387e685b094b39d0269ff94662ebe7ffd2e9eb70035842e29d,success,,82.48219999999999,74.63166666666666,False,2.0,415.70650000358
"Los Angeles, CA",2026-06-25,c2fb999e460a5856e3f3f1a1230bd787470d7e99c7b5dc2e5f15e94523e8c84a,DMS2,2,2,2,2,False,nearest_neighbor_best_start,last_service_stop_no_home_return,osrm_road_network,los_angeles_ca,driving,04ec76c1142cee50e0d51f09d5f4406e28ac817ea9d3c0f33cea2dd84f70809b,success,,45.772400000000005,40.559999999999995,False,2.0,400.40549999685027
"Los Angeles, CA",2026-06-25,ccb96f7778e96771d809677e4aaf20456edc31a7b264699779d25f10fa04b4f0,DMS2,3,3,3,3,False,nearest_neighbor_best_start,last_service_stop_no_home_return,osrm_road_network,los_angeles_ca,driving,89e9b7ba38a63e541800f0c314c5dd08d3bd88c5cac6a44d5fc9cf74b30e21bf,success,,65.5341,56.14333333333333,False,2.0,409.38150000874884
"Los Angeles, CA",2026-06-25,cd66433a84b928fc852f94e6e0199d2968f8c9104c7f1a07cf196dd197210283,DMS2,4,4,4,4,False,nearest_neighbor_best_start,last_service_stop_no_home_return,osrm_road_network,los_angeles_ca,driving,c729cbd165c9afa7772af536ad150143c0b635d497a7b1f341a3182b85344600,success,,35.2509,40.06666666666667,False,2.0,417.0124000229407
"Los Angeles, CA",2026-06-25,d035f2367219b0222d5c1c8cd8bcac8d314e1a1520a40d25b5a4d4925cbc1a55,DMS,2,2,2,3,True,home_fixed_start,last_service_stop_no_home_return,osrm_road_network,los_angeles_ca,driving,bcf14897f1b2e5b273e703b7b9257631533d8331da32f03c530381841cce3589,success,,36.2121,39.47166666666667,False,2.0,408.00039999885485
"Los Angeles, CA",2026-06-25,d0941659af8d98d82e9abd193cd5c9af20ad940eb8f88235ec0d9ee4a46a24d3,DMS,5,5,5,6,True,home_fixed_start,last_service_stop_no_home_return,osrm_road_network,los_angeles_ca,driving,d52455913bec5c02adf1e77f8d63358808198e905da2532fcaaebdbf4dfdcfc7,success,,49.9839,63.99166666666667,False,2.0,436.67649998678826
"Los Angeles, CA",2026-06-25,d435c3fafc87074d6d897e8152a8ace87a2f003a5611ec027fb927b9fbb561d1,DMS2,1,1,1,1,False,nearest_neighbor_best_start,last_service_stop_no_home_return,osrm_road_network,los_angeles_ca,driving,b7854fa115d7b513c7a49d9a95af1d17935c77f6d594acd7106267864218e2a5,success,,0.0,0.0,False,0.0,0.0
"Los Angeles, CA",2026-06-25,d6bc232d6b54a975aaf9a9b85e4dc5800730ddc146578784621b12ee57b9068e,DMS2,1,1,1,1,False,nearest_neighbor_best_start,last_service_stop_no_home_return,osrm_road_network,los_angeles_ca,driving,53897e64404f72e9b2399433e34361067e05500200c57ae6f0a31074fe56126d,success,,0.0,0.0,False,0.0,0.0
"Los Angeles, CA",2026-06-25,da0dd05646ef7591ee32b2241261af978d52d608b3572831e80a9fc6ce287434,DMS,3,3,3,4,True,home_fixed_start,last_service_stop_no_home_return,osrm_road_network,los_angeles_ca,driving,401a71476f8fe5cbf4038bfd83894ece59235a34de988f787f13f6152683a32b,success,,39.906800000000004,42.458333333333336,False,2.0,415.9215000108816
"Los Angeles, CA",2026-06-25,e9cfe2e56a3cde8e8c7eab08a6628ae8a95a9bf798dc4d72aac19bb08a36d626,DMS,3,3,3,4,True,home_fixed_start,last_service_stop_no_home_return,osrm_road_network,los_angeles_ca,driving,8856f2bc5d9adb2f8bda45694ee8f49dd80d70a02bb29929c52ee3e4cf2ae8fd,success,,44.671,47.365,False,2.0,406.40000003622845
"Los Angeles, CA",2026-06-25,f9dc3fe4000a068629b6967c6e1b495725d43c6ab9ad190b0da270bf1e7d043d,DMS,3,3,3,4,True,home_fixed_start,last_service_stop_no_home_return,osrm_road_network,los_angeles_ca,driving,b60bd6359331c65b2a5cd6f56465009d52c88820d72b4d424f5b282db37eb266,success,,15.6265,22.618333333333332,False,2.0,403.2541999768
"Los Angeles, CA",2026-06-25,fae737b18844ef0a92b726518085d4be3aa8810adb651d22361e2954a3d303e2,DMS,7,7,7,8,True,home_fixed_start,last_service_stop_no_home_return,osrm_road_network,los_angeles_ca,driving,18b640cc7e73d1ee906629c1bf2e33537a566e1fc2e533229f30bcc8dd743a84,success,,184.4444,181.54500000000002,False,2.0,432.24759999429807
"Los Angeles, CA",2026-06-25,febde6f9d23eb880b3c56e17657d51ace66984656edc9d3e881cd5f890e7160d,DMS2,1,1,1,1,False,nearest_neighbor_best_start,last_service_stop_no_home_return,osrm_road_network,los_angeles_ca,driving,6c9f612183bae621b2fb70802f6f443a98390e0a6ae21f42836ffe7b9c50fa82,success,,0.0,0.0,False,0.0,0.0
"Los Angeles, CA",2026-06-25,ff89dc4bfa95c9ff742aa6cc6a5826e5935fa5a12ef2e5d454082e5ef5f06396,DMS2,2,2,2,2,False,nearest_neighbor_best_start,last_service_stop_no_home_return,osrm_road_network,los_angeles_ca,driving,b0d29956dc072553ca29fd761c69a401633cd5cb41739aa4bd2e5aaeeb28a431,success,,6.120100000000001,8.986666666666668,False,2.0,402.91300002718344
"Los Angeles, CA",2026-06-26,0acbde07787923a12cc810a2b5e71d2b5b7756375f8d89c5f92e454a99ddcd16,DMS2,4,4,4,4,False,nearest_neighbor_best_start,last_service_stop_no_home_return,osrm_road_network,los_angeles_ca,driving,dd71b300b88cdbfce32443ea356dbd245aebff3ca64a374d2aea4556d1d9927e,success,,46.0365,46.72166666666667,False,2.0,425.0666999723762
"Los Angeles, CA",2026-06-26,0c6f0813c14e2e66ba158f96ca9456739ae3b6e15dbb1caa13e026fc6088c32f,DMS,7,7,7,8,True,home_fixed_start,last_service_stop_no_home_return,osrm_road_network,los_angeles_ca,driving,09d650cd16d204a14502db75bec6dd81d360849671891bbcbddf8eb9223458a8,success,,99.98039999999999,105.78833333333334,False,2.0,432.78279999503866
"Los Angeles, CA",2026-06-26,0fcc128091f028efbcb42e3f3e816afbcd8ae7677fd18399a9ed2fa2a7c68dc4,DMS,5,5,5,6,True,home_fixed_start,last_service_stop_no_home_return,osrm_road_network,los_angeles_ca,driving,1ec106b02fecded3dcb2aafb28508d032843ad609b5feb67959556c6e3e500e2,success,,53.0084,62.306666666666665,False,2.0,431.85670001548715
"Los Angeles, CA",2026-06-26,10ca45201d1c7a035a521c2a7fa54f7d16cdb708ac1f2657698ba3bf16334a7c,DMS2,2,2,2,2,False,nearest_neighbor_best_start,last_service_stop_no_home_return,osrm_road_network,los_angeles_ca,driving,5e27d0fa2610c6644c553b1d0d5a4777f7e9d234a63112fc9eef14a4bfd83aec,success,,8.4139,9.49,False,2.0,414.38420000486076
"Los Angeles, CA",2026-06-26,1623b6f118000c2fb1fc4a0658d9903f4b58448a4543c40ba59f1e2e967903a4,DMS,4,4,4,5,True,home_fixed_start,last_service_stop_no_home_return,osrm_road_network,los_angeles_ca,driving,204e708c42ce6c6b341e19e693ac613983735dfe3268e6fdcca3c4de556305c2,success,,58.0027,59.913333333333334,False,2.0,417.3041000030935
"Los Angeles, CA",2026-06-26,1636ff4b008de82740ae5fe21859fb2b958a6e0bfba181ca897ebcbd58d52ec6,DMS2,2,2,2,2,False,nearest_neighbor_best_start,last_service_stop_no_home_return,osrm_road_network,los_angeles_ca,driving,fb9185740278af018f03924d03897e516de331879d1d1034de4a6e0f37db7979,success,,0.754,1.7916666666666667,False,2.0,395.6391000247095
"Los Angeles, CA",2026-06-26,1bfc658b44f0963358159dfc60167db8132706c161a2e3a882375a8bf8ee9c9e,DMS,1,1,1,2,True,home_fixed_start,last_service_stop_no_home_return,osrm_road_network,los_angeles_ca,driving,9de2c93c5fa15e2dd72e5379c969745d1d8e5bd2e5a673ca1432d4eeeaaaecf1,success,,29.8598,24.438333333333333,False,2.0,411.92919996683486
"Los Angeles, CA",2026-06-26,212cd019e562da985fd2230f90a622aa1eb2579870564883134005fdd7e0cb14,DMS2,1,1,1,1,False,nearest_neighbor_best_start,last_service_stop_no_home_return,osrm_road_network,los_angeles_ca,driving,b90b5d50ba5154554ab050358d5a30dcd74f03dce01ed81fce1f85b5f6035764,success,,0.0,0.0,False,0.0,0.0
"Los Angeles, CA",2026-06-26,245ab8f5f997d787d463ca8a345a48b6817439089770faad1b132d58de20b4a1,DMS,1,1,1,2,True,home_fixed_start,last_service_stop_no_home_return,osrm_road_network,los_angeles_ca,driving,38c0d917bb5d6bd492e28249a80dc2dd3a00c68a4a429bdabaa0f9c5e7140cc0,success,,21.3948,24.608333333333334,False,2.0,397.25259999977425
"Los Angeles, CA",2026-06-26,2671b7874ac383c689ece3af2ad7251d62253a48666d8a3f6f13c6948efd29fd,DMS,3,3,3,4,True,home_fixed_start,last_service_stop_no_home_return,osrm_road_network,los_angeles_ca,driving,d1f0a83be9638bb7f147d6625431ae48713f514d5c8b11cc193b01ccb3a6b544,success,,29.8555,44.63166666666667,False,2.0,402.9277999943588
"Los Angeles, CA",2026-06-26,2e75e96f634a72e29c13ef60710611ebf5b0a140ef69da9fff01581caa99f8cf,DMS,3,3,3,4,True,home_fixed_start,last_service_stop_no_home_return,osrm_road_network,los_angeles_ca,driving,cc293a7f2de352c5f1b1d8cb14efee3532cd719a185557dd6553c3047cc28ce1,success,,40.559400000000004,44.67166666666667,False,2.0,406.0401000024285
"Los Angeles, CA",2026-06-26,352a0d934b2951766dec879d790012f7e6867e9ee90109db5be31bec29801843,DMS,5,5,5,6,True,home_fixed_start,last_service_stop_no_home_return,osrm_road_network,los_angeles_ca,driving,4c4eb05c4dd1ef2b7e7c9a4e179f3207f6e4f3fedd3928a690b48effa3e33a65,success,,33.2869,45.35333333333333,False,2.0,411.46399997523986
"Los Angeles, CA",2026-06-26,352e97048328a9607ad147adac7decf6efef7920a53c40c330267609b973b1de,DMS,4,4,4,5,True,home_fixed_start,last_service_stop_no_home_return,osrm_road_network,los_angeles_ca,driving,d200a1b1ee685d97083ae7f8339e96b35bef1f3ab3049c6055e64f11a4da77b0,success,,113.10539999999999,120.32833333333333,False,2.0,413.66959997685626
"Los Angeles, CA",2026-06-26,3c32762c301e6527d1b0904b7104a787977199a665d874bd03f295aebccd34c9,DMS,3,3,3,4,True,home_fixed_start,last_service_stop_no_home_return,osrm_road_network,los_angeles_ca,driving,23a322a1f4b5362adf1bdfd2feb6ef4f553b7d628e5ab6f8bce8a0da20124896,success,,31.652099999999997,35.84,False,2.0,412.8711999801453
"Los Angeles, CA",2026-06-26,459e92be603b63514cdee90971808c76d93cfd6379b3f0f64bab839555a0d97d,DMS,4,4,4,5,True,home_fixed_start,last_service_stop_no_home_return,osrm_road_network,los_angeles_ca,driving,a4873c6ed621333b6a97f1b61651871145e0be3e138dbaca1841085d23a83af4,success,,27.6896,34.77833333333333,False,2.0,406.113600009121
"Los Angeles, CA",2026-06-26,4e946ad3da8c667789792032f1c1d2ebb40fd4e5830b99e6db78fce2da480a5c,DMS2,2,2,2,2,False,nearest_neighbor_best_start,last_service_stop_no_home_return,osrm_road_network,los_angeles_ca,driving,4aef14c661ab0e1ba4536f66d6a621d26f5d7b522501542065a5e315d1ca7ab9,success,,11.5785,14.56,False,2.0,410.0904999941122
"Los Angeles, CA",2026-06-26,5017f5b354855cbf1ab7a0e36739ae1452d709b46ed6399d1355d71caeea4bcc,DMS,6,6,6,7,True,home_fixed_start,last_service_stop_no_home_return,osrm_road_network,los_angeles_ca,driving,ed2f8b93787f6377fdef4f5edfde065ed31d0c7806b2f7206a9f417af538021f,success,,52.0773,64.53666666666666,False,2.0,444.76769998436794
"Los Angeles, CA",2026-06-26,56ace87feb9ae5a0d0294bb26efbc4207eaa4cc11a3816e4a307376cb77d467c,DMS,3,3,3,4,True,home_fixed_start,last_service_stop_no_home_return,osrm_road_network,los_angeles_ca,driving,600337c00211371baead9cdaa94185083e47af6e9e2053611c1e2309ce97bc26,success,,40.6398,44.18666666666666,False,2.0,405.4617999936454
"Los Angeles, CA",2026-06-26,578fe3bd61c4f223e40b4d7a9796194f7e94b71388b3d9a3126c1fcaed3ba502,DMS2,2,2,2,2,False,nearest_neighbor_best_start,last_service_stop_no_home_return,osrm_road_network,los_angeles_ca,driving,bb401a1b76330d38d0375944b0492b4f1bccbdfa0dc97b1c53e319764cb0e521,success,,6.8157,9.556666666666667,False,2.0,406.3558999914676
"Los Angeles, CA",2026-06-26,5bec811c5654e60f463a333c3b21d6f51dd0c8c1aa17edab4e99ef6064f13330,DMS,1,1,1,2,True,home_fixed_start,last_service_stop_no_home_return,osrm_road_network,los_angeles_ca,driving,7a1f4b8e6ea8652cc6472a69135955963b03eeeebd7d0d5fe71af5ccc49de7bb,success,,57.7431,48.291666666666664,False,2.0,408.3935000235215
"Los Angeles, CA",2026-06-26,601e9c81d32fb71d3ab0ce2ece4fa7460652963c534677ef99bf3cc8707cce36,DMS,2,2,2,3,True,home_fixed_start,last_service_stop_no_home_return,osrm_road_network,los_angeles_ca,driving,9e8df1408f6641aab7a997f7c52f86e340a6af350acdb40779d53e20f5c4631b,success,,19.4605,25.131666666666668,False,2.0,404.7562000050675
"Los Angeles, CA",2026-06-26,616a37a049d47ab1587b87d10ab68de93ac50211f0cba7d6aa52aa776296cde8,DMS2,1,1,1,1,False,nearest_neighbor_best_start,last_service_stop_no_home_return,osrm_road_network,los_angeles_ca,driving,d11e87f9eabbfb4118b02092214ba897b5790cec4abde4a59621c50746ca3b74,success,,0.0,0.0,False,0.0,0.0
"Los Angeles, CA",2026-06-26,65ac9e245249982d415c39091fde8a1358fd2c4f888a53e08100f0b9b784fd38,DMS2,7,7,7,7,False,nearest_neighbor_best_start,last_service_stop_no_home_return,osrm_road_network,los_angeles_ca,driving,25734b412e335285cb4962d8b6fdd38d8d3cad36787627dadb0fb023fd28ab0e,success,,39.702,53.358333333333334,False,2.0,443.2562000292819
"Los Angeles, CA",2026-06-26,702c8f958eeadcacf94c622c96f73687bf3975dafd304742ed12f8862157daee,DMS2,2,2,2,2,False,nearest_neighbor_best_start,last_service_stop_no_home_return,osrm_road_network,los_angeles_ca,driving,3fe506b6b88ea63811fedadf7f1be322793c3552e69fab5bc28ae8d6923719d3,success,,9.790700000000001,10.901666666666667,False,2.0,396.87230001436546
"Los Angeles, CA",2026-06-26,70b883b072e76abdc80771244d664b0860473603ab7b78032e285bc46a492a48,DMS2,1,1,1,1,False,nearest_neighbor_best_start,last_service_stop_no_home_return,osrm_road_network,los_angeles_ca,driving,bf19509f6f3131697844ef86a3e6f7829db4ba7477d97d8a1b809e1fb6b26c28,success,,0.0,0.0,False,0.0,0.0
"Los Angeles, CA",2026-06-26,72c58ab76b7cf885417c1209c196147b1067341852f5c7b172b8dabb1d0c8b61,DMS2,1,1,1,1,False,nearest_neighbor_best_start,last_service_stop_no_home_return,osrm_road_network,los_angeles_ca,driving,c578501cfbf4d0a84a974b2dcbdcf189d1003ca1a4000590d099879e09f9bcad,success,,0.0,0.0,False,0.0,0.0
"Los Angeles, CA",2026-06-26,7372638270eef9d897ce16b18359291ece022a655574bc7df210dbd683db9bf1,DMS,3,3,3,4,True,home_fixed_start,last_service_stop_no_home_return,osrm_road_network,los_angeles_ca,driving,865ed6979f6f2ae07b2b247a00aecb1317792e1ee975949d832eb81b41b24691,success,,43.8645,44.30833333333333,False,2.0,423.7075000128243
"Los Angeles, CA",2026-06-26,7443ae466636400a0612ae917f7c041990ee874f63e46f7c71005a74a4113dda,DMS,2,2,2,3,True,home_fixed_start,last_service_stop_no_home_return,osrm_road_network,los_angeles_ca,driving,35dce2fd4f2ff619a03e6dade6916cbc4aebd2d0b9af07bc92da17e9ed55f15c,success,,90.34960000000001,89.95833333333333,False,2.0,405.6609999970533
"Los Angeles, CA",2026-06-26,77098f7c44eb03100a97bb2e1173b709aef7cb6c5bb6bd88e0d8660d1387241b,DMS2,3,3,3,3,False,nearest_neighbor_best_start,last_service_stop_no_home_return,osrm_road_network,los_angeles_ca,driving,d8569058e3de5ad4c95fa5559ab08556b661d776c7b3536678a5fa8d8586f677,success,,45.613699999999994,46.32166666666667,False,2.0,412.3535999970045
"Los Angeles, CA",2026-06-26,86d68296ff64774fa95dfaa071717202ad23e023d66bf14a995a884907402d7e,DMS2,1,1,1,1,False,nearest_neighbor_best_start,last_service_stop_no_home_return,osrm_road_network,los_angeles_ca,driving,e4a61a1c54edff7c9e139c1f5de2bf1c48a2cec27711664b8af9c0f4030076ea,success,,0.0,0.0,False,0.0,0.0
"Los Angeles, CA",2026-06-26,885b64259cc80483e82df3f386acd6690c9a56babafa229bd5705bb90e1cf4d2,DMS2,1,1,1,1,False,nearest_neighbor_best_start,last_service_stop_no_home_return,osrm_road_network,los_angeles_ca,driving,df0442639745b01cda641249ab0bb4266320aab490f441e83b6f5794b62965be,success,,0.0,0.0,False,0.0,0.0
"Los Angeles, CA",2026-06-26,a9978228aae7654630a17511eb5eb77b3a74635b3ac0eb8b3725c41006116ed3,DMS2,4,4,4,4,False,nearest_neighbor_best_start,last_service_stop_no_home_return,osrm_road_network,los_angeles_ca,driving,d67bad950eeeb6e6a99f7d4cb87f4b6e27807b651608fbb1c0ee4b735ccf5314,success,,52.5114,51.05166666666666,False,2.0,423.2880999916233
"Los Angeles, CA",2026-06-26,b06106c7077b80ead5aa287616cfdd920bbebb9f6b87e3e96bf56dfe4b3fc9ae,DMS2,1,1,1,1,False,nearest_neighbor_best_start,last_service_stop_no_home_return,osrm_road_network,los_angeles_ca,driving,a64f78bd3d9ac29dd6b7401fc0c485d2d55c4cee4a0b3af1a96573b9831aed4d,success,,0.0,0.0,False,0.0,0.0
"Los Angeles, CA",2026-06-26,b1752edfe5136fbde061068942663e957e9f9a14a681b13dc666b99b277f60f0,DMS2,2,2,2,2,False,nearest_neighbor_best_start,last_service_stop_no_home_return,osrm_road_network,los_angeles_ca,driving,c8a04700f3c4fe0a4f8ab6740afd626e5a9f7cf16022efd6c17c85c550615117,success,,8.8468,11.693333333333333,False,2.0,405.28060001088306
"Los Angeles, CA",2026-06-26,b2223ad2fe4cdb3f5ac1005334893f13d8b2af11be2c9d31b75b81a3b0eb3fd2,DMS2,1,1,1,1,False,nearest_neighbor_best_start,last_service_stop_no_home_return,osrm_road_network,los_angeles_ca,driving,1cab116ecfaffacc096a4678ee0e3e9d73ba2a10108f67e311a03d0175fb81ff,success,,0.0,0.0,False,0.0,0.0
"Los Angeles, CA",2026-06-26,bd5e3da43e68b1205593eb4d4c37c3bf8d71df32d023dc83e82a88fe9e3672de,DMS,4,4,4,5,True,home_fixed_start,last_service_stop_no_home_return,osrm_road_network,los_angeles_ca,driving,6b2890b88ce3c3b8fd18c92ea3d79392963b75879d7fa05f2ba544a2fc2ed7b6,success,,38.7115,49.42166666666667,False,2.0,415.81599999335594
"Los Angeles, CA",2026-06-26,bf2783080334a5805067caf1f8b5f61269abf3ffce60682806380ac84b9f51ac,DMS2,5,5,5,5,False,nearest_neighbor_best_start,last_service_stop_no_home_return,osrm_road_network,los_angeles_ca,driving,ede3bd2ffee144ac205107865ffd97f4a05e8b7ba0813fa83cbc1cc946809f99,success,,53.1087,57.309999999999995,False,2.0,416.21520003536716
"Los Angeles, CA",2026-06-26,ce2dfb43a4113b360cc3b50b0d0bd5baa4d160ebf1916078afacaecdf0f67d5e,DMS2,1,1,1,1,False,nearest_neighbor_best_start,last_service_stop_no_home_return,osrm_road_network,los_angeles_ca,driving,7f03b8e108295aed53ebdea4bf65b273c01950e7da9737dc7450f391d37c240e,success,,0.0,0.0,False,0.0,0.0
"Los Angeles, CA",2026-06-26,ceb4f41cc810ce2051d812ee859d59f26bd74b80708df3cfef375b1fcec6c58a,DMS,4,4,4,5,True,home_fixed_start,last_service_stop_no_home_return,osrm_road_network,los_angeles_ca,driving,0214d58d28c049c3434bd95cc468a17375a31f2c7f08386074d3b4c69796f71e,success,,436.0883,341.425,False,2.0,432.5039000250399
"Los Angeles, CA",2026-06-26,cf4530e83dc57f34a65f0c9e76e587492df8bbdec33cd123c2f7fafe05dfc64c,DMS,5,5,5,6,True,home_fixed_start,last_service_stop_no_home_return,osrm_road_network,los_angeles_ca,driving,736ec71db2f765de64dff41a9f99ba840e7240fd51096a26ea8f9bf5373182fd,success,,48.3935,59.45333333333333,False,2.0,418.0370999965817
"Los Angeles, CA",2026-06-26,d20bbcecbf771b6890ec6897f5ce4d5caaacd21e19866f457e4f7d1d6636f401,DMS,2,2,2,3,True,home_fixed_start,last_service_stop_no_home_return,osrm_road_network,los_angeles_ca,driving,ff60fc8d8496ad792bdac46c6e5e6f586e27f3a385d4f0554a402901435e2b00,success,,29.133,30.435,False,2.0,401.31890002521686
"Los Angeles, CA",2026-06-26,d35858a30d2fe5a6cb7ba0265d395afb0dc5b0059b0ec42fe32f9c6841c66682,DMS2,5,5,4,4,False,nearest_neighbor_best_start,last_service_stop_no_home_return,osrm_road_network,los_angeles_ca,driving,3186c424e1b768e0ee8739b8ed454cc4db17c945bfccce27a7b1e5fbf28b284a,success,,6.7065,11.1,False,2.0,412.53090000827797
"Los Angeles, CA",2026-06-26,e877ca442b5202187c09ff35a1a34be85aea915dfcf35b9a8aa3c090582b3137,DMS,6,6,5,6,True,home_fixed_start,last_service_stop_no_home_return,osrm_road_network,los_angeles_ca,driving,94d8e9bbdd45f80a9549ce9b3c87f94cf9ec62c64c06e80b9746dfd1f560789e,success,,37.5185,46.97,False,2.0,427.1724999707658
"Los Angeles, CA",2026-06-26,eabe989d99176c3f1ed22e920a46c9ba5daad5d2c4cee6e6e6aae9b7c55996bb,DMS2,6,6,6,6,False,nearest_neighbor_best_start,last_service_stop_no_home_return,osrm_road_network,los_angeles_ca,driving,2826c392da5c0c73aa66e7f5938f038ae410fdb6e3b9ee3b709964e9f69f86a6,success,,114.3945,114.14833333333333,False,2.0,419.29720001644455
"Los Angeles, CA",2026-06-26,f3a22961cc47f4cce74f89f86f01f9677265f58a133c865ec03ec3b0e2514375,DMS2,4,4,4,4,False,nearest_neighbor_best_start,last_service_stop_no_home_return,osrm_road_network,los_angeles_ca,driving,63880ed2b9c41e07514db55171a45fe0c662c91da23d1a1377858411b759f72f,success,,43.0473,45.49,False,2.0,409.04960001353174
"Los Angeles, CA",2026-06-26,f9fb098ba309cfe979bf43dbd9671eeffe0e56dc1f807407ca9b8c95391c0f32,DMS,4,4,4,5,True,home_fixed_start,last_service_stop_no_home_return,osrm_road_network,los_angeles_ca,driving,f676540074efa3d5564e755107f5566dfe800f80765039f00d8726484125090a,success,,28.5213,36.565000000000005,False,2.0,425.2240000059828
"Los Angeles, CA",2026-06-27,0278194164e4e220b265651a144220f28ae59e2ce39af532e0976ad87bf152a4,DMS2,2,2,2,2,False,nearest_neighbor_best_start,last_service_stop_no_home_return,osrm_road_network,los_angeles_ca,driving,930394f43967c77c00979b2fe6bd3f4624759ca78e67d76d2232783e9a2df32c,success,,9.158100000000001,11.338333333333333,False,2.0,410.93030001502484
"Los Angeles, CA",2026-06-27,08f864a77280e210f841d2c513654a4951d96684cf63dedffa74cf8db92d2cba,DMS2,5,5,5,5,False,nearest_neighbor_best_start,last_service_stop_no_home_return,osrm_road_network,los_angeles_ca,driving,2886ec4f58120e5b12523f6998831faf6dcf254bdd84c7f5fdb67b3eafc45c4c,success,,61.731199999999994,67.98333333333333,False,2.0,442.15549997170456
"Los Angeles, CA",2026-06-27,0f34e8a1ed6c325f14e0c5305dd63c3394473d2a0b75122bccf39949a2ff74ae,DMS2,1,1,1,1,False,nearest_neighbor_best_start,last_service_stop_no_home_return,osrm_road_network,los_angeles_ca,driving,5b009b50c1e891fc9dfd1ecb61e916ea0016c006e9701b7b8a1aedc138d844ce,success,,0.0,0.0,False,0.0,0.0
"Los Angeles, CA",2026-06-27,2cf4092bf58e3eccf3ab5cb8a4133b25acc8ea407b6a90124dcdc8fa58462032,DMS2,1,1,1,1,False,nearest_neighbor_best_start,last_service_stop_no_home_return,osrm_road_network,los_angeles_ca,driving,821b35e95b148d8644f97228266752e13f8f81d435c3926816288935a6bc7e16,success,,0.0,0.0,False,0.0,0.0
"Los Angeles, CA",2026-06-27,2f637a45351732097dd2b47d51bccbee4fdb41dd54e0483a3e4f367182bb116b,DMS2,1,1,1,1,False,nearest_neighbor_best_start,last_service_stop_no_home_return,osrm_road_network,los_angeles_ca,driving,0cf22dad5a566facf0ff6da4fe94cb7c544f548fe1cda084089350a05302b8ce,success,,0.0,0.0,False,0.0,0.0
"Los Angeles, CA",2026-06-27,3eb8da269555d65a6854b0cd4794c8a1a80ad0aaf72f196fdb7e7cba257af24d,DMS2,8,8,8,8,False,nearest_neighbor_best_start,last_service_stop_no_home_return,osrm_road_network,los_angeles_ca,driving,ba4463e8072e6a85a3c950d371011a04d738ee4575a50f4d91833f140f62bf1a,success,,127.5437,143.745,False,2.0,455.23839999805205
"Los Angeles, CA",2026-06-27,3fd52ac127cab96143fdab3d2637c0072a4b0f28c414ab548a7e51bc03366afe,DMS2,6,6,6,6,False,nearest_neighbor_best_start,last_service_stop_no_home_return,osrm_road_network,los_angeles_ca,driving,03c347547805e687b1e298ad34cb43fdf7c1b0373f47256acd7278b6b1dd836f,success,,106.67110000000001,112.56333333333333,False,2.0,418.47020003478974
"Los Angeles, CA",2026-06-27,5540d633fa636db79ea9f33d3ffacab07a9c875bb590ca3947f3131a32fdabb4,DMS2,2,2,2,2,False,nearest_neighbor_best_start,last_service_stop_no_home_return,osrm_road_network,los_angeles_ca,driving,41b69a5730fe0992d4d8f828309d51fe6e0fa55840b296a9f115b8167b2d8827,success,,0.9597,2.0616666666666665,False,2.0,405.1172999897972
"Los Angeles, CA",2026-06-27,66a6cee9d0cf52a602509fdbe5335cf9843fec0db9a21a2d28e270ebb346d5ba,DMS2,6,6,6,6,False,nearest_neighbor_best_start,last_service_stop_no_home_return,osrm_road_network,los_angeles_ca,driving,da37e78455542e62f1e7a611bbd84a4b61770799dd7cff4c338e3b981596ef79,success,,104.2942,109.855,False,2.0,428.08889999287203
"Los Angeles, CA",2026-06-27,8c227a6fed419725d1e97d9b5527031ab6139b4d96f81d1c91b642e36d527579,DMS2,3,3,3,3,False,nearest_neighbor_best_start,last_service_stop_no_home_return,osrm_road_network,los_angeles_ca,driving,e94a9146911d8622ada308925caa0100ca2fdfb95ee834b07b95070d2cf4eefe,success,,28.7882,28.376666666666665,False,2.0,395.52849999745376
"Los Angeles, CA",2026-06-27,911e797be24d7987e687264e6c6a6956ecb60a107d4581540cf4ba94791d2b32,DMS2,2,2,2,2,False,nearest_neighbor_best_start,last_service_stop_no_home_return,osrm_road_network,los_angeles_ca,driving,64a7249a340c1615d541b5526d80c4bb9b8ba31bc2f6d3ff9729922f5fbcb949,success,,32.1545,30.641666666666666,False,2.0,399.94520001346245
"Los Angeles, CA",2026-06-27,a9ca30f2b8e367bebffeec07910c3fce8edf585791fe47f4939e437669cda633,DMS2,2,2,2,2,False,nearest_neighbor_best_start,last_service_stop_no_home_return,osrm_road_network,los_angeles_ca,driving,0e4f7f4787c91dcd2b7ed7902f1b7d3fd660ea834018122bed6997dd82f36d21,success,,13.572799999999999,15.738333333333333,False,2.0,406.6787000047043
"Los Angeles, CA",2026-06-27,ae37511a40897776dda27493544dbecd2c6bda78c5ed2e5143f2da66aba8eeb5,DMS2,6,6,6,6,False,nearest_neighbor_best_start,last_service_stop_no_home_return,osrm_road_network,los_angeles_ca,driving,f644e502482955af287cf7086c7a1f436a13fda09457370ce23d0c479ebd4133,success,,46.360800000000005,50.21,False,2.0,426.39609999605455
"Los Angeles, CA",2026-06-27,cd34fa1950920ddc29adfc2db89d605e8ce94809a26c77961ba9d44b9b61f193,DMS2,4,4,4,4,False,nearest_neighbor_best_start,last_service_stop_no_home_return,osrm_road_network,los_angeles_ca,driving,21713d70468977124685cf699ca4bd42bc2fc186379ec5648960a470103b080c,success,,83.9268,78.36833333333334,False,2.0,416.2861999939196
"Los Angeles, CA",2026-06-27,d563bda42d08d6d7ec9ffdb6ba685c2b14a5c6b7eecd6831110bb9e22e41704c,DMS2,1,1,1,1,False,nearest_neighbor_best_start,last_service_stop_no_home_return,osrm_road_network,los_angeles_ca,driving,1b9d2c36ff947fcbafceeeddd921662f1706e1fb73b4563cd8d700deb58c6eca,success,,0.0,0.0,False,0.0,0.0
"Los Angeles, CA",2026-06-27,d89df945535248e91a991921eb15d3b63c3e49cc6697fd60c51e214d98604a2c,DMS2,3,3,3,3,False,nearest_neighbor_best_start,last_service_stop_no_home_return,osrm_road_network,los_angeles_ca,driving,9a322b33e1d3f280e5b02626ab93018bd8f814b9941de8b1e66b2f361d9c63de,success,,128.6264,108.99,False,2.0,421.73400000319816
"Los Angeles, CA",2026-06-27,e5cb2d21128fa187d76d47a437119c68b41aea68c2d25162054015ada23befea,DMS2,4,4,4,4,False,nearest_neighbor_best_start,last_service_stop_no_home_return,osrm_road_network,los_angeles_ca,driving,e81a95239485314144a14148637835408bfd274adc15959b15375f5d2d552c3f,success,,23.549799999999998,29.051666666666666,False,2.0,423.5736000118777
"Los Angeles, CA",2026-06-27,f9a58d863c80ffbe834ac6e51f975b85d789d43469b7e44648b83abf867be4b1,DMS2,1,1,1,1,False,nearest_neighbor_best_start,last_service_stop_no_home_return,osrm_road_network,los_angeles_ca,driving,131f7a7c121eaaac7aa0b333611fd16c2bdce2bb9f9da9cc27e0c7e2da295dc9,success,,0.0,0.0,False,0.0,0.0
"Los Angeles, CA",2026-06-28,abe19b98bcefd6d51a7b1f729fd3deb4bd7b44c27502150f81f3b59a9dcf2f95,ASC,1,1,1,1,False,nearest_neighbor_best_start,last_service_stop_no_home_return,osrm_road_network,los_angeles_ca,driving,d93dc8868e08f67216a73c1ae1459eb91efe23a0a0fc20b971c6d4115982b463,success,,0.0,0.0,False,0.0,0.0
"Los Angeles, CA",2026-06-29,08508ed3b8b450f376531d7cf696921680f7d5508d50970303b445636e604db4,DMS,4,4,4,5,True,home_fixed_start,last_service_stop_no_home_return,osrm_road_network,los_angeles_ca,driving,4af13a5f2fbc1a1812a002a92ab2a4bce8d3b88de360c2aaa9eec92c57515f2b,success,,38.203300000000006,48.17666666666666,False,2.0,445.15850002062507
"Los Angeles, CA",2026-06-29,098aa8c5b9b6846df2b22c5792eaf62e54e93c23c41f8f801c66c1915b3173a4,DMS2,6,6,6,6,False,nearest_neighbor_best_start,last_service_stop_no_home_return,osrm_road_network,los_angeles_ca,driving,9027f501cda610deb613c1a8971eea5d39638f8654ca277479a8ce618caa7865,success,,28.2958,39.62833333333333,False,2.0,411.66350001003593
"Los Angeles, CA",2026-06-29,0d0a0e2b55f115bcd71cadd51f3985c3c0a94c56b592fb23c0310f65cf12b3f5,DMS2,1,1,1,1,False,nearest_neighbor_best_start,last_service_stop_no_home_return,osrm_road_network,los_angeles_ca,driving,f9bfa14f2dd6450117bc4f7064ba86bb0168f0ebf962543112facbffffd3e6cd,success,,0.0,0.0,False,0.0,0.0
"Los Angeles, CA",2026-06-29,1023008b5200ac71d549f033c80903c5554d0e2525aaef91c211a88e9940fa13,DMS2,5,5,5,5,False,nearest_neighbor_best_start,last_service_stop_no_home_return,osrm_road_network,los_angeles_ca,driving,5accf16d261c4c2e16198f8b53bea89ab453d74cf8ee8ab7468108e0a4e4258a,success,,131.20479999999998,110.925,False,2.0,411.0252999817021
"Los Angeles, CA",2026-06-29,1482826165cd32478bbc1895add2b45a6e4e1098e12b2cd5a8093e85cce682e3,DMS2,5,5,5,5,False,nearest_neighbor_best_start,last_service_stop_no_home_return,osrm_road_network,los_angeles_ca,driving,36d5412b03b034b2c613ca983f523cecf6d3c9e75a980cda5928f901ed11e4d3,success,,469.3637,345.245,False,2.0,416.07450001174584
"Los Angeles, CA",2026-06-29,18ec79ff7ca6962c62b13768766479b8952ebcc5bbf797b7cc390274662f24cb,DMS2,1,1,1,1,False,nearest_neighbor_best_start,last_service_stop_no_home_return,osrm_road_network,los_angeles_ca,driving,ed5ea221c1fc18352f7c0f4b30bcacb40ae43a35277730d6f95770a36f0596a2,success,,0.0,0.0,False,0.0,0.0
"Los Angeles, CA",2026-06-29,1eb65001d62e702e39d2aa0d1665fb27ed73d46f99a9f1e6422b77754407f960,DMS,6,6,6,7,True,home_fixed_start,last_service_stop_no_home_return,osrm_road_network,los_angeles_ca,driving,ccc717746eb134b10b981adc2e431020aa3f3baba511d3177113535f2268952e,success,,50.371,60.85666666666667,False,2.0,451.15849998546764
"Los Angeles, CA",2026-06-29,2846b29909e63caaf85e46c2929b052d8cc46389683ce86fa9a3750bfd734381,DMS2,1,1,1,1,False,nearest_neighbor_best_start,last_service_stop_no_home_return,osrm_road_network,los_angeles_ca,driving,4fb2eb4e2150b68a6ad48b7f3c28ffc2c8c5d43a6c744b48f2ea9bef82652b2c,success,,0.0,0.0,False,0.0,0.0
"Los Angeles, CA",2026-06-29,2b4e724e580f610973f0fc167fe18356813c74de7f3a3c81323a334656bb75a4,DMS,4,4,4,5,True,home_fixed_start,last_service_stop_no_home_return,osrm_road_network,los_angeles_ca,driving,ba64fbe2d61b74771b44e72544feafc4e4b9a86c6dfe83c0267e67c6663e5034,success,,55.1104,58.735,False,2.0,418.91960002249107
"Los Angeles, CA",2026-06-29,3147acf4d14d57f69febda58cec99904d538cd9f21bdc241d044c528a9e559e6,DMS2,1,1,1,1,False,nearest_neighbor_best_start,last_service_stop_no_home_return,osrm_road_network,los_angeles_ca,driving,74dcaa9f656809b2f3ad60a15fb4f06e0f55b357cb163006dce59644cfde1b89,success,,0.0,0.0,False,0.0,0.0
"Los Angeles, CA",2026-06-29,32e3de927eeb917ce0e7941c1e3c956ce773ced51c7d3658558366d41e84c034,DMS,5,5,5,6,True,home_fixed_start,last_service_stop_no_home_return,osrm_road_network,los_angeles_ca,driving,f137718843ae03ab0ea9ae6dcdb561e5dca7e6adb15b9cae35ab327a397a21ee,success,,110.3206,115.40666666666667,False,2.0,433.49990001297556
"Los Angeles, CA",2026-06-29,332165bba976a7ce7900ab0be05d2d69ea7c90bff093d59126c1b4810b6ef00b,DMS,3,3,1,2,True,home_fixed_start,last_service_stop_no_home_return,osrm_road_network,los_angeles_ca,driving,25c3cba06d23935207d77fd51b57433f89fd01c51f625b6383b84734e1e96793,success,,22.1429,19.205,False,2.0,415.4217000177596
"Los Angeles, CA",2026-06-29,3407897eb87cbdaaf22b05d35fc57d9ae1088ccb0a372c5da9024acdfdb1809c,DMS2,2,2,2,2,False,nearest_neighbor_best_start,last_service_stop_no_home_return,osrm_road_network,los_angeles_ca,driving,4c015fb11c98296f54bda1ddfa3e3c2f7f74161480647e1ccc88ab321de4cf14,success,,12.4421,14.638333333333332,False,2.0,401.2368000112474
"Los Angeles, CA",2026-06-29,4102cb4787b60fe2a99b22cc321fba32dd10b593808f108422e5ee2dfe914f4f,DMS,1,1,1,2,True,home_fixed_start,last_service_stop_no_home_return,osrm_road_network,los_angeles_ca,driving,7037259e83e8a4762ac03647df4df0c1412e41dff134a0d5a1d7d9324c5c20dd,success,,27.5262,25.476666666666667,False,2.0,397.196099977009
"Los Angeles, CA",2026-06-29,54490c0c4c025f379336a695e304d695f073a7c988261b77c16b9de2a8173664,DMS2,4,4,4,4,False,nearest_neighbor_best_start,last_service_stop_no_home_return,osrm_road_network,los_angeles_ca,driving,b514102dd5320f6dacd687003466122eeb7eadbaf2d4253efa5afe3d294de466,success,,23.7735,35.54833333333333,False,2.0,410.1430000446271
"Los Angeles, CA",2026-06-29,5d8489a1766d2017b84f75ed0b6e403926ddacec91bbb1f59d2709b8ebde9f23,DMS,7,7,7,8,True,home_fixed_start,last_service_stop_no_home_return,osrm_road_network,los_angeles_ca,driving,56e4fdd0bc6610f6332e9ac8d27304c63c5c28cd8a41cee6eab2893b97218905,success,,54.644400000000005,76.63833333333334,False,2.0,445.7700000202749
"Los Angeles, CA",2026-06-29,6254b597681a0bd01a7a6eb8dfec6191d633fc24d98f79066735439db5e316b6,DMS,5,5,5,6,True,home_fixed_start,last_service_stop_no_home_return,osrm_road_network,los_angeles_ca,driving,22abca7b0687a8ed311a100b6bd739fcdbc43f0cd1bf15db902d574bf31a0a64,success,,32.0116,44.765,False,2.0,408.0095000099391
"Los Angeles, CA",2026-06-29,6600bf4d96e637b6835f393255925889a2c271a5dc33910280bf13cffdb55477,DMS,5,5,4,5,True,home_fixed_start,last_service_stop_no_home_return,osrm_road_network,los_angeles_ca,driving,c42c14b9cf780bfb7d2131bbfb83c0428f8f7bcee8bda93e9e4c478375790eeb,success,,40.298,44.975,False,2.0,425.1702000037767
"Los Angeles, CA",2026-06-29,673fa1395b8d535dff63ff7ac4bb99b58b1dba75a4fc77ba8ffe34512d7ace84,DMS2,1,1,1,1,False,nearest_neighbor_best_start,last_service_stop_no_home_return,osrm_road_network,los_angeles_ca,driving,7ea984656469940281dfef9af832daa73e1395cb7990e2cd726c4ade6bcf7bd4,success,,0.0,0.0,False,0.0,0.0
"Los Angeles, CA",2026-06-29,67cefdc3dc52280bfe7ae153c55ce636f1c48dbbbfc9a3c6056a4b77082d7797,DMS,4,4,4,5,True,home_fixed_start,last_service_stop_no_home_return,osrm_road_network,los_angeles_ca,driving,d407e608336851d3969c5e839e704dbee87b1d5d3a09d9da973f9794c5f56c85,success,,34.7259,39.625,False,2.0,418.31619999720715
"Los Angeles, CA",2026-06-29,72bc451bd9c98196ba8f099c79eebded1e92b07b2d40ed2c9e8bc5057c2b3e56,DMS2,4,4,4,4,False,nearest_neighbor_best_start,last_service_stop_no_home_return,osrm_road_network,los_angeles_ca,driving,661189d6e8597641b54131a080fbce8333601e3207242e7d4523d34d50b123d6,success,,167.60060000000001,143.16333333333333,False,2.0,411.85780003434047
"Los Angeles, CA",2026-06-29,82c07efca46128dedc3ccdf328b6b9aeb8b38c069ed8dd850d5021686efc2f96,DMS,5,5,5,6,True,home_fixed_start,last_service_stop_no_home_return,osrm_road_network,los_angeles_ca,driving,991ea41cdde90665f892db23ae58ece2ef652701ea411f62c45851de4b7c312d,success,,48.090900000000005,63.87,False,2.0,439.75469999713823
"Los Angeles, CA",2026-06-29,87deb7bf2456e6305ef6c81a33efa54148605551de72406c5cb94bcfbbd631b2,DMS,5,5,5,6,True,home_fixed_start,last_service_stop_no_home_return,osrm_road_network,los_angeles_ca,driving,d464fc2c24f16d6f684c63b196112cfcc2a92bd5a5e429453a740587ed6675db,success,,32.2774,40.595,False,2.0,415.73049998260103
"Los Angeles, CA",2026-06-29,8e9e9ee126daa3bd244fbbac61a5607e5b38047b50f8137b81796858f4c80a09,DMS2,2,2,2,2,False,nearest_neighbor_best_start,last_service_stop_no_home_return,osrm_road_network,los_angeles_ca,driving,bfd03f36f552a291453dd18528e425cd1ac44d0af281ec53222254b79e240610,success,,13.8154,18.128333333333334,False,2.0,403.1660000036936
"Los Angeles, CA",2026-06-29,981f2d6d23f8e62608ac13a65cf3b1e896ec3b1bce6ce9eea03895c7b28996b4,DMS2,1,1,1,1,False,nearest_neighbor_best_start,last_service_stop_no_home_return,osrm_road_network,los_angeles_ca,driving,fba1fc920b620f9581bb2cf1fd5c10b3c451adb8d08914202d1960bb864c3ce2,success,,0.0,0.0,False,0.0,0.0
"Los Angeles, CA",2026-06-29,9cfd9027cdccc3aa013da295bdf30bf0358f8f26a5780babec81f311bded0753,DMS,1,1,1,2,True,home_fixed_start,last_service_stop_no_home_return,osrm_road_network,los_angeles_ca,driving,34679ca4a6e889ffd1cd9b597c0d3887d17c0161b491e3739155f6b64d04aac7,success,,51.916,40.806666666666665,False,2.0,396.5831000241451
"Los Angeles, CA",2026-06-29,9eeb87c25b6b581235c05158732ec8f1c556077a5e63f178522111931c86e376,DMS2,1,1,1,1,False,nearest_neighbor_best_start,last_service_stop_no_home_return,osrm_road_network,los_angeles_ca,driving,a552d14872fbdc11d56e97e9aa1b4cb962d2fcd111e86fc91e80b50fbcab71fa,success,,0.0,0.0,False,0.0,0.0
"Los Angeles, CA",2026-06-29,a05b5693d6fe65bf20cee2897fbfc5145bfbd6db694f525237e2435237a46562,DMS2,3,3,3,3,False,nearest_neighbor_best_start,last_service_stop_no_home_return,osrm_road_network,los_angeles_ca,driving,1ceb35e74032bac977257b13f92f377b66f74815d3129cd2451e49e938e90358,success,,69.57730000000001,57.75833333333333,False,2.0,422.95009997906163
"Los Angeles, CA",2026-06-29,a1be7261402a91c15204ebb1c6145933d1172855f82cdf2404a23f61ce431c08,DMS2,1,1,1,1,False,nearest_neighbor_best_start,last_service_stop_no_home_return,osrm_road_network,los_angeles_ca,driving,b5f7304fabb7859cd57c223663094996586e31fd144c09f0a4bd7f803087c748,success,,0.0,0.0,False,0.0,0.0
"Los Angeles, CA",2026-06-29,a9e3e4e1409e62f900149883eaf1c750ac4dfff8316bbebb8ab668e2c08442f8,DMS,4,4,4,5,True,home_fixed_start,last_service_stop_no_home_return,osrm_road_network,los_angeles_ca,driving,537e92c4ae8da1f15189cc86cb30fd0c236d017d905f5f3dd137b75c7967ff00,success,,103.0823,107.4,False,2.0,446.3718000042718
"Los Angeles, CA",2026-06-29,b432343da55291e5d1267953fb9f52f2f4d22cc6286303e525671da28dccb00a,DMS2,2,2,2,2,False,nearest_neighbor_best_start,last_service_stop_no_home_return,osrm_road_network,los_angeles_ca,driving,79edbaa9915d115671209f922c3967f05023bb1c083c5c78c111e078a111f408,success,,51.4747,40.29666666666667,False,2.0,403.62980001373217
"Los Angeles, CA",2026-06-29,c1589721185121a3528c863db4c36882b6b4cc5f4b7b4cceafe9f15562fb4ea3,DMS,3,3,3,4,True,home_fixed_start,last_service_stop_no_home_return,osrm_road_network,los_angeles_ca,driving,3a457441f107560347bf3d84405c606a92f8c0cda68c7c5d73533247d02a5262,success,,38.4444,41.765,False,2.0,413.4669000050053
"Los Angeles, CA",2026-06-29,c198eb4fd2b249be02beee33c00a6eeff27bbec17b1fa197b661c00149d60df6,DMS,5,5,5,6,True,home_fixed_start,last_service_stop_no_home_return,osrm_road_network,los_angeles_ca,driving,46eb87ef64de12bb10cfd73047254663278cac2f01fe7e69f68ed71393eaf7c6,success,,108.9117,112.385,False,2.0,417.3649000003934
"Los Angeles, CA",2026-06-29,c2708eab6ccdcb116f2a5247d5e1951c084da94c0ba81b76fe1e1ecae139e587,DMS2,1,1,1,1,False,nearest_neighbor_best_start,last_service_stop_no_home_return,osrm_road_network,los_angeles_ca,driving,f62b95307622482fbd43db000e88b9298fb487f8e95b145224e083f08897d3fd,success,,0.0,0.0,False,0.0,0.0
"Los Angeles, CA",2026-06-29,c3138a859f04654ea3e62acd33721bb256c605c51c2465b5683b9dd6fb65dfca,DMS,2,2,2,3,True,home_fixed_start,last_service_stop_no_home_return,osrm_road_network,los_angeles_ca,driving,00b254b0f458c4d6236d639dec1e9233f2066deb8a5210d2f096c10a4a56f6f2,success,,116.2493,91.06,False,2.0,401.80140000302345
"Los Angeles, CA",2026-06-29,c6e788f8b52aa9f4b17e7ecf8a001d0af9107e00eb40153c5c705f839167c0a6,DMS,3,3,3,4,True,home_fixed_start,last_service_stop_no_home_return,osrm_road_network,los_angeles_ca,driving,64fda671b54b636234f46e78d867e6f4246151c672a955d2537ae844649731e2,success,,55.527699999999996,59.49333333333333,False,2.0,420.18820001976565
"Los Angeles, CA",2026-06-29,c9f196151ec07b6617b712ebde4ba92a10e931a60fac0617cb4f1d99e1733cc9,DMS2,8,8,7,7,False,nearest_neighbor_best_start,last_service_stop_no_home_return,osrm_road_network,los_angeles_ca,driving,558a74ec264f30d6f0be61a741c82a7b713b4cabbcfac874c445dc702f061eee,success,,37.517,54.79833333333333,False,2.0,447.0930999959819
"Los Angeles, CA",2026-06-29,cd5beb2fc5a031331e7a860414d7dcc1c5cb8b470f415e0c0946fc5843576ba0,DMS,3,3,3,4,True,home_fixed_start,last_service_stop_no_home_return,osrm_road_network,los_angeles_ca,driving,a55b656c802cc4f90977d50215a362de5aa6dbdecfd9ac73b242cf8768f6f0d5,success,,39.0321,41.361666666666665,False,2.0,401.8138000101317
"Los Angeles, CA",2026-06-29,e612d1be4c3c72796b8ca1c7f8e08210f181e0e5f26f375e1093e36fe984362c,DMS,2,2,2,3,True,home_fixed_start,last_service_stop_no_home_return,osrm_road_network,los_angeles_ca,driving,9654385bf912d4baa0a565c6675841748b5dc1b04b4c93717b35fdd7b6b22572,success,,27.8568,29.08,False,2.0,411.3210999930743
"Los Angeles, CA",2026-06-29,f85f322c8dcc0bf57ee40302ead192f3c7092bdd919de0cbb8e2925975d4061b,DMS2,4,4,4,4,False,nearest_neighbor_best_start,last_service_stop_no_home_return,osrm_road_network,los_angeles_ca,driving,6b2e64f15586813fe67bbf248a0f5770725555de9a4efb02880473bb0155d0ee,success,,26.322200000000002,31.565,False,2.0,415.72039999300614
"Los Angeles, CA",2026-06-29,fac127ef6d407ef5353344c91e4493d15912127ab1e6ce13b44bb313479371a4,DMS2,1,1,1,1,False,nearest_neighbor_best_start,last_service_stop_no_home_return,osrm_road_network,los_angeles_ca,driving,abd7b6629c904c9a610091643fd57d3b58a21eec046d1ebb9904b5c1956a3905,success,,0.0,0.0,False,0.0,0.0
"Los Angeles, CA",2026-06-29,fe09088309d38a0f17b6c2c9812d2cafeb802c1a4ec986cc97c22b171f43b25e,DMS,4,4,4,5,True,home_fixed_start,last_service_stop_no_home_return,osrm_road_network,los_angeles_ca,driving,6890dd805dabf9dc65376ff59b543afc14dda2ab27466f0decfbbb25fb357ce4,success,,48.6439,57.465,False,2.0,416.4658000227064
"Los Angeles, CA",2026-06-30,00cc7afc93dfacd2b21076cfd6de3c465408bfa59e48595db7c2aa95385a4c32,DMS,3,3,3,4,True,home_fixed_start,last_service_stop_no_home_return,osrm_road_network,los_angeles_ca,driving,ec36f879951cb4295b861c19cc51545e07ac632062ebaab8e5717549e601c33d,success,,20.6435,25.823333333333334,False,2.0,413.41919999103993
"Los Angeles, CA",2026-06-30,03ec87efe079d1a1564a65f81948bf7bede62388b45da8f83a72191b4ae20468,DMS2,1,1,1,1,False,nearest_neighbor_best_start,last_service_stop_no_home_return,osrm_road_network,los_angeles_ca,driving,a50853f0129559451ef6c94d8b3cae5b7a475a4655f94de4adeabee7ce996a5e,success,,0.0,0.0,False,0.0,0.0
"Los Angeles, CA",2026-06-30,0547009144422de94af1dc14c617aa4c34cc5daa99db70dc5d4d89a017c34a81,DMS,4,4,4,5,True,home_fixed_start,last_service_stop_no_home_return,osrm_road_network,los_angeles_ca,driving,08fcf54edb9d4271c5cdc1106689cab6fe842b0312be5a43cae2d645b3c68e2b,success,,33.2026,42.769999999999996,False,2.0,425.07060000207275
"Los Angeles, CA",2026-06-30,0d980e9de9ef005fc2ddf39a77a212522fc1cd2b26c9015c60bbf1fc7ed879ec,DMS,2,2,2,3,True,home_fixed_start,last_service_stop_no_home_return,osrm_road_network,los_angeles_ca,driving,9179966b0021aae830df8a03789df24a6a01ba13f2f97dd200cace514f0e19f1,success,,90.9854,91.12666666666668,False,2.0,404.5782000175677
"Los Angeles, CA",2026-06-30,0df1e4af67b62f0b4d98948cceb470db40a23cef60a80474102bab6a54fbdd75,DMS2,1,1,1,1,False,nearest_neighbor_best_start,last_service_stop_no_home_return,osrm_road_network,los_angeles_ca,driving,5e38f019f8081a8b13be1c191c8c73fa95f4e13b28095ab51a4226fa8c10288e,success,,0.0,0.0,False,0.0,0.0
"Los Angeles, CA",2026-06-30,0e13b6eac61f9eb8cd22865ee418fd241aa08e4006b0bc742a293de7e643d54d,DMS,5,5,5,6,True,home_fixed_start,last_service_stop_no_home_return,osrm_road_network,los_angeles_ca,driving,90f1ea77ddc6abff97ea07586999e09e1d3276e47e27afc273d240c48be33458,success,,31.279799999999998,40.94666666666667,False,2.0,425.7173000369221
"Los Angeles, CA",2026-06-30,0e8e0ddc02cd998a7d9e1cd0126373b96313397ae1cf437810ce21c0e2db313c,DMS,4,4,4,5,True,home_fixed_start,last_service_stop_no_home_return,osrm_road_network,los_angeles_ca,driving,7722e6ee493815cb43f30d0410846831fd233bc3e4b699aeaf1fc44ec22cd64e,success,,43.4468,51.358333333333334,False,2.0,419.7511999809649
"Los Angeles, CA",2026-06-30,0fb01169d8b25596a2aff2bfa1c8cb668e384591a54ea815b1da30d44b9182cd,DMS,5,5,5,6,True,home_fixed_start,last_service_stop_no_home_return,osrm_road_network,los_angeles_ca,driving,e483f1743279fb1185f288a8aca3fd2ecdd6a7115767f4247986c98c77a37b28,success,,32.7275,42.71666666666667,False,2.0,406.4584999869112
"Los Angeles, CA",2026-06-30,2757eb655d3e4ea23f161924e8151ec9b29e0cf8392cf4eead6f1c89a06479d2,DMS,1,1,1,2,True,home_fixed_start,last_service_stop_no_home_return,osrm_road_network,los_angeles_ca,driving,869186546a0d1929b058256406376b7f213512ae0573af546af226637aa2dfd5,success,,18.226200000000002,20.871666666666666,False,2.0,400.2226000011433
"Los Angeles, CA",2026-06-30,2b1cbff72b4decac3a312283a29e1cddd19b97d8e6f7b9abb6f050e85927df9f,DMS,5,5,5,6,True,home_fixed_start,last_service_stop_no_home_return,osrm_road_network,los_angeles_ca,driving,f7e2ac6d3b956f27c4471ca32f1c80b044de3fbf74be3078dec7327a314609f1,success,,79.0299,83.74833333333332,False,2.0,411.9681000011042
"Los Angeles, CA",2026-06-30,2e9b04d0a70a1d51e7e7d4cedcd498a126947e0213a902436dd7b8439decf50b,DMS2,3,3,3,3,False,nearest_neighbor_best_start,last_service_stop_no_home_return,osrm_road_network,los_angeles_ca,driving,2c4306c439a7f8c6f440b4033df2681f7db63d7630b3c002ef9eebe10909fb03,success,,257.4365,203.09166666666667,False,2.0,415.05729997879826
"Los Angeles, CA",2026-06-30,3031c192a7eff15bd348dd97de5a7fe4817d701982819696d663d7823ea4f1ce,DMS,3,3,3,4,True,home_fixed_start,last_service_stop_no_home_return,osrm_road_network,los_angeles_ca,driving,282bac3024656e09a6a98aca9f11cfdb94e70e4b3271e99e8006eed22fcdaf32,success,,43.530300000000004,48.12,False,2.0,421.80520002148114
"Los Angeles, CA",2026-06-30,3702ef1cc08801665209254f4f5f4d2e48d1745f4baba19f99507741d8bfb31b,DMS,6,6,6,7,True,home_fixed_start,last_service_stop_no_home_return,osrm_road_network,los_angeles_ca,driving,d5a0c2cbcac4023aae6b6f219efc6193afe7974c65c5c0ab08f1a587d73e41b7,success,,44.9069,58.165,False,2.0,423.45199998817407
"Los Angeles, CA",2026-06-30,3afc0b2fc4f7bce307b7501de0ed37164b0b907d172d6e9800abab5aa119faf1,DMS,1,1,1,1,False,nearest_neighbor_best_start,last_service_stop_no_home_return,osrm_road_network,los_angeles_ca,driving,e4316835dc8426807f36972c2e980ebd3f529feb4f874db01aa2760abc198d72,success,,0.0,0.0,False,0.0,0.0
"Los Angeles, CA",2026-06-30,3ef60ba106eff76bfb41ec4418339eb0f5240035ef0e6903aeb2c2933bc56604,DMS2,1,1,1,1,False,nearest_neighbor_best_start,last_service_stop_no_home_return,osrm_road_network,los_angeles_ca,driving,71a8f70dddbde800e125d0496b5a892fd3bf975622e0e6a4e9da0e1b303e54fe,success,,0.0,0.0,False,0.0,0.0
"Los Angeles, CA",2026-06-30,44b1d549cd72cf65b79839d5427d289014e185eaa7eca8a375c5e0d60659dbda,DMS,3,3,3,4,True,home_fixed_start,last_service_stop_no_home_return,osrm_road_network,los_angeles_ca,driving,37c768be3fac6771c33f9f173669a5e8a0877d3ef75f3c35e40b7fdddc7576d4,success,,34.151199999999996,38.18,False,2.0,428.3607999968808
"Los Angeles, CA",2026-06-30,45e947e6d4ac4645d67f7002207f46b7a08196d173d9774cbe47f27fff800d8c,DMS,3,3,3,4,True,home_fixed_start,last_service_stop_no_home_return,osrm_road_network,los_angeles_ca,driving,deb7226110eb392560568937ba6e6f8dcd2f8bdc789f8886f7be544772c6e807,success,,27.4645,32.3,False,2.0,420.45750000397675
"Los Angeles, CA",2026-06-30,47fe0f904a4502aa4827cedde60a2034e46e216ad37899dc536f791d84f88e2b,DMS2,3,3,3,3,False,nearest_neighbor_best_start,last_service_stop_no_home_return,osrm_road_network,los_angeles_ca,driving,7aefae15f2103e010db0cb47d89e17542a8a67c4c6296242b524417e9c369ba7,success,,30.4591,33.92333333333333,False,2.0,395.19760000985116
"Los Angeles, CA",2026-06-30,489ffa2984c25838546b3695339b38c7505d19fec0f43a59f2a2c7a80ce4be5d,DMS2,7,7,7,7,False,nearest_neighbor_best_start,last_service_stop_no_home_return,osrm_road_network,los_angeles_ca,driving,94c54012223f24f28550888e7efdbba1d2018f562fc8ddc64821f17ef29d0e68,success,,42.0274,58.78666666666666,False,2.0,434.46420002146624
"Los Angeles, CA",2026-06-30,5f86a76cd65d9788001ae06a000ee783adaf4e79a939a88215e13a3031e392f6,DMS,4,4,4,5,True,home_fixed_start,last_service_stop_no_home_return,osrm_road_network,los_angeles_ca,driving,58e6d9510dc930479a0aa4a64c6971d6e1ed0ac07431184ad9f45ce05741107e,success,,109.6915,114.95166666666667,False,2.0,418.1016999937128
"Los Angeles, CA",2026-06-30,651658751fad9a28e446e65fe73f14241382aada5a3381aa04b5183adc742e48,DMS,3,3,3,4,True,home_fixed_start,last_service_stop_no_home_return,osrm_road_network,los_angeles_ca,driving,4ffd872e12ddf34e66efbb06c93b82d66276cb75c9bd83898af1265a975b6c50,success,,34.644800000000004,41.805,False,2.0,415.7495000108611
"Los Angeles, CA",2026-06-30,66e7f52994782060c492b0ed665e16a54bdacff66ec24224652ba4836c54885d,DMS2,4,4,4,4,False,nearest_neighbor_best_start,last_service_stop_no_home_return,osrm_road_network,los_angeles_ca,driving,ed55eb584054e8a839a05013a8e7a22a8c5f0ca434651e8c60e6d1b53d4afebb,success,,29.869400000000002,30.378333333333334,False,2.0,411.4466999890283
"Los Angeles, CA",2026-06-30,6ae534543feaedb42c56ff011e034ace6d8548bd96cb813207a822987f22a985,DMS,7,7,6,7,True,home_fixed_start,last_service_stop_no_home_return,osrm_road_network,los_angeles_ca,driving,b3cc67603b1aa6624d4ab7dfb0ea1e148e62a5c3d48deaec4fbd114acd811c85,success,,136.50670000000002,144.28166666666667,False,2.0,443.6967000074219
"Los Angeles, CA",2026-06-30,6dc681404500787ef54816c2387a9cd0a539348be0978d0ee710d0d185faa6f6,DMS2,4,4,4,4,False,nearest_neighbor_best_start,last_service_stop_no_home_return,osrm_road_network,los_angeles_ca,driving,0dd8b3114564000e184409c1bc7db79a77adcff190ce9ed6b81f5edd8f8b76ed,success,,21.0308,28.203333333333333,False,2.0,428.0389999912586
"Los Angeles, CA",2026-06-30,6eed7b752b74ef6a4d3c3cffeb30576ceb9e67395c264d14410a764d8997d969,DMS,4,4,4,5,True,home_fixed_start,last_service_stop_no_home_return,osrm_road_network,los_angeles_ca,driving,3100229c013c3a7cff2f86bd2f252cc07bf9dcf20f932dd69cdb8e613796217b,success,,42.402300000000004,51.980000000000004,False,2.0,409.1230000194628
"Los Angeles, CA",2026-06-30,75344e14ef404cb6ee0f41a8695a2ba768f0b236d5bbcc1291a5d257e2a1e3b3,DMS,3,3,3,4,True,home_fixed_start,last_service_stop_no_home_return,osrm_road_network,los_angeles_ca,driving,f864401d1ff5cc8328cefe303c41f1ec42f85e89793d7429fb9de4468a96fd3b,success,,64.6521,65.625,False,2.0,430.0997000245843
"Los Angeles, CA",2026-06-30,78790f00266805e36912e5969499931ca86552621ff971c2642d980be11cb2b9,ASC,1,1,1,1,False,nearest_neighbor_best_start,last_service_stop_no_home_return,osrm_road_network,los_angeles_ca,driving,9ed1a2bc719656107af9cf4e863480e287133a16c5a4acd8dd37c0d87bd1f006,success,,0.0,0.0,False,0.0,0.0
"Los Angeles, CA",2026-06-30,87536434a5d815c55302ca1c4f8669a2eb86d4fd1eae914a3dc43c7e271d7c35,DMS2,2,2,2,2,False,nearest_neighbor_best_start,last_service_stop_no_home_return,osrm_road_network,los_angeles_ca,driving,9b333b38656d9aa2163ffd70a94f464d930c27e38074c779ab7e0c09d1b0b72e,success,,21.799400000000002,20.96333333333333,False,2.0,397.6232999993954
"Los Angeles, CA",2026-06-30,954714ba3c8f056088c5d6ee59242ea0ee300db4a4ac287ef64c215f6e67346e,DMS2,3,3,3,3,False,nearest_neighbor_best_start,last_service_stop_no_home_return,osrm_road_network,los_angeles_ca,driving,c59dce18e84ab52477c1e4bd2dee0cc55767aa1c296bd7e40c4f803ffdf98536,success,,64.5356,55.92666666666666,False,2.0,398.4195000084583
"Los Angeles, CA",2026-06-30,a696ece72f646f157e11bd6da9099d6d2ff1acdb74dc9f46616ff82072be5266,DMS2,3,3,3,3,False,nearest_neighbor_best_start,last_service_stop_no_home_return,osrm_road_network,los_angeles_ca,driving,0b6d2c3010e603d9dfc22968cb63e6b88e48365b3ce6a80f0220a0e77114cc86,success,,25.859299999999998,27.148333333333333,False,2.0,406.36689998791553
"Los Angeles, CA",2026-06-30,b56efbec2da270b7bbd84cab2afa1b8bfe26fbce46fd41e9bbf4c781c3ffc481,DMS,2,2,2,3,True,home_fixed_start,last_service_stop_no_home_return,osrm_road_network,los_angeles_ca,driving,d78f9a1d9192e9ae7fa8d13aedf179f25d8fcd6c40c04e464b1decd8f44e7899,success,,102.5354,81.87833333333333,False,2.0,402.6218000217341
"Los Angeles, CA",2026-06-30,bb7ce9b4bd8ba5abd19db1e464da5dc60d56aed22043d4513c3730c15f0bbcc8,DMS2,1,1,1,1,False,nearest_neighbor_best_start,last_service_stop_no_home_return,osrm_road_network,los_angeles_ca,driving,5c1eedd712b30822abd05720c98889ae6b59f8d29ca937d87e9bf65a94f4f922,success,,0.0,0.0,False,0.0,0.0
"Los Angeles, CA",2026-06-30,be48468ee30ede608c89b0dfdbcf68790594ede7681c40e1a1919a8f5b817ba3,DMS,2,2,2,3,True,home_fixed_start,last_service_stop_no_home_return,osrm_road_network,los_angeles_ca,driving,c5974063edc785c5baac6eb24c577ca733a7b6bfb388d082295d4b56b4746762,success,,50.908699999999996,47.49333333333333,False,2.0,401.8452000163961
"Los Angeles, CA",2026-06-30,c423b37b957bc5fa177acfddeac241118ffbf4d0c48ff4c77f2a09f4d2b14a21,DMS,3,3,3,4,True,home_fixed_start,last_service_stop_no_home_return,osrm_road_network,los_angeles_ca,driving,8d6da9ebbd5c05eedc64a1dbe2160c9a0737f41d76abd11ef5479ea1b92ed86e,success,,41.7262,46.84166666666667,False,2.0,404.2117000208236
"Los Angeles, CA",2026-06-30,d1974cda786eba6628276e3526d42bd24a316ee76f8dfb2e3e473fc3029a97a3,DMS2,5,5,5,5,False,nearest_neighbor_best_start,last_service_stop_no_home_return,osrm_road_network,los_angeles_ca,driving,41a6f75743d1c750119ef480e57e69709c80d1f57cf77660dcc6e184621d7e16,success,,31.3691,37.95,False,2.0,423.0350999860093
"Los Angeles, CA",2026-06-30,d3f47828e1e2de218bc49ef1322afcc58c30a9e709c014a038d6d64b82701968,DMS,3,3,3,4,True,home_fixed_start,last_service_stop_no_home_return,osrm_road_network,los_angeles_ca,driving,614ef489f0a2c3464d677df898fbcd7111bd9d4c1f9cb559380628f39c4dbfb6,success,,49.4685,56.235,False,2.0,410.9720000124071
"Los Angeles, CA",2026-06-30,d8294be8c0e70a7ad65943f7dc877648cd6e954a43aa3cf55d8eb4b0b0fc3739,DMS,1,1,1,2,True,home_fixed_start,last_service_stop_no_home_return,osrm_road_network,los_angeles_ca,driving,1657e9565093e4e1b8551a664a114e31bd2aa46ca8136f4522d88091662b7093,success,,31.671400000000002,27.46833333333333,False,2.0,418.153100006748
"Los Angeles, CA",2026-06-30,d89d2910d4370ebf511d2ba095e68d9dd955e9bc6f09163819c7042d0d947f77,DMS,2,2,2,3,True,home_fixed_start,last_service_stop_no_home_return,osrm_road_network,los_angeles_ca,driving,b306f27a3206334398edcd7b552a6e1f04c4ad971b079649433fe7919967e2df,success,,24.574099999999998,29.913333333333334,False,2.0,400.86300001712516
"Los Angeles, CA",2026-06-30,d8d0c16569061a9511c33faf6353fd5871b47018c5b235808b947ab45f995969,DMS,5,5,5,6,True,home_fixed_start,last_service_stop_no_home_return,osrm_road_network,los_angeles_ca,driving,378296955c7b765637e6e65529e43f2b0e4630ae7a732351ff9b68a234fa80bb,success,,35.8142,49.64666666666667,False,2.0,423.79639999126084
"Los Angeles, CA",2026-06-30,dd95b0c308d93febc9d085858eb9ebc0cb1acf38cb31a59d172c83b2073efcb2,DMS2,5,5,5,5,False,nearest_neighbor_best_start,last_service_stop_no_home_return,osrm_road_network,los_angeles_ca,driving,f4cc143335190e9ead2bdc15d779702d700bb4108b38dce1cb0864230d023292,success,,225.1059,193.68833333333333,False,2.0,428.6224000097718
"Los Angeles, CA",2026-06-30,ee54f56de5f48d25e9de5dae95afe6348ad371e551635ec50a3fbb54e14cd48f,DMS2,4,4,4,4,False,nearest_neighbor_best_start,last_service_stop_no_home_return,osrm_road_network,los_angeles_ca,driving,d1c9e4b48a75cad22ef3b0eac646261e800abe8f8f9f13a9a78d9bff6074b085,success,,69.8308,63.93833333333334,False,2.0,423.44430001685396
"Los Angeles, CA",2026-06-30,fc3f873c4853547c5470cc2927bd158d6165107c12ccb7ffb520a4c024bda917,DMS2,3,3,3,3,False,nearest_neighbor_best_start,last_service_stop_no_home_return,osrm_road_network,los_angeles_ca,driving,36d3575786787bc6687a85a43bd0bf3e8fc9cb0b5a9f7bc4483bfbe6a52157f2,success,,16.1145,17.573333333333334,False,2.0,402.40710001671687
"North Jersey, NJ",2026-06-01,16b4814419dfdc5ef4f682206b0e0e32d9048b9c5be302e491b31b275e3fe66a,DMS2,2,2,2,2,False,nearest_neighbor_best_start,last_service_stop_no_home_return,osrm_road_network,northeast,driving,486e0cbe5a3e28f9e00b190e9aef4323497b41c3d8d71bfe357f561732db1868,success,,0.9167000000000001,1.3733333333333335,False,2.0,404.1607999824919
"North Jersey, NJ",2026-06-01,17001445e2cd9af05b3bc87084a8620b9e5b6a0dd039d5a5b7742da5c66ccfb3,DMS,2,2,2,3,True,home_fixed_start,last_service_stop_no_home_return,osrm_road_network,northeast,driving,0a317b8b9f540c45269de4c035a3bad44ba72dcd54ed19ad4f2fed8329ab4801,success,,31.8474,39.77333333333333,False,2.0,400.5962999945041
"North Jersey, NJ",2026-06-01,2617f4cb304b8e5fe5032ae615e7835f932535d7e0270abd1cf1ec617d82f661,DMS2,1,1,1,1,False,nearest_neighbor_best_start,last_service_stop_no_home_return,osrm_road_network,northeast,driving,c5a1a2e8a29297385b9919a4b85253e6e1b1181930ff514956516ffa83f5aa24,success,,0.0,0.0,False,0.0,0.0
"North Jersey, NJ",2026-06-01,2bc3d235a232fe41d1e5c43af187fb4cef3896addb8653c6f31c7a51c8855c59,DMS2,4,4,4,4,False,nearest_neighbor_best_start,last_service_stop_no_home_return,osrm_road_network,northeast,driving,c4a8a8f0b2f63c0ceb7aa4ca7e74088d078b29435c36b94b027f4da7d748e595,success,,33.5679,37.955000000000005,False,2.0,412.02010001870804
"North Jersey, NJ",2026-06-01,329254edb89f4b3beb9d7f78944bcf38b8ef5790df839ea3b002f58a0adcd72b,DMS,2,2,2,3,True,home_fixed_start,last_service_stop_no_home_return,osrm_road_network,northeast,driving,8f34246f9a8762b9a641e74ec9b9d1597ac3b521b25b29aa78b4d0a85bf5f89d,success,,15.4353,18.328333333333333,False,2.0,411.25930001726374
"North Jersey, NJ",2026-06-01,37b77c1a070e7dc347ddad123e7952a812a2c231ac5a669bab31f57ab3679079,DMS2,1,1,1,1,False,nearest_neighbor_best_start,last_service_stop_no_home_return,osrm_road_network,northeast,driving,b917fa2d10a5b0c59a360c67725f3b4a6af09712e16a9d46110bd120c7e2a8bd,success,,0.0,0.0,False,0.0,0.0
"North Jersey, NJ",2026-06-01,4a079fe53a6332fe34ce50e0ac73083f0ebb32fe515ddf1e5686b68dfccbc783,DMS2,1,1,1,1,False,nearest_neighbor_best_start,last_service_stop_no_home_return,osrm_road_network,northeast,driving,323cd31105c7978069d4024ff38c12adc4f4acb4fbfcacc952e0bf476ee51d95,success,,0.0,0.0,False,0.0,0.0
"North Jersey, NJ",2026-06-01,4e572d87dfff01e217af2b5cc2584f70d71cc91414431ffc849e8a1a314b9220,DMS2,2,2,2,2,False,nearest_neighbor_best_start,last_service_stop_no_home_return,osrm_road_network,northeast,driving,7a8973034f270b55f0d3af218590e6986a93b73e051a337e55d59bd8a8a3dd56,success,,29.8429,30.473333333333336,False,2.0,393.0300999782048
"North Jersey, NJ",2026-06-01,50fa90ea9f1f41f4f78fde83690be12e12c7c68a4b774519f5569a79ba2d74b4,DMS2,2,2,2,2,False,nearest_neighbor_best_start,last_service_stop_no_home_return,osrm_road_network,northeast,driving,3a536fa7cd8534c8774c763df63971f43b3a87a426c9a396202343dc10f7a668,success,,1.4076,2.4316666666666666,False,2.0,579.2376000026707
"North Jersey, NJ",2026-06-01,5457e4bb8efe29ba798a3ff421f4adbef8480aa95f25650b9dfc4c4cdd8d955d,DMS2,2,2,2,2,False,nearest_neighbor_best_start,last_service_stop_no_home_return,osrm_road_network,northeast,driving,cd569ca18454894cd747893ba816df3b5f42dcb7d003aee3077c69c83065dfd7,success,,17.4223,17.771666666666665,False,2.0,392.02740002656356
"North Jersey, NJ",2026-06-01,5a998003225d450fc148d176a4862b4966048767eac79845a5c201b704117b05,DMS,1,1,1,2,True,home_fixed_start,last_service_stop_no_home_return,osrm_road_network,northeast,driving,fa2f54905f4a272d6817df8e0efc6747ac71bdb35d2b11e7f3f954f4c245326c,success,,32.902300000000004,37.644999999999996,False,2.0,403.8580000051297
"North Jersey, NJ",2026-06-01,605d6ac93a253c7ba176f3a7f2c95f7a9950bec54a97cb8653cb62bb4d9f1279,DMS2,1,1,1,1,False,nearest_neighbor_best_start,last_service_stop_no_home_return,osrm_road_network,northeast,driving,6a9990e285866c20ec39ee13d2f1295036b42e4e719bb5589095c09f10a0d7ef,success,,0.0,0.0,False,0.0,0.0
"North Jersey, NJ",2026-06-01,64905625eb40d59ebb8fea82621423c8fa42a1c7ff4625ac876074bb59c8f3c0,DMS,4,4,4,5,True,home_fixed_start,last_service_stop_no_home_return,osrm_road_network,northeast,driving,7945343f6207b0026e95a3c401a48308ab6b4fda7729cf9c40b4b635bc3f7bfa,success,,51.2051,55.065000000000005,False,2.0,411.9209000200499
"North Jersey, NJ",2026-06-01,64c11c6fe2721f11d7dc564b34ae497aea02bf5da4034281247cb701af485706,DMS2,1,1,1,1,False,nearest_neighbor_best_start,last_service_stop_no_home_return,osrm_road_network,northeast,driving,9aa6ed99dc1c4a97ab2caf34b026044f5800901f055eed0219eed6983b89ae96,success,,0.0,0.0,False,0.0,0.0
"North Jersey, NJ",2026-06-01,713da13b9f07204388d13a338b74ec8b0145779652029085bc1a55216d6c8017,DMS2,1,1,1,1,False,nearest_neighbor_best_start,last_service_stop_no_home_return,osrm_road_network,northeast,driving,f68d6e7818229b0e0d9562f6216df62c9a3f5d3d5d05e271fc017956be1b8098,success,,0.0,0.0,False,0.0,0.0
"North Jersey, NJ",2026-06-01,7be100f2e170125f7f5ed1305bda29e644b535264941e473c0346143c8848cc9,DMS2,4,4,4,4,False,nearest_neighbor_best_start,last_service_stop_no_home_return,osrm_road_network,northeast,driving,26e88656f2966ec83181fec196ab6db076ea7baab5168d0ffe864cd408313644,success,,38.1871,43.21666666666667,False,2.0,401.9751000159886
"North Jersey, NJ",2026-06-01,82020be5782776518190a29d01950a254a104b970f8481c74c40c442e5ad567e,DMS,2,2,2,3,True,home_fixed_start,last_service_stop_no_home_return,osrm_road_network,northeast,driving,2c3a98373c723ba77c409624c895a5eb08a8742801fdf5f11a704bbbecb4a69a,success,,24.2553,30.483333333333334,False,2.0,407.24510001018643
"North Jersey, NJ",2026-06-01,8b3c14c38940e07871d703e8a1934d88d0a0f1ea54f7d9dbabd9064f23d23367,DMS2,1,1,1,1,False,nearest_neighbor_best_start,last_service_stop_no_home_return,osrm_road_network,northeast,driving,9bc511b7d45b4b4d383cb08d95830cb68ff256516d687975c1bb88a92950bda2,success,,0.0,0.0,False,0.0,0.0
"North Jersey, NJ",2026-06-01,9210cfdb873a019aca8e3b597bd1618680e4f67ff81fa09ee2786b0973607988,DMS2,1,1,1,1,False,nearest_neighbor_best_start,last_service_stop_no_home_return,osrm_road_network,northeast,driving,0f96350fda9b668479735182f9368aabdedbac23a22ea1c6928da6cb4771c43f,success,,0.0,0.0,False,0.0,0.0
"North Jersey, NJ",2026-06-01,927920061981d7c6ff72f57c21811f4f948b07949d540dd9bd10da72ed352161,DMS,5,5,5,6,True,home_fixed_start,last_service_stop_no_home_return,osrm_road_network,northeast,driving,b7e1042c32c0aab01b3d3caf9dc4e365852f0a7eef434df6514a386d96d023f5,success,,27.4833,41.96333333333334,False,2.0,416.08420002739877
"North Jersey, NJ",2026-06-01,9ac8111083009852539f92cc8e2505d9c73e8b228cbb5561e71bca25beb51a6e,DMS,3,3,3,4,True,home_fixed_start,last_service_stop_no_home_return,osrm_road_network,northeast,driving,c45b39abc37148eaa1e03c0ca92b49d938d273072c7ed437071156064138cc54,success,,26.2484,32.608333333333334,False,2.0,408.54710002895445
"North Jersey, NJ",2026-06-01,9c31a47ad1ec8d9828a76b846849f969a3262b10546cf9de63c458e306995e71,DMS2,1,1,1,1,False,nearest_neighbor_best_start,last_service_stop_no_home_return,osrm_road_network,northeast,driving,9897f2cf4bae8e6219288dd62ec8e1f298f5f400da9b10e04b6cafb93c6dbaed,success,,0.0,0.0,False,0.0,0.0
"North Jersey, NJ",2026-06-01,a40c900ae8d4e874ff9df610c75e94e0a0e9732cf989b53ca83fa28e5c9eb6f0,DMS2,4,4,4,4,False,nearest_neighbor_best_start,last_service_stop_no_home_return,osrm_road_network,northeast,driving,d1b598df4d4b863c2b0c193e57811bd783a06b0c6f4c2040d2adde9bbffe40be,success,,36.691199999999995,48.015,False,2.0,413.84329996071756
"North Jersey, NJ",2026-06-01,b054e62d6502b90d44a7cc83010dfd9d7bae94f286a6f3dc7802833b30e84b7d,DMS2,4,4,4,4,False,nearest_neighbor_best_start,last_service_stop_no_home_return,osrm_road_network,northeast,driving,efcec2ad0176bb82bd02006411b6d04ebac41e9efbf9e72bcc359fa79dec28b9,success,,40.4899,49.95,False,2.0,406.74679999938235
"North Jersey, NJ",2026-06-01,b68747cda8b7cf69bcc210a1894df4e3b69069fc00ce93d11c079f148154d16b,DMS2,6,6,6,6,False,nearest_neighbor_best_start,last_service_stop_no_home_return,osrm_road_network,northeast,driving,128039c57cace7d132ce66cd059782869c2c233f35a3bd8244ef40e2b7cdda65,success,,59.609,70.71499999999999,False,2.0,795.8831999858376
"North Jersey, NJ",2026-06-01,c0b94dbacb17336f94a00e47e80e3fe679ee80f6a141b3bae78f477bdce43e47,DMS2,8,8,8,8,False,nearest_neighbor_best_start,last_service_stop_no_home_return,osrm_road_network,northeast,driving,0dccbf8e28d3c6b783df58bb5c500361d7e53a60aebd87a2eef8384d98ef8348,success,,57.0439,91.33166666666666,False,2.0,803.7898000038695
"North Jersey, NJ",2026-06-01,c251bdd21965818fae369973cb03092406323b3e4039e8de076273b81babf139,DMS2,1,1,1,1,False,nearest_neighbor_best_start,last_service_stop_no_home_return,osrm_road_network,northeast,driving,aa601a49ba5f0d5960764a425fdb831ec2bc9376676952ea797056554765321c,success,,0.0,0.0,False,0.0,0.0
"North Jersey, NJ",2026-06-01,caad21d528c65531e3f7bc589cc410992c4ec5da0817b49a91b3b8d099a20e60,DMS2,7,7,7,7,False,nearest_neighbor_best_start,last_service_stop_no_home_return,osrm_road_network,northeast,driving,7b57435daeeafa23baa2f97cc0b820a3baa828f8b25534095f88885bdb1ee567,success,,14.8111,30.884999999999998,False,2.0,423.92269999254495
"North Jersey, NJ",2026-06-01,cb1ad92c1474350b0a5150e0953f8634d647b44796c5fd739be8a2807c12f615,DMS2,1,1,1,1,False,nearest_neighbor_best_start,last_service_stop_no_home_return,osrm_road_network,northeast,driving,f415374e791dfb5e5ecee1859a719bdec5db1f242b5203bce70ba342ca67140d,success,,0.0,0.0,False,0.0,0.0
"North Jersey, NJ",2026-06-01,cf605728b71dbff8b7462a42e9a22cc7ae1158209da2fb9ea74e9090c7b1109e,DMS2,5,5,5,5,False,nearest_neighbor_best_start,last_service_stop_no_home_return,osrm_road_network,northeast,driving,f0b831fc83ec3c12c3fb1f53ec62b89bbeb4dba833984e3c451aeef05afc8d9f,success,,29.1234,43.32666666666667,False,2.0,405.4749000060838
"North Jersey, NJ",2026-06-01,cf66f63d72d3f8eb883f9cd5b979c1ab121db5d9be42a36d9ef73977f8daddab,DMS2,1,1,1,1,False,nearest_neighbor_best_start,last_service_stop_no_home_return,osrm_road_network,northeast,driving,bd3d6954a553a5b57ea720aea9ab17843d65999e7f2fed817400b7fed65ffced,success,,0.0,0.0,False,0.0,0.0
"North Jersey, NJ",2026-06-01,d517a92ac32d6dc73d02c09f895061271e4444a52737f289d39944a1d33ac530,DMS2,1,1,1,1,False,nearest_neighbor_best_start,last_service_stop_no_home_return,osrm_road_network,northeast,driving,e260c91f5fbe1f4e225f73c3de549ddf79504a2afae869b69589c5f5a5005eb0,success,,0.0,0.0,False,0.0,0.0
"North Jersey, NJ",2026-06-01,db9228eb1ab4c440090758ded1839d5d28665df0e01c825d1225e171490f9ece,DMS2,1,1,1,1,False,nearest_neighbor_best_start,last_service_stop_no_home_return,osrm_road_network,northeast,driving,95a4f934e7aa63be2c674dced973eb4af999a1c4f5a15b3a2f39a96401efd0ff,success,,0.0,0.0,False,0.0,0.0
"North Jersey, NJ",2026-06-01,ec9455f2dc969ba58a03cfb62f2fbb22ad83f4394ee4d2504278afcc55588988,DMS2,3,3,3,3,False,nearest_neighbor_best_start,last_service_stop_no_home_return,osrm_road_network,northeast,driving,acb60e082c8ee2365bbde5fbeca012834d41d0103a356735411aed5d29552146,success,,5.7953,11.735000000000001,False,2.0,399.1881000401918
"North Jersey, NJ",2026-06-01,f9371c572ffe71a9e4d3a717bb2f525e4db5d7877742671043e5aacb59241132,ASC,8,8,8,8,False,nearest_neighbor_best_start,last_service_stop_no_home_return,osrm_road_network,northeast,driving,8ce12aaf89c8ad133c87d3ffd1cb1cb8d6fcd480bc954e5868f12134ea9dc242,success,,43.224199999999996,68.84833333333333,False,2.0,615.7560999854468
"North Jersey, NJ",2026-06-01,fae70dec38c9c2cda8435d81e812adebcb0bf35e15b64821de382bc3939322f4,DMS,5,5,5,6,True,home_fixed_start,last_service_stop_no_home_return,osrm_road_network,northeast,driving,06fa22a548891031ea0f9b5e0a82efa040937d310d118e5ce78f45ac3346cc4f,success,,32.7367,54.05,False,2.0,415.85839999606833
"North Jersey, NJ",2026-06-02,0682f7fffbfeab137bab0d2851f7a24f9b686d84bbaa4b05fa919c03954774d8,DMS2,2,2,2,2,False,nearest_neighbor_best_start,last_service_stop_no_home_return,osrm_road_network,northeast,driving,846148ebc23645e4c48aa14a3fd7622eabc81f4ff8f10ab04f735e97ac8a8f07,success,,31.8745,34.358333333333334,False,2.0,394.53420002246276
"North Jersey, NJ",2026-06-02,08f2de6f81df804e9b542408a523a4305b37aceebff5f61190800373ec36d5ec,DMS,4,4,4,5,True,home_fixed_start,last_service_stop_no_home_return,osrm_road_network,northeast,driving,c183476fb70cf2e3225db610d1498d262ddb5ebade66da0ebfd2d09738601152,success,,49.920199999999994,61.044999999999995,False,2.0,415.11309996712953
"North Jersey, NJ",2026-06-02,11f45ded70a423ad39d4c09fb0f94aa8aa585b214807c6d7f81d7abf130ecebd,DMS2,2,2,2,2,False,nearest_neighbor_best_start,last_service_stop_no_home_return,osrm_road_network,northeast,driving,5ec45db679fa2cefde0c04cc61384096122256ffbc26ad84f32b91b4f18093e6,success,,27.697400000000002,26.996666666666666,False,2.0,393.12940000672825
"North Jersey, NJ",2026-06-02,13ff842db2650235048152d8b3041c5d3c1fd25292a4d255e57271d4c9021d18,DMS2,2,2,2,2,False,nearest_neighbor_best_start,last_service_stop_no_home_return,osrm_road_network,northeast,driving,91a07d4eb9ca4f084c44aa3f2f9231072452e3c4dd11426d754a349785cea3bb,success,,1.5684,3.881666666666667,False,2.0,396.4263999951072
"North Jersey, NJ",2026-06-02,28db5585c8e7ab1febaa7bf5cabbde31e1de6109dda16180039d1adee552e2fd,ASC,3,3,3,3,False,nearest_neighbor_best_start,last_service_stop_no_home_return,osrm_road_network,northeast,driving,571b7c301e113c12fb4e577a3834ae27bd36ea6e9fdc417c86e6dabf0b01ff79,success,,21.7163,33.18,False,2.0,401.4200000092387
"North Jersey, NJ",2026-06-02,3710a00b7ede26f7f8f251ddc6aec56e1069dfce0e159c7a5b045a0dddf9efb6,DMS2,4,4,4,4,False,nearest_neighbor_best_start,last_service_stop_no_home_return,osrm_road_network,northeast,driving,69c3092169143c052b8385850b9567239504544352f2017a245c94e85df87f36,success,,13.617799999999999,23.255,False,2.0,412.730800017016
"North Jersey, NJ",2026-06-02,3f867e496f3ffc2ce2b9387f53b556031601da2c284ec5ba94b83000a0a221d1,DMS2,5,5,5,5,False,nearest_neighbor_best_start,last_service_stop_no_home_return,osrm_road_network,northeast,driving,7a3b51a46909909da9b961cd5d6d506cb001dabc1fbf6a73b04cbe26baa69b17,success,,11.649,22.898333333333333,False,2.0,413.28799998154864
"North Jersey, NJ",2026-06-02,449aa78f3f0ecc1cd0774d16987b1d58e1255b0d835e16f5768de284c26e99f4,DMS2,5,5,5,5,False,nearest_neighbor_best_start,last_service_stop_no_home_return,osrm_road_network,northeast,driving,8b7b3ca83d3f342baa99f323f856835098759735d7aba058dec184c433fc150c,success,,29.1337,39.105000000000004,False,2.0,418.3224999869708
"North Jersey, NJ",2026-06-02,555546e315c4b5729d5829809f0be301c7ba1ed44da6e0ce92ce06723e8f54d7,DMS2,4,4,4,4,False,nearest_neighbor_best_start,last_service_stop_no_home_return,osrm_road_network,northeast,driving,ea940823a1ccbd1ff8fd9e6a3eab73d709027741c900e039a0a2b90bdecf2bbe,success,,615.579,512.92,False,2.0,615.1489000185393
"North Jersey, NJ",2026-06-02,5924c661f01371f60dce2f95affb5927c22a5dd15cabe5524fdd2daaa267d6ac,DMS2,3,3,3,3,False,nearest_neighbor_best_start,last_service_stop_no_home_return,osrm_road_network,northeast,driving,d2dfe9ed3277a770cf7ce8a28fef65ba5f69d927a4cd63eb1af5eae40142a0f8,success,,21.8532,29.53666666666667,False,2.0,398.61350000137463
"North Jersey, NJ",2026-06-02,5af0778379563582ed143bbf57aa09fda1541a7fa31962f584d55d5e8c0a6f0b,DMS,5,5,5,6,True,home_fixed_start,last_service_stop_no_home_return,osrm_road_network,northeast,driving,3ac67445da4d05fd16de8876da24c725cbfbbb9fd7a1233a4834f5345ef8f2b4,success,,44.0621,52.531666666666666,False,2.0,418.5952999978326
"North Jersey, NJ",2026-06-02,795d1e90dc3c1aa4fcf1edf32c0d92565324d278251f5df61eb216eea3ab8126,DMS2,1,1,1,1,False,nearest_neighbor_best_start,last_service_stop_no_home_return,osrm_road_network,northeast,driving,3876f8e262ba595166695bcc79e74530fdb315dd77492b3b25d032188865acea,success,,0.0,0.0,False,0.0,0.0
"North Jersey, NJ",2026-06-02,7b74afe82571f19d119bdf3253df9ed1d00f70acdabec5e1c38f927f4e81cb72,ASC,7,7,7,7,False,nearest_neighbor_best_start,last_service_stop_no_home_return,osrm_road_network,northeast,driving,cb6dcdd99f1b993efc30682c68b8b70d5c493dd25543ec0703a9e680a4ef3446,success,,97.1721,108.4,False,2.0,433.7612999952398
"North Jersey, NJ",2026-06-02,9b78c75377e4cc330fba05d173ff1dbd76fc5302425e4f5650c155e6218284ed,DMS2,3,3,3,3,False,nearest_neighbor_best_start,last_service_stop_no_home_return,osrm_road_network,northeast,driving,69e5fdb4688cd320c732fdec37739c64dc5fbb07b167924f0207dfa89830234c,success,,62.6736,74.02833333333334,False,2.0,415.0284999923315
"North Jersey, NJ",2026-06-02,a5c2325511326e42fba6dd009d65ca3f9ba14f3ca77a9f09942b44494e2edef1,DMS2,7,7,7,7,False,nearest_neighbor_best_start,last_service_stop_no_home_return,osrm_road_network,northeast,driving,e34927c7ce3bc45ffd30672214882a0e8dce25cd15e979a12228c877358c0b5e,success,,34.468900000000005,56.281666666666666,False,2.0,418.225200031884
"North Jersey, NJ",2026-06-02,acbd3e7a60e8f0ee3d17a308c37f464e58df57cc9cd9268dcb1f1cee391ca80a,DMS2,2,2,2,2,False,nearest_neighbor_best_start,last_service_stop_no_home_return,osrm_road_network,northeast,driving,63415b1f60eb19317e6f4a72feb4fad0a3a9115b93ad91b984950f99403e8398,success,,29.528200000000002,31.43,False,2.0,397.05729999695905
"North Jersey, NJ",2026-06-02,ae537be3098d7bf40c0d41ba109f3db04387758a06664200d4e1cff567419bde,DMS,1,1,1,2,True,home_fixed_start,last_service_stop_no_home_return,osrm_road_network,northeast,driving,8f45d858d2e5f4d23083ccb8ed953c28f61bf03400abb9d9df7be1f268a597b5,success,,5.8866000000000005,11.126666666666667,False,2.0,399.4715999579057
"North Jersey, NJ",2026-06-02,b2e6e15c40289e6f0e4ac68e12b43a7aba4a6ea9f07b136281388b9a5dc99886,DMS2,1,1,1,1,False,nearest_neighbor_best_start,last_service_stop_no_home_return,osrm_road_network,northeast,driving,0c8b76ec559dd5f186301fbe0a9efd0ba7edcff0aa883b4ce378013c6c5eed68,success,,0.0,0.0,False,0.0,0.0
"North Jersey, NJ",2026-06-02,b53f17ccb6e697483352592e024f079dce8272d74f0ead4f72d91e544c515bdf,DMS2,3,3,3,3,False,nearest_neighbor_best_start,last_service_stop_no_home_return,osrm_road_network,northeast,driving,0d6bb106a3ecc1597bc31bd1503bf72b5db4c9d2b40eb5fb749807b0994446da,success,,4.533600000000001,7.23,False,2.0,399.91920001921244
"North Jersey, NJ",2026-06-02,b9d61b6fcab7096dcefd751f0c5dae251dba0e2a2cc6166e35dbb28336d7f689,DMS2,2,2,2,2,False,nearest_neighbor_best_start,last_service_stop_no_home_return,osrm_road_network,northeast,driving,f76355817d8135a9af990c0334640f0bf15cc512875c1150d5af306441c6c170,success,,6.8277,10.818333333333333,False,2.0,395.7413000171073
"North Jersey, NJ",2026-06-02,bb94d577874700368651efa1bd15b7f7556592e04fe53660be24e3d3238aed52,DMS,6,6,6,7,True,home_fixed_start,last_service_stop_no_home_return,osrm_road_network,northeast,driving,e4bbb16305184f17e1b2a2bdb7cd21de5ee4238af5066c45acf62fe4e298650e,success,,41.0787,54.20666666666667,False,2.0,425.80230001476593
"North Jersey, NJ",2026-06-02,c03576d11f0d1256198bb87c6eb7dceb44f2b1b60b91f7c58843982327ed7dfb,DMS2,3,3,3,3,False,nearest_neighbor_best_start,last_service_stop_no_home_return,osrm_road_network,northeast,driving,d4678aa144e4924e6373fd48e5de38ddae7ade4a8612385a03704706b4b5233f,success,,31.9563,29.67,False,2.0,400.4129999957513
"North Jersey, NJ",2026-06-02,c24a4c8d7cacd4b667340015d3bca5c8f10e11c610e58441ed1a3025a01d8edb,DMS2,1,1,1,1,False,nearest_neighbor_best_start,last_service_stop_no_home_return,osrm_road_network,northeast,driving,4db2ea92d478bbb02d13f8d5acf697d690d0a2bbd19b3b6f89916c3abdafa9be,success,,0.0,0.0,False,0.0,0.0
"North Jersey, NJ",2026-06-02,d2dff38de160cabb532654eaa4cf366f4a5b8a961cdd7ed6ede5935213f4d58e,DMS,3,3,3,4,True,home_fixed_start,last_service_stop_no_home_return,osrm_road_network,northeast,driving,259786da9ef98a10f55729018de94341b8ce39883e831b387ea069d1d623a9ec,success,,26.9064,30.346666666666668,False,2.0,406.74459998263046
"North Jersey, NJ",2026-06-02,d39f015468e1ad2b7d6e00c4bb4b824aae51d262ab6fa0facb4b8de48905d7b9,DMS2,4,4,4,4,False,nearest_neighbor_best_start,last_service_stop_no_home_return,osrm_road_network,northeast,driving,6b6d9db1bc2538ed54dc6f9742fa2c3659178efa3a28f6973958b81aea8473ad,success,,84.1965,85.24666666666667,False,2.0,408.8540000084322
"North Jersey, NJ",2026-06-02,d56003be3400305ccba77abffb8414917fa4d3b15e162c306e486ef96a2c527d,DMS2,2,2,2,2,False,nearest_neighbor_best_start,last_service_stop_no_home_return,osrm_road_network,northeast,driving,4055764145b84c2c0daa2401a6db3b680f25a33805a2f9b5abc09cdc6f6f34ad,success,,12.0983,22.046666666666667,False,2.0,398.55769998393953
"North Jersey, NJ",2026-06-02,d645d2c0f11193fab182aa0835e089b328fc7ae61bf0881cfeaaa8df852c0f88,DMS2,1,1,1,1,False,nearest_neighbor_best_start,last_service_stop_no_home_return,osrm_road_network,northeast,driving,d5c52b5720e261fcef87229a9f411054d30bd03e07ceec3acc1e6acc580614c2,success,,0.0,0.0,False,0.0,0.0
"North Jersey, NJ",2026-06-02,db8978c1780ea0e79c1a905f18fa646b8c552a711f8455fe98b02d8719c297c2,DMS,2,2,2,3,True,home_fixed_start,last_service_stop_no_home_return,osrm_road_network,northeast,driving,2cde87a96a70685b0bf53fd797703898d763b78bbb1f5392bad7c99d1872b4e4,success,,12.0358,23.64,False,2.0,395.3695000091102
"North Jersey, NJ",2026-06-02,e31474cf93d83876235c2d1788b27d133730f2c4e38287133b35de1c7bb194ab,DMS2,2,2,2,2,False,nearest_neighbor_best_start,last_service_stop_no_home_return,osrm_road_network,northeast,driving,7db418ae20f5eb76e75bd038daf0efc09daab871877cf370df8acc459d5aba5f,success,,6.745,8.38,False,2.0,410.2208999975119
"North Jersey, NJ",2026-06-02,e81fcb77dff364b33c884e023d023dce0f52bbcf6b997790ec84530ca2f6ee3a,DMS2,1,1,1,1,False,nearest_neighbor_best_start,last_service_stop_no_home_return,osrm_road_network,northeast,driving,981718c3b303ca34cc855c64c63e6dea27734e1eb4b0fa8b1a55cbf31929856a,success,,0.0,0.0,False,0.0,0.0
"North Jersey, NJ",2026-06-02,e980e9dead211d7fccb90ee89ec4a77ada956ef7306c801bc1533ba4f9bcb79f,DMS2,1,1,1,1,False,nearest_neighbor_best_start,last_service_stop_no_home_return,osrm_road_network,northeast,driving,16c561178fcf268f1c2714ee8fb481d2612a95c4f534725db7821844c922390d,success,,0.0,0.0,False,0.0,0.0
"North Jersey, NJ",2026-06-02,f0385766954e4638fbd7e18fab4ae5e67081d2eb4409e39564ffa7234fd94504,DMS,3,3,3,4,True,home_fixed_start,last_service_stop_no_home_return,osrm_road_network,northeast,driving,dd5952254efd70efba9f3fb1450a5f67f34bf3fe85fd4ed347cfaf368bc9ce9a,success,,28.2461,36.015,False,2.0,414.9283000151627
"North Jersey, NJ",2026-06-02,f6054f383d5d582187f2fa6d3b81d33463ff054d04479e2a0b76afbf705e0fe5,DMS2,8,8,8,8,False,nearest_neighbor_best_start,last_service_stop_no_home_return,osrm_road_network,northeast,driving,4cf462ba92a7540b89d228dba1a42bd70b4d313c518657bfd192cd75703e53a5,success,,55.5294,79.04333333333334,False,2.0,437.5222999951802
"North Jersey, NJ",2026-06-02,f8f29d5827004d7df62f85e8c38ac8b0dba63a2e11c1a8b6c3817711cf9e92b6,DMS,3,3,3,4,True,home_fixed_start,last_service_stop_no_home_return,osrm_road_network,northeast,driving,0d27ba6d13cb8aedd99ae762a1e425d6a7ad6e81c2af7d3fb9f309e7b1a929c0,success,,69.5236,75.29833333333333,False,2.0,411.4704000239726
"North Jersey, NJ",2026-06-02,f95efca260518a85afffcefad8d0b3a7b0fa6beaf347b0a8f9721cdf9219ee48,DMS,4,4,4,5,True,home_fixed_start,last_service_stop_no_home_return,osrm_road_network,northeast,driving,0dbe5f390dd1e41178de9ebf054851fe0bc59a311843d9e4005e950f6139dbab,success,,49.2375,59.34666666666667,False,2.0,409.4500000064727
"North Jersey, NJ",2026-06-02,faad8d25e36655406186e126b04ed8876ca81977e7079e1b448d684d13998592,DMS2,1,1,1,1,False,nearest_neighbor_best_start,last_service_stop_no_home_return,osrm_road_network,northeast,driving,382eeda83f9422c3ece3dfafb4f64ffd3d600954562f4e6cd37abfd6451c6080,success,,0.0,0.0,False,0.0,0.0
"North Jersey, NJ",2026-06-03,0a27ecc11d1ac73791bc283f43fd1f4b09677dc41f93155758976e4db0e88861,DMS2,5,5,5,5,False,nearest_neighbor_best_start,last_service_stop_no_home_return,osrm_road_network,northeast,driving,0db938eed70c13d9b8df3320abea65806c6e649662015cd5a0313839b6b4845d,success,,33.8329,41.53666666666666,False,2.0,408.46269999747165
"North Jersey, NJ",2026-06-03,1db51899f41d3b4212a94f05db8872dfb3ef3c9d08bea8e67ed980785e6e52f1,DMS2,5,5,5,5,False,nearest_neighbor_best_start,last_service_stop_no_home_return,osrm_road_network,northeast,driving,a58355efaf2a5917fd839fd25b9744edae40b57d9d44a14ba298d90c6824b599,success,,73.9633,84.51666666666667,False,2.0,411.9800999760628
"North Jersey, NJ",2026-06-03,25a9d6c0e8f3f304b698c2d11c5f18958bb23a8bfd48e8bfb164140d021c0cc1,DMS,2,2,2,3,True,home_fixed_start,last_service_stop_no_home_return,osrm_road_network,northeast,driving,4ea8a9267df8466e411256afd0ad3c9f831b02eebb7c58fc9e1bb29835b48d5c,success,,8.8568,14.016666666666667,False,2.0,402.4509000009857
"North Jersey, NJ",2026-06-03,300a00823e29d9b5efea7a658309b0895ed2736e62ef2482ee06dba601109fff,ASC,3,3,3,3,False,nearest_neighbor_best_start,last_service_stop_no_home_return,osrm_road_network,northeast,driving,8e2e3c19ad14621ee2442fb0d6d95c73cc38892204ff1c7136543c42aab9aa51,success,,70.3544,73.18666666666667,False,2.0,397.8489000292029
"North Jersey, NJ",2026-06-03,3433ead9110d1f9001adef5608ffc1425eb19bb7b2a0f67268451b4764a4d3cb,DMS2,2,2,2,2,False,nearest_neighbor_best_start,last_service_stop_no_home_return,osrm_road_network,northeast,driving,d1e0a7c44a89e91a4081ba46e4acccfb87fa63c9e8e9dde8750becfedeaea736,success,,39.1042,36.605000000000004,False,2.0,407.08819997962564
"North Jersey, NJ",2026-06-03,3545b691ea2ff5796a5680ab53181a91cbdc9fead7f7972011ae69b444886785,DMS,5,5,5,6,True,home_fixed_start,last_service_stop_no_home_return,osrm_road_network,northeast,driving,2b2ea4af439c2cbecd7dab1f03be5e58a61f5ca96180cbeab24dfd2ce235c4ef,success,,44.9925,60.85,False,2.0,426.25970000517555
"North Jersey, NJ",2026-06-03,3c204b37670f395b70555a5165b2566e1b195937722efb787c32438af0205185,DMS2,1,1,1,1,False,nearest_neighbor_best_start,last_service_stop_no_home_return,osrm_road_network,northeast,driving,e037a40f9d854c93171b03fabea8250baf6079c85dde69aed54a85e371121ffa,success,,0.0,0.0,False,0.0,0.0
"North Jersey, NJ",2026-06-03,4051e653c9ba32f04d467b76a89e658401dfe2c207de113c02090dd50d9bbac0,DMS2,12,12,12,12,False,nearest_neighbor_best_start,last_service_stop_no_home_return,osrm_road_network,northeast,driving,a50b0cff113e9e492604cba38ada15697b7de77bd738834d118c7957a5fc07e0,success,,66.3624,104.66333333333334,False,2.0,448.92759999493137
"North Jersey, NJ",2026-06-03,4f0be5a92378ed6da297764e61b0e9139d16157777a562f73c18b8f5f0e375fe,DMS2,1,1,1,1,False,nearest_neighbor_best_start,last_service_stop_no_home_return,osrm_road_network,northeast,driving,65e86b884ebb697f0b45ecd580fe385b770eb1c314fb2ef9958291628fb587e8,success,,0.0,0.0,False,0.0,0.0
"North Jersey, NJ",2026-06-03,5215fca1d4bc21514aacc7ed092a0fdb6431a82c4f1e07c4919f84b2ae14ee96,DMS2,2,2,2,2,False,nearest_neighbor_best_start,last_service_stop_no_home_return,osrm_road_network,northeast,driving,e02873a4bd8b96761437701b2fcf06e3120d725ff4ff3bc125aee859b060de0c,success,,8.2317,10.228333333333333,False,2.0,391.5268999990076
"North Jersey, NJ",2026-06-03,6424c0b445454462e64ab13ea5d7db943103b89f2938d303116c70e19f1db06e,DMS,3,3,3,4,True,home_fixed_start,last_service_stop_no_home_return,osrm_road_network,northeast,driving,e8e0ca380257334389b234b0e9d0a1d2387fdd1fead7167d6a0a2a92aaecce03,success,,27.9013,38.77333333333333,False,2.0,401.94299997529015
"North Jersey, NJ",2026-06-03,6fff166b0af4ea1b4737e9ec037988ec560f65e757590bdb7e02b3930b9fc07d,DMS2,2,2,2,2,False,nearest_neighbor_best_start,last_service_stop_no_home_return,osrm_road_network,northeast,driving,1ec1b20ec4aedac80204d286b976ca83fb2a873ca7f7dc159786157c763821fb,success,,9.4728,13.675,False,2.0,390.54519997444004
"North Jersey, NJ",2026-06-03,715d3c07afdce7da32b66e4676151889396e7cc8b73866c02f64e298cc377a29,DMS2,2,2,2,2,False,nearest_neighbor_best_start,last_service_stop_no_home_return,osrm_road_network,northeast,driving,0903dc682d9945914a43d517328858eaa1d80b989d88875e502c019ce1b89e0f,success,,23.435599999999997,25.525,False,2.0,394.5841000240762
"North Jersey, NJ",2026-06-03,72ef61756af85fb4b1406c35228b7b27b15f184811f82750879d0bc4eac9b757,DMS2,7,7,7,7,False,nearest_neighbor_best_start,last_service_stop_no_home_return,osrm_road_network,northeast,driving,f23202c75405f4a7c776e2b78b42ef17ec119b145c77b25b1406d26ea6e342a1,success,,110.73310000000001,130.84833333333333,False,2.0,460.04009997705
"North Jersey, NJ",2026-06-03,765729efecf663d723363bd0a906d1d713f44969e29c372c928ca995fa6e8186,DMS2,4,4,4,4,False,nearest_neighbor_best_start,last_service_stop_no_home_return,osrm_road_network,northeast,driving,b1d98d759db56736ac290f899a837a52dc9e2e73e62c797f571ded1bbc790f1a,success,,20.1981,31.723333333333336,False,2.0,417.7015000313986
"North Jersey, NJ",2026-06-03,77dcffa1c532c5abb797b95ec5209db8c86185fb9d68233635c887186aa57ad7,DMS,2,2,2,3,True,home_fixed_start,last_service_stop_no_home_return,osrm_road_network,northeast,driving,9c568f5180c8090a77853e7cd7b52654439a71df36673801ed5aaf12b2fc5d4a,success,,23.762400000000003,36.19666666666667,False,2.0,401.8308999657165
"North Jersey, NJ",2026-06-03,8445439c407e2d768fea56114181398604484f81dae0e5e026b48da5aa5e4428,DMS,3,3,3,4,True,home_fixed_start,last_service_stop_no_home_return,osrm_road_network,northeast,driving,0b6accf8f45a8712e5a2669bd01317fb76724e20d4afa9e1d8aa9f7b3d30d357,success,,22.0441,34.04,False,2.0,406.1867000127677
"North Jersey, NJ",2026-06-03,8673c3a3783ad4ba03130e42c8435964d96ef5823b41ae091de6605852bf8845,DMS2,2,2,2,2,False,nearest_neighbor_best_start,last_service_stop_no_home_return,osrm_road_network,northeast,driving,b5e0250378a75ad8cd14dfcd5ae1423a1b51d5bb828adb8b6b4009d1fb544145,success,,13.0298,17.12,False,2.0,392.9296000278555
"North Jersey, NJ",2026-06-03,8822b2105ee56c4ce2337d47220469c0485c7d8f2cad309c81f0ff75a9b76770,DMS2,5,5,5,5,False,nearest_neighbor_best_start,last_service_stop_no_home_return,osrm_road_network,northeast,driving,20e91450e1b9cf5bc05b3a32601c6965f6303139ab224d2b67a8db74992a7e86,success,,35.8276,53.098333333333336,False,2.0,416.2878999777604
"North Jersey, NJ",2026-06-03,904a54ad76677a4bbda5b92cd2402028411b5546c66dc1d2a29ed5cff12a2da5,DMS2,4,4,4,4,False,nearest_neighbor_best_start,last_service_stop_no_home_return,osrm_road_network,northeast,driving,679f0a12083a77e8a431396971f59615b1a79100ee0336048739118946a5089d,success,,135.7375,153.05166666666668,False,2.0,412.21369997947477
"North Jersey, NJ",2026-06-03,924290cdb14f3f49ecc4a265666bad39d1aac518d61169f64d50ec9e0347023b,DMS2,3,3,3,3,False,nearest_neighbor_best_start,last_service_stop_no_home_return,osrm_road_network,northeast,driving,b087375a3daf4d91469f93677943ce33fe83f4d2fcb7b827c1ac76af6e7c52bd,success,,47.258900000000004,58.82166666666667,False,2.0,406.9104999944102
"North Jersey, NJ",2026-06-03,9663f8c2b6cde0b7ad63d9c83082c9a154d267eaf5ec5af149a1aae5988d8a09,DMS,5,5,5,6,True,home_fixed_start,last_service_stop_no_home_return,osrm_road_network,northeast,driving,8dc10990032327be63b5644ecfe19f9b11c244044de499d94210a450b69c1c0a,success,,47.9875,55.42833333333333,False,2.0,418.07160002645105
"North Jersey, NJ",2026-06-03,97d3f9ae1f9ae05b80ce6c1c983ad3c2d1135397e2cd18d76bc265c02a217215,DMS,3,3,3,4,True,home_fixed_start,last_service_stop_no_home_return,osrm_road_network,northeast,driving,6833954eedab8392a7102f03bf334c2d7b6700f988091864e2f97ad746a12fe3,success,,49.344199999999994,54.751666666666665,False,2.0,402.38360001239926
"North Jersey, NJ",2026-06-03,a99e35f48bf7dfe6eacd3c9bec6ed42ea374716bfda3cba8bc18d9e41707da19,DMS2,1,1,1,1,False,nearest_neighbor_best_start,last_service_stop_no_home_return,osrm_road_network,northeast,driving,e49374ebc873e3460b7e4370907cc9e66d0ead3621005900cf94c276e30c2988,success,,0.0,0.0,False,0.0,0.0
"North Jersey, NJ",2026-06-03,ab7a9122e9cb169840c7d799054a0a171725d700e466bef4e6d8c3e5c796ad09,DMS2,1,1,1,1,False,nearest_neighbor_best_start,last_service_stop_no_home_return,osrm_road_network,northeast,driving,550693335291dca96b161efb50d564e194bb4072951f96e4cad435ac6df9673b,success,,0.0,0.0,False,0.0,0.0
"North Jersey, NJ",2026-06-03,ac7651e530cf5e4f02c63861b9cb08a944a78a389413eb0203538db1b24051e5,DMS2,1,1,1,1,False,nearest_neighbor_best_start,last_service_stop_no_home_return,osrm_road_network,northeast,driving,8bb2d6859a6ca28f0b776993178cbc35165cddb7441d92b700b72648d5872008,success,,0.0,0.0,False,0.0,0.0
"North Jersey, NJ",2026-06-03,b7fd8a70e56e7715f485a859fc4eb708f5a69990eea59ee732ef3697ec43ecb7,DMS,3,3,3,4,True,home_fixed_start,last_service_stop_no_home_return,osrm_road_network,northeast,driving,cdee50356cc802854bb6fceb76b875586be9f4ad07487357abc621558ab2c4bb,success,,8.9269,19.183333333333334,False,2.0,403.9430000120774
"North Jersey, NJ",2026-06-03,baa0358b24c5011075ae4f6f177702d032d104b27c07e1f099f5f8748ad4f5d6,DMS2,2,2,2,2,False,nearest_neighbor_best_start,last_service_stop_no_home_return,osrm_road_network,northeast,driving,3b5530cd4077d6544ec42eb1a419bf7767e4fdba93987a42d333ab6a36009215,success,,38.1053,37.52333333333333,False,2.0,410.0715999957174
"North Jersey, NJ",2026-06-03,baffe38215fcd03f32f64c9fe6a9abaf6a851eace9fcfbb5670a85fed884b610,DMS2,1,1,1,1,False,nearest_neighbor_best_start,last_service_stop_no_home_return,osrm_road_network,northeast,driving,845429104c94250222532c23b4369656fd4e81facf5c420a27e3ef0b777011cc,success,,0.0,0.0,False,0.0,0.0
"North Jersey, NJ",2026-06-03,d16a657efd6663cac491546445cd0c89d3f07ed7dc33308af974c3aa50f7aefd,ASC,5,5,5,5,False,nearest_neighbor_best_start,last_service_stop_no_home_return,osrm_road_network,northeast,driving,74e83d043c00f089a6e607f76c6b11d1181d28a01c756415d2384d6a6e30e757,success,,66.632,73.385,False,2.0,419.3556999962311
"North Jersey, NJ",2026-06-03,e57368494749c8f79e1d3679e6172564659d4b1afa321f57cfbd633c8a5b0334,DMS2,4,4,4,4,False,nearest_neighbor_best_start,last_service_stop_no_home_return,osrm_road_network,northeast,driving,1e7938b33095db795a048a21e5b8ee0499e9e3431aadb685081d1c2de453f78b,success,,27.7137,37.87,False,2.0,408.70309999445453
"North Jersey, NJ",2026-06-03,e930d130c2af4648354330e4042c6c0affbeb937dbf8c0a7071a25dd12a7a0ab,DMS2,13,13,13,13,False,nearest_neighbor_best_start,last_service_stop_no_home_return,osrm_road_network,northeast,driving,05e41f20f5d2d2d5f1e3e7c8d781b2e0ab8846e133d5ae574b5ac5b73fc53de2,success,,25.5293,50.21666666666667,False,2.0,463.6923000216484
"North Jersey, NJ",2026-06-03,eac5a588377487f454ee7334699ab86d2f8a864d6d6995e5c8bc9a8d59f04164,DMS,2,2,2,3,True,home_fixed_start,last_service_stop_no_home_return,osrm_road_network,northeast,driving,34ac60f4ff28319a789fca3015b498ac2502d44453b8ff62c19b9c3c0e0eb7df,success,,48.3715,49.355000000000004,False,2.0,400.02100000856444
"North Jersey, NJ",2026-06-03,ed545956379cd8acfb2437ab8c06d4ba117a47bb53984d1af7af954f73ad4440,DMS2,1,1,1,1,False,nearest_neighbor_best_start,last_service_stop_no_home_return,osrm_road_network,northeast,driving,53ca82692882d56cbf4d6675bdc353325a3edda7a576f932481c9d4f1da723f9,success,,0.0,0.0,False,0.0,0.0
"North Jersey, NJ",2026-06-03,f411fdbd49362b1ba641f636b571610f3c5bb4cfa48a73783e5fc793f3f88fa3,DMS2,3,3,3,3,False,nearest_neighbor_best_start,last_service_stop_no_home_return,osrm_road_network,northeast,driving,f633adccf53f0bbfbd64e9f9ccd2278860cb04abea21dab11f7957c6df2218df,success,,33.015699999999995,40.36,False,2.0,409.69339999719523
"North Jersey, NJ",2026-06-04,09d9870eff079273663f4aeb123636f7c92b33d84ef89eb8c7cb5707a163c09f,DMS2,3,3,3,3,False,nearest_neighbor_best_start,last_service_stop_no_home_return,osrm_road_network,northeast,driving,8e93c7e58069faf53551f879867d9d3fbf6cbdd2d8a118cf1bc6800a46c246fc,success,,23.0428,29.051666666666666,False,2.0,395.26379999006167
"North Jersey, NJ",2026-06-04,138d0f470a4a2c711e8e05336b2add4108d52aa00293f1e3d0b33fdb5239017d,DMS2,2,2,2,2,False,nearest_neighbor_best_start,last_service_stop_no_home_return,osrm_road_network,northeast,driving,dd40bfe5fe96e81a2eb23ef1f05d4306d65a1b4d453c6e81e425d1bd3c82c570,success,,24.5616,25.871666666666666,False,2.0,391.034900007071
"North Jersey, NJ",2026-06-04,191314f55fa1a94530a3a104f4d97f1195417599aa4ca425de81e568c4a83895,DMS2,5,5,5,5,False,nearest_neighbor_best_start,last_service_stop_no_home_return,osrm_road_network,northeast,driving,844600bff72f57044415171586624012eebc402f6dbe487c4d97e7caccd4d328,success,,22.2159,35.19166666666667,False,2.0,411.8435999844223
"North Jersey, NJ",2026-06-04,23b66044d359ff8677ae5754f482b6dcd56acae9ef0717c4493f5fa647e2e8a0,DMS,4,4,4,5,True,home_fixed_start,last_service_stop_no_home_return,osrm_road_network,northeast,driving,8f4d29913b26f958ee7a790841d4c07df536989db4aec1ca29f4d7827093997e,success,,52.070699999999995,57.65333333333333,False,2.0,415.8770999638364
"North Jersey, NJ",2026-06-04,2900a73f325e38eafd8f74c7d5fb030373d99954d8b83813bfe315820b5479b7,DMS2,5,5,5,5,False,nearest_neighbor_best_start,last_service_stop_no_home_return,osrm_road_network,northeast,driving,a35b87cd43c4a3913c7c5acfe42cab98f95a35f2e02b97ad134729c99b32cbf9,success,,38.471,50.98833333333334,False,2.0,416.38419998344034
"North Jersey, NJ",2026-06-04,2aa5a5a91c538bb535735be8678d25c6cffa72070dbe9fbc35a697d42f63a78d,DMS,3,3,3,4,True,home_fixed_start,last_service_stop_no_home_return,osrm_road_network,northeast,driving,617a01b2793c7cdb141ce78c6762fbd1d1b1bf3665b706584558b6824c815de3,success,,30.6132,40.83166666666667,False,2.0,416.4098000037484
"North Jersey, NJ",2026-06-04,3a620871292cc3dde30e907ce419ca86ea20a64b931526993354c9d66b121a86,DMS2,3,3,3,3,False,nearest_neighbor_best_start,last_service_stop_no_home_return,osrm_road_network,northeast,driving,6ecd18d7d11513e41d7ba29ebb7e2c664e5de669452783a114b1ee79af93d92d,success,,56.6981,58.34666666666667,False,2.0,421.32359999231994
"North Jersey, NJ",2026-06-04,3ecaa11e90f7f7408dea79c416a015253d1c90ede0e816a193e5f6ebcd6dab60,DMS2,6,6,6,6,False,nearest_neighbor_best_start,last_service_stop_no_home_return,osrm_road_network,northeast,driving,8a909ce52f6125c7bade99130b2e830bb73ff6e7a37bf2d0a7d34d89a6859451,success,,63.216800000000006,72.60833333333333,False,2.0,415.25350001757033
"North Jersey, NJ",2026-06-04,40fe7d9d42f8b6a4e01e4b4e94e6bc4a8ad9993a316d998fa969b35662473a3e,DMS2,6,6,6,6,False,nearest_neighbor_best_start,last_service_stop_no_home_return,osrm_road_network,northeast,driving,8172a0009d4bc89eb84c95dd8e3c6ba4b8334d2a691c84eceb88a24edfb6bae7,success,,89.4508,103.41000000000001,False,2.0,428.68559996713884
"North Jersey, NJ",2026-06-04,5027bc5f4b842808303d3cb6e6b0cd1a0ffb6ac5e40ab16ef86bf47c1d2e0e17,DMS2,1,1,1,1,False,nearest_neighbor_best_start,last_service_stop_no_home_return,osrm_road_network,northeast,driving,7e11e967974164aa23a0930c9ebbcf9f6c5497486d705d456fe1062c324d2642,success,,0.0,0.0,False,0.0,0.0
"North Jersey, NJ",2026-06-04,50b51f607db848fa50ee8ebf527d79d0460b0ba39430bb7d31eaab60dadfa0f6,ASC,6,6,6,6,False,nearest_neighbor_best_start,last_service_stop_no_home_return,osrm_road_network,northeast,driving,7fb27765772112fde751177571cd6cb5e9145088e05fa465e16027879905cb19,success,,121.7114,140.485,False,2.0,432.2921000421047
"North Jersey, NJ",2026-06-04,5355acdd1a2e93c8e0ec8d93b0408855473ab693fed7c0acc28363c43ae2bd15,DMS2,1,1,1,1,False,nearest_neighbor_best_start,last_service_stop_no_home_return,osrm_road_network,northeast,driving,3d184c8efa4663867d8ca5379d0922ca4da8c16fd7626e2c801a6034e6a3e692,success,,0.0,0.0,False,0.0,0.0
"North Jersey, NJ",2026-06-04,5dd73e9ad5d1feaa2f951fb6793c2600b54c657c1b1bbdb073349f980bc091ff,DMS,3,3,3,4,True,home_fixed_start,last_service_stop_no_home_return,osrm_road_network,northeast,driving,53f7bdfe2a63e6ddf31feb34e85a87110040dee9b2c87cf25ccc00703a661e51,success,,34.8288,38.72833333333333,False,2.0,404.34349997667596
"North Jersey, NJ",2026-06-04,5e1da6a8d013c65018a9e5ffbe75accb173c4fece14df731fbab05e243868de5,DMS2,3,3,3,3,False,nearest_neighbor_best_start,last_service_stop_no_home_return,osrm_road_network,northeast,driving,9855b7eeda61e84ec6f2edd6282ad84b3950081082b27021aead2bb5ed293ee5,success,,33.050599999999996,40.56166666666666,False,2.0,396.1630999983754
"North Jersey, NJ",2026-06-04,5f48169d50dc239233f37eda1bb5cdcac10a54f73971c7ed2a551c7cb036d37c,DMS2,1,1,1,1,False,nearest_neighbor_best_start,last_service_stop_no_home_return,osrm_road_network,northeast,driving,85802ee970c5fd194d946904414637965cc178affd96c861515ec7677f6266b3,success,,0.0,0.0,False,0.0,0.0
"North Jersey, NJ",2026-06-04,63c5ad25ebe956deeeb54d1065c637d7812fb48f10b783189880310b27bde995,DMS2,5,5,5,5,False,nearest_neighbor_best_start,last_service_stop_no_home_return,osrm_road_network,northeast,driving,7b73e81bab14d2e6884560b50f9b2f6cbb0a5e85052b4d103e20988e8a50883e,success,,30.5995,42.70666666666667,False,2.0,405.2365999959875
"North Jersey, NJ",2026-06-04,6cd9eafb589d0cb43453d0561c272f5ae3d629d2c678525c996a3254d28d11a3,DMS2,1,1,1,1,False,nearest_neighbor_best_start,last_service_stop_no_home_return,osrm_road_network,northeast,driving,a8640b4b31f5daf3a29f745a32d72df926558b8183cafcb6a2c8d1fb75554291,success,,0.0,0.0,False,0.0,0.0
"North Jersey, NJ",2026-06-04,764385ba3fcccf1281db1ee484d26c958308a51cd308e114bd199c0d371e95b7,DMS2,2,2,2,2,False,nearest_neighbor_best_start,last_service_stop_no_home_return,osrm_road_network,northeast,driving,54ad83e9f0b3f5b68fc15fb1dbb91ab3ba493a54b7f724a426180bf171c18555,success,,4.2677,5.586666666666667,False,2.0,397.75299999746494
"North Jersey, NJ",2026-06-04,776d062fb75fcc5c102f0e33666baa82dcb6bb189b5e78f96fbcd38fce1ede94,DMS2,3,3,3,3,False,nearest_neighbor_best_start,last_service_stop_no_home_return,osrm_road_network,northeast,driving,5184ca13bf7aa46c58e3a79323e123be72e29a4c29715a8ff8b0b801ec4c1925,success,,12.1432,22.005,False,2.0,407.88730001077056
"North Jersey, NJ",2026-06-04,952f22819db5ffbb42132099a3d165044d77bf4698f7adcb963c91e640f9734a,DMS2,1,1,1,1,False,nearest_neighbor_best_start,last_service_stop_no_home_return,osrm_road_network,northeast,driving,55055ab8a6cec58e24dd601f81bde81c8619188a5219db56c213e241e555008f,success,,0.0,0.0,False,0.0,0.0
"North Jersey, NJ",2026-06-04,97c61637c049885775d795a01c9f4668b326e429449a0452222d12df84721372,DMS,5,5,5,6,True,home_fixed_start,last_service_stop_no_home_return,osrm_road_network,northeast,driving,3a20261f53547f88e07b0c938c3f2230c4b8a78fc296cfc281918acef4ea1400,success,,67.6581,73.26,False,2.0,418.0913999734912
"North Jersey, NJ",2026-06-04,9bc29bd319b8ff733685b8c6b5e61127e05c9d963a6f3d3590fe882b1f3452b1,DMS,4,4,4,5,True,home_fixed_start,last_service_stop_no_home_return,osrm_road_network,northeast,driving,28dd7d9d5b9fd14d9937b58d312c6d9135e93e1ad3efbb77157d754a79cdb884,success,,56.4237,67.06666666666666,False,2.0,413.12030001427047
"North Jersey, NJ",2026-06-04,a78fd2612a38d4f9cd3b558af80bd13b3fb1283f8d4c5f9c559047b623933c5f,DMS,7,7,6,7,True,home_fixed_start,last_service_stop_no_home_return,osrm_road_network,northeast,driving,5497f593a27859ed3a6f884066cd9bb5b3c109840e0831ad18a56619b16d43de,success,,73.67439999999999,86.59333333333333,False,2.0,431.1159999924712
"North Jersey, NJ",2026-06-04,adb7bd3f30bd1b7cbc72323f4c2172d00998f63cdbdd5eee7b03649aa81808cd,DMS2,4,4,4,4,False,nearest_neighbor_best_start,last_service_stop_no_home_return,osrm_road_network,northeast,driving,8b3c8330778d5377dea9ad2ece0a07305bdd02743a321b56baf1af8fedb1b0d7,success,,18.7114,29.615000000000002,False,2.0,422.4167999927886
"North Jersey, NJ",2026-06-04,b1283e8dcc3252992afefcb22a801ca2a59ad369101276665a446d8558c752a5,DMS,3,3,3,4,True,home_fixed_start,last_service_stop_no_home_return,osrm_road_network,northeast,driving,325221e922e56ad3591be4c27f2a46e50c416f059869326ae6d46e32b4e269d6,success,,9.5059,17.21333333333333,False,2.0,411.35809998377226
"North Jersey, NJ",2026-06-04,b30de7346ac253e9db5968ef8d176659b5ea2830c54fab9f53d8b09b0e51f175,DMS2,11,11,11,11,False,nearest_neighbor_best_start,last_service_stop_no_home_return,osrm_road_network,northeast,driving,ce4c2ac075c56d648b2d18c9dd15678135ddf9a453a298068a607fa804f4c973,success,,75.9297,113.885,False,2.0,443.77780001377687
"North Jersey, NJ",2026-06-04,b4f1c9e5411ec60d83df992239be6903989e7432ee57530cf616b1e40c8039b7,DMS2,1,1,1,1,False,nearest_neighbor_best_start,last_service_stop_no_home_return,osrm_road_network,northeast,driving,13b539c7fae597f6df14ba79baab03903d9ce00ead895cc734fafd1fc4671679,success,,0.0,0.0,False,0.0,0.0
"North Jersey, NJ",2026-06-04,c8d081941fa314c2a3ed79a6a0bc321bc14b1f38cd3c5bf9e430e9131a538ba3,DMS2,5,5,5,5,False,nearest_neighbor_best_start,last_service_stop_no_home_return,osrm_road_network,northeast,driving,c40bc47ec9aff2134e6e7c4af83e342aee4eb0ba6aab963f7f74daca24f76ba1,success,,32.425,41.82833333333333,False,2.0,429.7161999857053
"North Jersey, NJ",2026-06-04,cc4ecc9d05381f984b255cfc4dc8031abe2d0c2445dc0c72bec1506b4b7085f1,DMS2,1,1,1,1,False,nearest_neighbor_best_start,last_service_stop_no_home_return,osrm_road_network,northeast,driving,2e1773dceaa64997872b117afcc8d18b7b1312d70deb67fb46ce07a057a66ebb,success,,0.0,0.0,False,0.0,0.0
"North Jersey, NJ",2026-06-04,d1cc816f554e424a8cd03d61160ef81c42046a130a0e27fbd5235a777b2d8c54,ASC,2,2,2,2,False,nearest_neighbor_best_start,last_service_stop_no_home_return,osrm_road_network,northeast,driving,29fad9e7774a9d607b99feb92cdd2fd24aa7981b6c1e898bf8edfd56a212d186,success,,119.2679,112.15666666666667,False,2.0,402.18959999037907
"North Jersey, NJ",2026-06-04,d637ac5d6e39418c6dadde55c9908958021648fb8add4c32a0c422f79966eda9,DMS2,4,4,4,4,False,nearest_neighbor_best_start,last_service_stop_no_home_return,osrm_road_network,northeast,driving,e3ffb70d00a553896393a421a0a8917690a5ad2fa186e58cd854d521004b05a2,success,,43.3151,54.068333333333335,False,2.0,405.21120000630617
"North Jersey, NJ",2026-06-04,ea990191e1d4873a012d88bfae5b5a343f2379ed6d8a5a42eff85a57123ed16b,DMS,5,5,5,6,True,home_fixed_start,last_service_stop_no_home_return,osrm_road_network,northeast,driving,d9fd982c020733fbd3f00b538c29679059368e652337b4996765b8044ddc3152,success,,36.8362,59.46666666666667,False,2.0,415.81399997812696
"North Jersey, NJ",2026-06-04,eb0c772deff028999ebc4da7d655f8e585eef3fd6fd8eb0e02737d7cdec8d453,DMS2,4,4,4,4,False,nearest_neighbor_best_start,last_service_stop_no_home_return,osrm_road_network,northeast,driving,576ef714681f64abb7b73bba697b898021b7801801b34a5bf467f5a6bdf25d0e,success,,18.962799999999998,27.256666666666668,False,2.0,408.0462999991141
"North Jersey, NJ",2026-06-04,f028c20cc873d0347c6971a66bace36b53ea0645a7f2bcfc0d1ea1e2f40a551b,DMS2,1,1,1,1,False,nearest_neighbor_best_start,last_service_stop_no_home_return,osrm_road_network,northeast,driving,53cadc9816a7bfebf5a53f637887b90f6069504baae7873a196edc67e29272d8,success,,0.0,0.0,False,0.0,0.0
"North Jersey, NJ",2026-06-04,f4d24c89b39f4a044d698ac3b830876f2a1997e21294e29eaffe809d687bd6a4,DMS,4,4,4,5,True,home_fixed_start,last_service_stop_no_home_return,osrm_road_network,northeast,driving,46ac3cd1f79afd254e6d48b05e7c9aecab9bc4ae1d5cb0266915337207694bb2,success,,22.1445,40.43833333333334,False,2.0,410.29110000818036
"North Jersey, NJ",2026-06-05,052d68066731a6bb6d4081923bbaa1a31087ac49c3271a738fd9886002c8a476,DMS2,1,1,1,1,False,nearest_neighbor_best_start,last_service_stop_no_home_return,osrm_road_network,northeast,driving,519a799e1d93412043083a96896b80454c5698565196892be100fcfac8f47433,success,,0.0,0.0,False,0.0,0.0
"North Jersey, NJ",2026-06-05,0ad34d7a71bcddf262b01bce50b604df707acc3948689447929e963b5d454e82,DMS,2,2,2,3,True,home_fixed_start,last_service_stop_no_home_return,osrm_road_network,northeast,driving,8075e26d0aaaa7535f40b86a00cf64e1b36ebedb004bea1d444f37b946b0809e,success,,9.456299999999999,12.471666666666666,False,2.0,405.7201000105124
"North Jersey, NJ",2026-06-05,0b84168e2db0b434bc472ec4e6f8d893dcdc8c1074f04cb3b10df7c12dc25231,ASC,11,11,11,11,False,nearest_neighbor_best_start,last_service_stop_no_home_return,osrm_road_network,northeast,driving,5b6e617035dc7b25646321c5c21025dd260c0ed713f1374f9cb85a87f3ccfb55,success,,144.5224,173.18833333333333,False,2.0,471.11169999698177
"North Jersey, NJ",2026-06-05,0bf16600ce6d825e6fd2a14b7fc4c2f8a741666462e5d8105e4f326e54d3c264,DMS2,1,1,1,1,False,nearest_neighbor_best_start,last_service_stop_no_home_return,osrm_road_network,northeast,driving,bccc5c079368080b49d1b478c0f7f414e0f14c4947c4e1d4cb7f9ebbc74d1d6d,success,,0.0,0.0,False,0.0,0.0
"North Jersey, NJ",2026-06-05,0da36ad311ecaca822f8f8f1e1a1439e12c26ff6ca0ddf0e42e4a15cf5416d25,DMS2,2,2,2,2,False,nearest_neighbor_best_start,last_service_stop_no_home_return,osrm_road_network,northeast,driving,d9059901107f4606a99c87af8ed6f784485620d2d03d5ee9f2a3b5fcd147d825,success,,11.393799999999999,16.258333333333333,False,2.0,391.3827999786008
"North Jersey, NJ",2026-06-05,0de9c0ef1234ccf85692731ad1298cc52c839f021c1cdf915ffd376b5c3900af,DMS2,6,6,6,6,False,nearest_neighbor_best_start,last_service_stop_no_home_return,osrm_road_network,northeast,driving,b25a26dcf1248be103f82490c98f31f6f761610116cea9bc20e36dbf83956bcd,success,,147.3812,167.73,False,2.0,424.05900001176633
"North Jersey, NJ",2026-06-05,14b1fbf3aebf1e541bc0b2409f8f7074213c2fab6faee461cab34873a0afd5f9,DMS2,4,4,4,4,False,nearest_neighbor_best_start,last_service_stop_no_home_return,osrm_road_network,northeast,driving,7b1662fd967051c1e4bfe145cc547b5753b22a4f4c94f0304057ff6f4d430e33,success,,32.8523,48.89666666666667,False,2.0,417.5573000393342
"North Jersey, NJ",2026-06-05,1852ad7dfbd13968260840e0e236aaf0a35c930fd317ea2c9ddca01df13fa357,DMS2,2,2,2,2,False,nearest_neighbor_best_start,last_service_stop_no_home_return,osrm_road_network,northeast,driving,daefccb84764819aa6b7f616d844963d8cbbffd6c8d6f497142d3e23e5cae09d,success,,27.1444,26.34333333333333,False,2.0,397.8262000018731
"North Jersey, NJ",2026-06-05,1d6a5df235e10a1b5413d19cddda3590aa3176c26c0f6795eb688ac79929ba3b,DMS2,3,3,3,3,False,nearest_neighbor_best_start,last_service_stop_no_home_return,osrm_road_network,northeast,driving,dc1e05b2559e3e4504621c4a0f4c544a11ec14bdf9bcdb5274663c867aec6110,success,,24.178099999999997,28.33,False,2.0,408.2889999554027
"North Jersey, NJ",2026-06-05,2c0cc8d3238e8a8d8c5e5e4a92b2b0c7ae28cfb301f7f1a4a76974f0888077a3,DMS2,6,6,6,6,False,nearest_neighbor_best_start,last_service_stop_no_home_return,osrm_road_network,northeast,driving,79ad8b4101c06cf0c5e308062775bca7143af4e16f5d8cb4ccb780b531b3f6c1,success,,50.6366,59.765,False,2.0,418.99049998028204
"North Jersey, NJ",2026-06-05,3278c1f0e33f53d7cc2a243e7db32b0b462c4bdba1e71266c88a30c21ba8d22e,DMS2,1,1,1,1,False,nearest_neighbor_best_start,last_service_stop_no_home_return,osrm_road_network,northeast,driving,cb2f92157aa9a743c2b543ad6f75031fcfe8bb1473fe9686d4a7f0ed79b359a5,success,,0.0,0.0,False,0.0,0.0
"North Jersey, NJ",2026-06-05,3f6417f957d5089924c5ba5cadfa4cc57792afbf48aaa281602ee15a004a2a5c,DMS2,1,1,1,1,False,nearest_neighbor_best_start,last_service_stop_no_home_return,osrm_road_network,northeast,driving,216869d39f181cfb268da0e67de10c027d749cdcab77941939a36b9849c01ddb,success,,0.0,0.0,False,0.0,0.0
"North Jersey, NJ",2026-06-05,4d2b137e75fefd46602438b07d94225b42a1a613df695da46e46e95a218c98d5,DMS,6,6,6,7,True,home_fixed_start,last_service_stop_no_home_return,osrm_road_network,northeast,driving,dd5d19afc60da3bccb53d8bd6d11fbf1ae623c27736b57bec80ed74d6b4a8962,success,,76.4465,103.5,False,2.0,441.29019998945296
"North Jersey, NJ",2026-06-05,4e07f3719f5e6e7491722aa7288ebf9198be01c36b009e14c921a32b5ac90779,DMS,4,4,4,5,True,home_fixed_start,last_service_stop_no_home_return,osrm_road_network,northeast,driving,5c5e30412afec244adc98549bb35bf92a57c8e96eb8e3353dbb400bfb1a27675,success,,26.0201,44.88166666666667,False,2.0,416.3200000184588
"North Jersey, NJ",2026-06-05,51d30c92b56b4a975b1e8213ae4a340869c394e8941c99233ff2c5fc67a1836e,DMS,5,5,5,6,True,home_fixed_start,last_service_stop_no_home_return,osrm_road_network,northeast,driving,374f8a14ede286a732fa371cbe057ad807d878d972ac870606e5b2114119375f,success,,102.5135,113.34166666666667,False,2.0,420.68869998911396
"North Jersey, NJ",2026-06-05,53df01d5adefdaced53e953fd3021070ffb26fef0e73ee1b3cfa4016a00126e3,DMS2,1,1,1,1,False,nearest_neighbor_best_start,last_service_stop_no_home_return,osrm_road_network,northeast,driving,b1d10939f9e46c862fcb2c586ab34b4993a026ce461a9cc28d257582033a4813,success,,0.0,0.0,False,0.0,0.0
"North Jersey, NJ",2026-06-05,55db3e7aec79392328e5e4cef7e14f8ddac5f4aa56fae7779da1105ebe6f4a92,DMS,2,2,2,3,True,home_fixed_start,last_service_stop_no_home_return,osrm_road_network,northeast,driving,ad9887851f06981157daa895103c0f6efc07a30bb3f989ed1394346651b1b7cb,success,,22.9825,34.43333333333333,False,2.0,397.56019998458214
"North Jersey, NJ",2026-06-05,5e9b1c3c6faf0505a1d8896b7fde4ce7c22de8c41394081be933b2163fbf79f7,DMS2,14,14,14,14,False,nearest_neighbor_best_start,last_service_stop_no_home_return,osrm_road_network,northeast,driving,c3412cb4329899144cfa58cfbbd6153c00c819d55c7473c0613bb8b1a41619f4,success,,58.959,106.46333333333334,False,2.0,455.5294000019785
"North Jersey, NJ",2026-06-05,6413fa0435b89675ff1fe94cfcc457b2654f420b4a648dca8ff599b57498a6f8,DMS2,1,1,1,1,False,nearest_neighbor_best_start,last_service_stop_no_home_return,osrm_road_network,northeast,driving,a338a20bae5d8790227fcf3d1c03b1e6b664ddfbdca4d0b9d8a7b0d96e830846,success,,0.0,0.0,False,0.0,0.0
"North Jersey, NJ",2026-06-05,66ab0ccaca8e3ebfe428a0e344475a07e4a420ee783b344f079efca24fa85db4,DMS2,9,9,9,9,False,nearest_neighbor_best_start,last_service_stop_no_home_return,osrm_road_network,northeast,driving,7617540a2df0409f4c3fe4cd07f9e00652f0b0aaaa279f622b49a1750abc0988,success,,28.6304,56.025,False,2.0,450.6984000036027
"North Jersey, NJ",2026-06-05,6e707986372e149f07a62738953c6f1d8f13a38c0c8b91756b31443840d29acb,DMS2,2,2,2,2,False,nearest_neighbor_best_start,last_service_stop_no_home_return,osrm_road_network,northeast,driving,07df2dcf172d1fa04eed4b3f561f1988e2cdcb30df51806526f5e58ad35b1a71,success,,22.758,28.105,False,2.0,408.335200016154
"North Jersey, NJ",2026-06-05,70cccfb515dba0621901a94731d55bcd41f902a6c629c78496138375094e8246,DMS,5,5,5,6,True,home_fixed_start,last_service_stop_no_home_return,osrm_road_network,northeast,driving,9189314516f948db9d5f2c64d9aa5f9dcb3fb1a2b9a262c894e3218f88e54fdd,success,,61.7082,75.72,False,2.0,414.3552000168711
"North Jersey, NJ",2026-06-05,783bb997d2ef3118dc0d22eaf319161d0d137f477ce92c143808142a039d3ec0,DMS2,3,3,3,3,False,nearest_neighbor_best_start,last_service_stop_no_home_return,osrm_road_network,northeast,driving,730707e16aa67fb80c3ab8323db41db286d2124453d5d585c2753e5cc1f09634,success,,15.8546,22.39,False,2.0,407.99420000985265
"North Jersey, NJ",2026-06-05,7e8767181c64484ef1ecf398cf35b9d460b37e4d601e86e59945efc57584ae5d,DMS2,5,5,5,5,False,nearest_neighbor_best_start,last_service_stop_no_home_return,osrm_road_network,northeast,driving,c04234802285b2dca3668abb2cccfe2ddb35c2ccc45741f4eb2c8693ea6d793b,success,,78.48,82.275,False,2.0,442.39979996928014
"North Jersey, NJ",2026-06-05,7f23812e31dc1728bef82c1167fef7bf1497004b42c51b8d486efab2352a6bdc,DMS2,4,4,4,4,False,nearest_neighbor_best_start,last_service_stop_no_home_return,osrm_road_network,northeast,driving,75fe383cade10fc82de7551e33f5c9ebd8770881d0b2ddbe9977fcf805422f3b,success,,81.9466,86.35,False,2.0,413.8807999843266
"North Jersey, NJ",2026-06-05,82351ca65dcd27855b81e4f51a652ab138b78f4083d77d0711399ac7baf9d9a8,DMS2,2,2,2,2,False,nearest_neighbor_best_start,last_service_stop_no_home_return,osrm_road_network,northeast,driving,397b4f3d8f7582b2d11bccf95e287bd43c89c0c15181e15cdd2c46accc7167a0,success,,12.703,16.068333333333335,False,2.0,401.40400000382215
"North Jersey, NJ",2026-06-05,83d6884877cac4040f278084ddaaefa8172625e11ca9a54b516ed5ddebe7849f,ASC,5,5,5,5,False,nearest_neighbor_best_start,last_service_stop_no_home_return,osrm_road_network,northeast,driving,186b3bbffd96347d250adee0062db5ca095521f93fd0fa636d174f50ab31158e,success,,72.0312,83.615,False,2.0,414.7404999821447
"North Jersey, NJ",2026-06-05,9ff400552c2622f8cb46d675bebab27cd78ee8ea147ae21533b9f61db733408f,DMS,6,6,6,7,True,home_fixed_start,last_service_stop_no_home_return,osrm_road_network,northeast,driving,8ea6d2163859dd9f904ac399b21e7659bdee185f32861ad5bde5268b5f4d6b54,success,,50.470099999999995,57.580000000000005,False,2.0,431.7272000189405
"North Jersey, NJ",2026-06-05,af356493f2fef6a694f6421de269995e3fdeb46bb979621e0421c28136337928,DMS2,1,1,1,1,False,nearest_neighbor_best_start,last_service_stop_no_home_return,osrm_road_network,northeast,driving,80e65f127ea3321940a1f135178167b257f3812231342679d71beda7d4c5fd8c,success,,0.0,0.0,False,0.0,0.0
"North Jersey, NJ",2026-06-05,b259a966e6d22a682bb46b613ea21b7f9b54f5fafdf697d897b6c30e56f15f19,DMS,6,6,6,7,True,home_fixed_start,last_service_stop_no_home_return,osrm_road_network,northeast,driving,e160d3fcdfb87dca7f34ce8282b368cff51a5eb76fc5916eae35841512856bf6,success,,20.5203,37.41,False,2.0,421.27950000576675
"North Jersey, NJ",2026-06-05,b6035c135db70204fa20e4e32ebf086637ba441d0009611a5a7eccbfb464131f,DMS2,5,5,5,5,False,nearest_neighbor_best_start,last_service_stop_no_home_return,osrm_road_network,northeast,driving,b1f9d36218daa5f826fa4f4b1a6d89724c10bb56c2a4fc8657cad4263d5b701f,success,,53.4762,70.79333333333334,False,2.0,415.6982999993488
"North Jersey, NJ",2026-06-05,bc49804bcd3ddda3612344b925f7316699fdd16fc899c26bf877d318171d7f3a,DMS2,2,2,2,2,False,nearest_neighbor_best_start,last_service_stop_no_home_return,osrm_road_network,northeast,driving,37438d8e8eb731e96fbcc7c8e61fc022f50529fd48c98a5252914925473cd9d1,success,,2.2919,4.451666666666667,False,2.0,396.01690002018586
"North Jersey, NJ",2026-06-05,bf9be31c580fe4057f9e041c00f8e2b19737361c364df96323b50092ad2ca20e,DMS,3,3,3,4,True,home_fixed_start,last_service_stop_no_home_return,osrm_road_network,northeast,driving,ca287701c094d168fc7bc515d407463978640d68418fdb5a2394c21d7401755e,success,,44.3455,56.36833333333333,False,2.0,417.0526000089012
"North Jersey, NJ",2026-06-05,e45f2189cb9992d21818b8e75e68a67f5a07d66ff7dd6497529f22506f039dca,DMS2,2,2,2,2,False,nearest_neighbor_best_start,last_service_stop_no_home_return,osrm_road_network,northeast,driving,ef85de33c70ee52ab2617043aaa7b7278087a1a68421372453f5df2dcdbc6731,success,,2.395,5.180000000000001,False,2.0,392.3727000365034
"North Jersey, NJ",2026-06-05,e58a8048ed7db5d6a25b36c31ca68e96b2b208df0aee8f590c0407f6d92df07a,DMS2,1,1,1,1,False,nearest_neighbor_best_start,last_service_stop_no_home_return,osrm_road_network,northeast,driving,ccb678cc1b0a0a4c98cb023117cce6a375ed70834e4c3e0d3d8d7630c3a99dad,success,,0.0,0.0,False,0.0,0.0
"North Jersey, NJ",2026-06-05,ed28d5d972ff991a3f14b9cfe074558a3816e4f557e62020c4dd2b67a3f5e9c4,DMS2,1,1,1,1,False,nearest_neighbor_best_start,last_service_stop_no_home_return,osrm_road_network,northeast,driving,d1fd96738aa01f4e0c4701f8f0e77727afae7baacd2740a31503419f76307c96,success,,0.0,0.0,False,0.0,0.0
"North Jersey, NJ",2026-06-05,f214f65c3155f1b8e7633a009c31c04d1928d22c7a19b2bbffbe84d814d7bb5d,DMS2,1,1,1,1,False,nearest_neighbor_best_start,last_service_stop_no_home_return,osrm_road_network,northeast,driving,7ac184652d906f9dd65494942fbdf28dc72cb13114c23af47f8776e386d1269f,success,,0.0,0.0,False,0.0,0.0
"North Jersey, NJ",2026-06-06,1cad136f47fcaf66e56702c49f0dbad4854c682ab2ba7daecad0811479cdc411,DMS,2,2,2,3,True,home_fixed_start,last_service_stop_no_home_return,osrm_road_network,northeast,driving,348b1c0b4f6025050584c6cb3132e16f58f683c55989220293145c59e47a4331,success,,20.8977,35.62166666666667,False,2.0,403.1235000002198
"North Jersey, NJ",2026-06-06,3d868a99e106f650c030713fab7dc5962cfe249c11836940b5743ea0388a7e73,ASC,2,2,2,2,False,nearest_neighbor_best_start,last_service_stop_no_home_return,osrm_road_network,northeast,driving,d4fe77832e84cb20f64f05039caffd1902fb761d8158c365e28aab8427cae7b8,success,,23.447,24.206666666666667,False,2.0,394.4894000305794
"North Jersey, NJ",2026-06-06,bca573779648539a5bd821dc56bff3c67846de4dac96348709d7a489cf296848,DMS,4,4,4,5,True,home_fixed_start,last_service_stop_no_home_return,osrm_road_network,northeast,driving,c034d0e64e97c5bb1d2b3deded2b4ebf60e8223bde2e40b46b3781b210c490e9,success,,50.525,60.544999999999995,False,2.0,434.56689998856746
"North Jersey, NJ",2026-06-06,d8d51121b6e20a32150e5d9f40388f0934bdbcb027047e8f6360965695c34ab2,DMS2,1,1,1,1,False,nearest_neighbor_best_start,last_service_stop_no_home_return,osrm_road_network,northeast,driving,d72edbab3f77adeea988ea7d451a3eacd7cbffa79c74ac97e4b99f3b93cd554b,success,,0.0,0.0,False,0.0,0.0
"North Jersey, NJ",2026-06-08,0fa1efb283a12807b7b2296ba2a91d320f2619c88f8f3e0afe3fcea6ba59c837,DMS,3,3,3,4,True,home_fixed_start,last_service_stop_no_home_return,osrm_road_network,northeast,driving,8a0ace6e8f5179437c04dcd1f9287507c5bc187201ca6aeba08870d920e2f6ce,success,,25.4185,33.08166666666667,False,2.0,407.603100000415
"North Jersey, NJ",2026-06-08,11c273dbc106134c5c018d820e0cf8a3b112d2245d8e8dd8ebe7ac3aeb4ff6b5,DMS2,1,1,1,1,False,nearest_neighbor_best_start,last_service_stop_no_home_return,osrm_road_network,northeast,driving,7f4c3b7efaeb17d22df398b77e902fe98bedf3e45445bf2c7ffe51a9810a9802,success,,0.0,0.0,False,0.0,0.0
"North Jersey, NJ",2026-06-08,126e45939beae0ba4a7d3cf7d93ff7864c20f0725394ab311130aed5f9ab7e44,DMS,4,4,4,5,True,home_fixed_start,last_service_stop_no_home_return,osrm_road_network,northeast,driving,e4f9f7b73fa124b7773e10d8d234be2c2a5a75cfcf2ad3cb4bab0d7e91516377,success,,31.0135,51.59,False,2.0,413.47529998165555
"North Jersey, NJ",2026-06-08,247ce6b70a49ba8371d81339ed49ce22b89699314fd047d6611b31183c3724f0,DMS2,1,1,1,1,False,nearest_neighbor_best_start,last_service_stop_no_home_return,osrm_road_network,northeast,driving,269dd3778d572f8d6e633ae5ebcf557b51780002533b3280afb0b025cbf097ab,success,,0.0,0.0,False,0.0,0.0
"North Jersey, NJ",2026-06-08,28a595bed72e3c77bfcc2767b29268e3d89805ce060c72d94140283fe1b9b017,DMS2,8,8,8,8,False,nearest_neighbor_best_start,last_service_stop_no_home_return,osrm_road_network,northeast,driving,a4f79626b77d2f5224065441a8e7c960681d8f359e15fc2fd502fdd269d1f224,success,,74.75789999999999,81.73,False,2.0,439.3061999871861
"North Jersey, NJ",2026-06-08,29b097dfd5b3c5ab3cf23b91f680558d334793006872ecfc891db32aa62458d8,DMS2,7,7,7,7,False,nearest_neighbor_best_start,last_service_stop_no_home_return,osrm_road_network,northeast,driving,de015b343b4c3343e70add9bc608f27084ea27f2432f917eb3004b6c25d17c23,success,,46.8954,68.775,False,2.0,420.7763999875169
"North Jersey, NJ",2026-06-08,2b087a4d413e9e733c7764396c48a0b120bc957f5700a6ce88a96dbccdb1b4a9,DMS2,1,1,1,1,False,nearest_neighbor_best_start,last_service_stop_no_home_return,osrm_road_network,northeast,driving,2b378d1379ba98fcfce51023b343611728385ff023c585ef7258aa81d16fea56,success,,0.0,0.0,False,0.0,0.0
"North Jersey, NJ",2026-06-08,30540f8267d35a26bd3044224b9d9c1a133a24da10125372fd5dcaaed84af696,DMS2,2,2,2,2,False,nearest_neighbor_best_start,last_service_stop_no_home_return,osrm_road_network,northeast,driving,35a3516bcff3ab63c89e84731702356147b6a0c1f8511a326bb984155a3efad1,success,,6.1081,7.47,False,2.0,397.9568000067957
"North Jersey, NJ",2026-06-08,4107c260f33454588fd9e2753cb1d2116beae1cfdf453c3c3a9b12e0d4263df6,DMS2,1,1,1,1,False,nearest_neighbor_best_start,last_service_stop_no_home_return,osrm_road_network,northeast,driving,6d2edea599349cbb6b0be628474eabef506316427a02a95fa4f5aadbfde05e40,success,,0.0,0.0,False,0.0,0.0
"North Jersey, NJ",2026-06-08,49560632dbc9402cb2736e5d15d478b453d863573173d5797eb98ffc59133851,DMS2,4,4,4,4,False,nearest_neighbor_best_start,last_service_stop_no_home_return,osrm_road_network,northeast,driving,20338c6e324fc7230d00f85fb489356b9defa4d6a1c88e885caac31c70db1d47,success,,21.103900000000003,26.158333333333335,False,2.0,404.68710000277497
"North Jersey, NJ",2026-06-08,5d084d3b11a8b3239cdc7f948c45d7e995e8c99164ac1ff4cb8dace17f0bf807,DMS2,4,4,4,4,False,nearest_neighbor_best_start,last_service_stop_no_home_return,osrm_road_network,northeast,driving,b5270aa6531e575e4ba17910b9f103ba1e5f0588e79a3eabc5a6215a7be4af2f,success,,15.4357,21.15,False,2.0,406.3400999875739
"North Jersey, NJ",2026-06-08,5f0c8706b04f7bc6350314a9ff221b361af41cdd6d4effcf5d5f04754f60bc9b,DMS2,8,8,8,8,False,nearest_neighbor_best_start,last_service_stop_no_home_return,osrm_road_network,northeast,driving,4dc0eaf4fd80826933bfe63fbd2ba21454be933025f63bd83a05a584c5556f16,success,,294.0643,290.075,False,2.0,458.2167000044137
"North Jersey, NJ",2026-06-08,64e69d25e2472e9476795be3dd183be85bbfcc5b3af2c35cf900be8c6caf74e4,DMS,4,4,4,5,True,home_fixed_start,last_service_stop_no_home_return,osrm_road_network,northeast,driving,a378f043c5174ead1fbc97d8cf00e01f0e76600d0cf07cefee853621205bd09f,success,,24.1813,33.12166666666666,False,2.0,419.37559997313656
"North Jersey, NJ",2026-06-08,8c79ab9fa67c0d89653dbaff38c00f83b2623907932f0fd739ab68efbc249673,DMS,3,3,3,4,True,home_fixed_start,last_service_stop_no_home_return,osrm_road_network,northeast,driving,09822754303cca1647bccdad6303cf231bd09754e346023b136f143a2d729186,success,,31.82,41.50666666666667,False,2.0,408.92529996926896
"North Jersey, NJ",2026-06-08,8e52ccb9ee801f340d0a365117e853e3e5eef98fd324236efbdcc291930e4597,DMS2,3,3,3,3,False,nearest_neighbor_best_start,last_service_stop_no_home_return,osrm_road_network,northeast,driving,e906b53c621f23b87e0f528d5fd0fab0db189cd19ac97e61d35c50f67e6399e4,success,,9.5485,14.74,False,2.0,403.70959998108447
"North Jersey, NJ",2026-06-08,92d557a282c89dd8a8a750e143999ba12e461e856ddd18a9bd4d2efb3237e4e7,ASC,1,1,1,1,False,nearest_neighbor_best_start,last_service_stop_no_home_return,osrm_road_network,northeast,driving,980378093b9eab8ac7906039bebe5b8dcbac98988b0fa87b2135314378ceb5ef,success,,0.0,0.0,False,0.0,0.0
"North Jersey, NJ",2026-06-08,9c3069b5bef76b15218737307f3d484bb9f7dbade5b105144bfe4d53269f0165,DMS2,3,3,3,3,False,nearest_neighbor_best_start,last_service_stop_no_home_return,osrm_road_network,northeast,driving,f874dbec8a365fb1666d15f9986c7ef074fa6c75dd38f4f3c1b0949feafa6b59,success,,22.902099999999997,28.913333333333334,False,2.0,394.20330003486015
"North Jersey, NJ",2026-06-08,a69c88b68c632ddf2d9090e6301861cb1e336432001b3140251bfe9021e5dc8a,DMS2,4,4,4,4,False,nearest_neighbor_best_start,last_service_stop_no_home_return,osrm_road_network,northeast,driving,b342ec53abc275d9b1ff982ebe2705f61323cdfc2a1c20069845fef9947a3638,success,,53.422599999999996,60.611666666666665,False,2.0,408.10919998330064
"North Jersey, NJ",2026-06-08,b132a376eacef44960d3c54fd3a739840d893a6447bd59cd9bbb2ca6d492f51e,DMS,2,2,2,3,True,home_fixed_start,last_service_stop_no_home_return,osrm_road_network,northeast,driving,dc517836bdda30817efd4ac39c14a7a1358bf5ed93fbddd05e8574317a5d91aa,success,,35.1173,37.47666666666667,False,2.0,404.867600009311
"North Jersey, NJ",2026-06-08,b5fa053ac6c1cf076053c2d06d7ad9826ef667957d59173532dda44d8b0b5336,DMS2,1,1,1,1,False,nearest_neighbor_best_start,last_service_stop_no_home_return,osrm_road_network,northeast,driving,d13f60a64f43fbbb3ded1d7465eca5358f571f4b035a609518b92b9453a73e49,success,,0.0,0.0,False,0.0,0.0
"North Jersey, NJ",2026-06-08,b87cb739f608b8dd8dbcea7d3f1af1dbda130ba4d86da18fe013b8cf1acbe199,DMS2,3,3,3,3,False,nearest_neighbor_best_start,last_service_stop_no_home_return,osrm_road_network,northeast,driving,5f783940b4d0ba14390f84f36afab509222b7dbc5b6e4d376ba07bd98f7f6c13,success,,18.459400000000002,21.716666666666665,False,2.0,395.7271000253968
"North Jersey, NJ",2026-06-08,c033d2f5867e2471e1d310f1da56b380832ef9177d53b8d75b9c7ee019e5ec99,DMS,2,2,2,3,True,home_fixed_start,last_service_stop_no_home_return,osrm_road_network,northeast,driving,af21cb534c5d66c5d278188235a394ef6b612ada2859b8022a3ec4b7d9193b88,success,,54.2674,58.60666666666667,False,2.0,403.0812999990303
"North Jersey, NJ",2026-06-08,caaaf9fe0b2aa5369d2c82138f8c98d5789a7ac747db308a998296f8a12b4679,DMS2,4,4,4,4,False,nearest_neighbor_best_start,last_service_stop_no_home_return,osrm_road_network,northeast,driving,cd4f0a5b896ca0ef77f3779bece566bdb38023eb96a33a02bc080457984af0b7,success,,17.0084,30.251666666666665,False,2.0,406.03519999422133
"North Jersey, NJ",2026-06-08,d92554078875b1332575b2c71d0598ec4df134e6fec424755dbea0f3617372ab,DMS2,2,2,2,2,False,nearest_neighbor_best_start,last_service_stop_no_home_return,osrm_road_network,northeast,driving,48da644d4fd376b2565c4b4257d2e5fab524e9a34029b782244e47103ced7efe,success,,5.2718,6.4366666666666665,False,2.0,402.7080000087153
"North Jersey, NJ",2026-06-08,da0ad077147cd8b4ac6e63389323b10c8babe8665bfe4f2b635e5ec098d867b2,DMS,5,5,5,6,True,home_fixed_start,last_service_stop_no_home_return,osrm_road_network,northeast,driving,06c5b5b7f332c3c7951946ba57ac7f06f6f8151caf7db0294b06d6c574e637dc,success,,37.954699999999995,60.348333333333336,False,2.0,418.8987000088673
"North Jersey, NJ",2026-06-08,da192241c205f79dd3f97ae18c009b9ba7ff96d3688d38d3e870fadb6fb98937,DMS,3,3,3,4,True,home_fixed_start,last_service_stop_no_home_return,osrm_road_network,northeast,driving,6b595cc3b5d842babc267b5a44d7574863026e4eff5f23c514e227eeade8ce03,success,,23.4779,39.223333333333336,False,2.0,407.6460000069346
"North Jersey, NJ",2026-06-08,e47edeff32e854e1a440c494eca2ee8068e10983225cc129a819681aaf229d79,ASC,4,4,4,4,False,nearest_neighbor_best_start,last_service_stop_no_home_return,osrm_road_network,northeast,driving,4c8720816c97ede0b47a04e70537c9569ded32b9cb53e6ab437398b2e70db86c,success,,68.6112,71.38000000000001,False,2.0,410.57620002538897
"North Jersey, NJ",2026-06-08,eaac72c1938b5f87ed9f1744e1bc3389dd0d70ba775f23a1a19e16bc7f9279af,DMS2,7,7,7,7,False,nearest_neighbor_best_start,last_service_stop_no_home_return,osrm_road_network,northeast,driving,31437e2477722e6fed8577dcc2a1ad2ccb453ee3e778c9af77ac578b91b6baa6,success,,14.2288,31.841666666666665,False,2.0,421.422999992501
"North Jersey, NJ",2026-06-08,ef108f028e790b81a1e8b1eb9df285f57f08d57ed1f7d214edab85ffd80105cd,DMS2,1,1,1,1,False,nearest_neighbor_best_start,last_service_stop_no_home_return,osrm_road_network,northeast,driving,9e94445ee322c65f3068125e3c88507cf89d37edcb73f03984c26228e3fb9853,success,,0.0,0.0,False,0.0,0.0
"North Jersey, NJ",2026-06-08,ef9d20ded8f68fcf85ddd849166236f9b4909bb9b2a21a5f4e6b3ca0f26acbce,DMS2,3,3,3,3,False,nearest_neighbor_best_start,last_service_stop_no_home_return,osrm_road_network,northeast,driving,eb5699053540237d71446994b8a664f792b8b075db7a04af4aa4f04d95500b13,success,,37.3426,42.75,False,2.0,398.52519999840297
"North Jersey, NJ",2026-06-08,faad207708dd385f13422b6b77b8101285b6d243a03ae843ba068c89d74ce250,DMS2,2,2,2,2,False,nearest_neighbor_best_start,last_service_stop_no_home_return,osrm_road_network,northeast,driving,64b140a53b28137bb43ac65b6f5cfa7ccf5e2356356acd0c8fc13c5de033fee3,success,,3.9011,7.035,False,2.0,388.4515000099782
"North Jersey, NJ",2026-06-09,081813f246d61dae1c7e8e567d92764a5863b3febab6e2d83b827cd48054a2fa,DMS,4,4,4,5,True,home_fixed_start,last_service_stop_no_home_return,osrm_road_network,northeast,driving,b490c12eb92a226189760cecf9a424c1aae7d13b95510051801620449651bbad,success,,37.140800000000006,47.50666666666667,False,2.0,422.026200016262
"North Jersey, NJ",2026-06-09,0d9bae7cf07a160ced3b29c709ae835092e66b96f47ad66765dd5af0f2d44f4c,DMS,1,1,1,2,True,home_fixed_start,last_service_stop_no_home_return,osrm_road_network,northeast,driving,95213074d963388284838db22dc744ed422bca65b1094441344bbf0c64ff931d,success,,5.2673000000000005,10.198333333333332,False,2.0,396.2967999977991
"North Jersey, NJ",2026-06-09,162731f087422767e85bc29125c1f7337442ae28f2d11838287bbbb16d11d026,DMS2,5,5,5,5,False,nearest_neighbor_best_start,last_service_stop_no_home_return,osrm_road_network,northeast,driving,fe457477d500c4e77f3a026d6e19e1997a37e44f11056e3779125f7f78750b3c,success,,12.7377,24.61,False,2.0,415.23019995656796
"North Jersey, NJ",2026-06-09,166d0e110e0f044645fe959530e225a4025902b53393717cae435230a4fb03ba,DMS2,7,7,7,7,False,nearest_neighbor_best_start,last_service_stop_no_home_return,osrm_road_network,northeast,driving,791b6c0d05e65883e2f61664670353017c97707c30090653985c3a5c26a8ab37,success,,99.576,118.28333333333333,False,2.0,435.92840002384037
"North Jersey, NJ",2026-06-09,1913eb53434353001e3bd56cfa29568c95331e6f6b011e357ccff6ff13e347dc,DMS,3,3,3,4,True,home_fixed_start,last_service_stop_no_home_return,osrm_road_network,northeast,driving,423464dd5f772bc977f45d866d58ab1ae560e4dcdb4f94ca710755447fa17263,success,,26.721799999999998,35.02333333333333,False,2.0,405.51029998459853
"North Jersey, NJ",2026-06-09,1cec33865a48c0c3ff18368dbcd8140bb6882fe867fd4b18d77b614aaa9b6f83,DMS2,4,4,4,4,False,nearest_neighbor_best_start,last_service_stop_no_home_return,osrm_road_network,northeast,driving,890a35a35b481ea9bdd82da83520282c584972576c5642a65792ab84b1989da2,success,,44.7408,53.52333333333333,False,2.0,408.35149996564724
"North Jersey, NJ",2026-06-09,1ea1815058af55bc540a0ed11b23f763911d7c1939bce35c9d9f9a9b222fca65,DMS,1,1,1,2,True,home_fixed_start,last_service_stop_no_home_return,osrm_road_network,northeast,driving,e36ddd13f920b121d89499e643b0474e3ab602ea50f56fd33a2e4c40b2f9f35a,success,,10.3071,12.385,False,2.0,403.815300000133
"North Jersey, NJ",2026-06-09,209373767b3c0f504b39d9aeb65143c3190cfd14004d3a84f0a52c6bbcb495a1,DMS,7,7,6,7,True,home_fixed_start,last_service_stop_no_home_return,osrm_road_network,northeast,driving,5f1e4d7cba706a9e2d0eb080274ffe9bfa7b613c0c167e6bf3c8c2ca682bd125,success,,68.3569,90.21666666666667,False,2.0,438.5103000095114
"North Jersey, NJ",2026-06-09,23e839e6a868df68a939d1b622d743ee6d7a8dabb9be178915de9acccc1654cb,DMS2,1,1,1,1,False,nearest_neighbor_best_start,last_service_stop_no_home_return,osrm_road_network,northeast,driving,e51afc72645c8ba1e56dbe473ecd1a0b2327c765e76abee3b3cd3333f9d0b253,success,,0.0,0.0,False,0.0,0.0
"North Jersey, NJ",2026-06-09,2ada7b096783abad13b750a5162cac7129b9e1534df7027fbb76b4a438396d79,DMS2,3,3,3,3,False,nearest_neighbor_best_start,last_service_stop_no_home_return,osrm_road_network,northeast,driving,3e4c06848b3ea12a5f310e79939cd0d779056ca8920be95275a9078f3156c04a,success,,24.2198,31.483333333333334,False,2.0,398.75710001797415
"North Jersey, NJ",2026-06-09,36eed69ab5c1bfb56daaa2f9a969105ede1592a25cbb550916311ef1a44c9cb1,DMS2,2,2,2,2,False,nearest_neighbor_best_start,last_service_stop_no_home_return,osrm_road_network,northeast,driving,07f644f038c937d6e9704c1de313e9bfb28e14de9ad99a86f47b8676532c9688,success,,14.6234,17.34,False,2.0,395.22970002144575
"North Jersey, NJ",2026-06-09,373560f339689cffc756b871b4f33f0de12c2015aff3c499bd597f464d3a17d8,MIXED,13,13,13,13,False,nearest_neighbor_best_start,last_service_stop_no_home_return,osrm_road_network,northeast,driving,4ba2228ff38afbf128477724e0e4d8504cf1ea9cc3ab81c400e019ed7b1eb88a,success,,69.994,109.00500000000001,False,2.0,462.6026999903843
"North Jersey, NJ",2026-06-09,3c3a21f97c0f09631534974bb85553b6652e232501aed2ba067c885d0beb305f,DMS2,1,1,1,1,False,nearest_neighbor_best_start,last_service_stop_no_home_return,osrm_road_network,northeast,driving,f22d037f89d1aba0148d7998ca79d58bb9147e702bfccde60847ab49680c7f5f,success,,0.0,0.0,False,0.0,0.0
"North Jersey, NJ",2026-06-09,3d717f523d7ea09fd87fcbc94e4482b72f5494aec02a8d27eb0c884ef0a76233,DMS2,1,1,1,1,False,nearest_neighbor_best_start,last_service_stop_no_home_return,osrm_road_network,northeast,driving,6297a5fd171f682560d40641dfb7a9ac0045973b627e66c8578db70931ca8552,success,,0.0,0.0,False,0.0,0.0
"North Jersey, NJ",2026-06-09,44a0a22de687fb94c902232b0832ac370ff5b2032dec4b8b088d5d94b62dc128,DMS2,4,4,4,4,False,nearest_neighbor_best_start,last_service_stop_no_home_return,osrm_road_network,northeast,driving,1961c997f432e7e6ae0353a05079b31dd3b151ce5b67679fa5b73c19d31b62d5,success,,9.3556,19.226666666666667,False,2.0,409.9690000002738
"North Jersey, NJ",2026-06-09,4b723c11beb5df6192cce0c94ddd43b4d864a93f61bf5048b3adfaeef31f33eb,DMS2,1,1,1,1,False,nearest_neighbor_best_start,last_service_stop_no_home_return,osrm_road_network,northeast,driving,95d5555ee92b6d457a192b628680b44601cc3f3b9e8de8cab3f8928e3d33103f,success,,0.0,0.0,False,0.0,0.0
"North Jersey, NJ",2026-06-09,55d83ccab343e96d2ce9176a9b7eb7a8cd3dce832340b720f1fc2f56f9f9193c,DMS,4,4,4,5,True,home_fixed_start,last_service_stop_no_home_return,osrm_road_network,northeast,driving,95289d0ff384e8032e84263e2d20c443a206e9f63003f0bf5eabc2bf608c4b69,success,,31.9286,50.8,False,2.0,417.26579997339286
"North Jersey, NJ",2026-06-09,55f2fb4d6a6c4034fd88779eaa0e90e0ff3befce9275dd7d68a1f3e3531ef4f7,DMS2,4,4,4,4,False,nearest_neighbor_best_start,last_service_stop_no_home_return,osrm_road_network,northeast,driving,b0f60e2b9655c7c2c6f5335b5f33e5e7f6b069ff7a71608b1d9cc4833f32c5ec,success,,17.6915,30.996666666666666,False,2.0,404.7986000077799
"North Jersey, NJ",2026-06-09,58fd2ff0fd5fe9f3e717f78e844b20db8028afcacbcb349fb22c9681428cc51c,DMS2,7,7,7,7,False,nearest_neighbor_best_start,last_service_stop_no_home_return,osrm_road_network,northeast,driving,5099e28ea18332f0446dd3df017c4603f5bed8edf2e29ea41d007b2bfd47d0b1,success,,63.8549,71.425,False,2.0,416.9172999972943
"North Jersey, NJ",2026-06-09,68bf44f66e6f2250661f353d8f9aeec28eea604792149e9c7f5775e849b9b952,DMS,2,2,2,3,True,home_fixed_start,last_service_stop_no_home_return,osrm_road_network,northeast,driving,b955a8c65d9d7a02104bf9ccecffc53519b28756c8e59155d6ade70a68f95e4f,success,,37.5846,39.32666666666667,False,2.0,405.68259998690337
"North Jersey, NJ",2026-06-09,6ed6a014d66480dfbc19def4f12d60e57c1de98e0ef070d4ab3b9e3ca01084bc,DMS2,4,4,4,4,False,nearest_neighbor_best_start,last_service_stop_no_home_return,osrm_road_network,northeast,driving,3e729b91edfa812d6c48cd3e092411e5359f4669a6412938546ea17d141b7b63,success,,23.6408,34.06166666666667,False,2.0,409.3401000427548
"North Jersey, NJ",2026-06-09,710a9d34a7104a98ff1469b31e39e5d7d1d67d19d7887dff70c476e3df46e1c1,DMS,6,6,6,7,True,home_fixed_start,last_service_stop_no_home_return,osrm_road_network,northeast,driving,9ba178a6ce2fa89f7001d66079b6ef41267f7fd0323e8c4c5e8adc30da92e0a2,success,,48.0665,56.126666666666665,False,2.0,431.8360999750439
"North Jersey, NJ",2026-06-09,7f050d7e1ac2186ec93d1cd305f101e928b7ec90582a6156974ac0a6efe07d0f,DMS2,2,2,2,2,False,nearest_neighbor_best_start,last_service_stop_no_home_return,osrm_road_network,northeast,driving,252ceb626506ae2593130eb1af24127cecf807af0c0f14572f107cb613abf144,success,,10.9772,19.141666666666666,False,2.0,412.2318000008818
"North Jersey, NJ",2026-06-09,8df532f96fe4913ad71fc375bdd9f904c9f09da7f2b25bb0a909bb83ce172aad,DMS2,6,6,6,6,False,nearest_neighbor_best_start,last_service_stop_no_home_return,osrm_road_network,northeast,driving,dccb97226b11517b6bfa0b8695ce12327c304c8ea414084205a2e721390e1a2f,success,,55.4657,64.84,False,2.0,422.33980001765303
"North Jersey, NJ",2026-06-09,9b72059f4a96e146f9b21788ed8dd86a7d74b10eba47e8250a47749f5a16ad3f,DMS2,2,2,2,2,False,nearest_neighbor_best_start,last_service_stop_no_home_return,osrm_road_network,northeast,driving,58748064686d2841c0559dadaa3d683875c703108a56726131f004981c6a5ac7,success,,34.5267,33.665,False,2.0,401.6750999726355
"North Jersey, NJ",2026-06-09,a71261a4046e1b60b5b4fb4424facf3a51493aa0e88ceea4f4889a78dcd93da6,ASC,3,3,3,3,False,nearest_neighbor_best_start,last_service_stop_no_home_return,osrm_road_network,northeast,driving,59101e5b483b611a0821cb1e8fb84fff6e940bc7daf0b9552ea1ed78183a38dc,success,,69.12310000000001,71.78666666666666,False,2.0,413.45219998038374
"North Jersey, NJ",2026-06-09,ac4d1c8d0008e86f0311a95a28a6c00dfb874ece8f8337f63a97fbd5ac2a1a26,DMS,4,4,4,5,True,home_fixed_start,last_service_stop_no_home_return,osrm_road_network,northeast,driving,6421cbc1de8a9ecef8092adb576d79283101c3f45b976db0e018ce9d8775752f,success,,52.6308,61.67333333333333,False,2.0,422.1047000028193
"North Jersey, NJ",2026-06-09,bf8176f4f3407700ec487019b4944b6fcd8285766a4896515986e61fdb14992e,DMS2,1,1,1,1,False,nearest_neighbor_best_start,last_service_stop_no_home_return,osrm_road_network,northeast,driving,9806012a4f38bcfc9a2ea05a1d6373dbe5043780bb676cbbfe3579142b3425c1,success,,0.0,0.0,False,0.0,0.0
"North Jersey, NJ",2026-06-09,d438f6103f5664ad8a8f89c7950572e9f5c7517c03909074e418632a398ec835,DMS2,1,1,1,1,False,nearest_neighbor_best_start,last_service_stop_no_home_return,osrm_road_network,northeast,driving,3505b99fa6f24e8156fd61eaa1c72fb28af7b214692a1dab644ad961e9eac24d,success,,0.0,0.0,False,0.0,0.0
"North Jersey, NJ",2026-06-09,da2de5ed8cc8c52787434dfb6e481d6300041cdb7e6e1fbc87f9b8bd9a4ad50e,DMS2,2,2,2,2,False,nearest_neighbor_best_start,last_service_stop_no_home_return,osrm_road_network,northeast,driving,e5f5e1f3ced08618600d1b2574b3e1b688e122d93bc268a13b842ecd31fa1146,success,,32.5231,33.75666666666667,False,2.0,395.2943999611307
"North Jersey, NJ",2026-06-09,e9154f1f129d198be9b236be3ad3930c73c9d5997584970129335a7692e93926,DMS2,1,1,1,1,False,nearest_neighbor_best_start,last_service_stop_no_home_return,osrm_road_network,northeast,driving,35ef7564dd4a9c8532e24c4bba6898bbc827eaffb3183596cf9a0532709b9c92,success,,0.0,0.0,False,0.0,0.0
"North Jersey, NJ",2026-06-09,e9844dd5dd05912039bd0c8f5828211c79facca7ff7a565889918d010c248bc1,ASC,3,3,2,2,False,nearest_neighbor_best_start,last_service_stop_no_home_return,osrm_road_network,northeast,driving,5f4c2d3828f56c9e3a86a4fc849611270aaa6d04e3d37a0a1400ae026c87c431,success,,114.4111,111.155,False,2.0,408.08140000444837
"North Jersey, NJ",2026-06-09,fb93a745290e43cf6fe5f3f568d0822280b2af367b1f28ac3b5074d943786b7b,DMS2,1,1,1,1,False,nearest_neighbor_best_start,last_service_stop_no_home_return,osrm_road_network,northeast,driving,a2d536fc63168fbbbf5ad749b6d6ef4f403a196cc6effc655cfa7f3fd7fa4e7c,success,,0.0,0.0,False,0.0,0.0
"North Jersey, NJ",2026-06-09,fe57d82821e624b988eb16d9a09e88b13d1b5b9fff929868bb802cbf52dd8e0a,DMS2,8,8,8,8,False,nearest_neighbor_best_start,last_service_stop_no_home_return,osrm_road_network,northeast,driving,dfcda19f1fedaa85521dd456e0955ce78368fff8bbcae8cf9c8fc2c3fa7ed2e4,success,,22.171599999999998,42.99333333333333,False,2.0,427.5722000456881
"North Jersey, NJ",2026-06-10,105a1e80fc33407fac7d41ea0d9aeb555e16ea1430932ebad5537c37be3c5a43,DMS2,1,1,1,1,False,nearest_neighbor_best_start,last_service_stop_no_home_return,osrm_road_network,northeast,driving,d5362638967abcffb18f73bfa0bf5bd9b6c727786a406d12830ab2e586479787,success,,0.0,0.0,False,0.0,0.0
"North Jersey, NJ",2026-06-10,11adf36857cf171a3f21c642beb94d3ed0ea830d096d967ddce7a7f444e97511,DMS2,3,3,3,3,False,nearest_neighbor_best_start,last_service_stop_no_home_return,osrm_road_network,northeast,driving,6b7cb62123cda086123ecfc92fd3939ef36613ff8791319f1c9a1f902344ae37,success,,58.6563,62.251666666666665,False,2.0,398.45039998181164
"North Jersey, NJ",2026-06-10,146e41c788257e13b8a206c9c40eb33792d63ed93a63cbdcd2a1723a10d30fac,DMS,3,3,3,4,True,home_fixed_start,last_service_stop_no_home_return,osrm_road_network,northeast,driving,c8435e3e454ceca276e36a95c4dfbca27c322b53baf5a2d936c0e55a9c6537ef,success,,14.288200000000002,28.131666666666668,False,2.0,402.4425999959931
"North Jersey, NJ",2026-06-10,14d9a6619ca92a76e4a898431103550b84f05752a744a8e9d4fcb6befc1f9356,DMS2,2,2,2,2,False,nearest_neighbor_best_start,last_service_stop_no_home_return,osrm_road_network,northeast,driving,9f4a70fb47f840664f69a762e114f481d54c2ed7062f7d27625e3dbbe807bd4c,success,,74.6918,65.79,False,2.0,410.5134999845177
"North Jersey, NJ",2026-06-10,151e0ab18ef4b2c8d426cbd050988a6ee8773167d72076732f2ddc37b2451ce8,DMS,5,5,3,4,True,home_fixed_start,last_service_stop_no_home_return,osrm_road_network,northeast,driving,7ca4c6709d616bc85fd37e3def42f547ab2d9949133e1495e99a1580ccc33844,success,,37.092699999999994,43.708333333333336,False,2.0,407.07700001075864
"North Jersey, NJ",2026-06-10,202ac9d2cf449d8b636bec41181a6ce187446e5acc89e624d36572a3b5e8e0a9,ASC,4,4,4,4,False,nearest_neighbor_best_start,last_service_stop_no_home_return,osrm_road_network,northeast,driving,67395378dff9f3d802f7416bdac092546b67cf25440fd26749c0b75de525bfe4,success,,65.0293,72.87166666666667,False,2.0,408.49779997370206
"North Jersey, NJ",2026-06-10,27df8b75bd30ba315552ebe06a0ffbc110fa1570ea73701057ec5ea1cc514f2a,DMS2,2,2,2,2,False,nearest_neighbor_best_start,last_service_stop_no_home_return,osrm_road_network,northeast,driving,e5c09dfcc0c1c7d80578a3599f2dee50c57cff72110645db67e114b68d41b317,success,,11.1584,13.455,False,2.0,396.59009999013506
"North Jersey, NJ",2026-06-10,2be264d8737d90d896d4d38d49ce8fe0d8d2532ed425fcdecd33609baedf9dd7,ASC,6,6,6,6,False,nearest_neighbor_best_start,last_service_stop_no_home_return,osrm_road_network,northeast,driving,a1b462496021564deaac6b862b06c5befefc6200809bbad396ffe0dd620d9c19,success,,45.1476,55.333333333333336,False,2.0,427.32809999142773
"North Jersey, NJ",2026-06-10,2da8b1d602d3883aa7eafe5249131228d795956b47c0b951b200db75bf9daec0,DMS2,1,1,1,1,False,nearest_neighbor_best_start,last_service_stop_no_home_return,osrm_road_network,northeast,driving,a91cc026300a036824e8afb8651591dd798092988890a3b9ff97215d33620de7,success,,0.0,0.0,False,0.0,0.0
"North Jersey, NJ",2026-06-10,333b9723fddbde515ae2e89f730c52a6ddc30e8903da3c1f1a5387b9613a2e9a,DMS,5,5,5,6,True,home_fixed_start,last_service_stop_no_home_return,osrm_road_network,northeast,driving,2c187fc0c7ee537f2c19e224f5a838ac12fa98b722b78fbb8ae63ba5f7da9f39,success,,47.0383,61.71,False,2.0,421.8661000195425
"North Jersey, NJ",2026-06-10,3995f14296bb33d6617ecfc123c29a80ab986cf4e2a6493edff4c2a0e8a0431d,DMS,6,6,6,7,True,home_fixed_start,last_service_stop_no_home_return,osrm_road_network,northeast,driving,252e9e52aa6899e1acbd8773d0ad2255d9057ba41b1929c216cbf65f9095f0b1,success,,33.5989,60.57666666666667,False,2.0,431.2886999978218
"North Jersey, NJ",2026-06-10,3cca28e87684fd445d69f52fa679db27ade82a8b9015446e4357d261246c7ba9,DMS,2,2,2,3,True,home_fixed_start,last_service_stop_no_home_return,osrm_road_network,northeast,driving,0dfda060eee682fd5603ac642f5bfa7c4180c74dec0e8d5b36ec0f2006d1cbae,success,,15.572899999999999,19.785,False,2.0,401.5855999896303
"North Jersey, NJ",2026-06-10,45ef76a3f1de67cd061c677d43a4d89d2de1090f99fa46bf56a0ff32c2cb99c4,DMS,2,2,2,3,True,home_fixed_start,last_service_stop_no_home_return,osrm_road_network,northeast,driving,f07175f5dfdb3703f0b5c4ce426625ea0ce13242bf44f5e07b96319f9f211c86,success,,41.3625,39.515,False,2.0,397.59519998915493
"North Jersey, NJ",2026-06-10,48424794041bea22ff7f4536fee5dbae32a14c0aef00a2d3f272aa42021b5e7e,DMS,3,3,3,4,True,home_fixed_start,last_service_stop_no_home_return,osrm_road_network,northeast,driving,7dfbd1ac524935712f867ebcbc3ec1f394a8c1fe839095ff329bd68378063c5a,success,,50.105199999999996,59.68666666666666,False,2.0,415.1082999887876
"North Jersey, NJ",2026-06-10,48d32a4e60e71e122dac140e289838e8e20048113c724a9338321cb2dd05df2a,DMS2,4,4,4,4,False,nearest_neighbor_best_start,last_service_stop_no_home_return,osrm_road_network,northeast,driving,8733979fd0e46260920526a5d72e7a968a09f78ed2c4e3b1ecf60528b1655dcd,success,,15.229899999999999,26.253333333333334,False,2.0,405.3851000207942
"North Jersey, NJ",2026-06-10,64791782f213eeaf530d05a22b82a9a988aa5cb3fb3b5feeffbde64b24db0596,DMS2,4,4,4,4,False,nearest_neighbor_best_start,last_service_stop_no_home_return,osrm_road_network,northeast,driving,7f0b5a44b03d91148f30e99e4fa4c6dd5f3c1a5fbabf328d5fe9a7d8e10f1c2f,success,,16.9806,23.196666666666665,False,2.0,420.6214000005275
"North Jersey, NJ",2026-06-10,741e10814f71fb7a3ed154e17cd533b3fef7103f181df2589295e2c3c62c1fe8,DMS,6,6,6,7,True,home_fixed_start,last_service_stop_no_home_return,osrm_road_network,northeast,driving,1540960433566fd550d17a3707146391a003118814f83d6044cd7282a3985e29,success,,45.745599999999996,57.001666666666665,False,2.0,429.9604000116233
"North Jersey, NJ",2026-06-10,7acc5c1fbbeab1a20b74c441981a9aeacb23f5d9b5ef1851be2782d4e7aafa9a,DMS2,1,1,1,1,False,nearest_neighbor_best_start,last_service_stop_no_home_return,osrm_road_network,northeast,driving,579b726d469d6e8d32963bb9b04ff8ed25adb2a7548edb3742a6627deaa8abcb,success,,0.0,0.0,False,0.0,0.0
"North Jersey, NJ",2026-06-10,7c8c877524acf6740c7bc730af37406015516427aea2be19abab963a96eb048f,ASC,1,1,1,1,False,nearest_neighbor_best_start,last_service_stop_no_home_return,osrm_road_network,northeast,driving,d3d7add35fe5008efb2ba3544d662c2da76dc16514a6265ebe51968c1a2d47e7,success,,0.0,0.0,False,0.0,0.0
"North Jersey, NJ",2026-06-10,7e62169611f5aa82d25be16dde4ab53abcad101d2fb878fc1552ac9c2226368c,DMS2,4,4,4,4,False,nearest_neighbor_best_start,last_service_stop_no_home_return,osrm_road_network,northeast,driving,45e70cf3f46203a9410962243e93c16a7b214f5a1226a7cb829eab7cf2593979,success,,40.226800000000004,43.111666666666665,False,2.0,421.103700005915
"North Jersey, NJ",2026-06-10,80c7aded9852e2fd0609058d881ab982648cd6e66d25fecd39e4994ad7f4a727,DMS2,1,1,1,1,False,nearest_neighbor_best_start,last_service_stop_no_home_return,osrm_road_network,northeast,driving,e8151a55cfca61439fb835ff5d1b9dca6f18f49feefa3d826e2b29a4b63427a2,success,,0.0,0.0,False,0.0,0.0
"North Jersey, NJ",2026-06-10,84242ede4bc86a1687ae8228336a96170b2c0d98ce9343ba1a0513decb7d6f25,DMS2,1,1,1,1,False,nearest_neighbor_best_start,last_service_stop_no_home_return,osrm_road_network,northeast,driving,ac749d02bafdf67e66f7491fac246ca78a166821fad8783f6d1ffa0bb2e31a39,success,,0.0,0.0,False,0.0,0.0
"North Jersey, NJ",2026-06-10,8842ba4c9a1611194a9510551c4163ca89dfbee105c5339297b6336cb3dd53d7,DMS2,5,5,5,5,False,nearest_neighbor_best_start,last_service_stop_no_home_return,osrm_road_network,northeast,driving,19876d3c9417f5b161c134e6e03a9c2b7ef60ab1a959b484fb124af51ef43134,success,,26.5179,34.58166666666667,False,2.0,418.5451999946963
"North Jersey, NJ",2026-06-10,8bafff3dc378b5724842d1c8a9551b7a16d9a6ad4f60b63205837981ee80a3ee,DMS2,1,1,1,1,False,nearest_neighbor_best_start,last_service_stop_no_home_return,osrm_road_network,northeast,driving,e24f30f2bd2a0ebb9e6ad4d37881eb7770de7b5c3b98792d683fe483a1132d83,success,,0.0,0.0,False,0.0,0.0
"North Jersey, NJ",2026-06-10,9ac9274c00339663671f41da7b2d2c00c2bc0dd5a27a5d94af21f5171a7ad726,DMS2,3,3,3,3,False,nearest_neighbor_best_start,last_service_stop_no_home_return,osrm_road_network,northeast,driving,e7394ed11d0a9a94da1ba6e672bcba3471daa22a0bdcb81890d713d29610b8a8,success,,26.9291,33.10666666666667,False,2.0,401.16609996766783
"North Jersey, NJ",2026-06-10,9b5f0b2fcf654fbb9827714f5f4d0e31e957f423f8ad751eb885cf2acf09a4c9,DMS2,2,2,2,2,False,nearest_neighbor_best_start,last_service_stop_no_home_return,osrm_road_network,northeast,driving,a98da1bbabb535a0294ebe2ee128fc01cc0f518d4f7f8b8ada2122d97601eb49,success,,18.968,25.325,False,2.0,395.84859999013133
"North Jersey, NJ",2026-06-10,a669b2373b8780687dcfe462c2b5b01fee38b183b5ac1381a97d938b1ef75d60,DMS2,12,12,12,12,False,nearest_neighbor_best_start,last_service_stop_no_home_return,osrm_road_network,northeast,driving,bbda80244b5b1507d072e62e0182b84df6d3ed297139c5ff3c894d0931afd55f,success,,53.5721,81.28999999999999,False,2.0,446.1287000158336
"North Jersey, NJ",2026-06-10,aea87953a5fa4fcdf2d03ef95845237a37debc262a2ed3fb3d6929212eb9026d,DMS2,1,1,1,1,False,nearest_neighbor_best_start,last_service_stop_no_home_return,osrm_road_network,northeast,driving,94ed8059224294eeaf1cce03a3a1acb77e25b9d7d291a67b08acc6f95355a857,success,,0.0,0.0,False,0.0,0.0
"North Jersey, NJ",2026-06-10,b5bf1adae53573545edb1588233deee35a510d5fc73f1815c0181bc08e7a29d3,DMS2,1,1,1,1,False,nearest_neighbor_best_start,last_service_stop_no_home_return,osrm_road_network,northeast,driving,c98e81a3042a52516000a1fb1e5b2f892ad0356ce63fd4e355d2696c0b235f72,success,,0.0,0.0,False,0.0,0.0
"North Jersey, NJ",2026-06-10,d0c50deefe647d4830f38a116ed9b8c01936d35881194e08f10413a2442efb67,DMS2,3,3,3,3,False,nearest_neighbor_best_start,last_service_stop_no_home_return,osrm_road_network,northeast,driving,b7e204d467f7292fe86e63236c1ff10f5a120d412ca8a7abb7d911c0da4b16ce,success,,36.469699999999996,42.20666666666667,False,2.0,396.55919998767786
"North Jersey, NJ",2026-06-10,db6c50b93ff02a24baa78749a2159d87893e8420a135a7ba2ef63cf378044de9,DMS2,2,2,2,2,False,nearest_neighbor_best_start,last_service_stop_no_home_return,osrm_road_network,northeast,driving,8325f94c630014cc48f2ce9932ea553e4a78706f2570f428d5597397cd43c48c,success,,13.6011,17.185,False,2.0,396.18010001140647
"North Jersey, NJ",2026-06-10,df918ef386a9ddcf2d42d8c50e25eba40c1c124e78adad6ad03f36ac75a6eb66,DMS2,3,3,3,3,False,nearest_neighbor_best_start,last_service_stop_no_home_return,osrm_road_network,northeast,driving,3b0933bae8bfabefd45c1b89ab44d6e15a24d3b7c4a321a1d0f52c94e949bf08,success,,16.5615,24.03166666666667,False,2.0,401.8050000304356
"North Jersey, NJ",2026-06-10,e15f1c15d99a0ac6e032f6a1d55def775660f5354198cbf8cb2cc15168712192,DMS2,3,3,3,3,False,nearest_neighbor_best_start,last_service_stop_no_home_return,osrm_road_network,northeast,driving,588d5c6a3bc0d87b81bf3ffdaf4e26a021d042e254016108f4ab6772b5b37948,success,,60.3961,61.655,False,2.0,421.164300001692
"North Jersey, NJ",2026-06-10,e167b0956db41b5c2d05a412594dc1dc05e1f56df90b241ca12ec668aa285985,DMS2,1,1,1,1,False,nearest_neighbor_best_start,last_service_stop_no_home_return,osrm_road_network,northeast,driving,1b719ddd1730d23464a14e54df57ef886e69ccbd0d733e6ba32f625c91f00409,success,,0.0,0.0,False,0.0,0.0
"North Jersey, NJ",2026-06-10,e908835e005c4be2663d6d59ab3c38667f7eb65cb12b0be36781356b071f9777,DMS,3,3,3,4,True,home_fixed_start,last_service_stop_no_home_return,osrm_road_network,northeast,driving,a6f2f8f49fc19e7db276ae90aa0199c866ad0af0db7638e2f4d0c1c75fe267a9,success,,40.7162,56.085,False,2.0,412.30779999750666
"North Jersey, NJ",2026-06-10,ee4b3a9abbef3dcf4e33a8b8da04897c530ddb4cccfbd4ac6871a071f5dc5d78,DMS2,2,2,2,2,False,nearest_neighbor_best_start,last_service_stop_no_home_return,osrm_road_network,northeast,driving,cb6512d406c53f8152f8eb4007a02872b305f8f30bd4b780d7a15ebe399670d9,success,,2.788,6.463333333333334,False,2.0,405.84460002719425
"North Jersey, NJ",2026-06-10,f92fc87cf80982dfd9c2eafc30b01467feb1bce0c57bbd99f6b540ad3b65b5f0,DMS2,3,3,3,3,False,nearest_neighbor_best_start,last_service_stop_no_home_return,osrm_road_network,northeast,driving,99740b44cdfbc6ea9421ca86922d8ffb5ee7bd9c96d966ccbdab9971506f7353,success,,5.7702,9.173333333333334,False,2.0,396.8707000021823
"North Jersey, NJ",2026-06-10,fa73ed7b34a5a0360a22aba3042c29b131f3999aacc1c817930831419f9ae202,DMS2,3,3,2,2,False,nearest_neighbor_best_start,last_service_stop_no_home_return,osrm_road_network,northeast,driving,ef70b98eb463e60ed0a14a20ab600083ce9798918176fe74a8bb83b9c0555081,success,,3.8506,5.055000000000001,False,2.0,395.8457999979146
"North Jersey, NJ",2026-06-11,0a283d8c5b0ca5241cf3a58a8e59a62ac13a456125a34ba0cd7d0cedab5045f6,ASC,8,8,8,8,False,nearest_neighbor_best_start,last_service_stop_no_home_return,osrm_road_network,northeast,driving,113cd27b68a403dff3dc7ea91e3e1950ec063f95350f8565b9b2b74f92545a81,success,,78.6777,85.96499999999999,False,2.0,440.7381000346504
"North Jersey, NJ",2026-06-11,1fa817750d13974d9a9451c04fb931dcb11e181675812e4c08bca4aff36c3d87,DMS2,4,4,4,4,False,nearest_neighbor_best_start,last_service_stop_no_home_return,osrm_road_network,northeast,driving,c7493e4d3bad5c843197ec813128c7739de1828bf94e09504758f412515b15c0,success,,32.2156,39.88333333333333,False,2.0,408.87519999523647
"North Jersey, NJ",2026-06-11,203ccd01069b463477e2c9da762dbecdd83132e6b072082e6826b4950e3b13be,MIXED,9,9,9,9,False,nearest_neighbor_best_start,last_service_stop_no_home_return,osrm_road_network,northeast,driving,f8d502bdd490887516d8d3208be09f50ea2511dd9368406fe8f48de5dff5eb51,success,,61.5321,91.345,False,2.0,434.7737999923993
"North Jersey, NJ",2026-06-11,3928a1aa3710b21a639d25030120b1079081ceac964ba8f5996afce38a748a81,DMS2,4,4,4,4,False,nearest_neighbor_best_start,last_service_stop_no_home_return,osrm_road_network,northeast,driving,eae1c7f6f726b3a6e6e239730d4ca413ff52ae55f039384c879e328d7f32676f,success,,69.75739999999999,69.03666666666666,False,2.0,440.8842000120785
"North Jersey, NJ",2026-06-11,3da55ed221c63a8e54256b15ca6830f0335f846feb79993d786b1ce98a9132b6,DMS2,3,3,3,3,False,nearest_neighbor_best_start,last_service_stop_no_home_return,osrm_road_network,northeast,driving,76b508d18380b46c460475420810f92a7225899ef78177a2481545e5373d4778,success,,39.4086,45.155,False,2.0,395.99839999573305
"North Jersey, NJ",2026-06-11,3fae2b81e89cf6912f63b7deae5dc5a2dd852000a565372780fde21f654e85cc,DMS2,1,1,1,1,False,nearest_neighbor_best_start,last_service_stop_no_home_return,osrm_road_network,northeast,driving,7e0bf58d7468c38c5fe50bc4722b1abc66cc4bd5cb5e61c36987c128bc8f5435,success,,0.0,0.0,False,0.0,0.0
"North Jersey, NJ",2026-06-11,45ba51cb39168ef1fd34da5243ec82295567ecf1d0693ead470f7cfcdd76cc78,DMS2,1,1,1,1,False,nearest_neighbor_best_start,last_service_stop_no_home_return,osrm_road_network,northeast,driving,e431c782bb818e726b63bd6ab11aec3283f310376bb6a5d693ea6383d409fdc5,success,,0.0,0.0,False,0.0,0.0
"North Jersey, NJ",2026-06-11,49fcfd595533b4cbc73fe08c5fe828d58f486501d33d970ff89b1da788bb9b20,DMS,7,7,7,8,True,home_fixed_start,last_service_stop_no_home_return,osrm_road_network,northeast,driving,b96788a90112185021ab8a502f80f248c1f2d8d89fa225144d8bf02c828a0811,success,,36.534800000000004,64.95166666666667,False,2.0,427.35449998872355
"North Jersey, NJ",2026-06-11,4b027dd903c1e750ae671e888614b943a9ddb7cb1767a36c15f2a2686cae89c9,DMS2,1,1,1,1,False,nearest_neighbor_best_start,last_service_stop_no_home_return,osrm_road_network,northeast,driving,66107bb9817396b93ff3cde130d5496eb932593b27e6f017a49250dda8a837ce,success,,0.0,0.0,False,0.0,0.0
"North Jersey, NJ",2026-06-11,55e171e9f9f72a05b2d9d5a2454a9733fd3f34faad544d7ebc474d165232990b,DMS2,3,3,3,3,False,nearest_neighbor_best_start,last_service_stop_no_home_return,osrm_road_network,northeast,driving,67291baae762a7bcaf3b4879529ab99e7ff3efd223d1d6737f9ea2afcc22f472,success,,17.4648,19.795,False,2.0,404.26909999223426
"North Jersey, NJ",2026-06-11,592392d3394ea19c348734e40a88f32c2cd55df580663cf48a191ea0d09f11be,DMS,2,2,2,3,True,home_fixed_start,last_service_stop_no_home_return,osrm_road_network,northeast,driving,538bc52b75178584499c68cc13b3395ac4260ceb9be6f08897d0e94941fe594d,success,,35.6457,33.03333333333333,False,2.0,401.6638000321109
"North Jersey, NJ",2026-06-11,5fec8e97787a5d50dd781bb3aba2c05281ccc973ebc5b2d1a358951b4aa1695b,DMS,4,4,4,5,True,home_fixed_start,last_service_stop_no_home_return,osrm_road_network,northeast,driving,48f96990567b7613c75300a7ee1e91d84de9749cde7d87293322bcca59244663,success,,37.7218,47.080000000000005,False,2.0,413.2877000083681
"North Jersey, NJ",2026-06-11,6d1e7957c701d23116c9f1e887507cf4f39682b315b50461b82b16c473878ea2,DMS2,4,4,4,4,False,nearest_neighbor_best_start,last_service_stop_no_home_return,osrm_road_network,northeast,driving,58e54250d81045bd82b91605575748c3898b2f60f8fcd8396e22185eb750eb2d,success,,26.642799999999998,28.515,False,2.0,407.4566000199411
"North Jersey, NJ",2026-06-11,75f1956656d6ba65c3d9e31d8bd04f184b3d3e3bef3234e0cf5534ad97e1884a,DMS2,3,3,3,3,False,nearest_neighbor_best_start,last_service_stop_no_home_return,osrm_road_network,northeast,driving,7f3004f1e6a19f14cbbff721bb410ed830b3ae6b340139aaea2d441ea47ecdf4,success,,22.9336,29.23,False,2.0,402.24560000933707
"North Jersey, NJ",2026-06-11,762f464ac63e0b2bcdb0afe189aeee1715f90c6464d9d9470dbb58f4f6349987,DMS,2,2,2,3,True,home_fixed_start,last_service_stop_no_home_return,osrm_road_network,northeast,driving,b4462cf8f014dabd19e70da624590bf28e8b137754b43368fa3c683b207dcbb3,success,,33.0426,36.88166666666667,False,2.0,399.8476999986451
"North Jersey, NJ",2026-06-11,794ca19175f1179b29599514c6d13e3c218172df7e706d59efdcb83300192243,DMS2,1,1,1,1,False,nearest_neighbor_best_start,last_service_stop_no_home_return,osrm_road_network,northeast,driving,fbb1f41eb7c90662f7fcfb94a2e3c860c322d8352f94a7b48f77c6a4e3d373a5,success,,0.0,0.0,False,0.0,0.0
"North Jersey, NJ",2026-06-11,7b61ffa37955612ddafbc07cb90f380e33351293d341e3e5cad7241987101354,DMS,4,4,4,5,True,home_fixed_start,last_service_stop_no_home_return,osrm_road_network,northeast,driving,737877a9a3614efd94d01566dc9bc8a34abff7beb60496b74b37f45d58704caa,success,,40.9714,61.39666666666667,False,2.0,413.5499000258278
"North Jersey, NJ",2026-06-11,80d34eccd31532b76a8afcc085513d8df6d6aa4c6b86f5c1e499243fd49445e6,DMS,2,2,2,3,True,home_fixed_start,last_service_stop_no_home_return,osrm_road_network,northeast,driving,7f2dff52fd9c209da786112b44c75e46e5a92be83523bb909d51ceb0afb2dee5,success,,8.6124,14.020000000000001,False,2.0,405.2222999744117
"North Jersey, NJ",2026-06-11,8aa17e00ffc7522ad639413df1dad8d87713b86ceefd7a9b795ac998d8db7542,ASC,3,3,3,3,False,nearest_neighbor_best_start,last_service_stop_no_home_return,osrm_road_network,northeast,driving,c3a62880ab6b4a0fa6bffe59a3838d03fd2baa1f1207c7997ff792511f60ff9c,success,,91.633,95.24,False,2.0,414.44829999818467
"North Jersey, NJ",2026-06-11,8afce4d9cebf8d5af470943742b6a0f7ed41ff5018c6621f477e4e5ad01e91ed,DMS2,5,5,5,5,False,nearest_neighbor_best_start,last_service_stop_no_home_return,osrm_road_network,northeast,driving,42eec134cfee8fdf8417da44e7de7f2cc012d8555a70088dd8bca2b299a5e6ff,success,,220.2375,202.07166666666666,False,2.0,454.787499998929
"North Jersey, NJ",2026-06-11,a4c144a90ce29953c22906149b86252bfc9984236112cbc10e17e01a8e811f7d,DMS2,5,5,5,5,False,nearest_neighbor_best_start,last_service_stop_no_home_return,osrm_road_network,northeast,driving,c01e8139ef152dd79cb5725012f522697668753d37694f522d9dc84cf5392f53,success,,55.6575,69.28500000000001,False,2.0,410.66029999637976
"North Jersey, NJ",2026-06-11,a82889ca4bfc4d5f06e1091bbcf9cb9096c611b97d6178e99739030e3119c150,DMS,4,4,4,5,True,home_fixed_start,last_service_stop_no_home_return,osrm_road_network,northeast,driving,898d378213d79863b8d6a63d4f916a3bf97f602a157586d5b4e7f77a1c0ce0f3,success,,20.3208,34.18833333333334,False,2.0,413.78179998719133
"North Jersey, NJ",2026-06-11,ac1183a5e39f23f42b812ba048d489bec1e76ecfaae33684014d6d6a9f3d1bc9,DMS2,3,3,3,3,False,nearest_neighbor_best_start,last_service_stop_no_home_return,osrm_road_network,northeast,driving,ce1fb5e562ab50bd1f65bde29462aa89e3e13bf94cb535e5f0ed774ebbe07a63,success,,14.9491,22.77,False,2.0,405.3544999915175
"North Jersey, NJ",2026-06-11,acc2d5eb20982c34ef4abfc6f2ad973ccb81ce065a384d4fabcfb065a5af4853,DMS2,1,1,1,1,False,nearest_neighbor_best_start,last_service_stop_no_home_return,osrm_road_network,northeast,driving,a80fe1abba81e000b02c98f81dcae0e7861bfb013e8dceabc7a72bbb9fc00b75,success,,0.0,0.0,False,0.0,0.0
"North Jersey, NJ",2026-06-11,af032c9d84129d36bc62b8955875dcdeffb8a685af5d4caa43a3d34f7d3eaa4a,DMS2,2,2,2,2,False,nearest_neighbor_best_start,last_service_stop_no_home_return,osrm_road_network,northeast,driving,fc415a0a0845b073fd533dc5c33eaa5312233a07fcee74da4658373bd8ae2351,success,,18.3857,16.181666666666665,False,2.0,395.92199999606237
"North Jersey, NJ",2026-06-11,af53bd1b7b39872e146faa37bdb47e717d06505eb3d2f5f2425d11f9f7bfaf2e,DMS2,2,2,2,2,False,nearest_neighbor_best_start,last_service_stop_no_home_return,osrm_road_network,northeast,driving,97fddce01a15a68d53ac743e8de2461c19527091b0299ad9580b592a64274099,success,,6.2601,8.221666666666668,False,2.0,394.9529000092298
"North Jersey, NJ",2026-06-11,afcbe1902e63b35c947ae004f54604bc8a110fbef29462b090b30b47ce06ae15,DMS,3,3,3,4,True,home_fixed_start,last_service_stop_no_home_return,osrm_road_network,northeast,driving,b88869481fbc3b8111d8ea84dc5ad6cc36bad2a64c66889ee71cdd5c88010047,success,,59.3669,71.25166666666668,False,2.0,418.61530000460334
"North Jersey, NJ",2026-06-11,b49dd3ab8800f00d014d59798d91e8beff189ca631ffbcf210efc8d8b5deba7e,DMS,2,2,2,3,True,home_fixed_start,last_service_stop_no_home_return,osrm_road_network,northeast,driving,4d2b8e543aa3742de85d07ee36410b57667d5c2d2ceab9cf8b0e85e0cc981960,success,,12.842600000000001,24.671666666666667,False,2.0,402.3899000021629
"North Jersey, NJ",2026-06-11,cdfe8ddbf676109a2c8820c064a6ce5db95244872edc27ec86bd68af43cea1da,DMS2,1,1,1,1,False,nearest_neighbor_best_start,last_service_stop_no_home_return,osrm_road_network,northeast,driving,b240d3776f7abeee09252302c94046124c654668ddc40de97c1af4eb53dd0309,success,,0.0,0.0,False,0.0,0.0
"North Jersey, NJ",2026-06-11,e47f84337c3bfde251f1dab583056e27bdcf31fce1983142eab4406a2a4aaa29,DMS2,7,7,7,7,False,nearest_neighbor_best_start,last_service_stop_no_home_return,osrm_road_network,northeast,driving,2f641b6b130c463755b0ddabca3c4b01a6ec39705462064c9845b96eef5db594,success,,18.9054,38.02833333333333,False,2.0,437.1257000020705
"North Jersey, NJ",2026-06-11,eacc6f9a4a27a97eca88e2aa377e4b9f18f3619ced99ebf44aca6450d258711f,DMS2,1,1,1,1,False,nearest_neighbor_best_start,last_service_stop_no_home_return,osrm_road_network,northeast,driving,c3d089a2a9d88d433efc0f9e2f6d11650024189db3f49cdf11b746401c2adbe1,success,,0.0,0.0,False,0.0,0.0
"North Jersey, NJ",2026-06-11,eb7083830673e4fb811ae4a7e9f59c9dc38dcd570a01da3bfd287be1d865234c,DMS2,5,5,4,4,False,nearest_neighbor_best_start,last_service_stop_no_home_return,osrm_road_network,northeast,driving,1cec5a639f4534b882e004a59b9a81b4791d32730b5c8168a2775f701ef72d58,success,,54.564699999999995,62.68666666666666,False,2.0,411.8218000221532
"North Jersey, NJ",2026-06-11,ed5f7d84cb70d4b85747d09bb28f76bf998960ef78b1e47b705fd4e5a0f18b75,DMS2,3,3,3,3,False,nearest_neighbor_best_start,last_service_stop_no_home_return,osrm_road_network,northeast,driving,16ed5a8325f7ff08a056e0ae7282c2c7ffcb9ffcc25d03e12c30eafacadc1a1d,success,,25.4848,32.865,False,2.0,404.66830000514165
"North Jersey, NJ",2026-06-11,f49c84d32bcbb6166aea4e51326c4b8b3eb21fa6b46109e2d3a843a425b8d3ae,DMS2,2,2,2,2,False,nearest_neighbor_best_start,last_service_stop_no_home_return,osrm_road_network,northeast,driving,9b0c0e6e55db6130932c23286df6c7a51c69919e470c1de583510053d62331a0,success,,22.044,24.435,False,2.0,420.22129998076707
"North Jersey, NJ",2026-06-11,fe2312d828dfcae4174f42eaabc4dc0a9ca61a0715bb9d76dc4bbce2468afefa,DMS2,2,2,2,2,False,nearest_neighbor_best_start,last_service_stop_no_home_return,osrm_road_network,northeast,driving,40c894776674236eb72f9246927ce13ec0ac242144d2e705953d4ee01d15de22,success,,9.2651,11.886666666666667,False,2.0,392.0695000269916
"North Jersey, NJ",2026-06-12,00bc517aa9f3d5daa1859bcfcd0490b639b1500b5b840f8530233d5f17529720,DMS2,1,1,1,1,False,nearest_neighbor_best_start,last_service_stop_no_home_return,osrm_road_network,northeast,driving,da8bae7b23546103c430277c57e74693406a8bfac935d498670136748b5c0f0b,success,,0.0,0.0,False,0.0,0.0
"North Jersey, NJ",2026-06-12,04d3b6b11a1fc7ec9c6db2fa451fd71a55c005192f39cf7a35d6e83afaea23eb,DMS2,4,4,4,4,False,nearest_neighbor_best_start,last_service_stop_no_home_return,osrm_road_network,northeast,driving,a9f4f2fb9eab1d163c605f639db73870d94a4db5ba2804ec1c64662619772aa1,success,,28.882900000000003,37.81333333333334,False,2.0,397.9509000200778
"North Jersey, NJ",2026-06-12,066295278a59e9c700d3d1c640b68a2d92ce639ceabe730886b24f80a304a5a0,DMS2,6,6,6,6,False,nearest_neighbor_best_start,last_service_stop_no_home_return,osrm_road_network,northeast,driving,4c8505e29ebe88c7603398050b7693b7e8316f6a1f099725bd9de811b177bba9,success,,48.8999,60.99666666666667,False,2.0,415.6379000050947
"North Jersey, NJ",2026-06-12,09e2a5e1796cb6ae0589ec3e813aebd001c02d430d77b65dc78c9883f2acbcb4,DMS2,2,2,2,2,False,nearest_neighbor_best_start,last_service_stop_no_home_return,osrm_road_network,northeast,driving,21e16539f6adc57b27b218e203f79bbaa3601221ee7963e24c8ce31fad9f0a3b,success,,43.759,46.61666666666667,False,2.0,403.93240001867525
"North Jersey, NJ",2026-06-12,0a9f68c6d89a0b4175e7da18180c167f3c639372b946fb10d13b58f98fd2a1ce,DMS2,2,2,2,2,False,nearest_neighbor_best_start,last_service_stop_no_home_return,osrm_road_network,northeast,driving,cb474c07bc7fac25ba8798f1a45d28a4e8b637ab6ddbe6d53ddab7a0c69c4838,success,,20.6659,23.428333333333335,False,2.0,394.91120001184754
"North Jersey, NJ",2026-06-12,0db4cfd0de7e3f8a9bd7447bf21c3f27df7b2263443682298bf3dd7d0971cc78,ASC,1,1,1,1,False,nearest_neighbor_best_start,last_service_stop_no_home_return,osrm_road_network,northeast,driving,79c2609e4e05996e515db367f50cb92d39b90c1dbe27f769eb9f5031e32a2686,success,,0.0,0.0,False,0.0,0.0
"North Jersey, NJ",2026-06-12,128409d867565e237af9a927c8b87d468f0207f1c1f685e0a0b5b8be7d48873a,DMS2,1,1,1,1,False,nearest_neighbor_best_start,last_service_stop_no_home_return,osrm_road_network,northeast,driving,704f29ae8153fe5087773cf63b41d6fe748090bf75ea185b64113ece8c2e337f,success,,0.0,0.0,False,0.0,0.0
"North Jersey, NJ",2026-06-12,166d71090645397d4089ea02d1fa773d8264f6bc5a8681ad68c38918d2c2b081,DMS2,6,6,6,6,False,nearest_neighbor_best_start,last_service_stop_no_home_return,osrm_road_network,northeast,driving,a14ec8546cf4cddbfede8d45a9c1d9b1f606b2a614810ccb562d450442e3da6a,success,,30.9087,44.55166666666666,False,2.0,420.47110002022237
"North Jersey, NJ",2026-06-12,208b53dc7fbc6402e583e4e6c9347f23d7b42e947e8389844e728b876411f862,DMS2,1,1,1,1,False,nearest_neighbor_best_start,last_service_stop_no_home_return,osrm_road_network,northeast,driving,379061ebfe08f697886a25fe6e94f33b91e3bbd5286d4c08f432d22446f23ea0,success,,0.0,0.0,False,0.0,0.0
"North Jersey, NJ",2026-06-12,21640b45f9796e534b14f36c37738d59931abfca7a8a82617feeae3d19b54ee0,DMS2,1,1,1,1,False,nearest_neighbor_best_start,last_service_stop_no_home_return,osrm_road_network,northeast,driving,92a387ba75c0062e2218e8a52834473be1abb5b85d6c3d09a1f6fd0a56337673,success,,0.0,0.0,False,0.0,0.0
"North Jersey, NJ",2026-06-12,229172c33ecfd12159b7038ee2b09460998233e326f6a93b267017f3ac57b0dc,DMS,3,3,3,4,True,home_fixed_start,last_service_stop_no_home_return,osrm_road_network,northeast,driving,52a562ee1d6297520c8c56ad1211b12dbad92d6ae16033ff6a90777e612aabba,success,,30.8245,42.62,False,2.0,411.17820001090877
"North Jersey, NJ",2026-06-12,268e05af1f0a846cfcc7e1920207ceb981c11861c4d4757da6e76565dfb523d9,DMS2,4,4,4,4,False,nearest_neighbor_best_start,last_service_stop_no_home_return,osrm_road_network,northeast,driving,977848b5dfc13f8faac64488dbfa647ff0c746b27854ca211186ee335748aa09,success,,38.264199999999995,48.184999999999995,False,2.0,412.6885999867227
"North Jersey, NJ",2026-06-12,2a2305f0d722d37af8297f0b01fdb061f436f84a315bedb6d27e65d51d1cd15f,DMS,4,4,4,5,True,home_fixed_start,last_service_stop_no_home_return,osrm_road_network,northeast,driving,e5dd5f01c1e099b7a2ed6336c730347b97c570b770952bd4e90ea8f9098819ac,success,,23.046400000000002,40.556666666666665,False,2.0,412.60589999728836
"North Jersey, NJ",2026-06-12,2f19b7f67d1862266331976e646a1393a7fa2fb1be0138e02d06304b72e367c7,DMS,3,3,3,4,True,home_fixed_start,last_service_stop_no_home_return,osrm_road_network,northeast,driving,6516382397d5fe6b7fcc14e83c75fa5b6f0cf9f27447b4907161cd9679fd764d,success,,20.6056,35.20666666666667,False,2.0,405.8616000111215
"North Jersey, NJ",2026-06-12,4382013b6679a9f40e9016662aee4798f54013f446b8573035f6c6d5107dc6dc,DMS2,1,1,1,1,False,nearest_neighbor_best_start,last_service_stop_no_home_return,osrm_road_network,northeast,driving,5a9030dac484fcd84d53c5ee52d30981e4239100dcca46caf77a5feafec31f6a,success,,0.0,0.0,False,0.0,0.0
"North Jersey, NJ",2026-06-12,45549df24dc7f3abdaf2247bd5299e24abb30d313fe0f6a8b974893b802f04be,DMS,1,1,1,2,True,home_fixed_start,last_service_stop_no_home_return,osrm_road_network,northeast,driving,323665a78a4d48abe46f37db38df3961b88282c86e28d7129ec3b52844891983,success,,14.0985,15.876666666666667,False,2.0,397.5270999944769
"North Jersey, NJ",2026-06-12,4a26983613c0bd48c7a223e7d6f1798a9de2d7f6247db9543cc9724f8869cc07,DMS2,3,3,3,3,False,nearest_neighbor_best_start,last_service_stop_no_home_return,osrm_road_network,northeast,driving,3329c8c34803cef96cf5e64ab261acaf52754957d75afea65bef8efbd0ec029d,success,,7.784,13.226666666666667,False,2.0,396.59120002761483
"North Jersey, NJ",2026-06-12,52106c5a15acaf44d241ea032ddaedd79240a4259b420b9ed3bef532cf7fd212,DMS2,3,3,3,3,False,nearest_neighbor_best_start,last_service_stop_no_home_return,osrm_road_network,northeast,driving,831d751295c61cfeb248012ffdb085f45c41e97abc393541a96c3c50253b9c9c,success,,3.2415,5.288333333333333,False,2.0,395.37189999828115
"North Jersey, NJ",2026-06-12,584e7217e52824fbaa1f7067bb54241b5524137e886b794e00bc03553d82ec63,DMS2,3,3,3,3,False,nearest_neighbor_best_start,last_service_stop_no_home_return,osrm_road_network,northeast,driving,23b4acbbb9a913e3f3816fac7c7ac36f61bc467527bf16b5b42916b9342507bb,success,,29.2209,33.998333333333335,False,2.0,397.0702000078745
"North Jersey, NJ",2026-06-12,5d5b5ffd5f4f066d15f6000563a791ef27b17dd50172d5e608cb64bda736f461,DMS2,6,6,6,6,False,nearest_neighbor_best_start,last_service_stop_no_home_return,osrm_road_network,northeast,driving,a4c7d074151e6fce0538a27c7e88b24ccff1bc8053dd1890b2220bb50733a1cb,success,,20.2877,41.14666666666667,False,2.0,430.29479996766895
"North Jersey, NJ",2026-06-12,5fa90d1abeca66d76365c059b438371e8eb3538f14d822d0c1db142a2f479a5f,DMS2,1,1,1,1,False,nearest_neighbor_best_start,last_service_stop_no_home_return,osrm_road_network,northeast,driving,328af8206fa5d0cc2eb4266e07e54119a275f95aaea521e5f0aa5b5dd59afcf7,success,,0.0,0.0,False,0.0,0.0
"North Jersey, NJ",2026-06-12,71ef99b86204b064e2c141d1945edc22764573350720dba7fbe4f2cedd03ffff,ASC,7,7,7,7,False,nearest_neighbor_best_start,last_service_stop_no_home_return,osrm_road_network,northeast,driving,f83f1162618b66bfc127c93c93279a210ef76a1f29eb6bd784627c0d9743cc05,success,,73.7063,89.57333333333332,False,2.0,430.7700000354089
"North Jersey, NJ",2026-06-12,72d352a10e48ced53f59d2a50a59b36390a4c1375a7085b8b6a9794e8caa75c1,DMS2,1,1,1,1,False,nearest_neighbor_best_start,last_service_stop_no_home_return,osrm_road_network,northeast,driving,8005327283b37f60ffc37573f96c8f43b9485d14b50d4aa9ac85ae841032999f,success,,0.0,0.0,False,0.0,0.0
"North Jersey, NJ",2026-06-12,741321decd3bb14cf42bbd448cc8e8754aa35066cd26369a6d2c4d6175ad6488,DMS2,5,5,5,5,False,nearest_neighbor_best_start,last_service_stop_no_home_return,osrm_road_network,northeast,driving,cdda0355cce719c13b8061bb4f074943a196c275f6e83d0973268fee18d8c2b2,success,,7.2293,14.036666666666667,False,2.0,410.91549998964183
"North Jersey, NJ",2026-06-12,7a60f346869529ef12d544ab2c898e393fb44c668e33f8395e591b942481fb05,DMS2,1,1,1,1,False,nearest_neighbor_best_start,last_service_stop_no_home_return,osrm_road_network,northeast,driving,1c87b7e12653e50ac480645b372fc0189801ada4896dba7e392312e93c95c371,success,,0.0,0.0,False,0.0,0.0
"North Jersey, NJ",2026-06-12,88cf4b0a39f1176ac45bedc93a5369e9ccd349025589b2f940f6ccc9796129da,DMS2,2,2,2,2,False,nearest_neighbor_best_start,last_service_stop_no_home_return,osrm_road_network,northeast,driving,8c2865d179cb532b056cef49a3a4a57ca03535899850d150105b3b31092eff34,success,,11.691799999999999,15.663333333333332,False,2.0,399.49859998887405
"North Jersey, NJ",2026-06-12,8907e8c3040fc21589e4cc3304f29057a182b0beff8aa211c01a8a01dcc98ec2,DMS2,10,10,8,8,False,nearest_neighbor_best_start,last_service_stop_no_home_return,osrm_road_network,northeast,driving,265fbd48ead6d72d4ff30eb0a6cd4f58deda045551d3e8202bca19fe62048d77,success,,202.6763,223.41,False,2.0,453.794500004733
"North Jersey, NJ",2026-06-12,928ba430b35abc6ecf67a014827307356ff64d851ba6672bdedcdb6ca037fcab,DMS,2,2,2,3,True,home_fixed_start,last_service_stop_no_home_return,osrm_road_network,northeast,driving,115a582f5b3decffdbc0ef0e707920524dea989de5d1171fb0e34bb5317e7a2b,success,,52.5577,52.105000000000004,False,2.0,406.8241000059061
"North Jersey, NJ",2026-06-12,96b8a19c3ca9bab56acd03c34582f814e86900646abeb82a7f47e08f39276637,DMS,5,5,5,6,True,home_fixed_start,last_service_stop_no_home_return,osrm_road_network,northeast,driving,3ef362997954931607e449f41272b277e7a95fce181bef1e5281fc66569044a4,success,,695.6658,565.4150000000001,False,2.0,462.35740001429804
"North Jersey, NJ",2026-06-12,9b62b69a488b09ce84f2bda4852a86eb49694e2911ebbe5b2c0b773a420185ef,DMS2,4,4,3,3,False,nearest_neighbor_best_start,last_service_stop_no_home_return,osrm_road_network,northeast,driving,2fe0d5d99b8e2d2584b4c5264462f70f6e3dac44bce610cbbab9f5bf9963bebb,success,,40.8114,40.175,False,2.0,396.5390000084881
"North Jersey, NJ",2026-06-12,a19586d1db2c59fbf4cc57576bff56b6b72b6eae491c2992b44a5814aff73a8c,DMS2,9,9,9,9,False,nearest_neighbor_best_start,last_service_stop_no_home_return,osrm_road_network,northeast,driving,c1a5d3e4a44d5d0e1329b6d025222db5ab94c278ca80e5d9538e57cc3924267d,success,,104.37689999999999,134.69666666666666,False,2.0,446.33979999343865
"North Jersey, NJ",2026-06-12,a81f828773d9dcf52af5d53e3a6eea6c729ed824b6918a8e80dabb2c052fb588,DMS2,1,1,1,1,False,nearest_neighbor_best_start,last_service_stop_no_home_return,osrm_road_network,northeast,driving,550db5b6bbc9353aa0f77666f783b7e27e1f929aec3744c6743f6f5c9645a77d,success,,0.0,0.0,False,0.0,0.0
"North Jersey, NJ",2026-06-12,a912ad459b775f1ead14843f5aaf62fa9a1858a51b8216e746d87db7d12af492,DMS,4,4,4,5,True,home_fixed_start,last_service_stop_no_home_return,osrm_road_network,northeast,driving,e8855719627f76b144107f9c029aa6040015b309b44fcf3579242586dab91cbe,success,,52.4243,63.14333333333333,False,2.0,416.2097999942489
"North Jersey, NJ",2026-06-12,ba59c994474a5c67d0202edf7a3ea584446ba0fd4c658d353b97928db5773332,DMS2,4,4,4,4,False,nearest_neighbor_best_start,last_service_stop_no_home_return,osrm_road_network,northeast,driving,09789e8cef14cef696024f33f6ed9dc313c3e7cb788c76d68e8a7243a37b677b,success,,37.7112,43.038333333333334,False,2.0,407.08279999671504
"North Jersey, NJ",2026-06-12,cbb1f3db74272efc6a668909790f919a71d48d8d9f76aa8647f2b20a57f67549,DMS2,2,2,2,2,False,nearest_neighbor_best_start,last_service_stop_no_home_return,osrm_road_network,northeast,driving,7eb5407eb8d7f356f37676525f81315533090b27dacfab3d0846ad05171d57e2,success,,8.121,15.46,False,2.0,408.20149998762645
"North Jersey, NJ",2026-06-12,d465067a820b94e9234c54d4d027d45efb65fd2f3618a6cbc0c3628a5291a1b0,DMS,4,4,4,5,True,home_fixed_start,last_service_stop_no_home_return,osrm_road_network,northeast,driving,c9b68eab394ef9ef0df18977060d2a57bef1f32296d1fdc7700fa35c2b631046,success,,20.905900000000003,27.366666666666667,False,2.0,413.8422000105493
"North Jersey, NJ",2026-06-12,d572b4b2d1bb1307cfd0708ccd4580bb36954c619a8dd9a9c396ab9d01a43bd4,DMS,2,2,2,3,True,home_fixed_start,last_service_stop_no_home_return,osrm_road_network,northeast,driving,1209c06c1a243ff789eb9d3085c5df7738ca1bddab1bae0fa2004a664e9218ab,success,,24.640099999999997,36.515,False,2.0,402.832199994009
"North Jersey, NJ",2026-06-12,f321b59d4bfda7ac5bf03136b60b5c96df0bbb6d3d473e12d9811bd1035953f3,DMS2,1,1,1,1,False,nearest_neighbor_best_start,last_service_stop_no_home_return,osrm_road_network,northeast,driving,bab40cc464deea1ab7b56655deeee25d2d6dfc5d1845db9f2b539267b04d5dad,success,,0.0,0.0,False,0.0,0.0
"North Jersey, NJ",2026-06-12,f4161bbcb52121a36a7d4076babf288a3b4c63131cdedf82f921212341b58cc5,ASC,1,1,1,1,False,nearest_neighbor_best_start,last_service_stop_no_home_return,osrm_road_network,northeast,driving,ccc9b4ff9af74ebc716fcb85ba8fcac59c7e8b546988b863cf98e6302fe5a4f7,success,,0.0,0.0,False,0.0,0.0
"North Jersey, NJ",2026-06-12,fe94052363d444bd4aa1e1427fbbd85e4d1db7bfc17e708e23cd4b61685e2b73,DMS2,3,3,3,3,False,nearest_neighbor_best_start,last_service_stop_no_home_return,osrm_road_network,northeast,driving,d0cec0a580e0e3ccbd5ad29d778f345f01c8b5e2ca51161a6fa023354b3d99ed,success,,90.6926,88.76166666666667,False,2.0,408.19940000073984
"North Jersey, NJ",2026-06-13,391d98dc2fd69abbb807dabb1c02133f97f1362af016ffe85a73d0102fdec53d,DMS2,2,2,1,1,False,nearest_neighbor_best_start,last_service_stop_no_home_return,osrm_road_network,northeast,driving,d1017e171c37bb772457e6f26e5babfd2956843e20ab319b318bd507b7aa9260,success,,0.0,0.0,False,0.0,0.0
"North Jersey, NJ",2026-06-13,5ba583441eae9e8acf9eb851e28e1ef87e907502462aad3910e121295733fc15,DMS,3,3,3,4,True,home_fixed_start,last_service_stop_no_home_return,osrm_road_network,northeast,driving,445fc6ebc70c00edcb185a8fbdb78da1336886bf1b0ff3067011bff18a6fcb56,success,,44.5619,50.15,False,2.0,405.5162000004202
"North Jersey, NJ",2026-06-13,64d70dc6ef4344919a51d8b28ff65ca24ee3ebfff80b63cf70bd2c3af1f9c9bf,DMS2,1,1,1,1,False,nearest_neighbor_best_start,last_service_stop_no_home_return,osrm_road_network,northeast,driving,b6da95214989161d122bcb978f41c7f104a52ab7e0682a16bd0046d694242ca5,success,,0.0,0.0,False,0.0,0.0
"North Jersey, NJ",2026-06-13,836c3a8ce9aed2e5d6239d001b82bcf100484b7aac8d9a531ffd51a21d1b9e8e,DMS2,2,2,2,2,False,nearest_neighbor_best_start,last_service_stop_no_home_return,osrm_road_network,northeast,driving,84e53c7cde510efdf08a3b98e4e7d917433983574988951d677cd05b403b3fdf,success,,44.8459,41.705000000000005,False,2.0,404.0593999961857
"North Jersey, NJ",2026-06-13,a04cc868a822a1365237587efb3da21fd689c9351705ded82a6a44d388eec703,DMS2,2,2,2,2,False,nearest_neighbor_best_start,last_service_stop_no_home_return,osrm_road_network,northeast,driving,4c7a0347649447c0d31a5ba4b921ea31cb4e729054e8103092e1ccd45353e798,success,,12.438,14.943333333333333,False,2.0,390.85709999199025
"North Jersey, NJ",2026-06-15,0c2bed2f21df89a195e361db98aa619e9f5a8f6d07615a29fc2f1c4a868222b1,ASC,1,1,1,1,False,nearest_neighbor_best_start,last_service_stop_no_home_return,osrm_road_network,northeast,driving,c32a940f272a5b183b977086ca6aa96f79e5edad362da551ed4a8fa2eada153d,success,,0.0,0.0,False,0.0,0.0
"North Jersey, NJ",2026-06-15,0d7604d4dfce1aab02ab29de759e9512b4b062a358c36fee8ebb4ec62bb201a2,DMS2,1,1,1,1,False,nearest_neighbor_best_start,last_service_stop_no_home_return,osrm_road_network,northeast,driving,4628767b63802ab59e4d578649e2c9d2c12c5733e21e3c986bc6ad5b7adb5cd1,success,,0.0,0.0,False,0.0,0.0
"North Jersey, NJ",2026-06-15,1827563b46dd4c3c85ca83e5d3f931770dabd7f9d590be9420a36f9aabc70780,DMS,2,2,2,3,True,home_fixed_start,last_service_stop_no_home_return,osrm_road_network,northeast,driving,07d5f2989db92bbe7f53bc297d935893672320dffd5145fc944918b7c657f4c7,success,,28.560200000000002,30.058333333333334,False,2.0,398.66750000510365
"North Jersey, NJ",2026-06-15,2120e729e8d8c4da0987411c1b9724fd693b2f416632bd279b40ea9d1a9c0b86,DMS2,1,1,1,1,False,nearest_neighbor_best_start,last_service_stop_no_home_return,osrm_road_network,northeast,driving,625c59d4f67e1a0da540132fa83b217a7c4d7ba5129d8378e4bbdfd496ab473a,success,,0.0,0.0,False,0.0,0.0
"North Jersey, NJ",2026-06-15,270dc69f3004f47ca92676bad07b06e78732d08809b6ce5ec846deb47e772f7d,DMS,4,4,4,5,True,home_fixed_start,last_service_stop_no_home_return,osrm_road_network,northeast,driving,0adb4042dbe1233c4f3837330f12bef72eac7a77c08da6382535a5a6cae38c03,success,,21.506700000000002,33.75333333333334,False,2.0,412.84070000983775
"North Jersey, NJ",2026-06-15,2b9b87671bfd8ec95295f13a70ebcfde37600e6507d003c69daef11ac3c935d3,DMS2,1,1,1,1,False,nearest_neighbor_best_start,last_service_stop_no_home_return,osrm_road_network,northeast,driving,70327eab3338b963e9698e409c2117119facb4dddcc22aec84cdcf28f7517100,success,,0.0,0.0,False,0.0,0.0
"North Jersey, NJ",2026-06-15,308643f3d9775b9e56ba308c0cc3da43ff91c4d11b21d1f1c11f0c7650f84e57,ASC,10,10,10,10,False,nearest_neighbor_best_start,last_service_stop_no_home_return,osrm_road_network,northeast,driving,53d55b53e41c4d77cdee606e5e04d85bd8cbf68092a3870b0729c9ea6d211e25,success,,117.16510000000001,146.9,False,2.0,455.47019998775795
"North Jersey, NJ",2026-06-15,321470895bec646551fb3db0d4413cd899845eb236ac7812e96ed672259cdfc5,DMS2,1,1,1,1,False,nearest_neighbor_best_start,last_service_stop_no_home_return,osrm_road_network,northeast,driving,59000195ea00834b43ad393cc5c7cccfd1418cefa38a813984444d37107e89be,success,,0.0,0.0,False,0.0,0.0
"North Jersey, NJ",2026-06-15,39729f1aedfdbf410a86a0489b9f475139c5c341c6063b8cbf1e7665d37bcd93,DMS2,1,1,1,1,False,nearest_neighbor_best_start,last_service_stop_no_home_return,osrm_road_network,northeast,driving,b994a7c89ccf0e0b85b7025c2ea9770bceb3305e4f164f49dab0077729ba57da,success,,0.0,0.0,False,0.0,0.0
"North Jersey, NJ",2026-06-15,514ddf22ffbafa9839f4a2e20e0f197d55474809abf5c2adf601738e24f8a9e1,DMS2,7,7,7,7,False,nearest_neighbor_best_start,last_service_stop_no_home_return,osrm_road_network,northeast,driving,af0e8592566cf43cca6d56658bcd07e1aeaead41b2c2da339f10311816929fb8,success,,46.7816,61.891666666666666,False,2.0,441.348399996059
"North Jersey, NJ",2026-06-15,5221748f6394c0ae868d7d491a9c25c4f3b932d392d646f9a5ae1272d164e79c,DMS2,2,2,2,2,False,nearest_neighbor_best_start,last_service_stop_no_home_return,osrm_road_network,northeast,driving,6f9bc0d7b61eb01a127149196df2e56a576f48d99ec2b63113606d3e18715d05,success,,37.7382,39.92333333333333,False,2.0,400.5959999631159
"North Jersey, NJ",2026-06-15,556e3311cac06a828dd2b021b9679f0aca4460e1d8994a98ad3d5aad10370193,DMS2,15,15,14,14,False,nearest_neighbor_best_start,last_service_stop_no_home_return,osrm_road_network,northeast,driving,5791f901ae1a24de96eadd198ba02906c036bc472c86ce5cdc32c3678519ded5,success,,88.62639999999999,135.27,False,2.0,466.9550000107847
"North Jersey, NJ",2026-06-15,5cf66451692327d1cc5dce51fc3d513b5dd5ba025026279cb2691632e2a974ca,DMS2,3,3,3,3,False,nearest_neighbor_best_start,last_service_stop_no_home_return,osrm_road_network,northeast,driving,dd4eeae1fe5920db3f79b3b8b3251cad7b4b49b42e4e72476c9867439d5fd9d9,success,,20.259900000000002,34.06666666666667,False,2.0,418.7340999778826
"North Jersey, NJ",2026-06-15,5fe6582c4baa0561d4a8d42d69efb35e753e4e68415f703ff0157506905de888,DMS2,6,6,6,6,False,nearest_neighbor_best_start,last_service_stop_no_home_return,osrm_road_network,northeast,driving,367d72063a08b6b9841a39860b218b4ecb6e0a5a79502f5ddc5e87baf7fe8fb8,success,,42.7131,52.306666666666665,False,2.0,450.91869999305345
"North Jersey, NJ",2026-06-15,6749e855a13a513853307e7bdadcde1641896b84c90121a346a0ea2ededa8263,DMS2,1,1,1,1,False,nearest_neighbor_best_start,last_service_stop_no_home_return,osrm_road_network,northeast,driving,5f0bac78c2964b6dd8ba53b1165b1645a034d66cc1d765435e358de927057776,success,,0.0,0.0,False,0.0,0.0
"North Jersey, NJ",2026-06-15,6a9def029e47c610f4d8ed64bb795e4a443f7d0fe5147b5f766fcc7f2d1d1007,DMS2,7,7,7,7,False,nearest_neighbor_best_start,last_service_stop_no_home_return,osrm_road_network,northeast,driving,41b671d466a9455ca78846330ee627818169bf1dde50129985340296370807fe,success,,29.2804,51.02333333333333,False,2.0,433.0345999915153
"North Jersey, NJ",2026-06-15,6adac32a0fb69ed95bac7446927765471c25c5239d407997e084f4372c17c62c,DMS2,1,1,1,1,False,nearest_neighbor_best_start,last_service_stop_no_home_return,osrm_road_network,northeast,driving,38cb5722823cb69d230f5a83db5932dc265ce0428779eea99908d346b044f663,success,,0.0,0.0,False,0.0,0.0
"North Jersey, NJ",2026-06-15,7239a03d0ceae4fddbf0e225037c4cf894bb5e9b1f9490df0f12d79071edb6b0,DMS2,2,2,2,2,False,nearest_neighbor_best_start,last_service_stop_no_home_return,osrm_road_network,northeast,driving,f922644ce7901f87a8bd9f391a7f65ef1295214107e393ef01d182bd450b45fb,success,,2.0157,3.183333333333333,False,2.0,389.98520001769066
"North Jersey, NJ",2026-06-15,73dfc6ed54ac17c43675e8cbb92eb0ff716f55d6a3f2fb9cf94592c2a7bbf8d1,DMS,4,4,4,5,True,home_fixed_start,last_service_stop_no_home_return,osrm_road_network,northeast,driving,b88313cdaf22e252c05b1cf775122a610fb9842c80f8caf2d9d640bd06fb6e6b,success,,50.3681,64.60166666666666,False,2.0,417.8644999919925
"North Jersey, NJ",2026-06-15,861e8ad99d98105d4fba526b41967fe70c44e0587bb1e81165ef3bd9dbf62b26,DMS2,16,16,15,15,False,nearest_neighbor_best_start,last_service_stop_no_home_return,osrm_road_network,northeast,driving,0f36de2a88eafd17569efba25ebd53ca8a4568de218515b2263ddaf41cc43476,success,,298.05920000000003,319.1333333333333,False,2.0,496.2603999883868
"North Jersey, NJ",2026-06-15,9acd7c57b211130995bb515d37d4de91e6bea2351950f36a115f4cae721d079e,DMS2,1,1,1,1,False,nearest_neighbor_best_start,last_service_stop_no_home_return,osrm_road_network,northeast,driving,625c59d4f67e1a0da540132fa83b217a7c4d7ba5129d8378e4bbdfd496ab473a,success,,0.0,0.0,False,0.0,0.0
"North Jersey, NJ",2026-06-15,9c5f58a75f4c104734d285d3e9de80f7620df9eb7e340c2cc97e58e8cb5deae9,DMS2,3,3,3,3,False,nearest_neighbor_best_start,last_service_stop_no_home_return,osrm_road_network,northeast,driving,fc9a5a69da2176223c8584563d3c559665d5920ae74fde89acf04076328780cc,success,,27.4857,32.47833333333333,False,2.0,397.02559998841025
"North Jersey, NJ",2026-06-15,9db19bb50633794749caab37ae4416cd5e0ca75fe433d877925599e2878c0d76,DMS2,1,1,1,1,False,nearest_neighbor_best_start,last_service_stop_no_home_return,osrm_road_network,northeast,driving,781a8971169820c6497b351a6a9bc13b3d715a3a0653c9417d40abfe9f6587ac,success,,0.0,0.0,False,0.0,0.0
"North Jersey, NJ",2026-06-15,a71cecf4915fd52a05f55e31657e11a71fa34bbe43f87bfae614624d3522b92f,DMS2,2,2,2,2,False,nearest_neighbor_best_start,last_service_stop_no_home_return,osrm_road_network,northeast,driving,32bb8e87ed6b3ae1f6c4c07f931162814802cf0476faa31a518a8dafd4dc85e4,success,,11.7786,14.991666666666667,False,2.0,397.13519997894764
"North Jersey, NJ",2026-06-15,abfde54975f0a54efbe80970976f1f0be54133e1eeecf86176d1758ecb82e202,DMS2,2,2,2,2,False,nearest_neighbor_best_start,last_service_stop_no_home_return,osrm_road_network,northeast,driving,0d25ab3052d157bbdda4d4b173ca173b217534bea0faa92267715f477a910dec,success,,10.338299999999998,12.47,False,2.0,393.74950001365505
"North Jersey, NJ",2026-06-15,b22547dcd957b60c54f381725ac1c50c0f99288a121cf031a312ade6f2ea8ccb,DMS2,2,2,2,2,False,nearest_neighbor_best_start,last_service_stop_no_home_return,osrm_road_network,northeast,driving,ef9a0dfa9e3e2eb20d49475c7d1708b27a5d9b447ef9db2675181bbd69ee71c1,success,,11.561200000000001,18.063333333333333,False,2.0,393.94870001706295
"North Jersey, NJ",2026-06-15,b252cf79d5e1b565894d1aac30646efa12c0f0836e75faa3d5e20d9776cd9782,DMS2,4,4,4,4,False,nearest_neighbor_best_start,last_service_stop_no_home_return,osrm_road_network,northeast,driving,b5c887a1aa6b8bfdf3d6772f1fa6138ea508f95fcf68988477905433f7ebccfb,success,,55.3307,67.175,False,2.0,413.672399969073
"North Jersey, NJ",2026-06-15,b678749ce1ebc638e2a1c1c3ac7ac7f84b04861a56893c197971e2fa291da0d2,DMS,3,3,3,4,True,home_fixed_start,last_service_stop_no_home_return,osrm_road_network,northeast,driving,9da04a90aec8ff3752a79d9455d596b5800267db0108b513ba093615c00dd625,success,,20.7653,31.39,False,2.0,404.6717000019271
"North Jersey, NJ",2026-06-15,bda1f59c09d30f00885e99039cda93dbfe7e2c1ff7e1093bb2d4eca7ea79bb82,DMS2,4,4,4,4,False,nearest_neighbor_best_start,last_service_stop_no_home_return,osrm_road_network,northeast,driving,d2a996cfe2ac1da1486fe366f825d32b19c9771bf5031f44b7cb25315780c621,success,,69.02810000000001,77.45333333333333,False,2.0,420.2437000349164
"North Jersey, NJ",2026-06-15,c043c2305fc534fcbc00f392b2574d7fb23c7984fd1706175e70246822f10c7f,DMS2,3,3,3,3,False,nearest_neighbor_best_start,last_service_stop_no_home_return,osrm_road_network,northeast,driving,05ff2765de257bd5a72a3f6affb5d758c3367f44c60b4fc110a5ae053df337d6,success,,20.1873,25.866666666666667,False,2.0,406.1912999895867
"North Jersey, NJ",2026-06-15,c2cc138d39fab0ba09b9dd04026d1a86d11443fc92dcbe035cf8b9fcf1e66140,DMS2,3,3,3,3,False,nearest_neighbor_best_start,last_service_stop_no_home_return,osrm_road_network,northeast,driving,779de042e20679516d29f90da09a0c9802c3fc5bd224187d10f2c939142e7c55,success,,32.0336,37.3,False,2.0,397.1654000051785
"North Jersey, NJ",2026-06-15,deab29dd826e325c9d1646ddf947d16ce8edeab531b92c763bdad88ab28e9f90,DMS,5,5,5,6,True,home_fixed_start,last_service_stop_no_home_return,osrm_road_network,northeast,driving,4358064dc08e737426d24ea33c102e354b73339284c4cc660253266549fadbb1,success,,54.924699999999994,70.12833333333333,False,2.0,425.76980000012554
"North Jersey, NJ",2026-06-15,e16687385a3d3c216217406eb6a967cd68dcaa623bce4926628bc4461311c17a,ASC,2,2,2,2,False,nearest_neighbor_best_start,last_service_stop_no_home_return,osrm_road_network,northeast,driving,ce79f2d3831c93a9199c402f6433c43ce839af00cb64996334f2198fe0173650,success,,13.504,17.796666666666667,False,2.0,393.83540002745576
"North Jersey, NJ",2026-06-15,e35e98fa7910bb070dd9a1cc6968edbf6ed59eb05db05091efafc6b58f683921,DMS2,2,2,2,2,False,nearest_neighbor_best_start,last_service_stop_no_home_return,osrm_road_network,northeast,driving,9940c55869f39fdd8c444a1791390e0e3d8bbdedcf0ab9e5b95442f013bbbfec,success,,8.5615,11.726666666666667,False,2.0,397.3843000130728
"North Jersey, NJ",2026-06-15,e3869d0dee5208c9e04cc9cc5a9782dbbdd7c97ea62faff675cf081a514a6f44,DMS2,3,3,3,3,False,nearest_neighbor_best_start,last_service_stop_no_home_return,osrm_road_network,northeast,driving,6fe66e22d96b7131d41feca2b8a11dc21fe7f5b8bdf3d1f77a3facb7f6b5552c,success,,24.0195,32.056666666666665,False,2.0,395.04040000610985
"North Jersey, NJ",2026-06-15,f162845271f58df0a26fcdeef91db72501db24cf91e4abc9e2853716c946faf3,DMS2,4,4,4,4,False,nearest_neighbor_best_start,last_service_stop_no_home_return,osrm_road_network,northeast,driving,c99b03b66985469aa22153f0002253aa675433e84d5e05c6e7eb5f678e2ed52d,success,,11.8273,23.65,False,2.0,411.4396999939345
"North Jersey, NJ",2026-06-15,f56fec28ce839d1b390af26dd672c927738771d4a1ac75b93199b2fb31f53861,DMS2,3,3,3,3,False,nearest_neighbor_best_start,last_service_stop_no_home_return,osrm_road_network,northeast,driving,6c6bc5df864f04de95c47f2d531f4fd1f489c113ccfa3c7d0cd514cd0c1cc029,success,,41.8459,49.98833333333334,False,2.0,402.43879999616183
"North Jersey, NJ",2026-06-15,f70625e87c5f89719d30b3f701a5899f4cab3383c9aee1b1a42e7e74f5d3c14d,DMS,3,3,3,4,True,home_fixed_start,last_service_stop_no_home_return,osrm_road_network,northeast,driving,e062702627b312ed1e5d60f5bc695c9c1ce89e5964036231d1f974c0593182a8,success,,68.7135,77.00333333333333,False,2.0,413.3047999930568
"North Jersey, NJ",2026-06-15,ffec178b3b6e9773d403092eff08c92cd73b1ac33654828b70e810ad09be7f63,DMS,3,3,3,4,True,home_fixed_start,last_service_stop_no_home_return,osrm_road_network,northeast,driving,f84d6b2ac8acb0a01c82324f3faf586623712adb75b0a21506bc4e790a387ce9,success,,35.994699999999995,39.23166666666667,False,2.0,404.77219998138025
"North Jersey, NJ",2026-06-16,00e4f4622154e56a6d52c8558be5b165c661a8fba9e07fb67a05e9dbfc73c835,DMS,4,4,4,5,True,home_fixed_start,last_service_stop_no_home_return,osrm_road_network,northeast,driving,8a2e45063ba8e3a3db92df080ae1e23af5a6f7f125eab221ca1d9872565fce0e,success,,517.3061,402.0933333333333,False,2.0,436.619999964023
"North Jersey, NJ",2026-06-16,04f5a35343248a2846e66c39e855649a07bd6444e8be8e26c8c4fc191e214443,DMS2,1,1,1,1,False,nearest_neighbor_best_start,last_service_stop_no_home_return,osrm_road_network,northeast,driving,80e0ba833506489d89f10f09f8ef387a4fb97aa25233d0c94bd1d33ec108119d,success,,0.0,0.0,False,0.0,0.0
"North Jersey, NJ",2026-06-16,0b428a9940025bae0f57251cf3726ce2c15be5e08a1609de86b444e0a1d28ace,ASC,1,1,1,1,False,nearest_neighbor_best_start,last_service_stop_no_home_return,osrm_road_network,northeast,driving,705da8ed24299852125ccfb031c0e7bba6cb317dcf55cf006753981d2cf6db4d,success,,0.0,0.0,False,0.0,0.0
"North Jersey, NJ",2026-06-16,1242536e5e0d729fae4fa08c6aafcc792be7dd5dab153d97a55ef0d8a15789d7,DMS,3,3,3,4,True,home_fixed_start,last_service_stop_no_home_return,osrm_road_network,northeast,driving,b73b834ad6ead8f6b5ab00f1111c1397010bc4a1f9a0343736b03d7cb6ecd533,success,,586.8181,471.4216666666667,False,2.0,465.47590001136996
"North Jersey, NJ",2026-06-16,1419e949829dfa189e3df4461056497c2a9b6712b4c065eb27ff35c3059aba1b,DMS2,6,6,6,6,False,nearest_neighbor_best_start,last_service_stop_no_home_return,osrm_road_network,northeast,driving,8571e011dab5c8b56673939800042de0595a6ae4ddb897e215950171c1115c3e,success,,19.8887,36.16166666666666,False,2.0,419.0002000250388
"North Jersey, NJ",2026-06-16,18e746690de265dcf163905a7f7608326e9f54a2f7761b1bd79aeac2311b6645,DMS2,1,1,1,1,False,nearest_neighbor_best_start,last_service_stop_no_home_return,osrm_road_network,northeast,driving,7021a1d075ed6ecd1786da30d46f9b2e9fb24b068a1913e30e3977b15ec44465,success,,0.0,0.0,False,0.0,0.0
"North Jersey, NJ",2026-06-16,1b37198678a6198cb663e65ee792ac26ae0035ef6d33fb9dd6af3166ecb0148d,DMS2,3,3,3,3,False,nearest_neighbor_best_start,last_service_stop_no_home_return,osrm_road_network,northeast,driving,5293018eb42c6da6afe53d993085e2ba3ac8de6b3674c2c2c5004a2ce0080c22,success,,18.5368,23.401666666666664,False,2.0,398.39970000321046
"North Jersey, NJ",2026-06-16,2340082231d61088be35ea83c5e84620710dc03e2cd8d068e9fc99d3f7e2c50b,DMS2,3,3,3,3,False,nearest_neighbor_best_start,last_service_stop_no_home_return,osrm_road_network,northeast,driving,bf6bad1bee05c609a09fd7434282156683e072bc8d45767b44e971603b5d34ed,success,,13.1809,21.501666666666665,False,2.0,402.18710000044666
"North Jersey, NJ",2026-06-16,2a443bae581f87b401d098752f324d6bc6c5545679ceeb65e7f7178d1d825577,DMS2,4,4,4,4,False,nearest_neighbor_best_start,last_service_stop_no_home_return,osrm_road_network,northeast,driving,66fba4090c04ee5056618a8781ca3b3dcc7bd5c1413cc42897b74a88cffe2506,success,,71.1336,74.28,False,2.0,411.0907999856863
"North Jersey, NJ",2026-06-16,2cb99c8b3029136973a305584eb9df65f36f377e6d4217b8233d8a278292563c,DMS2,8,8,8,8,False,nearest_neighbor_best_start,last_service_stop_no_home_return,osrm_road_network,northeast,driving,294717674f20449e037fba076d211a1526e75f6b4f4d07b6e88874342676ebbb,success,,71.7921,102.78666666666666,False,2.0,425.99959997460246
"North Jersey, NJ",2026-06-16,3b5dbebedb82a69d3f78fcfbda92514029d9614db598dd7e05c1a74715860192,DMS2,2,2,2,2,False,nearest_neighbor_best_start,last_service_stop_no_home_return,osrm_road_network,northeast,driving,8e72bccb9862764c86d6f5317c355302ffba6b44c0256ac145dc02d688c75022,success,,10.9167,12.483333333333333,False,2.0,397.77300000423566
"North Jersey, NJ",2026-06-16,4231d7daa78557aa3a043127eafb0558d3f6c264a32a9782b37e6df9453a6bf2,DMS2,6,6,6,6,False,nearest_neighbor_best_start,last_service_stop_no_home_return,osrm_road_network,northeast,driving,26eba30d3625b7fbd162e5909ca1404b6a5cdd163bdb89b1ce59528f2c130722,success,,54.7844,69.98833333333333,False,2.0,429.83140001888387
"North Jersey, NJ",2026-06-16,4b77bcd43549192d5733b3fd50a50c54e32f7a0ebcf7295169d3c9cba3adcb39,DMS2,5,5,5,5,False,nearest_neighbor_best_start,last_service_stop_no_home_return,osrm_road_network,northeast,driving,d967aca58db249b93f25949610e511735bf90273a46f2beefba70c661edc1b71,success,,27.8376,34.17666666666666,False,2.0,419.03379998984747
"North Jersey, NJ",2026-06-16,537308e4301bd8be693ea784ffada8a4afae17e7e76724cb9d951a025aa1283c,DMS2,3,3,3,3,False,nearest_neighbor_best_start,last_service_stop_no_home_return,osrm_road_network,northeast,driving,7a94e29b52fbd4edd8731db24c9c642f10fe286f0fc123b8e38e99601272abd1,success,,26.6202,39.833333333333336,False,2.0,405.62750000390224
"North Jersey, NJ",2026-06-16,6698797a3bb015e69d4b81dd02dcf5be46feccd13faca6417dd054eae8903ad7,DMS,5,5,5,6,True,home_fixed_start,last_service_stop_no_home_return,osrm_road_network,northeast,driving,d255b7c7f47b383a82b00b222f45de846c180bccc735da044c12d36e1b815f70,success,,29.5885,45.193333333333335,False,2.0,417.55760001251474
"North Jersey, NJ",2026-06-16,8b2d1985a97edda300f2e3f6a5cca73ec95927c8bdb3d5fed2a86478fb07ab36,DMS,4,4,4,5,True,home_fixed_start,last_service_stop_no_home_return,osrm_road_network,northeast,driving,d8426f23e1453c4e14fc45d6a73c08a6902353ddedc3eb1a148b443dd4649ea4,success,,53.5541,65.74499999999999,False,2.0,414.93510000873357
"North Jersey, NJ",2026-06-16,8c12573056afd57acf0ea946b72999a70a50ffae3fc9728d3b17a2bfec04486e,DMS,2,2,2,3,True,home_fixed_start,last_service_stop_no_home_return,osrm_road_network,northeast,driving,0896361350176e0d819d0315806a94f74848e5d5f9920962024bece7f4cc9d0c,success,,8.709200000000001,15.26,False,2.0,399.30539997294545
"North Jersey, NJ",2026-06-16,93f63a67fe6293c25c21754692998e80ca68e7683a99e80532fe665f667cfd6f,DMS2,6,6,6,6,False,nearest_neighbor_best_start,last_service_stop_no_home_return,osrm_road_network,northeast,driving,175be851cd81acbf7e5c0c2268165786a1e388eb42558ad0206dce4c5a5122b8,success,,105.2231,142.51166666666668,False,2.0,416.07260002638213
"North Jersey, NJ",2026-06-16,9b07a135c4ddf9c9bd63fac559232fffa474ce2f1a5a33c8a2633a45df32283f,DMS2,6,6,6,6,False,nearest_neighbor_best_start,last_service_stop_no_home_return,osrm_road_network,northeast,driving,265c5fa28bdfd95da731d126d59e4dbcb82070e270612d9b63b4137a58589822,success,,26.7886,43.580000000000005,False,2.0,426.52819998329505
"North Jersey, NJ",2026-06-16,a67bdb7a3840988db41dfd6c47f4b581953b9d7ff4519bf6545cf166cf4418bf,DMS,3,3,3,4,True,home_fixed_start,last_service_stop_no_home_return,osrm_road_network,northeast,driving,4c52bf7af28fe0fb273ebeae7a79efa0810f4477cfb38ac6f2f1292272be4986,success,,39.8524,46.46666666666667,False,2.0,408.36010000202805
"North Jersey, NJ",2026-06-16,a876d24b62e5d1234d5ac08172a1a8abaa6cf84fd025bca40975bd6328e103d6,DMS2,1,1,1,1,False,nearest_neighbor_best_start,last_service_stop_no_home_return,osrm_road_network,northeast,driving,2bd9ee83d29ed74ac5685c367670a7bc01161a7ceef2ef27b618f4d18c854726,success,,0.0,0.0,False,0.0,0.0
"North Jersey, NJ",2026-06-16,a960c05a96bcd09f084856aa3809a2d64ae629565cdda04be50cd4d5b4bde09d,DMS2,5,5,5,5,False,nearest_neighbor_best_start,last_service_stop_no_home_return,osrm_road_network,northeast,driving,9be09c01b740c0147d4c9ccd59cb4e8a2ca4d73c7bf2577f521bc73a6789013d,success,,40.4159,52.7,False,2.0,415.71050000493415
"North Jersey, NJ",2026-06-16,a9b55b6aff68eaec51cdd38b0c24d9b4e9a71625485ecacbb415179a81bafb8e,DMS2,1,1,1,1,False,nearest_neighbor_best_start,last_service_stop_no_home_return,osrm_road_network,northeast,driving,ce3e5b05ac15595ed74d7491185d65d645ff02958ed2fc0dc881dbfba9af6097,success,,0.0,0.0,False,0.0,0.0
"North Jersey, NJ",2026-06-16,ab4c438c69cd51ac48ad52381d47f9f622eef4d4a569b1c41cad0303dc8d7b83,DMS2,5,5,5,5,False,nearest_neighbor_best_start,last_service_stop_no_home_return,osrm_road_network,northeast,driving,7e720810fd8aa8e029987d6ade0d20bcd0d84955d377b34f9c65b1f1a09a6f16,success,,19.3852,36.083333333333336,False,2.0,410.91199999209493
"North Jersey, NJ",2026-06-16,c96b1e2b39fc38057fc66acb783a1d48e8d9dcb7bb69f1e99dc39030cd7e0b26,DMS2,3,3,3,3,False,nearest_neighbor_best_start,last_service_stop_no_home_return,osrm_road_network,northeast,driving,9f1ddfb67ff50bfcd04939f986aba3bae484ec97a6de9bb0a63c2af86f46e29d,success,,11.004700000000001,19.573333333333334,False,2.0,398.91430002171546
"North Jersey, NJ",2026-06-16,cb0b0fbb4560102d087a76ae3040dfe30695776966ba55509cac4a367e786be0,DMS2,1,1,1,1,False,nearest_neighbor_best_start,last_service_stop_no_home_return,osrm_road_network,northeast,driving,41bd5a4e0b2bde8df04a36a048ef2e8034b1510a75320373af0bf9820131886f,success,,0.0,0.0,False,0.0,0.0
"North Jersey, NJ",2026-06-16,d2412d4d9f5c71f95c226ac69e51f86dd7bbd8556ab926d997485d60fa7eaa87,DMS2,3,3,3,3,False,nearest_neighbor_best_start,last_service_stop_no_home_return,osrm_road_network,northeast,driving,c1f52cc0f6ba834d2cf8297677f282ccd6510407a9a1bf611e7a2609bc9f1d00,success,,25.767,33.18833333333333,False,2.0,403.7875000212807
"North Jersey, NJ",2026-06-16,d4e92e857dc57f6c4538be12eece14d9af149b8b2c90075b5440fece3a1138c9,DMS2,1,1,1,1,False,nearest_neighbor_best_start,last_service_stop_no_home_return,osrm_road_network,northeast,driving,e2b53a7184d25cbe450ce7ebc1f775f77cef3cd79336fcc5fe9f4c5a183c9923,success,,0.0,0.0,False,0.0,0.0
"North Jersey, NJ",2026-06-16,e1e638d3f6a7c65e02b0050e54fdc6bd967894b2efb60a5d3b5588557656309f,DMS,2,2,2,3,True,home_fixed_start,last_service_stop_no_home_return,osrm_road_network,northeast,driving,51e15359c126425ad6a7c81df06066a0f927bce1fab2c2e3153a4d1ab3841de1,success,,43.7547,48.65833333333333,False,2.0,408.70439997524954
"North Jersey, NJ",2026-06-16,e9e11e2fc747f3d9a82b313659c5dbdf40f6fde74d51470d4ca610c0408373b7,DMS,4,4,3,4,True,home_fixed_start,last_service_stop_no_home_return,osrm_road_network,northeast,driving,f807f84447a9d37667c113e039855c57f83290215339b54ef1197eae6106c127,success,,31.2778,35.781666666666666,False,2.0,410.9683999849949
"North Jersey, NJ",2026-06-16,ea185d6704b833235a05fc3631841a7f420b539c553db4b01046695f0784433a,DMS2,2,2,2,2,False,nearest_neighbor_best_start,last_service_stop_no_home_return,osrm_road_network,northeast,driving,b7b71e23c5362764d829d728a032a3a405d9096618e0db82d7dab60ab2299851,success,,2.4227,4.675,False,2.0,391.94239999051206
"North Jersey, NJ",2026-06-16,ee1d53173d705fd8261449bff2b171aea62481320b3c78ba3f7dfa520b950f88,DMS2,3,3,3,3,False,nearest_neighbor_best_start,last_service_stop_no_home_return,osrm_road_network,northeast,driving,a82791f9768b68eb6f38d2eb2247901121c355c89adf6432055a5215b4c7651e,success,,22.3966,28.40666666666667,False,2.0,402.7838999754749
"North Jersey, NJ",2026-06-16,eee78728eee5e3b92f7a5d625060e842c9c767ae7d5f9baaac93f859b1182c10,DMS,5,5,5,6,True,home_fixed_start,last_service_stop_no_home_return,osrm_road_network,northeast,driving,6d352278b26f56b2ee1a5aa40dbe9ee4f7675c9016b257c7b18a7113836aafe0,success,,25.007,45.43833333333334,False,2.0,417.6817999687046
"North Jersey, NJ",2026-06-16,f6256edd2587aef964d3821061b1bb1b3f61f2dfe6cf82e11a547b15a5ebf57f,ASC,5,5,5,5,False,nearest_neighbor_best_start,last_service_stop_no_home_return,osrm_road_network,northeast,driving,1a6acd0a4e6f9323b9a12894115182d0fff0bd956f642087bbbcfcca6eb4c9f0,success,,86.0659,93.46166666666666,False,2.0,426.3564000139013
"North Jersey, NJ",2026-06-17,1ad8f797ae76412690ef30b32ddc294cfaaef78d88115e05f161b5110a35b2f6,DMS,2,2,2,3,True,home_fixed_start,last_service_stop_no_home_return,osrm_road_network,northeast,driving,49be442dba7f30165fab996642dcfc07b4791ac47d3e8be37965583179ef519c,success,,15.322700000000001,20.321666666666665,False,2.0,399.7193000104744
"North Jersey, NJ",2026-06-17,284f0b13baa9ee7c05fa69186cfea599cd230e9101641f4b54122efe30e43332,DMS2,4,4,4,4,False,nearest_neighbor_best_start,last_service_stop_no_home_return,osrm_road_network,northeast,driving,f642079ccab028a62f09ed86741a617ce7996d0f859b44f3781954051da92283,success,,48.7861,58.41,False,2.0,406.3033999991603
"North Jersey, NJ",2026-06-17,396c6e3c0f7cabd2fcb940251109afa93b62fa1ef50a7a342a5b68ba338a0fd5,DMS2,3,3,3,3,False,nearest_neighbor_best_start,last_service_stop_no_home_return,osrm_road_network,northeast,driving,a2b653f90ba53e209ee06edbf5f2324f113323deb57f77c6466fb237decde13a,success,,61.8895,60.586666666666666,False,2.0,407.0447999984026
"North Jersey, NJ",2026-06-17,3a22ef264c2c9358fca041d2744f2944b6002cfeb07dd05648c658f3ca31d264,DMS2,1,1,1,1,False,nearest_neighbor_best_start,last_service_stop_no_home_return,osrm_road_network,northeast,driving,0fcce3fcff1c9f35dc2d097484496d08e7fc1d0bef327600f8799bd3a516a65b,success,,0.0,0.0,False,0.0,0.0
"North Jersey, NJ",2026-06-17,3ce84e69941d52b147275077dd5c96dc4184b0902675845e6eb732b0438ef944,DMS,4,4,4,5,True,home_fixed_start,last_service_stop_no_home_return,osrm_road_network,northeast,driving,6dbd4dcb9a4c81c36ff3635d165c663879a0b4d491c7e402a09f6172aefb06f0,success,,31.0623,37.94166666666667,False,2.0,415.17590000876226
"North Jersey, NJ",2026-06-17,4486b902f3084561d973f587b32a21282603a352c786d5ed384c61bf1433379f,DMS,1,1,1,2,True,home_fixed_start,last_service_stop_no_home_return,osrm_road_network,northeast,driving,8db6983ce287d1c9dbd4f83558d04c7af66a731210403ea2d24cd48b9d73eeb3,success,,28.5307,29.758333333333333,False,2.0,394.3215000035707
"North Jersey, NJ",2026-06-17,4d7a3453e327df09f898b4945763df110f74f0f3c77098e2e2587928986e309f,DMS,2,2,2,3,True,home_fixed_start,last_service_stop_no_home_return,osrm_road_network,northeast,driving,d8d86f938819cc56c4a844f4ba6df468bb7d4a95556be020831cc545806f1c52,success,,14.7414,26.311666666666667,False,2.0,405.00510000856593
"North Jersey, NJ",2026-06-17,4f9e69fa25d6a26e9835a8b5f7964652fb1b9d259277a4a4b21957ef2f5637b6,DMS,4,4,1,2,True,home_fixed_start,last_service_stop_no_home_return,osrm_road_network,northeast,driving,6b3601aff7633af3d57f5c43f973c65ba213e90ddf13e97a4762e686afd5ef5f,success,,13.5221,13.628333333333334,False,2.0,395.99940000334755
"North Jersey, NJ",2026-06-17,50c774c7cf3c5d3d2bf5e84cfb36d170a8283bb4e8d38e334d3fdce58a0d8f77,DMS2,2,2,2,2,False,nearest_neighbor_best_start,last_service_stop_no_home_return,osrm_road_network,northeast,driving,25bd9f8ff1b20cea0c9210f42ecaaec1913406e95a858653a93e7298f5581766,success,,9.0991,10.71,False,2.0,407.9215999809094
"North Jersey, NJ",2026-06-17,52472e135f01794f0248317ddf29b7babfb300202f4d5802cf5d61c9d6ad50c5,DMS,4,4,4,5,True,home_fixed_start,last_service_stop_no_home_return,osrm_road_network,northeast,driving,b3486cf3899789e48a0f43c4e18dd96934c084471e7bbf08705282f6f7d87cd5,success,,38.3666,52.25,False,2.0,414.55889999633655
"North Jersey, NJ",2026-06-17,5a5a8a85627f18d6ed3f38b48d2550dd2c33a6908c678ea985ef0a5c4eb37f37,DMS2,1,1,1,1,False,nearest_neighbor_best_start,last_service_stop_no_home_return,osrm_road_network,northeast,driving,5eee6aa7f9da513a40bc260ac7c76676884ee8deb3cec459a86d703058fd5a50,success,,0.0,0.0,False,0.0,0.0
"North Jersey, NJ",2026-06-17,5a9b0b54d8f8b263341e883cfad28a1230bdec32387cdf77c08be73c0f2cad46,DMS2,2,2,2,2,False,nearest_neighbor_best_start,last_service_stop_no_home_return,osrm_road_network,northeast,driving,fc8fa1099b92f6485d16ff741fe57eec4b1bb36bba5b8085d453b366ae8e77b3,success,,1.0121,2.2516666666666665,False,2.0,392.8779999841936
"North Jersey, NJ",2026-06-17,681f5edb14437b48d1404e5cd99e9d61ed7440031a6697d5ad53b8e1a82b4c92,DMS2,3,3,3,3,False,nearest_neighbor_best_start,last_service_stop_no_home_return,osrm_road_network,northeast,driving,aa5087d166e3e91ec788ba1422707f88bbe4db20f68d7cac03f8a2a43ea0169a,success,,30.3481,39.309999999999995,False,2.0,397.22909999545664
"North Jersey, NJ",2026-06-17,682633a044b26ad5704e80e39468ec66204ddde225fe70479e12fa9992ab27e6,DMS,4,4,4,5,True,home_fixed_start,last_service_stop_no_home_return,osrm_road_network,northeast,driving,647544318d29552a9cc9b6ca5ae0fb68d55fdcc72c3d775c359b1d3cd6fe4511,success,,61.4775,74.03500000000001,False,2.0,414.5157000166364
"North Jersey, NJ",2026-06-17,6b969da3e0e032099b824711acd356e1bcaa9cba93ab7ded0978f9655fe467b9,DMS2,5,5,5,5,False,nearest_neighbor_best_start,last_service_stop_no_home_return,osrm_road_network,northeast,driving,834b498c5eca9ebda8c04f89e5777615ddaf2c771e089b720e1b825371d4a015,success,,51.5846,66.89166666666667,False,2.0,418.3484000095632
"North Jersey, NJ",2026-06-17,7c82ff74c9cd5ab9169d5e99e9cebb016d7f4b1924aca01a28d7ba499437fc8f,DMS2,2,2,2,2,False,nearest_neighbor_best_start,last_service_stop_no_home_return,osrm_road_network,northeast,driving,cf6cc5824b216971279bdef7a4a5882c0286b71f7a7e4639a0c42d76821fefe4,success,,25.737,28.296666666666667,False,2.0,395.45269997324795
"North Jersey, NJ",2026-06-17,7cd79e9c7c187d8b46399bb1b4135313ad00fd77f3547956dd6229a6e275c51c,DMS,5,5,5,6,True,home_fixed_start,last_service_stop_no_home_return,osrm_road_network,northeast,driving,627c4cef3548703bd4b8acf6968e8fe76acec7b776b17581e8e7e1626200a1b2,success,,21.647599999999997,37.97166666666667,False,2.0,413.81869997712784
"North Jersey, NJ",2026-06-17,7d49a196c89cbcd344fe0e52eca33cc762e7457e6d992d0afd1d1df5cf748f45,DMS2,1,1,1,1,False,nearest_neighbor_best_start,last_service_stop_no_home_return,osrm_road_network,northeast,driving,add7e3f242c0431d7c1f2cea3fae7bb4d74c3013f735f07a3ae151ee665814b6,success,,0.0,0.0,False,0.0,0.0
"North Jersey, NJ",2026-06-17,7eae16b4fd183cab10a2fcb65a5a3e9aec610f717f0de8cb106c1847a3b70b10,DMS2,3,3,3,3,False,nearest_neighbor_best_start,last_service_stop_no_home_return,osrm_road_network,northeast,driving,bab3fac099ba1781f3b6cc18f9a2d5832f5dedaedbad44dfe32e465fdc97cf31,success,,724.6166999999999,557.0516666666666,False,2.0,432.02489998657256
"North Jersey, NJ",2026-06-17,815ccb7b67532360e31cc36c5b50c811b8ea93447c421e71347e5b194127ee33,ASC,3,3,3,3,False,nearest_neighbor_best_start,last_service_stop_no_home_return,osrm_road_network,northeast,driving,1d74fd81515a1c55789b923a7ab193d30f63e4cf9956881663e47804ea59757e,success,,44.6839,50.25666666666667,False,2.0,406.85020000091754
"North Jersey, NJ",2026-06-17,8493cd2ef7e6271d2846cab50ef32bc11121bd10294c8db1b1800d431964aaf8,DMS,3,3,3,4,True,home_fixed_start,last_service_stop_no_home_return,osrm_road_network,northeast,driving,00a5ac17121ecdd38131bd928f9a07f9f00930476f5a26efc467af6d0cf7f8c3,success,,40.8949,46.24,False,2.0,410.40090000024065
"North Jersey, NJ",2026-06-17,85423915a581ec0444c2cf1adf1e13c93e92e3ec80029e8226873b1c94e772f7,DMS2,2,2,2,2,False,nearest_neighbor_best_start,last_service_stop_no_home_return,osrm_road_network,northeast,driving,aacd4b7514d91dc4173310bf7575043b1954d0d82e31ecb39ee044418eeef847,success,,18.8609,22.728333333333335,False,2.0,396.13950002240017
"North Jersey, NJ",2026-06-17,8c4de78449a94264862f0ee8bbf61aae7abf9c999f3d684fb2b219615c4459c3,DMS2,5,5,5,5,False,nearest_neighbor_best_start,last_service_stop_no_home_return,osrm_road_network,northeast,driving,74bc57afd358111a78bdaf53870bad70c2bfd4b3a1a64f328835cd3d7b7e2e4c,success,,35.4998,48.516666666666666,False,2.0,408.6327999830246
"North Jersey, NJ",2026-06-17,94e1798d40263d14acb2721e93a295ddd64684673a6b99fe97034e7c6ebb21fc,DMS2,3,3,3,3,False,nearest_neighbor_best_start,last_service_stop_no_home_return,osrm_road_network,northeast,driving,32c1cb81c7240ba1d8f17e75e1f29537f4844dac7aa49903c779d62c32f18eef,success,,11.2865,19.165000000000003,False,2.0,409.89619999891147
"North Jersey, NJ",2026-06-17,9d0c8d570bdaace177d7e3b26914ccd3bf055f9b4bd533d0df5a78929480f804,DMS2,2,2,2,2,False,nearest_neighbor_best_start,last_service_stop_no_home_return,osrm_road_network,northeast,driving,5b7874e76717a443b3a26c8232546e4022cf26fb7291ad4e495892192fa7c4bf,success,,40.336,38.10166666666667,False,2.0,392.0139000401832
"North Jersey, NJ",2026-06-17,a4be35c2616749b39803f712808ab5424e0a6a7a28bc2e69ed7e411bc2577550,DMS2,5,5,5,5,False,nearest_neighbor_best_start,last_service_stop_no_home_return,osrm_road_network,northeast,driving,9daf7403b4b01faeb986b6400ea5babe0ff90836e84ef711dac3954a84886d9b,success,,9.6202,16.671666666666667,False,2.0,419.1663999808952
"North Jersey, NJ",2026-06-17,a76ec9c87a4185bf4c03f83cbec46653fe99eb5b6ed4f8460c9ae167a5cf6fb8,DMS2,3,3,3,3,False,nearest_neighbor_best_start,last_service_stop_no_home_return,osrm_road_network,northeast,driving,fbcefe250a8242fac1f2d7748010f10c68379a811bc2653be5d5184ca8740679,success,,25.2099,34.309999999999995,False,2.0,400.2646999724675
"North Jersey, NJ",2026-06-17,ba31749937b70b68ec2824dba3e6b15abbfb714484982077456edbcf37fac56c,DMS2,1,1,1,1,False,nearest_neighbor_best_start,last_service_stop_no_home_return,osrm_road_network,northeast,driving,990c488d51cc45168fd44f986b8eec26b0758aee2ad662421954d0c589934f03,success,,0.0,0.0,False,0.0,0.0
"North Jersey, NJ",2026-06-17,c027c6269d7f9c7e696501f7ffcb3e451dd5a9396efeb259ef107d17c844c687,DMS2,3,3,3,3,False,nearest_neighbor_best_start,last_service_stop_no_home_return,osrm_road_network,northeast,driving,ca0d1d5cd1f10c29e3ffb3822425c27301af4e3ba1e93f4cb6699c591c5879b7,success,,22.8551,23.06833333333333,False,2.0,400.6620000000112
"North Jersey, NJ",2026-06-17,c34f638605917c18a62d28fc8647e260c36bb05d66b5e98fc286bbb6f7e6c78e,DMS2,3,3,3,3,False,nearest_neighbor_best_start,last_service_stop_no_home_return,osrm_road_network,northeast,driving,ab9591aec1d21450d695605ae447e95268e8b825b1e2543b7b8bb5c09a159298,success,,15.199399999999999,22.683333333333334,False,2.0,399.0674000233412
"North Jersey, NJ",2026-06-17,cdae0119222f393098a6d8b05e3bb6f1bb68be998714103c68ba5ac65efe86da,DMS2,2,2,2,2,False,nearest_neighbor_best_start,last_service_stop_no_home_return,osrm_road_network,northeast,driving,d356a4d0c07b9e66e631619f0b1ccd7130cae620c2fbd6b3fa849c81da3868b6,success,,15.8892,20.765,False,2.0,395.6337000417989
"North Jersey, NJ",2026-06-17,ce892708517f4bb3a98c7cdc881afbce9d0e9b68b00de5119405b94b46877c50,DMS2,1,1,1,1,False,nearest_neighbor_best_start,last_service_stop_no_home_return,osrm_road_network,northeast,driving,ca76f289e3b576a1b35b39227743f4e96168bf3ee7811c653d3ac1e3b48d341a,success,,0.0,0.0,False,0.0,0.0
"North Jersey, NJ",2026-06-17,db896d7d26cda9db49e5a5459f67d9e0059c87aa2d594f04da225ee424bc36b6,DMS2,10,10,8,8,False,nearest_neighbor_best_start,last_service_stop_no_home_return,osrm_road_network,northeast,driving,69a69f81c053709c8ae8c008c7c9863283febb1744b2621154f7ea530c72204e,success,,22.0311,42.891666666666666,False,2.0,433.80520000937395
"North Jersey, NJ",2026-06-17,e9c33392edd1d64c5fb5c59397cf7779cf39b8a76eb8465b4c4caedc2daaf992,DMS2,13,13,13,13,False,nearest_neighbor_best_start,last_service_stop_no_home_return,osrm_road_network,northeast,driving,938d64f00acfb0ade687de438cb9de21f0ef3929854770b0852e5ae0b4aad416,success,,100.773,150.5,False,2.0,466.5357999911066
"North Jersey, NJ",2026-06-17,eaf1ac439f6edf1c4d5ed47c008e944f59caef679b5ddd4e8fbf16febc3a30de,DMS2,3,3,3,3,False,nearest_neighbor_best_start,last_service_stop_no_home_return,osrm_road_network,northeast,driving,5b12ddd7fa7f62327a9315042b1698b994064abc7d55337492c25ce2b21dadb0,success,,29.5961,40.29333333333333,False,2.0,400.1723000255879
"North Jersey, NJ",2026-06-17,ec465b313cb7bd8aa1f08a9f7c132ff7afe818608ee62e56843fb55545c3e393,DMS2,3,3,3,3,False,nearest_neighbor_best_start,last_service_stop_no_home_return,osrm_road_network,northeast,driving,392d80139d09c566fa1c1b1b3ae2bb7c64163fa917434aa5bc04c9e4b8e94973,success,,13.711799999999998,22.735,False,2.0,404.33430002303794
"North Jersey, NJ",2026-06-18,0d3e2e65115141050ceec7e35088cf1fef6a3a2792d8809d9d378c85d4a0a607,DMS,2,2,2,3,True,home_fixed_start,last_service_stop_no_home_return,osrm_road_network,northeast,driving,4233ea384c3ac420e3daec4b061ab74ce63d6337b9b8bdd1d91edb86686c1dba,success,,22.7781,29.866666666666667,False,2.0,397.2753999987617
"North Jersey, NJ",2026-06-18,0e8814afd3a9097cefc6d3c7e79428d72dd09ae9faa3a2bf6fedb6b4d9d9e3ac,ASC,5,5,5,5,False,nearest_neighbor_best_start,last_service_stop_no_home_return,osrm_road_network,northeast,driving,2e45b92736a4e23a5e9f9fa5334bd7b68fc050266d2e9e35003ebdd00ad52ce6,success,,103.0223,120.73833333333333,False,2.0,441.8679999944288
"North Jersey, NJ",2026-06-18,10b2513a5afd34353dc58eeb8a6838c86335d73f6dad026bcb5a9bd5c4b288c0,DMS2,1,1,1,1,False,nearest_neighbor_best_start,last_service_stop_no_home_return,osrm_road_network,northeast,driving,b49561772fe27006f52f367e02460642b6a59cf56b840548455269eb1bad6903,success,,0.0,0.0,False,0.0,0.0
"North Jersey, NJ",2026-06-18,10bf0bf96a80abfebed1beea8c55027588f7f32b0db629486db5041695b849d1,DMS2,3,3,3,3,False,nearest_neighbor_best_start,last_service_stop_no_home_return,osrm_road_network,northeast,driving,87f3a8151ce5a805b632b942534cd9d4de83e5bca9ccf5fe65a91501df559e19,success,,7.6828,17.334999999999997,False,2.0,402.77729998342693
"North Jersey, NJ",2026-06-18,16efa7919801e705fd4f918d04f347a885d0702b9ba801e684689075c7a875d7,DMS2,1,1,1,1,False,nearest_neighbor_best_start,last_service_stop_no_home_return,osrm_road_network,northeast,driving,2c6ab6e95ee59e9b1952b449c231f8777be60d316f04c725e70e029b9efb77a0,success,,0.0,0.0,False,0.0,0.0
"North Jersey, NJ",2026-06-18,239774bc34ef51ff0c247f2c22f889c20c36043116f28e76de8d2170627b4a6c,ASC,1,1,1,1,False,nearest_neighbor_best_start,last_service_stop_no_home_return,osrm_road_network,northeast,driving,4b8a29a14cbddf400005973a2e99c2b0bc054a6abc497a11ff21b376ed735f19,success,,0.0,0.0,False,0.0,0.0
"North Jersey, NJ",2026-06-18,2c058545ea4e23c41ef254020d50e467e8d1ac3c72552ba63d30ea294e20f92b,DMS2,1,1,1,1,False,nearest_neighbor_best_start,last_service_stop_no_home_return,osrm_road_network,northeast,driving,d2fcf0e9b19217617ce537bdea50acc6446b757bab10054e9ecb23fe5fe33c33,success,,0.0,0.0,False,0.0,0.0
"North Jersey, NJ",2026-06-18,2d65e95c142e3bed98d304e0f27a701256bd77cfb862a0530efc7c76b2e1e771,DMS,2,2,2,3,True,home_fixed_start,last_service_stop_no_home_return,osrm_road_network,northeast,driving,360b325b889095db15a364802cf513858f0a911578c4c1106b1a4c907bfdd3ca,success,,9.3476,17.855,False,2.0,400.0431000313256
"North Jersey, NJ",2026-06-18,3371586cbd531540248044f6fa4cdbc8564b1fd2c4f484ecafc696d624dcec84,DMS2,3,3,3,3,False,nearest_neighbor_best_start,last_service_stop_no_home_return,osrm_road_network,northeast,driving,04630ba09893373c86c7b0bf10ca845fa4de59743a49ef2a643441902eb7936f,success,,12.314,15.208333333333334,False,2.0,400.31219998490997
"North Jersey, NJ",2026-06-18,364bc4c2ebb79aaab0f55c3d079ed58fdd629cdac1c5da630c248f7878d20263,DMS2,2,2,2,2,False,nearest_neighbor_best_start,last_service_stop_no_home_return,osrm_road_network,northeast,driving,738df6aab03e4b62e1ce3c710a7b85347d687cbe13195d58acb8cb9bfaefe135,success,,6.9382,12.43,False,2.0,399.1665999928955
"North Jersey, NJ",2026-06-18,3827060a205cee589d03fe814ece554d3f4dd6e14e2cb3f7aab0a2620fa320fa,DMS2,1,1,1,1,False,nearest_neighbor_best_start,last_service_stop_no_home_return,osrm_road_network,northeast,driving,068c9175ba4354c0355d7a465def9565cc3a4545cb578dae23476ad5830c896e,success,,0.0,0.0,False,0.0,0.0
"North Jersey, NJ",2026-06-18,410616daa144429fd33c9b9b0a7154f140eba7cddb3b4a57522e587756f509ef,DMS2,3,3,3,3,False,nearest_neighbor_best_start,last_service_stop_no_home_return,osrm_road_network,northeast,driving,2706d115eb8f1f6fa4d634adea761f21e61197242f87869bb7a83d77f2d414f7,success,,63.3703,62.94833333333334,False,2.0,395.5368000024464
"North Jersey, NJ",2026-06-18,4ed2530fb77de6d50b11c880581f22cd0d306e1002269cb1734da1bd2a56699d,DMS2,1,1,1,1,False,nearest_neighbor_best_start,last_service_stop_no_home_return,osrm_road_network,northeast,driving,3892d70dc2fa503667c5209458bb7ccefeaa269ce7022bb95ba5e76187beb9c0,success,,0.0,0.0,False,0.0,0.0
"North Jersey, NJ",2026-06-18,5fbe1a00de17f55fba1c84e23f847041368161dbde6e922dab8e741cc28c7dee,DMS2,6,6,6,6,False,nearest_neighbor_best_start,last_service_stop_no_home_return,osrm_road_network,northeast,driving,cdee55698b4afa0c547fdbbfa8c3a605ea2fd91ab1dadf17eafa75c904084563,success,,124.2043,134.205,False,2.0,427.27620000368915
"North Jersey, NJ",2026-06-18,661ddb5f97b8a4c0a517e6f2aeda9dec8fdb897f832ef003534a12722f4fc5ea,DMS2,8,8,7,7,False,nearest_neighbor_best_start,last_service_stop_no_home_return,osrm_road_network,northeast,driving,473224f256e84b7b639d827aafd99a93a64e2a1295ab1c5f4e94666157c7d2ca,success,,34.735699999999994,53.223333333333336,False,2.0,441.64229996385984
"North Jersey, NJ",2026-06-18,6ec94ffb1b02f12ada7a2040de3513ad78b5e5c04fcfe537fb66439961070fa5,DMS2,3,3,3,3,False,nearest_neighbor_best_start,last_service_stop_no_home_return,osrm_road_network,northeast,driving,4da0598c706162345a380d5d3d24e622c4ad22d17b73999d450030bbcd709b2a,success,,16.313299999999998,27.725,False,2.0,398.84810004150495
"North Jersey, NJ",2026-06-18,79604bca7bd2820a8e8b968b6f67412b6e49bf3a4f999a555531d76ee296ebb1,ASC,1,1,1,1,False,nearest_neighbor_best_start,last_service_stop_no_home_return,osrm_road_network,northeast,driving,397a4e8554a28c8e2dfd1576ea1fc655ab0fd0635cf3f0ffeb947991c74647d8,success,,0.0,0.0,False,0.0,0.0
"North Jersey, NJ",2026-06-18,83da5f7c672d7683785f9bd7f2192327b82e4a8d502bf0137c3520d6f325434d,DMS2,1,1,1,1,False,nearest_neighbor_best_start,last_service_stop_no_home_return,osrm_road_network,northeast,driving,e1aba0e579c081150b7d93c273d2c0d516c2b132cd320b092dac5ea897d15dec,success,,0.0,0.0,False,0.0,0.0
"North Jersey, NJ",2026-06-18,84ee87fc044e2bf4c737840ed0d69e99102f405d371215a3cd162a447765c9e2,DMS,5,5,5,6,True,home_fixed_start,last_service_stop_no_home_return,osrm_road_network,northeast,driving,f45cbb74e4bff173a112c77967a0a913c1d4dd1ce8773cee7302387cc7426258,success,,26.1831,37.46,False,2.0,432.2717000031844
"North Jersey, NJ",2026-06-18,92726a396d9c0169414a4d71524caf640f97f6666c619eb7b77355140c4d2e54,DMS2,1,1,1,1,False,nearest_neighbor_best_start,last_service_stop_no_home_return,osrm_road_network,northeast,driving,54fdca91af8886fa32a296c256ad2765ae638637ce7ac37f93faa70f5bb5ea82,success,,0.0,0.0,False,0.0,0.0
"North Jersey, NJ",2026-06-18,9e61339d576153c055f589f3f6fd99afe47c85a8b92dc124a396c5b48ce7f408,DMS2,3,3,3,3,False,nearest_neighbor_best_start,last_service_stop_no_home_return,osrm_road_network,northeast,driving,c607fe72bc40425720a7760d7aaed37a5c9689b4e84baa11c336ce901a3a1223,success,,95.2837,96.51333333333334,False,2.0,410.4704999772366
"North Jersey, NJ",2026-06-18,9fbeb686e69bda8269dcb223f223a6f67a17849fda699bba9781b37e336c2eec,DMS,2,2,2,3,True,home_fixed_start,last_service_stop_no_home_return,osrm_road_network,northeast,driving,7b5f76830766880f646c50fbfc240df7d9c5f3525360f2d31e0463ff14a0afd3,success,,42.857699999999994,53.96666666666667,False,2.0,400.698299985379
"North Jersey, NJ",2026-06-18,a40b583622c421026fd002e77b1aba702613175436a98cd5ec963e4f8d0424c9,DMS,2,2,2,3,True,home_fixed_start,last_service_stop_no_home_return,osrm_road_network,northeast,driving,7709e64380b1ac631cb85a2d9872781e03bf15420e0bb962fbb856f69523ec82,success,,16.0554,21.884999999999998,False,2.0,400.8386000059545
"North Jersey, NJ",2026-06-18,a45901281c4d5bd4e1aedbba93805bf80d4e0facf0793b5a25ebe45be7767a3c,DMS2,1,1,1,1,False,nearest_neighbor_best_start,last_service_stop_no_home_return,osrm_road_network,northeast,driving,20e26af7a09c235840b195780a7d0bd5a9ecff3be1ffe13b186a7c7e254f1d1e,success,,0.0,0.0,False,0.0,0.0
"North Jersey, NJ",2026-06-18,aa3742a99211af0091f6c2694d04c57a4be3d37d53bac1b4d054e1ac9d678f50,DMS2,3,3,3,3,False,nearest_neighbor_best_start,last_service_stop_no_home_return,osrm_road_network,northeast,driving,b7738cacf351632b5d226195388937319377199baca6c7e0ccbe01e905720447,success,,13.9817,18.416666666666668,False,2.0,398.4655999811366
"North Jersey, NJ",2026-06-18,ad01fa56bce929aa6a536d8447e2cff20392f74526e1076770359ac6f10ebde0,DMS,4,4,4,5,True,home_fixed_start,last_service_stop_no_home_return,osrm_road_network,northeast,driving,75a8bb2df6a767d1573ad9b05bff9d8377efb2c08bf9c555e7adb70c72ec0b12,success,,53.7624,63.66833333333333,False,2.0,417.39240000606515
"North Jersey, NJ",2026-06-18,b89e3fa89ceec05244cb7030c594adba2a3c082231fe67c24af733100586bea2,DMS2,5,5,5,5,False,nearest_neighbor_best_start,last_service_stop_no_home_return,osrm_road_network,northeast,driving,4d5e156f26e0f05e107e5ebfb87ea67de9427fd21ad65e62d45e4cfa33ecf27f,success,,36.2251,41.52333333333333,False,2.0,411.8280000111554
"North Jersey, NJ",2026-06-18,b8f4f9dc5f71f419995820dd0bba37a5550f10efa8ad36dcfa35848e5fe074db,DMS2,1,1,1,1,False,nearest_neighbor_best_start,last_service_stop_no_home_return,osrm_road_network,northeast,driving,17db3b72965959636eb9803c702bcf57bd2e25a9b39ca1befa5ffe85bbb26053,success,,0.0,0.0,False,0.0,0.0
"North Jersey, NJ",2026-06-18,bf167708d94f15ff0c16fbd209e128eba31dc79c612a0cc5b33608eac2a0ca83,DMS2,2,2,2,2,False,nearest_neighbor_best_start,last_service_stop_no_home_return,osrm_road_network,northeast,driving,7a30a6d2bbc0893920ee6342b917b5895ceea8c70e3660ed99aaf59cc9deeb4c,success,,28.5138,33.17666666666666,False,2.0,420.2648000209592
"North Jersey, NJ",2026-06-18,c4207f422307395741c9ca5efbc33bb9b583e323e163659738a37d3c5009d37d,DMS,6,6,4,5,True,home_fixed_start,last_service_stop_no_home_return,osrm_road_network,northeast,driving,58571a809380066610f89beea891444a1ee8e6254e8b04d7f33f715753485473,success,,31.3977,38.67833333333333,False,2.0,413.03640001569875
"North Jersey, NJ",2026-06-18,c7827425376cffdf30a3a4ed890ab971d020131fb6a2c5c14f019e272c4cd204,DMS2,3,3,3,3,False,nearest_neighbor_best_start,last_service_stop_no_home_return,osrm_road_network,northeast,driving,fd0dd6e9f7aada71af487bb3b7217d9b30070d6998146669d53c1083cc338411,success,,11.573799999999999,20.31833333333333,False,2.0,413.7511999870185
"North Jersey, NJ",2026-06-18,cd0e5dd8221a899f2ce22b010d3c19702c4de1ccb4b78283051411b2d84f83df,DMS,1,1,1,2,True,home_fixed_start,last_service_stop_no_home_return,osrm_road_network,northeast,driving,0a34048e26cfcb0d4b39ac921c39c5d4818ef823f5d46dc06a6fd375ee333c01,success,,1.8902,3.3033333333333332,False,2.0,396.82739999261685
"North Jersey, NJ",2026-06-18,df438911e5d2187b25ae24b2a213d93b3e367251c5e6c43b1c7496650ae62198,DMS2,1,1,1,1,False,nearest_neighbor_best_start,last_service_stop_no_home_return,osrm_road_network,northeast,driving,8baa851b3b39ce9d4f933b555f610184863a700c0719e35ca2ffd7229dfcf083,success,,0.0,0.0,False,0.0,0.0
"North Jersey, NJ",2026-06-18,f3e2a8747b260df94ed4b56da292a463b003de3414bed4d55ef163ed3948f221,DMS2,2,2,2,2,False,nearest_neighbor_best_start,last_service_stop_no_home_return,osrm_road_network,northeast,driving,d42ac226aab85e49cce66975c360a1e868d70c25dfb6cfdb5655a2f063dc2eba,success,,3.7576,6.3566666666666665,False,2.0,397.1614000038244
"North Jersey, NJ",2026-06-18,fdc14a2b79e127b5c282a9f02a563e9fa7714ff8b99416b9af84bcd1d96f9186,DMS2,1,1,1,1,False,nearest_neighbor_best_start,last_service_stop_no_home_return,osrm_road_network,northeast,driving,df3980f6e5c8189b7fb05d1fe636877ac01829131ebce2344064c95e5d832489,success,,0.0,0.0,False,0.0,0.0
"North Jersey, NJ",2026-06-19,03bee0c8dfbdc0eb165babc0416d451bb4f3138b06e3f88676954a65cf75770d,DMS2,2,2,2,2,False,nearest_neighbor_best_start,last_service_stop_no_home_return,osrm_road_network,northeast,driving,1745533c53ec37d22f662a71c96a99724b481e4e7f65c21995e00ccf6ac8c9e4,success,,9.608600000000001,12.2,False,2.0,393.1635999761056
"North Jersey, NJ",2026-06-19,06ed35fc4bd3f8bdf1e4fc175857e6d626c697f617282ca1d9ae7303b8364807,DMS2,2,2,2,2,False,nearest_neighbor_best_start,last_service_stop_no_home_return,osrm_road_network,northeast,driving,afea5a8a720c95e20e902360ced66af587d041884a5e5cd20028a1e371276478,success,,40.863699999999994,38.711666666666666,False,2.0,421.76630001631565
"North Jersey, NJ",2026-06-19,070df346d8c6b0171ad66fb9386c4f5bea828eb66d6ae225acd4dcc00a6108aa,DMS,4,4,4,5,True,home_fixed_start,last_service_stop_no_home_return,osrm_road_network,northeast,driving,6279cf9b4386080152036a36671f8154c91e42be2ff0c0fabba2ffc65ad05f38,success,,36.0719,40.84166666666667,False,2.0,415.3824000095483
"North Jersey, NJ",2026-06-19,1a3d0a4524fbe023e68e5d7524d087a5be38e42271915046a8bb7c0ed4a937aa,DMS2,1,1,1,1,False,nearest_neighbor_best_start,last_service_stop_no_home_return,osrm_road_network,northeast,driving,53b6afae01659a1ef9ade765dd729b6ff3dce13ab59c09d9b630b0ab14b5b7d7,success,,0.0,0.0,False,0.0,0.0
"North Jersey, NJ",2026-06-19,204a77fad655ac79d505f351107ab91540c19b57caf45d6064d78bef278f8acf,DMS2,4,4,4,4,False,nearest_neighbor_best_start,last_service_stop_no_home_return,osrm_road_network,northeast,driving,1bba81e41907e4d1a260dfe5c8069fa32ccbc6454c540b7b95cb66d62c3fa170,success,,121.1605,124.22,False,2.0,416.70309999608435
"North Jersey, NJ",2026-06-19,21cf40fe08c23b23ea3bce9f97cd57f3cb881a2a7b48dd5e7c67555c6e538259,DMS,3,3,3,4,True,home_fixed_start,last_service_stop_no_home_return,osrm_road_network,northeast,driving,d411c3784c80be4514e938821b12d2376a137e7f1de4ad50001dfc6fd5520f13,success,,29.8667,38.905,False,2.0,407.830100011779
"North Jersey, NJ",2026-06-19,3aede931373efa1757afa7977a2eaeeff79cc76d4d00ab26d59e70ce31e7db0e,DMS,2,2,2,3,True,home_fixed_start,last_service_stop_no_home_return,osrm_road_network,northeast,driving,0b6a9df0220299259b8d3b8b7528bfc76e541a9cf694e47127f2f161884cb551,success,,11.922,19.029999999999998,False,2.0,402.51790001639165
"North Jersey, NJ",2026-06-19,49d11fea9a532a892c70117359bb3286921c133318a3ea694990dca04992fcfc,DMS2,1,1,1,1,False,nearest_neighbor_best_start,last_service_stop_no_home_return,osrm_road_network,northeast,driving,40a232e788279f195c99e17664743675abf93542ced9c9d64e919905a2f46d76,success,,0.0,0.0,False,0.0,0.0
"North Jersey, NJ",2026-06-19,4d99b6973fb1684edc8a1a8e93cd82de91947c0e5ace41f339fd14343e98bf83,DMS2,1,1,1,1,False,nearest_neighbor_best_start,last_service_stop_no_home_return,osrm_road_network,northeast,driving,65580cda98c784b45d3e54b50f44e3f32d9e7d0e058399fdfecf521302abea93,success,,0.0,0.0,False,0.0,0.0
"North Jersey, NJ",2026-06-19,4f258213d7e90c3cb309760e6e7233b0740505b1b2ff26a69b9f68b1ab84d3e4,DMS2,1,1,1,1,False,nearest_neighbor_best_start,last_service_stop_no_home_return,osrm_road_network,northeast,driving,b0aa3c2e2a70b261c9d403c630d50802d0f0377d5be23c8cdd5641f9e59b2126,success,,0.0,0.0,False,0.0,0.0
"North Jersey, NJ",2026-06-19,663ded7d72c35f8ef0345f3458585cce721c68458bcff081c3c1c2959dea4f5c,DMS2,1,1,1,1,False,nearest_neighbor_best_start,last_service_stop_no_home_return,osrm_road_network,northeast,driving,32144ead32ffd67e2f38326f74e5c3a66a209c3f4f0160aecbf09dff0cbebc15,success,,0.0,0.0,False,0.0,0.0
"North Jersey, NJ",2026-06-19,68d00bee93f1a3cb2b591cc63e38589257fbf6dc54549d5d99addc80a7c88ab6,DMS2,2,2,2,2,False,nearest_neighbor_best_start,last_service_stop_no_home_return,osrm_road_network,northeast,driving,37781c9b31de8018665ba369b2d924e6969ffab3223bc4eb6d37cffc92b45334,success,,675.8616999999999,557.4716666666667,False,2.0,664.2934999836143
"North Jersey, NJ",2026-06-19,70cd8950bba99bf584bacc8d3cefd67b5a5c89aaf9db0ae653dfcf14430e7b60,DMS2,3,3,3,3,False,nearest_neighbor_best_start,last_service_stop_no_home_return,osrm_road_network,northeast,driving,c656be92c123db91d4f12925568ee27f491c5ea0faefa154bb3dc2b8e5210847,success,,40.7545,44.335,False,2.0,401.57439999165945
"North Jersey, NJ",2026-06-19,7b6f50d24a7637a8550e9d2fb876570901f93ed2964a3d0346ef569924c74d3b,DMS2,1,1,1,1,False,nearest_neighbor_best_start,last_service_stop_no_home_return,osrm_road_network,northeast,driving,e8b6d698fd3f046c7ab28e3259118f4de01d3256d9b64a8fb6084fa1e8638e57,success,,0.0,0.0,False,0.0,0.0
"North Jersey, NJ",2026-06-19,7fdbe83527a2b4b07fe74b1a877a5d2d59c65f0429b2732e744f6a449d4736b6,DMS2,4,4,4,4,False,nearest_neighbor_best_start,last_service_stop_no_home_return,osrm_road_network,northeast,driving,d0dc0044a51b32a1890ca54eadd33a52a5954c11666e4fc1dadcf106a7414f87,success,,34.5027,40.655,False,2.0,404.3976999819279
"North Jersey, NJ",2026-06-19,85ec5aee9a063102ce1579c5bf5362b01f86df4ac341c8772954adf0d94c9c11,DMS2,3,3,3,3,False,nearest_neighbor_best_start,last_service_stop_no_home_return,osrm_road_network,northeast,driving,47089af8f295eb258baca5b4b184ed3451f800c4f3c13f6f4f05b6212c342213,success,,34.6038,41.085,False,2.0,405.0431000068784
"North Jersey, NJ",2026-06-19,8a93600d3fe8b5fbfc44a3236fc9772ad536f3a74a5ba4622b228bba24765554,DMS2,11,11,11,11,False,nearest_neighbor_best_start,last_service_stop_no_home_return,osrm_road_network,northeast,driving,95d4e58c270045be5add7d1844f662a9dcd56f9ca6e1529b3dd8bd9bf4d05f8a,success,,85.9975,113.49833333333332,False,2.0,447.2246000368614
"North Jersey, NJ",2026-06-19,986033c87910af55e0503eb678cc8b287319cbdb704fe5c4edd41c5349520465,DMS,2,2,2,3,True,home_fixed_start,last_service_stop_no_home_return,osrm_road_network,northeast,driving,b7dff1b1366a63f911ca632f90e3b70d140e23602af6427cbdffdba1e3eb769d,success,,36.346599999999995,44.805,False,2.0,402.2423999849707
"North Jersey, NJ",2026-06-19,9aa6cd848c69f9cb11c5d09b8a3828abf056dbb7f737cb130fe558aa77f7e6cd,DMS,3,3,3,4,True,home_fixed_start,last_service_stop_no_home_return,osrm_road_network,northeast,driving,753dc9bd4350350c3c080212ce8756efb4a388da383982467f24ca634c6c2b6f,success,,26.7909,32.22,False,2.0,405.0369999895338
"North Jersey, NJ",2026-06-19,a131524d6e0d1dc56db22664d73e5464eec3c402219bd558f9817a95fd2d90e2,DMS2,4,4,4,4,False,nearest_neighbor_best_start,last_service_stop_no_home_return,osrm_road_network,northeast,driving,1eef3b2731fcb846389e6974f9dda27ff657f1c448424a80892529fbe3902b51,success,,22.310299999999998,29.803333333333335,False,2.0,410.4791000136174
"North Jersey, NJ",2026-06-19,b2097bd2e297e61e2ca30692ddebf3105cd9e4a34971bf915055b3ff6442dca6,ASC,7,7,7,7,False,nearest_neighbor_best_start,last_service_stop_no_home_return,osrm_road_network,northeast,driving,f9524dcd0f6a87fd4d754b39ac4f517c5f4ab7245b122dd746ce8b6cfd1b9fa6,success,,95.9237,101.11,False,2.0,440.0661000108812
"North Jersey, NJ",2026-06-19,b277803d25e368110fa75d6d04e324f7d3ae98f48cbb6a623a5bef21a0495e9b,DMS2,1,1,1,1,False,nearest_neighbor_best_start,last_service_stop_no_home_return,osrm_road_network,northeast,driving,a3f5eb570dba789529bddd70efc87e1fa53ad20c6ff759b151ecff684bbf7744,success,,0.0,0.0,False,0.0,0.0
"North Jersey, NJ",2026-06-19,b4af8a977ebf40130adf36616bce01b748806a8e87ba9b0faf0ab959af4f3d38,DMS2,12,12,11,11,False,nearest_neighbor_best_start,last_service_stop_no_home_return,osrm_road_network,northeast,driving,d1abd70bde49bf6162735cfc595a924de926fb0685ba66e41678c1bd0b48cf5b,success,,261.9162,279.89833333333337,False,2.0,465.83520001149736
"North Jersey, NJ",2026-06-19,c3413f7cc6d17bc1141e8e477640655ef36efe91a27051f0e6a653dc98078133,DMS2,3,3,3,3,False,nearest_neighbor_best_start,last_service_stop_no_home_return,osrm_road_network,northeast,driving,91c2b88a6cd88b683cc50e7508c52719e058d45b435ead6bd689916da5b81cc1,success,,9.4305,14.945,False,2.0,405.48290000879206
"North Jersey, NJ",2026-06-19,cf5731ce5f25fb4fa1bc743b77fe6cad5489e292670d92eded7550dede98f14a,DMS2,6,6,6,6,False,nearest_neighbor_best_start,last_service_stop_no_home_return,osrm_road_network,northeast,driving,1650ea3ec63b264ad50423b47c68331f926386bf9c8aec101cfc113623377183,success,,75.31160000000001,86.99,False,2.0,421.5385999996215
"North Jersey, NJ",2026-06-19,d3a7d5b5259a4e18ca92b82fa99e1e85217d5e3a878abb32b9ffce36fb94fe43,DMS2,4,4,4,4,False,nearest_neighbor_best_start,last_service_stop_no_home_return,osrm_road_network,northeast,driving,834ea414d23dc15727641e76d37f364a4149bd4f6035ab098c561146fda39be0,success,,16.9923,25.716666666666665,False,2.0,411.9135000219103
"North Jersey, NJ",2026-06-19,d5aed2c901ece4f732b38c2d4e80b093f7e9ec9028d263a05d1eac4ecd89571e,DMS2,1,1,1,1,False,nearest_neighbor_best_start,last_service_stop_no_home_return,osrm_road_network,northeast,driving,79e6202505fc07125a91eae03b43a70e42a524cc290051fe7a559bf11d347c12,success,,0.0,0.0,False,0.0,0.0
"North Jersey, NJ",2026-06-19,d95272363becc8855423314c9374f1d34218b9d583aca0a2bdabac9089fe772d,DMS,4,4,4,5,True,home_fixed_start,last_service_stop_no_home_return,osrm_road_network,northeast,driving,35d3d0ad0f7d105c449bbe2b68c7509c739a92db88be1a085c5119394c40ca6f,success,,50.0012,59.431666666666665,False,2.0,417.88620001170784
"North Jersey, NJ",2026-06-19,e75acbc203c9853575fe6e38f0eadd3a40a278a67816a0a6d0d568db6e899e5f,DMS,5,5,5,6,True,home_fixed_start,last_service_stop_no_home_return,osrm_road_network,northeast,driving,af302d9382b18b0f038f34fa9a5bdb2ebc3bcbeea9d75e02ea5b8df82e560228,success,,18.7052,36.62833333333333,False,2.0,411.8795999966096
"North Jersey, NJ",2026-06-19,ec7be0f16dcc44b07340ff3c487fc89935806d2b5a01523928b5a074ddccada2,DMS2,2,2,2,2,False,nearest_neighbor_best_start,last_service_stop_no_home_return,osrm_road_network,northeast,driving,0c9e3030df15225db1fe0480a8e3e8a678eb809f5bfb980d58fa53edb1846f09,success,,13.9335,15.126666666666667,False,2.0,399.6056000178214
"North Jersey, NJ",2026-06-19,f26cb3e578abab0075ba98ef73b36a587feb68fc1856f39296c6ee5ad807e7b4,DMS2,1,1,1,1,False,nearest_neighbor_best_start,last_service_stop_no_home_return,osrm_road_network,northeast,driving,c766d1e3511ce5d15dcc12f02b9c0aadd2daf5fb20a5b657724c1c523ecca1f9,success,,0.0,0.0,False,0.0,0.0
"North Jersey, NJ",2026-06-19,f277fbc3a7fdcf9b8853cfb9191f7f69152d7b9b59337939355a5f3e72890864,ASC,1,1,1,1,False,nearest_neighbor_best_start,last_service_stop_no_home_return,osrm_road_network,northeast,driving,6b467468f1143b2242915ad212083e96528f89157c30c237ad0d9ad2aa3da8b2,success,,0.0,0.0,False,0.0,0.0
"North Jersey, NJ",2026-06-19,f2992143457f4fff467ac023477c2d63994b19415333e360a5c7716e96434d44,DMS2,1,1,1,1,False,nearest_neighbor_best_start,last_service_stop_no_home_return,osrm_road_network,northeast,driving,f56c5099d8b00b572f45b9b384674b5d42e0d8517e512e67edb4576727e591b5,success,,0.0,0.0,False,0.0,0.0
"North Jersey, NJ",2026-06-19,f30c5a489ef3fe5bde12dccab4e9eef5473459b1b0537368b015e98518427dda,DMS2,2,2,2,2,False,nearest_neighbor_best_start,last_service_stop_no_home_return,osrm_road_network,northeast,driving,5d7fb329969ebc950c2a87e8b8e655f7b60c36a2544792512932feb9a715b71f,success,,30.6827,33.190000000000005,False,2.0,399.37329999520443
"North Jersey, NJ",2026-06-19,f3df65053370c5ddf110f4279a9d9b10a89b9ce70940929e2ef6328478df6fbb,DMS,6,6,6,7,True,home_fixed_start,last_service_stop_no_home_return,osrm_road_network,northeast,driving,1967e85fa4a0a21902a20f0cd50e8d08b5e48c2e216058d78d2aabaa3dc63907,success,,50.284800000000004,58.541666666666664,False,2.0,432.62989999493584
"North Jersey, NJ",2026-06-19,f82cb74e1f2561823a15e0294014a357b71e18840d59e0565758faa8c61709b6,DMS2,3,3,3,3,False,nearest_neighbor_best_start,last_service_stop_no_home_return,osrm_road_network,northeast,driving,781d38e3ab759be1ad169ff365064bce2d1690068665eab7abfc6fe7f6ff4bb6,success,,29.650299999999998,33.233333333333334,False,2.0,409.01110001141205
"North Jersey, NJ",2026-06-19,fe85bbe9af08e1e4605dc41274ad4c542dc26b12bc3642403e6020941a608047,DMS,1,1,1,2,True,home_fixed_start,last_service_stop_no_home_return,osrm_road_network,northeast,driving,684a2a193129e7a8643a49be2ab407521df4b7b5e98f1534f865c63183d5f33e,success,,47.314699999999995,47.858333333333334,False,2.0,401.98889997554943
"North Jersey, NJ",2026-06-20,2b0cfa8c1cac57ff088b96def56548852794c4fdd0ce64d35d7ae390b8d1c914,DMS2,4,4,4,4,False,nearest_neighbor_best_start,last_service_stop_no_home_return,osrm_road_network,northeast,driving,c1d12476431e48387dc64372eb38776d87505af337ed99e63dd1528a52d7147c,success,,25.307,33.505,False,2.0,410.241399978986
"North Jersey, NJ",2026-06-20,34ad21086f62aeea4d01200c2ee252955844df517b4cc54f83f89208f4c72c53,DMS2,3,3,3,3,False,nearest_neighbor_best_start,last_service_stop_no_home_return,osrm_road_network,northeast,driving,39c673641eb52b00e5eabf37b34dfbd30ac226b3d2181dc54a22acef72853c6d,success,,55.947199999999995,63.47666666666667,False,2.0,404.1589999978896
"North Jersey, NJ",2026-06-20,60a9d4b99c270892bdd6d59cb1a897fc70132fa794cf73a4959f5897dcf09291,DMS2,3,3,3,3,False,nearest_neighbor_best_start,last_service_stop_no_home_return,osrm_road_network,northeast,driving,0de8f4987be32f29ef6b550f6492ff9155fc1c35f3d60a410f81c495c5fb1193,success,,42.351,45.515,False,2.0,401.9160999741871
"North Jersey, NJ",2026-06-20,837e2f1729632ae48853e4c80adb450875b964b0be5b0c43748fb66920bcf50f,DMS,2,2,2,3,True,home_fixed_start,last_service_stop_no_home_return,osrm_road_network,northeast,driving,7454f87b87498292cecdc9773edd831e983cd51f2887e913b9d52a409bb671cb,success,,53.3823,61.015,False,2.0,409.0051999955904
"North Jersey, NJ",2026-06-20,86ffec6caff81ffd03c3908bbddd47d0dd895c3fd2a125708778f977d5dbdcac,ASC,1,1,1,1,False,nearest_neighbor_best_start,last_service_stop_no_home_return,osrm_road_network,northeast,driving,678023a3c5e1761609df8b37c51f349d8704944207ba54755e82ea7e936bb10c,success,,0.0,0.0,False,0.0,0.0
"North Jersey, NJ",2026-06-21,7408754fa023c0e81d5d98a24fb695a5619c0ff23af359de3a5e8f6f150fdb4a,DMS2,2,2,2,2,False,nearest_neighbor_best_start,last_service_stop_no_home_return,osrm_road_network,northeast,driving,03e7a9d4f03b3b3ed10ea8e72faa156df57ae0c2a4fb4c9f47aa08df391b28a4,success,,24.6977,24.925,False,2.0,396.56920000561513
"North Jersey, NJ",2026-06-22,04d1ea7d364b8c8817843ff416f922dd5bed5c9fa469c4d6a072eb5294787920,DMS2,2,2,2,2,False,nearest_neighbor_best_start,last_service_stop_no_home_return,osrm_road_network,northeast,driving,bff392381ecbefeb798167b99f3297d13417de710ac4ca74f7040f24628fac33,success,,2.7737,5.943333333333333,False,2.0,394.2125999892596
"North Jersey, NJ",2026-06-22,18cf11cd6b3c9d601a049cfbccdbd23c6f2d92283d091a70333ac2680b70c444,DMS2,12,12,11,11,False,nearest_neighbor_best_start,last_service_stop_no_home_return,osrm_road_network,northeast,driving,383d06575b07883ad926dd757ae86d1fab420b8ac3d3e534fe4459d8e7306fbf,success,,79.43839999999999,119.03333333333333,False,2.0,450.64380002440885
"North Jersey, NJ",2026-06-22,19307372d1d3df635ce8bd3ded6afeb2c74fb122e77f34e11c58e68e5b7e3771,DMS2,8,8,8,8,False,nearest_neighbor_best_start,last_service_stop_no_home_return,osrm_road_network,northeast,driving,90fe9845eae575b653976f9eb4c53ebe892980c4889d2c427bed85fc45ca5196,success,,155.2848,177.89333333333335,False,2.0,446.4144000085071
"North Jersey, NJ",2026-06-22,19e940087ab7f53604cd131ae75f6e9ba31dd74d7b69d086963bd7bd9c1a0226,DMS2,1,1,1,1,False,nearest_neighbor_best_start,last_service_stop_no_home_return,osrm_road_network,northeast,driving,71fe20ebc8884e44b22f6833ee5cc2f02d0e1292d62555b00b4ad46c3c63e290,success,,0.0,0.0,False,0.0,0.0
"North Jersey, NJ",2026-06-22,20af913e5226a8ab03ea04ac148d28df87dc50bab387f658c548ddbdc4dc8c09,DMS2,2,2,2,2,False,nearest_neighbor_best_start,last_service_stop_no_home_return,osrm_road_network,northeast,driving,bbc4a59cf1503bcaf0db01186b74d89a98396abd30324da0fa9722e4c6058190,success,,4.8361,9.07,False,2.0,409.27589999046177
"North Jersey, NJ",2026-06-22,2c7fe4988005fc132f79533e82230a9e7ab32a3f2303731181835c9c87e52290,DMS2,5,5,5,5,False,nearest_neighbor_best_start,last_service_stop_no_home_return,osrm_road_network,northeast,driving,cb57f14be0af9c95de88607c8ba3ecf59567a6fb40c4dfb23959d23737072ba4,success,,45.4115,59.486666666666665,False,2.0,429.17399998987094
"North Jersey, NJ",2026-06-22,3ceca96768eeda963fdf676d52c0333468da2babfd5c77e3f15124c64c06070d,DMS2,6,6,6,6,False,nearest_neighbor_best_start,last_service_stop_no_home_return,osrm_road_network,northeast,driving,3cd43872b813e02785e6ca96505db6dd1307403c8327184fc73e5b388a33117e,success,,34.2948,44.236666666666665,False,2.0,433.1915999937337
"North Jersey, NJ",2026-06-22,416c2f6bcb286fb0e70219125bb5655cfb97b212b5a75d46009803e001d558ea,DMS2,2,2,2,2,False,nearest_neighbor_best_start,last_service_stop_no_home_return,osrm_road_network,northeast,driving,50ab1d6dd7e139ed33e445afa9ab87f867af673a3c3650f650b1cc0df0cb2852,success,,38.4837,36.94166666666667,False,2.0,397.705399984261
"North Jersey, NJ",2026-06-22,49586b837760c62450951cb58e9bf5ecfbb3a826e3ba668239a3a7e31d2e5277,DMS,6,6,6,7,True,home_fixed_start,last_service_stop_no_home_return,osrm_road_network,northeast,driving,88d1326f2cde3145fbd22f606551cce2022e444fde922d22fe403d37a4a459ac,success,,23.149900000000002,41.765,False,2.0,427.8991000028327
"North Jersey, NJ",2026-06-22,4db0c43f32b8f5ea3b13fd8ffd1f52528a92a2ab6ded3d416f31a01b6b8e8e48,DMS2,2,2,2,2,False,nearest_neighbor_best_start,last_service_stop_no_home_return,osrm_road_network,northeast,driving,20398150359dd0b89f4364f2fa50fc48270ad2027dd143f37d243006a37f521f,success,,9.1733,10.938333333333333,False,2.0,405.6792999908794
"North Jersey, NJ",2026-06-22,55c1829648e16ed1a2f03d38edc77a465f04d1b450faac39ff9206638ffe13c1,DMS,5,5,5,6,True,home_fixed_start,last_service_stop_no_home_return,osrm_road_network,northeast,driving,5bd9d1298bfe90e5a795326b09f25d49b439bada3ca506004ee06ecafb8340fd,success,,25.853099999999998,48.01166666666666,False,2.0,425.6251999759115
"North Jersey, NJ",2026-06-22,57a3363ba4142b61ce190b072c81162db59f0d92b53cd70c1a1644cb102a4f8a,DMS2,2,2,2,2,False,nearest_neighbor_best_start,last_service_stop_no_home_return,osrm_road_network,northeast,driving,d4f11eb0181b14faf80d5e4db4c729dd887c4f48f9902cf29dfcea0a60f8f551,success,,18.2012,15.360000000000001,False,2.0,399.5358000101987
"North Jersey, NJ",2026-06-22,5dcf0e83697a4eb1ffcf315c355b3f611c30c84fbfdd58087cec423bcbae39ce,DMS2,2,2,2,2,False,nearest_neighbor_best_start,last_service_stop_no_home_return,osrm_road_network,northeast,driving,dd6a799498557348383a3ec89c3a99e320d3ef707f8d78ce1f61901cd50ed0b6,success,,10.0721,11.663333333333332,False,2.0,395.5415000091307
"North Jersey, NJ",2026-06-22,64c87d41dd42475347bf9260264b4a4714d2313dad5938ba9a0d7114fcdafc6c,DMS2,3,3,3,3,False,nearest_neighbor_best_start,last_service_stop_no_home_return,osrm_road_network,northeast,driving,92cf8c202cc15ba22f3d08641b8f8542c9c29e3aefc7e95bad8cc3ae09a27f05,success,,82.3368,78.00666666666666,False,2.0,400.49569998518564
"North Jersey, NJ",2026-06-22,6e242726fc81b64ac29bb38304baecd16edba7f95494161b9e9dc57e5858123e,DMS2,4,4,4,4,False,nearest_neighbor_best_start,last_service_stop_no_home_return,osrm_road_network,northeast,driving,35bff2d747418ccdcdc1c1462d2662f1f0239037ffb0edd917b9d822ea3c9a5b,success,,31.4151,37.49666666666667,False,2.0,414.49719996307977
"North Jersey, NJ",2026-06-22,75e0673b3cf69e6249d21554e11ceb3eaff5fb7ff167ec1f93436da34bd06a70,DMS2,2,2,2,2,False,nearest_neighbor_best_start,last_service_stop_no_home_return,osrm_road_network,northeast,driving,f6da02ea1c5c18c6394380a6317055cc60edb6c6edbd37544745a72a6a8cf310,success,,14.3765,14.979999999999999,False,2.0,395.65560000482947
"North Jersey, NJ",2026-06-22,76f1262be289fef02813068594fafaf7c946f94b030d60eb39de97228d516516,DMS2,3,3,3,3,False,nearest_neighbor_best_start,last_service_stop_no_home_return,osrm_road_network,northeast,driving,159213fe65a2a100b3fc0acd4aeb0333e1d294b11deabd8848d451215c63622c,success,,23.018900000000002,22.743333333333332,False,2.0,401.25630001421086
"North Jersey, NJ",2026-06-22,83784d65866ac6c6bad2adea48399747050f8da01fac1b2a69cd75b9c17e3edf,DMS2,2,2,2,2,False,nearest_neighbor_best_start,last_service_stop_no_home_return,osrm_road_network,northeast,driving,d6a261be5ed1e59d7272125a07082fd4f5413dc32d474dfebe21b8c708300db3,success,,16.8785,19.166666666666668,False,2.0,393.40799997444265
"North Jersey, NJ",2026-06-22,84d615f2129bd2f10805c7b4cd9911f1ac3af54b96cd735f487635a2385c77ce,DMS2,2,2,2,2,False,nearest_neighbor_best_start,last_service_stop_no_home_return,osrm_road_network,northeast,driving,699a8789fd7ef47d1d44aca5020a9f6037cbcd9faf51e7709d268a4d3788c840,success,,13.094,14.531666666666666,False,2.0,399.19799999915995
"North Jersey, NJ",2026-06-22,89434431e1d30eea5554821bd62dbf76a463245d96ddf69bf8413db85f00e9c5,ASC,5,5,5,5,False,nearest_neighbor_best_start,last_service_stop_no_home_return,osrm_road_network,northeast,driving,1c195c6cfcc2ee4cf63527507819471f5843212cceceb418a1d2587bdcbefbb9,success,,44.543,57.32833333333333,False,2.0,417.9865999612957
"North Jersey, NJ",2026-06-22,89e4f37c29f00c1e0885626d344bff7ce836d76958ad56975841ced8ee431050,DMS,1,1,1,2,True,home_fixed_start,last_service_stop_no_home_return,osrm_road_network,northeast,driving,26a3263be995916ef94e0b55fb229089f24bbd1b83ee652e32ab1b2ab023b99b,success,,42.0848,46.515,False,2.0,407.3752000113018
"North Jersey, NJ",2026-06-22,8c130a8e39c5d521154c5cb2f9c39d2181802cb6aa9f1e2c16b51a3472ed6dab,DMS2,3,3,3,3,False,nearest_neighbor_best_start,last_service_stop_no_home_return,osrm_road_network,northeast,driving,9e679853795ee30a345e92166aa2b074365c5e6a05e28102b4e5fac7b1ffbf12,success,,12.7989,23.970000000000002,False,2.0,407.5952999992296
"North Jersey, NJ",2026-06-22,8c7d0894f2176c21c94d620c64cdd492ab773df82c41fe9430069a568a8d41a4,DMS2,1,1,1,1,False,nearest_neighbor_best_start,last_service_stop_no_home_return,osrm_road_network,northeast,driving,24f0fb0a7024ee62b88cde6188eea6e697822699ab1eefa3ab2b0475ebedbb44,success,,0.0,0.0,False,0.0,0.0
"North Jersey, NJ",2026-06-22,909c0ef92bb5bcb3e2d28e132d42b1272d51a46e6bd62d3f669644d576b5c67f,DMS2,2,2,2,2,False,nearest_neighbor_best_start,last_service_stop_no_home_return,osrm_road_network,northeast,driving,e56a254a246693b8c9ad441429917b50ed625cddc691540e7f292074240bd71f,success,,39.5775,37.940000000000005,False,2.0,402.073399949586
"North Jersey, NJ",2026-06-22,93a843df912adfe8b2ab0e102a672842fe7eed1bc80c654c60c605985393cc39,DMS2,2,2,2,2,False,nearest_neighbor_best_start,last_service_stop_no_home_return,osrm_road_network,northeast,driving,94f827c65543b51c78eb963651a08ba6af59a01c9866263fdde505ebb5193d1c,success,,12.5354,18.765,False,2.0,396.7802999832202
"North Jersey, NJ",2026-06-22,a04c54d8714fb1ec696725bb7522ff31d61fd3d69758b3ef3588ad2baed4c363,DMS,6,6,6,7,True,home_fixed_start,last_service_stop_no_home_return,osrm_road_network,northeast,driving,1908cf9536e518a73d3300768d7c1922e293634703f2b8c0f827a03ff111e6a6,success,,28.4165,38.29666666666667,False,2.0,422.28279999108054
"North Jersey, NJ",2026-06-22,a483ea5b009bb34894fc905db103afa930891b441f865b5e9fdef9a216ad2cb8,DMS,3,3,3,4,True,home_fixed_start,last_service_stop_no_home_return,osrm_road_network,northeast,driving,50de2a5de5bf9e009e019a31be72d2e9571fe3e92c35c0d070f08dd715169e74,success,,34.3077,47.41,False,2.0,411.4912000077311
"North Jersey, NJ",2026-06-22,ab292ddc96f05cf397e78a6932e9483a4c41b69182c5164e1a959031c4f7cdbb,DMS2,3,3,3,3,False,nearest_neighbor_best_start,last_service_stop_no_home_return,osrm_road_network,northeast,driving,8af4549931b6059dfacd587e55eaf78fe8893b4ae9c547f52bd9318177bd7191,success,,34.6066,37.995,False,2.0,398.50959996692836
"North Jersey, NJ",2026-06-22,c2bd408e202555351bd99900159aa411c91e50fc0a67fddc18fe472af89fd887,DMS,3,3,3,4,True,home_fixed_start,last_service_stop_no_home_return,osrm_road_network,northeast,driving,a4f31994f3c6647c8dd40eb2a8abc4912fcfc6f9a4ae4c4b12d9ae113990a4b6,success,,44.0355,58.335,False,2.0,407.028799992986
"North Jersey, NJ",2026-06-22,c4a4d0e04f568bbd894ce784f38adc294e02c2e765e97dcd9c4669d4dfc2510e,DMS,4,4,4,5,True,home_fixed_start,last_service_stop_no_home_return,osrm_road_network,northeast,driving,0466ac3e594dafdf3ae066ca1e7f03ca27614b362ac0ce62c516b93b02c71876,success,,46.1088,54.31166666666666,False,2.0,427.57840000558645
"North Jersey, NJ",2026-06-22,c9ddc9dea8b8a5589c3856b1c1efc4cb9dac9671b568ef61607cca26f4bab58f,DMS2,3,3,3,3,False,nearest_neighbor_best_start,last_service_stop_no_home_return,osrm_road_network,northeast,driving,53168865c7093450e1640f189689e7eb28060d84650e110178e1c2430947f24e,success,,9.1388,13.251666666666667,False,2.0,403.8365000160411
"North Jersey, NJ",2026-06-22,d7cbd1980b8936cb25cfbc63ad506e086f1046e4dc15cc3978eaccc201fb2168,DMS,2,2,2,3,True,home_fixed_start,last_service_stop_no_home_return,osrm_road_network,northeast,driving,a310853fb934e1b89ec6faf4109a01626d60417a7edfcbb5d4cb0b57dc2d5944,success,,23.1041,27.391666666666666,False,2.0,401.6122000175528
"North Jersey, NJ",2026-06-22,df28a3d83390b9d37cfabea85de2fc227bf751140c4c7c57679650058929430a,DMS2,2,2,2,2,False,nearest_neighbor_best_start,last_service_stop_no_home_return,osrm_road_network,northeast,driving,2a69702ccde11474dbc2b29f8c9730de461380057339e95014d116cee4582107,success,,8.0407,8.948333333333332,False,2.0,397.02120001311414
"North Jersey, NJ",2026-06-22,e9b9cbf4aba089bab61119fc02ddbb3443ccbfd588f81ebe13fb3a4cfe49cc50,DMS2,4,4,4,4,False,nearest_neighbor_best_start,last_service_stop_no_home_return,osrm_road_network,northeast,driving,d94cafc9eb6999480ca5d3cb22d34a0133c7d151a3f23a848a97120a705a2686,success,,31.5397,35.695,False,2.0,404.516100010369
"North Jersey, NJ",2026-06-22,ea9f992794a176916f124c04b4553e71d1d80b4d9eb445d23c66490d1b2204db,DMS2,3,3,3,3,False,nearest_neighbor_best_start,last_service_stop_no_home_return,osrm_road_network,northeast,driving,b98fe68cdf0cc8bd26f476cc28ec7760b69cf42ddccb7bb9428d3628e16dab9b,success,,17.3038,22.613333333333333,False,2.0,401.55019995290786
"North Jersey, NJ",2026-06-22,f3c98982a43f5fda0a7120632beeda18d90899be411469e260cfb353e12bd2b0,DMS,6,6,6,7,True,home_fixed_start,last_service_stop_no_home_return,osrm_road_network,northeast,driving,75d5b304da8a6ebd4c2d3f5dc0dbb6790d9cf9fff69629432ec600d1549f7353,success,,34.2468,45.22166666666667,False,2.0,427.9885000141803
"North Jersey, NJ",2026-06-22,fdb8300bb318916083a87b2508c3a768e694d1313ebf979e7ef9d3d658957820,DMS2,3,3,3,3,False,nearest_neighbor_best_start,last_service_stop_no_home_return,osrm_road_network,northeast,driving,7dca7f4eba43b31dadf59c4d1fff41f968bab9a3256a92432af60d29e255c7f2,success,,36.0003,38.931666666666665,False,2.0,407.4393999762833
"North Jersey, NJ",2026-06-23,09e6f689f7d57058bb8e8a06a052967ee4dd6082d17dbc9f297e52ab3a2305de,DMS,3,3,3,4,True,home_fixed_start,last_service_stop_no_home_return,osrm_road_network,northeast,driving,846b3fb71bd6439c90e24e211c4152e390e67214c65fe903da5fa0326456f49c,success,,47.8873,59.35333333333333,False,2.0,418.3552000031341
"North Jersey, NJ",2026-06-23,16baafa16fb0679f2bd7f5fda8341b1e88b232a57c3d2eaa199c377c21cb7c87,DMS,6,6,6,7,True,home_fixed_start,last_service_stop_no_home_return,osrm_road_network,northeast,driving,8a20759ca73def5de8a649a4c2c3f7cd19e536bfeb74141394cfceca44daa466,success,,28.6037,54.70666666666667,False,2.0,417.00119999586605
"North Jersey, NJ",2026-06-23,204b34f269be5f546004c0799873b8d174558313e232e9a8b3cb6b7d0d316639,DMS,4,4,4,5,True,home_fixed_start,last_service_stop_no_home_return,osrm_road_network,northeast,driving,6ead093caa571a1fcfdeca384e53f6094e0b0bd360fcedb2d7adae8990ba7a0b,success,,22.176,36.87,False,2.0,408.58179997303523
"North Jersey, NJ",2026-06-23,235da5b2d4cc71cf0ace73864d22220c486bdd16709c2de269a0655e2ae55e4e,DMS,3,3,3,4,True,home_fixed_start,last_service_stop_no_home_return,osrm_road_network,northeast,driving,8246beade63395c03e2ecd31c2af0cb642be93a993528dbc1e4af612fb6b71f1,success,,15.3642,28.154999999999998,False,2.0,412.0157000143081
"North Jersey, NJ",2026-06-23,2bee231f645820fde5aa9c68a947fdbf25457bfad5beffe5c376ddc761110b2d,DMS2,1,1,1,1,False,nearest_neighbor_best_start,last_service_stop_no_home_return,osrm_road_network,northeast,driving,522f23e3a1b77f52d524b74098c080ab918c7f326f0033ebbda2cf8d7a233399,success,,0.0,0.0,False,0.0,0.0
"North Jersey, NJ",2026-06-23,2f70ceb130bf344245fab800bedcb8373ac70594faa0a3f26218aae136d38ef2,DMS2,2,2,2,2,False,nearest_neighbor_best_start,last_service_stop_no_home_return,osrm_road_network,northeast,driving,ed93dc35bc0182645b1c7445a1e53b310c5ded15eed0e172e2de6d2f9ef1cae1,success,,25.6534,31.891666666666666,False,2.0,402.92520000366494
"North Jersey, NJ",2026-06-23,371d80437925f0a40ed3ca9d19e48ef677fc1cd540acd1a4301c7e4c273bcb96,DMS2,1,1,1,1,False,nearest_neighbor_best_start,last_service_stop_no_home_return,osrm_road_network,northeast,driving,54c248740be8ac29ec6466f7cd9b09858b41a3cab01cb97b8b3f6a6299ff0c13,success,,0.0,0.0,False,0.0,0.0
"North Jersey, NJ",2026-06-23,37b37c864e8f90fc3d6fa48b04b50b13b586a9091d28e2a7842bbf3c5512eeb8,DMS2,3,3,3,3,False,nearest_neighbor_best_start,last_service_stop_no_home_return,osrm_road_network,northeast,driving,0dc4236800d2204472655ab9ca54c60ef218aa871a3cb79ecf730380d197c662,success,,58.651900000000005,59.80166666666666,False,2.0,400.9440000227187
"North Jersey, NJ",2026-06-23,40f34acd8be7d4c489689873bcdbbdada661881e643c58066bc91d4042810186,DMS2,1,1,1,1,False,nearest_neighbor_best_start,last_service_stop_no_home_return,osrm_road_network,northeast,driving,40f1ee5fa298c1a9b4a952421b9ae44b88135aa62d80f561aea147c5420c48f8,success,,0.0,0.0,False,0.0,0.0
"North Jersey, NJ",2026-06-23,42d8d43b39f4fcf9a0cd70076efc60442d3a0d8421bd4427aab9b0e1dfcb768a,ASC,4,4,4,4,False,nearest_neighbor_best_start,last_service_stop_no_home_return,osrm_road_network,northeast,driving,4b2a0b29c43d7c76c769aa4a019abd3625cd176e171e60a017051f8469aed9aa,success,,36.3822,45.894999999999996,False,2.0,411.1077999987174
"North Jersey, NJ",2026-06-23,4480f9c3fab28b2c0719e39706a83c5b676001ab8234577d45476dbd57f94cfa,DMS2,3,3,3,3,False,nearest_neighbor_best_start,last_service_stop_no_home_return,osrm_road_network,northeast,driving,003ae82de5620e25321797b7ae28bcd41bf7fa3c2c8f9159e9784d68b8071e63,success,,53.6731,56.263333333333335,False,2.0,398.5855999926571
"North Jersey, NJ",2026-06-23,5d3a9a28274e12236b9ebcc400eb2a1208dddaac7e62207b5deecd650085af1d,DMS2,7,7,7,7,False,nearest_neighbor_best_start,last_service_stop_no_home_return,osrm_road_network,northeast,driving,820c20717c5faac03a0b43782ae07e4160bf112d464362d7a46452a6acdaa9a4,success,,54.8281,69.41666666666667,False,2.0,423.2521999801975
"North Jersey, NJ",2026-06-23,6025c5871aa6e8eff8076b39a5437b85f047366350ade9713720b0d238cafca5,DMS2,2,2,2,2,False,nearest_neighbor_best_start,last_service_stop_no_home_return,osrm_road_network,northeast,driving,80ff1dcf4ae1db1bfd2362bef7ca3cfd5abf1153d9b469b760fd2c2dc6a267f8,success,,101.2889,95.33333333333333,False,2.0,398.4686000039801
"North Jersey, NJ",2026-06-23,69bbff895f3c7f6e6dbab575a94c5413acdb15cf800aa62f222eac1b2d9c1b88,DMS2,2,2,2,2,False,nearest_neighbor_best_start,last_service_stop_no_home_return,osrm_road_network,northeast,driving,ae86c4797d7ef59d5849d27746840f5e5028448f7084f1b2dd3d19b142e65f4e,success,,2.7112,4.713333333333334,False,2.0,391.5944999898784
"North Jersey, NJ",2026-06-23,6f1ad5d9c70ce1bcba381d39e9234d80374876f83b2f7c74b7627f5053d37976,DMS,3,3,3,4,True,home_fixed_start,last_service_stop_no_home_return,osrm_road_network,northeast,driving,2bf37d931e9be53c2607663e9d119abd4f3031340417074e41e021cfe137f711,success,,44.8748,52.43833333333334,False,2.0,414.1929000033997
"North Jersey, NJ",2026-06-23,6f34771342a84e5e74bd2e9fb93555131a7a311247f104c814d6141951cc3e11,DMS2,9,9,9,9,False,nearest_neighbor_best_start,last_service_stop_no_home_return,osrm_road_network,northeast,driving,abe794023495a0a6416f36f7448a6ad5f57603527cceafe638fec3cef0260ee6,success,,69.7713,90.21666666666667,False,2.0,432.0057999866549
"North Jersey, NJ",2026-06-23,7291ac98003272e97bda3df39761b854f93c04fa025217cda4d96323ed61ec2a,DMS2,5,5,5,5,False,nearest_neighbor_best_start,last_service_stop_no_home_return,osrm_road_network,northeast,driving,e253e0f71ffb9cbcd14c5dacdf7e5a6f6b30cf99b4afe4c4b203a40d1db47ba3,success,,187.3384,188.75666666666666,False,2.0,440.1236000121571
"North Jersey, NJ",2026-06-23,745baaf678c3a6d74f4887f5e3685d8999d85e38d35fa860201ff11adb49b120,DMS2,1,1,1,1,False,nearest_neighbor_best_start,last_service_stop_no_home_return,osrm_road_network,northeast,driving,704f29ae8153fe5087773cf63b41d6fe748090bf75ea185b64113ece8c2e337f,success,,0.0,0.0,False,0.0,0.0
"North Jersey, NJ",2026-06-23,8353be95c1cb07be043085ff3d9bf8855ecca95da472f01032804ac48dc45373,DMS2,2,2,2,2,False,nearest_neighbor_best_start,last_service_stop_no_home_return,osrm_road_network,northeast,driving,f7650bc777e5358a22869865709cb7d93d717b474be302bfa2da5636be879e69,success,,8.7996,12.275,False,2.0,396.1210000270512
"North Jersey, NJ",2026-06-23,870443e294c114a123075f9c3857e6d1a39a09cb35b41655b471f8dff6297109,DMS2,1,1,1,1,False,nearest_neighbor_best_start,last_service_stop_no_home_return,osrm_road_network,northeast,driving,9cf698cbba657f6888a1af521d64e4ded573383be2d74d674da1a90896196025,success,,0.0,0.0,False,0.0,0.0
"North Jersey, NJ",2026-06-23,8a77f6fd7d954e4b725577c62217afeacc1e9dca13ba9411170ffca15765dfd7,DMS2,3,3,3,3,False,nearest_neighbor_best_start,last_service_stop_no_home_return,osrm_road_network,northeast,driving,0365527a82a564cab286d3c4b8fc7c86845a38b10c191fc41c8da99cc0ed6893,success,,24.1595,28.756666666666668,False,2.0,398.519500013208
"North Jersey, NJ",2026-06-23,927a6aae7389b9d4b4b4521cb24c890a53f7ed14bd9827940ae786fcc308843e,DMS,1,1,1,2,True,home_fixed_start,last_service_stop_no_home_return,osrm_road_network,northeast,driving,14cc728ba261e5d2787491bacd49ab3d80528e14e6d091355bb36e4f8d0b0f53,success,,8.6677,12.466666666666667,False,2.0,390.11209999443963
"North Jersey, NJ",2026-06-23,9b95ce23bbc9632297d5c39e8ec2e5c27b9f4011ea7d8423e10c5b981b67daeb,DMS,1,1,1,2,True,home_fixed_start,last_service_stop_no_home_return,osrm_road_network,northeast,driving,e616a964790600a22a57639cca237a8362ec060b408057b4bb3e54f2ae16f36a,success,,20.8643,21.91166666666667,False,2.0,411.74250000040047
"North Jersey, NJ",2026-06-23,9ff7de737d375cf9fcde18f1b83ab54a646868c1616d1517e15a9985ff3da580,DMS,2,2,2,3,True,home_fixed_start,last_service_stop_no_home_return,osrm_road_network,northeast,driving,48884ad393517ae4700a7f916e55a3215fdfe70409d3a434022130cacc95c2dc,success,,23.6958,25.538333333333334,False,2.0,403.20299996528774
"North Jersey, NJ",2026-06-23,a088714de9a71b89749efca4831d64b896a4b9a13a24462590b6ca82fb513091,DMS2,2,2,2,2,False,nearest_neighbor_best_start,last_service_stop_no_home_return,osrm_road_network,northeast,driving,28a5417efebd5db50316c59fd66d1c28ff0d44e225a3368f9f513c9b2fc2abef,success,,10.8318,12.276666666666667,False,2.0,403.76389998709783
"North Jersey, NJ",2026-06-23,b0e7621a76a64da6e89502a5766f04092677d82934a2623f6cbc54fc5b3e6857,DMS2,1,1,1,1,False,nearest_neighbor_best_start,last_service_stop_no_home_return,osrm_road_network,northeast,driving,cda4d06670c2c36dbd311f98b5bd57a03517729b3690232880e6e42134aace72,success,,0.0,0.0,False,0.0,0.0
"North Jersey, NJ",2026-06-23,b556f28cc9804a4e4538ad85d52f37e475895e5e269c35727b4c21acee4af61b,DMS2,10,10,10,10,False,nearest_neighbor_best_start,last_service_stop_no_home_return,osrm_road_network,northeast,driving,dd667928ea1a2b1e85b271efb8162ab301bab886d20b137011619ec0f25e4a9d,success,,73.8078,94.09333333333333,False,2.0,452.37949999864213
"North Jersey, NJ",2026-06-23,c2cf532c7a1a2cd2862c44bab97ccb2c36fd71de657066bffd48ab6d1b084d52,DMS,3,3,3,4,True,home_fixed_start,last_service_stop_no_home_return,osrm_road_network,northeast,driving,1668513a62bb5e79445f3fc13472b02e9341550885afd50d7e769bdcaa4b011c,success,,653.7299,537.3533333333334,False,2.0,445.7661999913398
"North Jersey, NJ",2026-06-23,c46e05e0f5d001bf4a94960b1ca36d7505bd47a1976727528d97f4646a93a5ea,DMS2,6,6,6,6,False,nearest_neighbor_best_start,last_service_stop_no_home_return,osrm_road_network,northeast,driving,9b3a11efa2be5dee39418cc1b5d5d3ee53deb9febcd561a76e727508093c61bd,success,,13.5449,30.56833333333333,False,2.0,415.01319999224506
"North Jersey, NJ",2026-06-23,cc6e2813250a4503547dfbeb234b5fe764f090cd0a7dc7108df9f39a8401ee56,DMS2,2,2,2,2,False,nearest_neighbor_best_start,last_service_stop_no_home_return,osrm_road_network,northeast,driving,2d520d681f8a5472cbc5141182f8f21ec79113b52caa8171e1f31f5c78bcfdf5,success,,5.9277,11.231666666666666,False,2.0,397.0443999860436
"North Jersey, NJ",2026-06-23,d683d62618a35a8dc52785c672fce39457d62d99ebcb3936e0ca8f9b5bdb3c2a,DMS2,5,5,5,5,False,nearest_neighbor_best_start,last_service_stop_no_home_return,osrm_road_network,northeast,driving,a52575a6ce5d37a304fc21d02b249809279de47fdaeae5eae2b289a2eb29932a,success,,20.388099999999998,29.884999999999998,False,2.0,409.01390003273264
"North Jersey, NJ",2026-06-23,d7b97e3dc43a1c002dfbce2997c1b9b22b0a941f08e8f76e699d67353006084b,ASC,2,2,2,2,False,nearest_neighbor_best_start,last_service_stop_no_home_return,osrm_road_network,northeast,driving,4395b6fc64db9559bbafe9078e7b303c23f53c5c7303e41895da0771316ea8eb,success,,45.225,44.736666666666665,False,2.0,397.61959997122176
"North Jersey, NJ",2026-06-23,e8268340f3c4ada4ee4bf9c231f5548d8ad1990836605bf76c88a44955aaed19,DMS2,3,3,3,3,False,nearest_neighbor_best_start,last_service_stop_no_home_return,osrm_road_network,northeast,driving,b7956c3643b866c4b2327735fcfba0ec0f2204c5d6aa4b9d0c2bb7738aaf5174,success,,26.4332,31.0,False,2.0,398.9065999921877
"North Jersey, NJ",2026-06-23,f82f335ce3dbb74c47efb418e69d4c435c21e4667e35d935cfd6645e0bb46f8d,DMS,3,3,3,4,True,home_fixed_start,last_service_stop_no_home_return,osrm_road_network,northeast,driving,54abd9329c8bf9da1ae56dd8d236a535ced0bce75876a36b061031a16c919cb6,success,,51.9998,61.59666666666667,False,2.0,406.4041000092402
"North Jersey, NJ",2026-06-23,fc74da6ec8dc2ba9bb541faf2b77499b8be0bf21828bac8c7ac8c4053b58291c,DMS2,4,4,4,4,False,nearest_neighbor_best_start,last_service_stop_no_home_return,osrm_road_network,northeast,driving,1745017fece3c4fac44588865df0c2fb732386d29e4879f0e011d421e60e4e4a,success,,14.048200000000001,25.136666666666667,False,2.0,404.8763000173494
"North Jersey, NJ",2026-06-23,fcf9b14e9be601dedc3a1ef287c72b4a6a6a625f06f8dbd342273b1b785395d7,DMS2,10,10,10,10,False,nearest_neighbor_best_start,last_service_stop_no_home_return,osrm_road_network,northeast,driving,dde3f8b01045920ae8b08a1f4c3043b9fdf65eee13ed5bdfb90919998a845978,success,,73.1682,95.8,False,2.0,437.27289998787455
"North Jersey, NJ",2026-06-24,033c4f239fa37ab299530d6c2af66a4b273877b2729fb0571d129a404b29e5f4,DMS2,2,2,2,2,False,nearest_neighbor_best_start,last_service_stop_no_home_return,osrm_road_network,northeast,driving,bc757c39cb5e38c7056ca1cb01b739d2fdb95effa3ff4b840b93b4cfa7fafbd8,success,,51.0414,44.20333333333333,False,2.0,401.2312999984715
"North Jersey, NJ",2026-06-24,0df542e7950d9b7b626f7ec2b3abd15ba59c9cea52f8c19ce797b24983624332,DMS2,1,1,1,1,False,nearest_neighbor_best_start,last_service_stop_no_home_return,osrm_road_network,northeast,driving,11b9d6501997af123c8f0387e808d60717a709baab1eb9b6af942e3924997d53,success,,0.0,0.0,False,0.0,0.0
"North Jersey, NJ",2026-06-24,1941eeebe849da7a88fae11a93e6344a2ad0ffff93d74026e41c57f1596df65d,DMS,2,2,2,3,True,home_fixed_start,last_service_stop_no_home_return,osrm_road_network,northeast,driving,133e9449670660d622a769183560fc22e3a2411f427cb05d20be84b94f0fb224,success,,47.409699999999994,51.14,False,2.0,402.2032000066247
"North Jersey, NJ",2026-06-24,24ae7c56f9e4230c18337087b7446f5e85514c710b8fbbafe60a7e5ad601e508,DMS,8,8,8,9,True,home_fixed_start,last_service_stop_no_home_return,osrm_road_network,northeast,driving,34ba1b46ed7e1e0f54a2518d56308514345e9b87b349b7e2531a5efe5a0cee89,success,,75.7848,103.47,False,2.0,439.80709998868406
"North Jersey, NJ",2026-06-24,3d95f73d5996b50f34928be7e341808b65b601b43e1943240b52286529864748,DMS2,3,3,3,3,False,nearest_neighbor_best_start,last_service_stop_no_home_return,osrm_road_network,northeast,driving,298173185c67e2a56b09d46e19e35e101a854d21e2c3f5527f570eda1245f666,success,,25.4745,27.865000000000002,False,2.0,409.0864000318106
"North Jersey, NJ",2026-06-24,46bde01ead0192c6d36a8ae05431db515a65864db5c6c52c3986b45975bbba74,ASC,7,7,7,7,False,nearest_neighbor_best_start,last_service_stop_no_home_return,osrm_road_network,northeast,driving,4bee0eda2e9e807beac13a4feafc47a8f6126135b325dda6729ed7b1cf5d2e00,success,,74.04780000000001,92.00500000000001,False,2.0,433.2085000060033
"North Jersey, NJ",2026-06-24,5c9d7709d71fe79bccc8b5c2f4dd66bef4cab22cf4fe54bf80202abde0d52db1,DMS,2,2,2,3,True,home_fixed_start,last_service_stop_no_home_return,osrm_road_network,northeast,driving,698035c0a214a551e38520bfbefee9eb55f249a609d034f355a5018dc37a6234,success,,18.5892,30.08833333333333,False,2.0,400.44239998678677
"North Jersey, NJ",2026-06-24,5d0732e3d23eabedba256a8ad3bd4a98dd50212c27f9cdbb277075c395f5f298,DMS2,3,3,3,3,False,nearest_neighbor_best_start,last_service_stop_no_home_return,osrm_road_network,northeast,driving,47a54bd622edf7c81bd86445dea07b154974d8fba13d3874b11a9beea214555a,success,,16.0119,25.058333333333334,False,2.0,401.41369999037124
"North Jersey, NJ",2026-06-24,611a5a4041b3152b980b62ed0d9dd18f3da38bddaa6ea1e14fcbd50920795511,DMS2,1,1,1,1,False,nearest_neighbor_best_start,last_service_stop_no_home_return,osrm_road_network,northeast,driving,e12530004671774f81743702817d304519c6b4fa1394093e8917d5c15b95b178,success,,0.0,0.0,False,0.0,0.0
"North Jersey, NJ",2026-06-24,6242599003d5fe8185ae647a1678e12b0158eed28d422722db66fac0dfb91931,DMS2,1,1,1,1,False,nearest_neighbor_best_start,last_service_stop_no_home_return,osrm_road_network,northeast,driving,8ff4a82cf92fad934382370d82f23e6eb86396ae6bd8107cea451ef291ad5c82,success,,0.0,0.0,False,0.0,0.0
"North Jersey, NJ",2026-06-24,7093d12a57769c68d2e3ce4dfa9267b6e06457f9a7779da2fede01a6a7250998,DMS2,3,3,2,2,False,nearest_neighbor_best_start,last_service_stop_no_home_return,osrm_road_network,northeast,driving,ddf4dbe970760bfb57df12e8b0ee9c437adfc664969a525f7e121cf710ce571f,success,,11.536299999999999,15.861666666666668,False,2.0,402.98680000705644
"North Jersey, NJ",2026-06-24,7480135fdc875cb5a9ade28b5b906c4a65665825349bed2d86325a1be2a0abd7,DMS2,3,3,3,3,False,nearest_neighbor_best_start,last_service_stop_no_home_return,osrm_road_network,northeast,driving,ac7aad49a5a2c9409478c4a5ccf3ab728fc11c179f187c1f381f4c1182b8bebd,success,,12.5639,20.761666666666667,False,2.0,410.8064000029117
"North Jersey, NJ",2026-06-24,7616e1cd75825bac858c86666ea74d3b3998d72a03b1c4f4e00ffc60fc2f77c5,MIXED,6,6,6,6,False,nearest_neighbor_best_start,last_service_stop_no_home_return,osrm_road_network,northeast,driving,9e4eef387639c3bf0cb0e13ef6745d953a074b1ee15708e4ad49db837eff7bfe,success,,31.7245,52.665,False,2.0,413.48880002624355
"North Jersey, NJ",2026-06-24,76bbaf538aa5e9463027d2f0331037d5ad88b76d7433716cfd03fde2a0bdf0d8,DMS,5,5,5,6,True,home_fixed_start,last_service_stop_no_home_return,osrm_road_network,northeast,driving,85fa757479f5210bd8a0a7513d46ee96d94a206b092d8f0b77d8322cb58b5735,success,,22.8496,30.216666666666665,False,2.0,425.26770001859404
"North Jersey, NJ",2026-06-24,7bac16955ef8d3d417fdb2998f228fcc9dc082a788a9f0dcf6fca2488e57bd5a,DMS2,2,2,2,2,False,nearest_neighbor_best_start,last_service_stop_no_home_return,osrm_road_network,northeast,driving,9561a06bb3f4693174bf5bba35210e166dd241abb0dee4bdc722eaf2e1695436,success,,26.7703,28.858333333333334,False,2.0,419.03860002639703
"North Jersey, NJ",2026-06-24,7d6c0bbe90427628df246189bcf0fb1a2c465cb2b1044d00f1aea7a2c9eceaab,DMS2,5,5,5,5,False,nearest_neighbor_best_start,last_service_stop_no_home_return,osrm_road_network,northeast,driving,59d7041e55f158c88fda2e18871dedcdeb6c59707467bdcb7e1ce379315aa895,success,,154.91570000000002,173.54,False,2.0,419.29600000730716
"North Jersey, NJ",2026-06-24,8376c8f00d4b2d7b0d05f90a3f7a1512612ffe17202187725d2bf4d5d1585712,DMS2,3,3,3,3,False,nearest_neighbor_best_start,last_service_stop_no_home_return,osrm_road_network,northeast,driving,0b60ee035398f51cbb19ecf7adcd8afbd92f433723c9fc18d71d539a3f89c5a0,success,,63.898199999999996,64.60166666666666,False,2.0,415.5183000257239
"North Jersey, NJ",2026-06-24,8422628ab943b16ff79b16b671670d125c658d8c9859acdf55267c3a964db2c2,DMS,4,4,4,5,True,home_fixed_start,last_service_stop_no_home_return,osrm_road_network,northeast,driving,d35c651468258959183c53acdffd5f4ad6fdeb63ed384d607ae0e0b09368d4b5,success,,716.0829,549.0683333333333,False,2.0,440.45890000415966
"North Jersey, NJ",2026-06-24,8e25c09c19c1770942a81606002edc5d7f079a3de8052c0be0fb707d3cf20bbb,DMS,1,1,1,2,True,home_fixed_start,last_service_stop_no_home_return,osrm_road_network,northeast,driving,60c3d883569a351032310f664ab5e34109e9bc2cf428e3345cf9472b9e4f7bf7,success,,22.5386,26.240000000000002,False,2.0,431.1825000040699
"North Jersey, NJ",2026-06-24,9aefcb91f4d0700d3a6e34bbdf659c739123b5d94f41ab9b3e9ef1fe22e19f5c,DMS2,1,1,1,1,False,nearest_neighbor_best_start,last_service_stop_no_home_return,osrm_road_network,northeast,driving,c0f27c5ba35f89abdbdb530f14b9f2c4be67bfdf9d6f80e526c147cf6f506270,success,,0.0,0.0,False,0.0,0.0
"North Jersey, NJ",2026-06-24,9e50e5c8701f14c2b43a7d6d8afc8d54e07493017cc3cc32af5636d411d0ad20,ASC,1,1,1,1,False,nearest_neighbor_best_start,last_service_stop_no_home_return,osrm_road_network,northeast,driving,bcc8f5dba95f1b4f390427e36259cdbf3da73e5a9f20e9c8036515145e846c81,success,,0.0,0.0,False,0.0,0.0
"North Jersey, NJ",2026-06-24,a6004452f6d08439213bdcda2a75d8d4fb9129f6050cb1a284473743e7ae8028,DMS2,1,1,1,1,False,nearest_neighbor_best_start,last_service_stop_no_home_return,osrm_road_network,northeast,driving,09e3532f9b8d1f848f25245fcfb5f6ee49e349f087d2c5424773a1a1d4d0e72c,success,,0.0,0.0,False,0.0,0.0
"North Jersey, NJ",2026-06-24,ac513eff37c3ef1387bbdd68e8dee7274db4df9de999a758c3ff1b4c918919bc,DMS2,1,1,1,1,False,nearest_neighbor_best_start,last_service_stop_no_home_return,osrm_road_network,northeast,driving,dd7e48be83daa101ea794dee890297ed5980c7cce4d454bcd345a5b330039c4a,success,,0.0,0.0,False,0.0,0.0
"North Jersey, NJ",2026-06-24,b02b5f829610a6cbd196074425c767a6eddabd4422c54d620114c2a98cc10f06,DMS2,9,9,9,9,False,nearest_neighbor_best_start,last_service_stop_no_home_return,osrm_road_network,northeast,driving,9a56cbb26c00e59337e8fa0667a1fca0819b65d98776d6a5dafd49f92a982573,success,,24.984,49.19666666666667,False,2.0,452.86099999793805
"North Jersey, NJ",2026-06-24,b6f08563106317d4aaea2381a5f2085ad9887771b2d05de93be6704bf4f72f96,DMS2,4,4,4,4,False,nearest_neighbor_best_start,last_service_stop_no_home_return,osrm_road_network,northeast,driving,49ff65b51e118ad1beb027798a87e51b21c256c2ccc34c38b078b0ce6b59dd86,success,,43.5567,52.626666666666665,False,2.0,404.651799966814
"North Jersey, NJ",2026-06-24,b90e53994438b4f6cd9feebb799e3e26d93c131b7151648ccc33def537e6d8ff,DMS2,3,3,3,3,False,nearest_neighbor_best_start,last_service_stop_no_home_return,osrm_road_network,northeast,driving,3f5e5bfe8876c5ab0a1e697679f27c3cbd9d42eddb5fb5a62687b335fe2df775,success,,11.4297,13.503333333333334,False,2.0,401.80260001216084
"North Jersey, NJ",2026-06-24,c0fd4a3a3297f6cff3390cd709ae2ba6e3976f08b13cbd86f921b3f7bcdfbbab,DMS2,2,2,2,2,False,nearest_neighbor_best_start,last_service_stop_no_home_return,osrm_road_network,northeast,driving,bb695be2fdb92ccab35ea7f0fc18a7eac5dfdd52aa621cd4bdbc4005b32a8781,success,,18.3246,21.39333333333333,False,2.0,392.42690001265146
"North Jersey, NJ",2026-06-24,c8b12dda017c313bdcc13a9af1b7492796d31bf20a4b3d64c8f7279b0d8ca6b3,DMS2,4,4,4,4,False,nearest_neighbor_best_start,last_service_stop_no_home_return,osrm_road_network,northeast,driving,251ecb35caa9dbc3ce97701b70160aaee3e9cc75d497709f29e91e1166890c84,success,,42.209,53.038333333333334,False,2.0,408.30529999220744
"North Jersey, NJ",2026-06-24,cba2aae6a9f00869eea02011f6e48b29bdf3bd6b40868704b218f6f16fabfaf4,DMS,4,4,4,5,True,home_fixed_start,last_service_stop_no_home_return,osrm_road_network,northeast,driving,c227e68708587153918b4b157e165c28bb84b0be5c364fe7f7d5d8ac4c89f985,success,,33.5331,47.175,False,2.0,410.0229000032414
"North Jersey, NJ",2026-06-24,d12a44248356f2dc3de06a52952f84617f95a09c14106f57bdd2645148668811,DMS,3,3,2,3,True,home_fixed_start,last_service_stop_no_home_return,osrm_road_network,northeast,driving,afcc5b6c509ba1a301e5a9c2f03fe992c367e08851c00541318e55c1891b76be,success,,31.8498,30.55,False,2.0,402.48560000327416
"North Jersey, NJ",2026-06-24,d51bac95de3ea0b2d8bed4d650c199e7e89755229701801241bfd31d19b955f0,DMS,4,4,4,5,True,home_fixed_start,last_service_stop_no_home_return,osrm_road_network,northeast,driving,1e0c40640336826db341e0b2d54127f738aa8d941386895222b2b4cd6209487c,success,,14.07,27.235,False,2.0,417.423700040672
"North Jersey, NJ",2026-06-24,e196374fc4cdf8b59d9d953797826699e2d0a90e482a71ed46f5b0981968a4e6,DMS2,3,3,3,3,False,nearest_neighbor_best_start,last_service_stop_no_home_return,osrm_road_network,northeast,driving,148f9d2f391cab0ea1f0c8aa250b3fe8d33e4aa789821c55311af70be8c811c2,success,,41.6481,40.615,False,2.0,404.911700024968
"North Jersey, NJ",2026-06-24,e4392ec57ea69f602acf62c894ba35472014cdcdba782543758ae275a7fe5c05,DMS2,1,1,1,1,False,nearest_neighbor_best_start,last_service_stop_no_home_return,osrm_road_network,northeast,driving,038fc5e6067d4e6838bcf33d439a8b778ead472346022d320c5b84ce7cc738c5,success,,0.0,0.0,False,0.0,0.0
"North Jersey, NJ",2026-06-24,ee75d4dec6b2e4ff976f19c77c74c98ff0578347f9cc141ba4d07b7a8a4981a4,DMS2,4,4,4,4,False,nearest_neighbor_best_start,last_service_stop_no_home_return,osrm_road_network,northeast,driving,20fbf969556f61dfd7cce21be61d8e09e81f378b188daa329c0b42a5a96ac622,success,,52.5439,57.80166666666666,False,2.0,417.66579999239184
"North Jersey, NJ",2026-06-24,fb91f8b9de2f4b7629eac1457d436fa3433c473b40f04adcafa7b54ab724e9f5,DMS2,5,5,5,5,False,nearest_neighbor_best_start,last_service_stop_no_home_return,osrm_road_network,northeast,driving,be48257a656affb3bc4ca33827a5ff76b8db8c67bee4953eb2dd13556c99f4c8,success,,15.478299999999999,29.171666666666667,False,2.0,409.51789999962784
"North Jersey, NJ",2026-06-25,015acd077049e786c5836f42b1ea6d21af25721b14e6188f323e5310e0103851,DMS2,1,1,1,1,False,nearest_neighbor_best_start,last_service_stop_no_home_return,osrm_road_network,northeast,driving,70327eab3338b963e9698e409c2117119facb4dddcc22aec84cdcf28f7517100,success,,0.0,0.0,False,0.0,0.0
"North Jersey, NJ",2026-06-25,02c4f25b8831b27ce92445d4a9f44bc524091bdde5703004b8a9b6ebb0b00578,DMS2,2,2,2,2,False,nearest_neighbor_best_start,last_service_stop_no_home_return,osrm_road_network,northeast,driving,ef44f35d6714e0cfefb8a2fed105f20580074027a64f853eb17e62faafe2e856,success,,114.9638,102.71333333333334,False,2.0,399.338200018974
"North Jersey, NJ",2026-06-25,07ead039c4f7b22446b67d4c3d2ef52ab41b4f6161eb60c9e4637c0771bfc6bd,DMS2,1,1,1,1,False,nearest_neighbor_best_start,last_service_stop_no_home_return,osrm_road_network,northeast,driving,7e048d6622c9b08d329bb0b9d74f783f6b59420f899c8a4d47a2b0c086516ef7,success,,0.0,0.0,False,0.0,0.0
"North Jersey, NJ",2026-06-25,089a8043d6afe5ed42f470cf16ab29dcacdd219e988945c0d5f3b5504c113c1f,DMS2,2,2,2,2,False,nearest_neighbor_best_start,last_service_stop_no_home_return,osrm_road_network,northeast,driving,e35db4ba7a8aef203d47eb673f890326f8aa2915fde9989da88eb416b241e323,success,,11.161299999999999,14.125,False,2.0,392.09910001954995
"North Jersey, NJ",2026-06-25,09fe14614eb50c8864d2fbd92d917277aaf41725862147fdec5691061f96b927,DMS2,1,1,1,1,False,nearest_neighbor_best_start,last_service_stop_no_home_return,osrm_road_network,northeast,driving,430ac1f4d15fe6d090a01d18ffd0e1b07760489627f52267351faeddc2c80ca9,success,,0.0,0.0,False,0.0,0.0
"North Jersey, NJ",2026-06-25,161fac2c0fbc35433bf7e5da3df58c8c7d804aa2e1382c10205348a173770a85,DMS,1,1,1,2,True,home_fixed_start,last_service_stop_no_home_return,osrm_road_network,northeast,driving,38aa1bc80bd9ece047bd4172f44526cce96ce8c8156711ceddce7faf24a08030,success,,45.7112,45.925,False,2.0,402.4222000152804
"North Jersey, NJ",2026-06-25,173e6da39affa4247f97aa5f65b7e1693763f94aa4f080fe2a51be2f6254f67e,DMS2,1,1,1,1,False,nearest_neighbor_best_start,last_service_stop_no_home_return,osrm_road_network,northeast,driving,5d651884ff835866ef7d889f933187dc852c06c04e80de941d58ffcbce15a9d4,success,,0.0,0.0,False,0.0,0.0
"North Jersey, NJ",2026-06-25,1c8eca5c865df9b4aaa7fffc97f4bf77a2c36cb633dfe105f009c4d8e94e3f8c,DMS2,4,4,4,4,False,nearest_neighbor_best_start,last_service_stop_no_home_return,osrm_road_network,northeast,driving,7eaa852e8ee0c28db2d64a49398ddcf39a743075564fd2fa434288f445e96771,success,,22.5669,30.14,False,2.0,404.0138999989722
"North Jersey, NJ",2026-06-25,23b8590e7161521a54f1121c5034bfa90dd2ee55050c6024c46eecf7dff55a71,DMS2,1,1,1,1,False,nearest_neighbor_best_start,last_service_stop_no_home_return,osrm_road_network,northeast,driving,295c7645da23cf539553cb3e13bd63108b475949b1b62721f61f35d249fcbe56,success,,0.0,0.0,False,0.0,0.0
"North Jersey, NJ",2026-06-25,2721627cfe4d04cd553f03354d0fdac8bc666fe3520dced2e047f6715effacf8,DMS2,2,2,2,2,False,nearest_neighbor_best_start,last_service_stop_no_home_return,osrm_road_network,northeast,driving,7a310873fef0729ba0186df9436eb9693c3abdec238c6c38d66538ad44ebbea2,success,,23.5098,27.616666666666667,False,2.0,396.550000004936
"North Jersey, NJ",2026-06-25,2f286a67872cbde583b27e3fbf94db164c5e6143824d140cf1f5143d064a9097,DMS2,1,1,1,1,False,nearest_neighbor_best_start,last_service_stop_no_home_return,osrm_road_network,northeast,driving,6ca016cf9ef52d4398e4f6b53141aa1955c6636f58ca7b5087270c7d4e592200,success,,0.0,0.0,False,0.0,0.0
"North Jersey, NJ",2026-06-25,2f6abfc787adb0be416489b364de38f4f0be4dfa3b7937e857e3e2f9b66d050c,DMS2,3,3,3,3,False,nearest_neighbor_best_start,last_service_stop_no_home_return,osrm_road_network,northeast,driving,0f8d9cfb9f765d95932bbd14938ea863a34318c6e818b88dc869d45efc7de26a,success,,46.9017,47.665,False,2.0,397.1077000023797
"North Jersey, NJ",2026-06-25,31d5fe3f7e0ab26211eee1b137ac55e8a614c1a425d09e176a623ec8f2265716,DMS2,4,4,4,4,False,nearest_neighbor_best_start,last_service_stop_no_home_return,osrm_road_network,northeast,driving,28d1e2cdbf05013cbe1e4656e7f1d6798633c173341b66b8fa0ea43db3cec464,success,,13.439,24.31833333333333,False,2.0,410.0102999655064
"North Jersey, NJ",2026-06-25,4983620ff8064a27cacc0fed38d6a5b2791459284d8ac23f48c2b8f721d4972f,DMS2,8,8,8,8,False,nearest_neighbor_best_start,last_service_stop_no_home_return,osrm_road_network,northeast,driving,3ac3377e031eb1f18382c52e6cb5a5a442274d9e87b388846f7a30bdcb8ecbfe,success,,52.093599999999995,76.84333333333333,False,2.0,456.45340002374724
"North Jersey, NJ",2026-06-25,52f25f4b165818ff656686addd0361ddec69f9f26bf046eaa666838c7f966ab7,DMS2,2,2,2,2,False,nearest_neighbor_best_start,last_service_stop_no_home_return,osrm_road_network,northeast,driving,3e242e071c94b81994d41a02a5498a42db19d8d1d9e2add86819ba96fd4e53c6,success,,7.2693,10.395000000000001,False,2.0,392.25860001170076
"North Jersey, NJ",2026-06-25,564ea9a679ba9f439a25e061acd86af19a4078ec46540a71b14ea4b1b4a4ffaa,DMS2,1,1,1,1,False,nearest_neighbor_best_start,last_service_stop_no_home_return,osrm_road_network,northeast,driving,b4e6f18e50464607c1d1f8135be3cb8b25af6d6b33f5d36fc5f870abeff32d87,success,,0.0,0.0,False,0.0,0.0
"North Jersey, NJ",2026-06-25,5d78bbc88cc2280375e04bbbb14b3261b66119753d222ad82389303325390a53,DMS,4,4,4,5,True,home_fixed_start,last_service_stop_no_home_return,osrm_road_network,northeast,driving,cfc0d01936c9a19c8ca6683c2823178aa1177f320a2f5b21fe6c0bc442285f99,success,,17.7306,24.708333333333332,False,2.0,407.76200001710095
"North Jersey, NJ",2026-06-25,5f12f66f463e5423a2bdfadb6f6d7d55ebfa8da367703666acf326af74f9c4ff,DMS2,1,1,1,1,False,nearest_neighbor_best_start,last_service_stop_no_home_return,osrm_road_network,northeast,driving,025e8b88efc12d6af814a3294934b77400278b588af217e239cbb3fe33549596,success,,0.0,0.0,False,0.0,0.0
"North Jersey, NJ",2026-06-25,6b4edaf8d0cf01cb36d01167875a386b78656a0cb5d606e851b24a2931d53159,DMS,4,4,4,5,True,home_fixed_start,last_service_stop_no_home_return,osrm_road_network,northeast,driving,5f785c056358625d8242fc366473b8bd2492a68b8ab74b4ebf7980d695148d79,success,,24.451900000000002,43.138333333333335,False,2.0,423.61909997998737
"North Jersey, NJ",2026-06-25,83305600a04caf9a0710c1ec7486943dd06041a8b2b3231c77dc30cfa2a44dda,ASC,6,6,6,6,False,nearest_neighbor_best_start,last_service_stop_no_home_return,osrm_road_network,northeast,driving,e033ff859fb8336c49474e3443cb045c8ba26af8a57315d2a773b8c9ac6bac7b,success,,65.7056,83.43833333333333,False,2.0,422.5287000008393
"North Jersey, NJ",2026-06-25,843f317d418750c5148c328d476068258cab97b45267757b98e974c96f0a15c5,DMS2,1,1,1,1,False,nearest_neighbor_best_start,last_service_stop_no_home_return,osrm_road_network,northeast,driving,c8abcff0fa636392a494e50ca82a5d8a23a5e5a656bcf889a27139dbb9b9b385,success,,0.0,0.0,False,0.0,0.0
"North Jersey, NJ",2026-06-25,876548baf034000e5023f7de7f89ad2df56a6cef132f68ff2ec0d0bcb03f7075,DMS2,3,3,3,3,False,nearest_neighbor_best_start,last_service_stop_no_home_return,osrm_road_network,northeast,driving,5e49ddeb60202dfee993245ee5bede2eb73c76f4bc6ed3860f4c46f80e6862c4,success,,8.295399999999999,12.341666666666667,False,2.0,392.84039998892695
"North Jersey, NJ",2026-06-25,8bfa0e0855860457fbfad581d9137113b99930ddbde7f805e6b356eb55aed381,DMS2,8,8,8,8,False,nearest_neighbor_best_start,last_service_stop_no_home_return,osrm_road_network,northeast,driving,edb70fd327809941c1fc673793d6359c62359f7d1f9fb326fa37f384ce700fb3,success,,237.1233,222.85666666666665,False,2.0,455.21640003426
"North Jersey, NJ",2026-06-25,9b8c74764dad09d5535a664810e372fd3af84745bcec460768b760c800a5de5c,DMS2,1,1,1,1,False,nearest_neighbor_best_start,last_service_stop_no_home_return,osrm_road_network,northeast,driving,8e614153d88ff57491327224f5882f9d0292d79665cc613456948d016440a8be,success,,0.0,0.0,False,0.0,0.0
"North Jersey, NJ",2026-06-25,9c91fb28075f13ba9a5840d386dac203a5a8ecbc1dcc0eed9921355530bec188,DMS,1,1,1,2,True,home_fixed_start,last_service_stop_no_home_return,osrm_road_network,northeast,driving,74465b80a42bc5ff7f81881272c1491c2e7ccdd27900d9148660c418f579fede,success,,21.870900000000002,22.395,False,2.0,399.1105999739375
"North Jersey, NJ",2026-06-25,9d7b110b7b9a64820a32670ace02c37c85d88c4395b2de13d880361d4a133d96,DMS2,3,3,3,3,False,nearest_neighbor_best_start,last_service_stop_no_home_return,osrm_road_network,northeast,driving,6c20a7a4951fc1f96977a2c4c4fca4d406e10930f60cf27cbd95aa0c1f660a5d,success,,29.5538,42.690000000000005,False,2.0,402.05299999797717
"North Jersey, NJ",2026-06-25,a03d6a27938496ee98db78b0e9617eaa90ea34a844a1fd3d09dff911fa272cf7,DMS,3,3,3,4,True,home_fixed_start,last_service_stop_no_home_return,osrm_road_network,northeast,driving,a859d130fef1dec353857bce98698fc7ba6762fcb162fccb1acff3745045b8cc,success,,62.4408,61.163333333333334,False,2.0,412.13909996440634
"North Jersey, NJ",2026-06-25,a0d8aed04e6315a80166f23ea42d22a264c36d981a84a8240dab52d258a7060c,DMS,2,2,2,3,True,home_fixed_start,last_service_stop_no_home_return,osrm_road_network,northeast,driving,4fc6fe2435452c58a67dabafe80e877b61c521e7c5a5801a3c438e292dbe2d37,success,,39.310300000000005,42.805,False,2.0,404.23939999891445
"North Jersey, NJ",2026-06-25,a96426e8e6ab54868966ca3b98c6e7701dff62df364a3a13b690139f85cc9b45,DMS,4,4,4,5,True,home_fixed_start,last_service_stop_no_home_return,osrm_road_network,northeast,driving,459bd8b3e31c4d839a1e6bdb0e50ff7a8c6fc533715743e64d195fb9e9083ff7,success,,19.0192,33.03666666666667,False,2.0,408.30360000836663
"North Jersey, NJ",2026-06-25,aa59723e8b138ca258952dfc5a2c56c6349c9bb57e429b06e2d9f4a2ce94d67a,DMS2,1,1,1,1,False,nearest_neighbor_best_start,last_service_stop_no_home_return,osrm_road_network,northeast,driving,8ebf6f97aa0742236fd943af18fc4022e03dfb2b34efb9e12a903a9602fd2d43,success,,0.0,0.0,False,0.0,0.0
"North Jersey, NJ",2026-06-25,ac07a78696d6618646a27c9249665e14502c0278370d43f54a49e752b65b018e,DMS2,4,4,4,4,False,nearest_neighbor_best_start,last_service_stop_no_home_return,osrm_road_network,northeast,driving,3d43038c3c4cd3b61ac11ca17e1bfd409be048693c5f4c9c4a63d6c2e260948e,success,,26.856099999999998,36.655,False,2.0,421.334399987245
"North Jersey, NJ",2026-06-25,b646c1c52e65cad8be816b72a5d240677e758cb23c869d20365aca511b6370b6,DMS2,1,1,1,1,False,nearest_neighbor_best_start,last_service_stop_no_home_return,osrm_road_network,northeast,driving,51c228b07b25b33876466876e1b3c9e7d1f1c434a0d6681afa9dd2de3afe4eb6,success,,0.0,0.0,False,0.0,0.0
"North Jersey, NJ",2026-06-25,be375d5eb0ac9c8114d0792d44f3f02fe562fd42f11a6e59a4bdb2b32ba47ceb,DMS2,2,2,2,2,False,nearest_neighbor_best_start,last_service_stop_no_home_return,osrm_road_network,northeast,driving,04973e4b3143f557976a9934fdd32d7723653f7f4c000633aa010e620bc67b65,success,,6.4963,10.125,False,2.0,396.72959997551516
"North Jersey, NJ",2026-06-25,c22460a7044c00392b3ed6c8798bec78101833d690ebb7286762a235e9932ccc,DMS2,3,3,3,3,False,nearest_neighbor_best_start,last_service_stop_no_home_return,osrm_road_network,northeast,driving,742be6abc58ab51c54770f3ed5b4a3f981ce18fa9bd5f93f1f69cbda0d9234cf,success,,7.9488,14.931666666666667,False,2.0,395.0330000370741
"North Jersey, NJ",2026-06-25,c47507b5daa0949e6fb40eb32c678d91cace5875d77dd4749d0dca7a85b51f41,DMS2,3,3,3,3,False,nearest_neighbor_best_start,last_service_stop_no_home_return,osrm_road_network,northeast,driving,5b7330989a21cc342e911b16e43548c1a83953ab12255d7741d9beb28922c3dd,success,,13.586,21.178333333333335,False,2.0,397.8266000049189
"North Jersey, NJ",2026-06-25,ce04c5f9d2a144faddd9712fd54379dd31d16086a5dab08ccd0a760a0252ccdb,DMS,2,2,2,3,True,home_fixed_start,last_service_stop_no_home_return,osrm_road_network,northeast,driving,f14bbd6db270deb749bf4181348d804093b38d62731dbbcc38a23bda4c47efc9,success,,19.781599999999997,22.71333333333333,False,2.0,400.5947000114247
"North Jersey, NJ",2026-06-25,e04e9e54215b6938a634918a5e2b6c2cad43e3752d20946220e1940dc2000e33,DMS2,1,1,1,1,False,nearest_neighbor_best_start,last_service_stop_no_home_return,osrm_road_network,northeast,driving,c9583809a86324b1d8f63f33da8f05d1e9998e495e75627b90dd061023fc4dde,success,,0.0,0.0,False,0.0,0.0
"North Jersey, NJ",2026-06-25,f92fd3e52cf990494fa814952e544391054ad3d2fe2ac6e59ad42b2f92b610a3,ASC,3,3,3,3,False,nearest_neighbor_best_start,last_service_stop_no_home_return,osrm_road_network,northeast,driving,21a965fc4bbabf82a0f478a9bb9ebcc9a4d53c759cbc580d0724d8b8317c5551,success,,14.1112,20.23,False,2.0,406.1284000054002
"North Jersey, NJ",2026-06-25,faff9adb423884e3ad343808f54533fd8367157988ab8041be21faf6ea2c036b,DMS,6,6,6,7,True,home_fixed_start,last_service_stop_no_home_return,osrm_road_network,northeast,driving,d5bd502db37febc273ce453d5ced8abdf63ab64ddd5a58a992d2790ac636a473,success,,32.3464,48.86,False,2.0,423.69310001959093
"North Jersey, NJ",2026-06-26,02cc2b5238171fa473c5b57b773ee199c5e5cdfc13b5ba294ffdd958a6e21613,DMS2,2,2,2,2,False,nearest_neighbor_best_start,last_service_stop_no_home_return,osrm_road_network,northeast,driving,99a512533ac9aac7dee6b9cc873822a57d8810001dd89a1768ebe861250c9140,success,,4.839600000000001,6.878333333333333,False,2.0,404.0402000246104
"North Jersey, NJ",2026-06-26,068bd97dfd395748bafbec99e7343b999f91f75794c9d47dcc39e61d878d0735,DMS,4,4,4,5,True,home_fixed_start,last_service_stop_no_home_return,osrm_road_network,northeast,driving,113a8fa890d77e4b43e8cb75bc90e1b38bc0d26e9e1f14c208c41ad35b3a8455,success,,15.64,28.591666666666665,False,2.0,408.571399981156
"North Jersey, NJ",2026-06-26,0ddbc8d67af4c3829cc349a6ba1e44bd2647a1e33da79a41b246e0d5b50fda68,ASC,7,7,7,7,False,nearest_neighbor_best_start,last_service_stop_no_home_return,osrm_road_network,northeast,driving,0f5914e51c52bfc97a7baf9afa321454f6bbb9800b08cc18670ed81c9e4048ce,success,,77.1526,91.13666666666667,False,2.0,437.9076999903191
"North Jersey, NJ",2026-06-26,0f56e96abf9541ba21563201b3641ea0353dd221690919d0b773ae10fe314ea2,DMS,3,3,3,4,True,home_fixed_start,last_service_stop_no_home_return,osrm_road_network,northeast,driving,84e3c5c5032314d6eb4808d80c07f9a4894803f2156f9073b122645187a3376e,success,,36.3707,39.894999999999996,False,2.0,403.74290000181645
"North Jersey, NJ",2026-06-26,190c432d710ed7b7a6066a56019227ee1117cf50f71498f005f3eba59821f7e7,DMS2,1,1,1,1,False,nearest_neighbor_best_start,last_service_stop_no_home_return,osrm_road_network,northeast,driving,f9a9285b72aa42c4694e5280e52b9092729c2b310d34dcff59ea5aced1400194,success,,0.0,0.0,False,0.0,0.0
"North Jersey, NJ",2026-06-26,1b655c024178540e2feb03a67a3039e3f4e7f804fb70d5a7f1493aeca3f0fd16,DMS2,2,2,2,2,False,nearest_neighbor_best_start,last_service_stop_no_home_return,osrm_road_network,northeast,driving,d5dd131fd8738d9837c098765ec86b7a16a46bda885109a1d7ed7ab46f39b09b,success,,7.1786,9.56,False,2.0,398.80799999809824
"North Jersey, NJ",2026-06-26,1c69af5ce6e07fff0fe1e8d42f1f912b18d964c3e726ea95f17ae898288b9dea,MIXED,12,12,10,10,False,nearest_neighbor_best_start,last_service_stop_no_home_return,osrm_road_network,northeast,driving,5989537947e3ead56343ef9a4522055e9c34e1cfb86e549756f9898a77a24239,success,,74.7777,119.81,False,2.0,444.0160999947693
"North Jersey, NJ",2026-06-26,2d0a2b36c977abfd88f761293ffbf6e044978464e7188148590c2b511bf13c51,ASC,2,2,2,2,False,nearest_neighbor_best_start,last_service_stop_no_home_return,osrm_road_network,northeast,driving,a4d3da01eaf5a1afb8e64957b4c7947f7b8a6c9a9c2ae102d2b9329395ce82d1,success,,6.556,9.498333333333333,False,2.0,394.25979999941774
"North Jersey, NJ",2026-06-26,33d70a8fe6b52c9f5ea22eb9c0dbd989952ccb9f0e58c717d00b3ae0ac9c560e,DMS2,3,3,3,3,False,nearest_neighbor_best_start,last_service_stop_no_home_return,osrm_road_network,northeast,driving,f7017b6cab78fc95954c633660c11bb17132580797f6393347df590d2af5f26c,success,,56.6321,59.52333333333333,False,2.0,400.4902000306174
"North Jersey, NJ",2026-06-26,41f6dafc72f0fa8ef657dada7adcd0f2a9f2da355b1c7ca696132a9597452cdc,DMS,3,3,3,4,True,home_fixed_start,last_service_stop_no_home_return,osrm_road_network,northeast,driving,c7143022a5ba3e4e85b8a6ebe1648a8515301574dac6d2643461507ce6003c85,success,,25.2743,38.70666666666667,False,2.0,412.9708000109531
"North Jersey, NJ",2026-06-26,4f5c985afa203025855f4f9f524d3a7e1f43e48ec52c6293b98234667715a418,DMS2,3,3,3,3,False,nearest_neighbor_best_start,last_service_stop_no_home_return,osrm_road_network,northeast,driving,450e577a396cc07e6cb4bd4c37fcc8c4e9da12418ff212cede954b9f24ef2253,success,,27.650299999999998,34.309999999999995,False,2.0,398.27460001106374
"North Jersey, NJ",2026-06-26,5af6858b9886573746d04543bfcc15e9467299f767d3861a7c309a260a81498f,DMS2,1,1,1,1,False,nearest_neighbor_best_start,last_service_stop_no_home_return,osrm_road_network,northeast,driving,82988c77a19afd46c6c12b1e0eeaa91334d31f167f2943ceaf4c2af17a8cf303,success,,0.0,0.0,False,0.0,0.0
"North Jersey, NJ",2026-06-26,60c7326ac92db7f96f2162b33d70e83dbe56f0c4d1ea6d8b114287b1476eb947,DMS,5,5,5,6,True,home_fixed_start,last_service_stop_no_home_return,osrm_road_network,northeast,driving,c1895efe0e63fa758a8eec184cb1d39eaee20bf0ee60d8b5917d0ed933b224a3,success,,49.397800000000004,73.85166666666667,False,2.0,437.2232999885455
"North Jersey, NJ",2026-06-26,6bd2da783c26cbbafc525375a6649db2120ba2a349e23076bbf8123ceaeae45f,DMS,2,2,2,3,True,home_fixed_start,last_service_stop_no_home_return,osrm_road_network,northeast,driving,179a8b44e8f6382c52ca0dc25ec8b8e42f5aa9f45922b857b347297c7a6d4768,success,,16.6706,20.763333333333332,False,2.0,405.75560001889244
"North Jersey, NJ",2026-06-26,70f60f2a75861fcd92a1eee42eed7a1e8db63878a41364f8ccc35eaeea9fb615,DMS2,1,1,1,1,False,nearest_neighbor_best_start,last_service_stop_no_home_return,osrm_road_network,northeast,driving,797cf063ed0db42bbb18c0df261d2c6c7be36f6694f0587857c92ddec0c47393,success,,0.0,0.0,False,0.0,0.0
"North Jersey, NJ",2026-06-26,7e6d4a93d19b25dbf5e02583f3c041f97397d9f356d87e8ec4d36704cf1b0b7c,DMS2,2,2,2,2,False,nearest_neighbor_best_start,last_service_stop_no_home_return,osrm_road_network,northeast,driving,b296d4eea07644bfc88a52f82eae5b52b6bf2132593aca2514c0e70d3863c2ac,success,,14.6868,15.095,False,2.0,406.9032999977935
"North Jersey, NJ",2026-06-26,8467ca52259c7e839656a96d0f407ba8baebbd5f88fb3800a3498a5aa188c905,DMS2,3,3,3,3,False,nearest_neighbor_best_start,last_service_stop_no_home_return,osrm_road_network,northeast,driving,f236ba3ea6f3aa46c89a05166db2967f8a4c978e328b119e1e4edc8628da20a5,success,,25.825400000000002,29.428333333333335,False,2.0,396.6969000175595
"North Jersey, NJ",2026-06-26,8faeeaa75a8db6d86cbd2eece5a76b4cd00b4cc18ec40799eee6067c255462c7,DMS,3,3,3,4,True,home_fixed_start,last_service_stop_no_home_return,osrm_road_network,northeast,driving,bd571fb6d9ca8b2a08f1adf7b97331da231623aa8f9a7810547e6f4e9a5a7317,success,,51.0279,57.940000000000005,False,2.0,431.47889999090694
"North Jersey, NJ",2026-06-26,939a9f387fc873b27bce7bd7e407672d93e7eb9d025d3f04f5e56cf6da5690a1,DMS2,5,5,4,4,False,nearest_neighbor_best_start,last_service_stop_no_home_return,osrm_road_network,northeast,driving,adcbb267543d537b1081d96ab8f9f4c5532d8e1dae63cee0d593a182a45e1aae,success,,51.8519,63.32666666666667,False,2.0,413.19200000725687
"North Jersey, NJ",2026-06-26,93a3ab98d5557ffd01d5e8e71d6c057c325b16bf35ed334fac341cee5ecd36b2,DMS2,1,1,1,1,False,nearest_neighbor_best_start,last_service_stop_no_home_return,osrm_road_network,northeast,driving,78c765c45459171d109c5f402a91eebfa8522ebf97ee4d23a57ce7f3d4d74f4a,success,,0.0,0.0,False,0.0,0.0
"North Jersey, NJ",2026-06-26,960b2694d20931d43f1ebd4177a3078e5b5c680a5d0db84fd92e867c2506b3e8,DMS2,2,2,2,2,False,nearest_neighbor_best_start,last_service_stop_no_home_return,osrm_road_network,northeast,driving,4f96d54521213d17090cb0ff2e9caa8bd50107ff9613d5e4d6ef07e921a9f986,success,,15.467,16.098333333333333,False,2.0,396.40769999823533
"North Jersey, NJ",2026-06-26,9d117be35d5ea876bb66156f78bfe32b0321bde618d04d1486b9ccfef9c7948a,DMS2,5,5,5,5,False,nearest_neighbor_best_start,last_service_stop_no_home_return,osrm_road_network,northeast,driving,a3143671012dd336d7a061ba7e7207c7c41ca2a47f465d11a28fcbf41d28cb73,success,,17.544,26.5,False,2.0,407.1605000353884
"North Jersey, NJ",2026-06-26,a6338f00d0a61cc4c109f321ef0753f0a4a5deed6ce3753a3a1b00e433cc64ab,DMS,5,5,5,6,True,home_fixed_start,last_service_stop_no_home_return,osrm_road_network,northeast,driving,fc00db6395cda5e06eb971755f16f49145a96602cba973408c3e58baa9e966c0,success,,16.274,22.871666666666666,False,2.0,419.0991000214126
"North Jersey, NJ",2026-06-26,a799ef09b9a577ac96c3ead9e473046fa58146876fba505c0e69630f6e5c5457,DMS2,3,3,3,3,False,nearest_neighbor_best_start,last_service_stop_no_home_return,osrm_road_network,northeast,driving,df20cbff2372abfb9b75d99e307886cd7b457039c11c646affe64810e242d902,success,,38.161300000000004,46.75666666666667,False,2.0,403.86280001257546
"North Jersey, NJ",2026-06-26,abd37af5dbad367e07c703b70a354e5f853496711c74a8c8b929861db3ac608a,DMS,1,1,1,2,True,home_fixed_start,last_service_stop_no_home_return,osrm_road_network,northeast,driving,8c78d3359f63a2fbcf83957aabdd486bb4fb7e02b729f777a249fb91f4d32a86,success,,45.093599999999995,41.14666666666667,False,2.0,403.01979999640025
"North Jersey, NJ",2026-06-26,b082e6ef8d50bcb778d652007c6c9f37ff631570445b8d2d8c2c723b76474fab,DMS2,2,2,2,2,False,nearest_neighbor_best_start,last_service_stop_no_home_return,osrm_road_network,northeast,driving,80022c3b26a88d69c49a42e586cf6342f8157b7be6558d1338a5758d7b4ddf7b,success,,2.204,4.265,False,2.0,404.52849998837337
"North Jersey, NJ",2026-06-26,b6c1152a7287b6453a25caee1f4abe47b7713e80ef13202e09225a144bbe607e,DMS2,1,1,1,1,False,nearest_neighbor_best_start,last_service_stop_no_home_return,osrm_road_network,northeast,driving,be27b1f426c6248b2df13452194a654f8fdce11d34b864b4616d632ced17f62f,success,,0.0,0.0,False,0.0,0.0
"North Jersey, NJ",2026-06-26,bbde2cbda50f0ecff44344fe6a752514aff199bc193e3eedec60a62afa8a82de,DMS2,3,3,3,3,False,nearest_neighbor_best_start,last_service_stop_no_home_return,osrm_road_network,northeast,driving,452cc9b3d324a6ba4081fc121ce301ac2aca238c509af860f328a21d1df497fb,success,,5.0335,11.741666666666667,False,2.0,400.9573000075761
"North Jersey, NJ",2026-06-26,be58e0b0fe924f2d0a1f00fdaec8b668fad5fc9773497667d1ff12ef65646750,DMS2,12,12,11,11,False,nearest_neighbor_best_start,last_service_stop_no_home_return,osrm_road_network,northeast,driving,9e3780373615894da1d19b3822c6c189bfd2158afab410d2f75baed0992d21c0,success,,364.03290000000004,362.42,False,2.0,511.91820003441535
"North Jersey, NJ",2026-06-26,c04fc0e18134817289c9e473d93669756a653760933381f2972c759fae5f4513,DMS2,2,2,2,2,False,nearest_neighbor_best_start,last_service_stop_no_home_return,osrm_road_network,northeast,driving,5f6b95d99f53e1b94f2adc1d9c8334443106c13ef9dd8252522f33fdd5565083,success,,16.2883,24.7,False,2.0,438.84829999296926
"North Jersey, NJ",2026-06-26,c1a227155a2d60d76d548c75da292b078c6f90609a57aaf7293504e791666c51,DMS,6,6,6,7,True,home_fixed_start,last_service_stop_no_home_return,osrm_road_network,northeast,driving,ef1f7453777312f190cbb7bf23217ed78216193a2845e32265d3b0dd8d54b1c2,success,,52.929,70.345,False,2.0,426.40270001720637
"North Jersey, NJ",2026-06-26,c85f050821a65f46c9a8c6274744c7603950706c38147cfbe6774b9e02cf3184,DMS2,2,2,2,2,False,nearest_neighbor_best_start,last_service_stop_no_home_return,osrm_road_network,northeast,driving,07b5bdc691ce3d29ddc8fa078670a8f8e38fff6ac55b56e495c058e79414ccd4,success,,26.5697,27.288333333333334,False,2.0,394.7856999875512
"North Jersey, NJ",2026-06-26,dad52ff4eb784d97d4d53ee73707489f2a4b910b132c4d2a6788aec69c0aa95a,DMS2,2,2,2,2,False,nearest_neighbor_best_start,last_service_stop_no_home_return,osrm_road_network,northeast,driving,125b191650cc4a4b1119168309ed22e72e1a7660c64e0555d126b597a0a56060,success,,21.543599999999998,23.408333333333335,False,2.0,412.088000040967
"North Jersey, NJ",2026-06-26,e086a65bffb1bd1f24b40ebe2f410e7bc21b7ae3c0ec1ef6f838e06d1444c577,DMS2,2,2,2,2,False,nearest_neighbor_best_start,last_service_stop_no_home_return,osrm_road_network,northeast,driving,ce67456367a80c2ab25b674625d843b2610e0d71218b2a6b5abb5a95e3ed4541,success,,32.2341,35.151666666666664,False,2.0,397.35149999614805
"North Jersey, NJ",2026-06-26,e45e9dd835c207ac3fbff7af3733770a97daa8beae8d6dc467cc5a08d9b6aa30,DMS2,1,1,1,1,False,nearest_neighbor_best_start,last_service_stop_no_home_return,osrm_road_network,northeast,driving,3c96705f93629807e7ba59c2cd36aa0311288a630007e655f18c3166d02ee01b,success,,0.0,0.0,False,0.0,0.0
"North Jersey, NJ",2026-06-26,e5b408f6637b16271024f04d19ccf31f22c48b134d356b2115afad82f378e86d,DMS2,1,1,1,1,False,nearest_neighbor_best_start,last_service_stop_no_home_return,osrm_road_network,northeast,driving,47a35b9c5262ab8847ed8b5132d6330cc70abcf377fcf63273859f8515c38d81,success,,0.0,0.0,False,0.0,0.0
"North Jersey, NJ",2026-06-26,eada65b9c00b0d0c983d797307a1ee8565511fc85625be10319659faecaa4eba,DMS2,2,2,2,2,False,nearest_neighbor_best_start,last_service_stop_no_home_return,osrm_road_network,northeast,driving,ef79ea7b1e8e6947a3e63c80f35a3e87fa4a4baa3aefe3708cc72fb45fd2b51f,success,,11.1355,14.629999999999999,False,2.0,400.5866999796126
"North Jersey, NJ",2026-06-27,8858e2f9ddc008a0fcdc7ec489f7f196253edde1f640744e740691b96b8fecbc,DMS2,2,2,2,2,False,nearest_neighbor_best_start,last_service_stop_no_home_return,osrm_road_network,northeast,driving,25f56f8e4555c2776d75c8461a25553f851a7005fef1636347d3f6881fed9051,success,,9.408299999999999,10.821666666666665,False,2.0,392.5466999935452
"North Jersey, NJ",2026-06-27,e59c4f8f1736f44fb5b7836bdee897ef9b9c7386d5799ff3eba413947cb38080,DMS2,1,1,1,1,False,nearest_neighbor_best_start,last_service_stop_no_home_return,osrm_road_network,northeast,driving,d6c59f6f9f29fa4154e0324cc501641b114c2ae9d6c18c314d18e80fde576dec,success,,0.0,0.0,False,0.0,0.0
"North Jersey, NJ",2026-06-27,f9ecc55e5d107b976a6f02d918daf7b804f772a5cd241ba38ba8887c402db56f,DMS,4,4,4,5,True,home_fixed_start,last_service_stop_no_home_return,osrm_road_network,northeast,driving,f33bd36938a058838eb2b9a34eb2527e2451d78c9c34860c52897380035fd9f3,success,,56.9191,73.23666666666666,False,2.0,418.9193999627605
"North Jersey, NJ",2026-06-27,fa5526890a14d9a9cc087e5ef5eddf70cb92798385d5ad453feff4f017122038,DMS2,1,1,1,1,False,nearest_neighbor_best_start,last_service_stop_no_home_return,osrm_road_network,northeast,driving,c1a6234fdf289a8f5f3ffe41ee956604bb3ac704c5145792d9b38c14bb72ed58,success,,0.0,0.0,False,0.0,0.0
"North Jersey, NJ",2026-06-29,01cde34b7613723db0ef43cc5f3d578bbe7572801cb96a302105d7cea537d384,DMS2,10,10,9,9,False,nearest_neighbor_best_start,last_service_stop_no_home_return,osrm_road_network,northeast,driving,6282aa13c72349f95088c783230fa0deec398f047b82a9f6258351c8f4fc43d8,success,,60.0577,96.93666666666667,False,2.0,438.2678999681957
"North Jersey, NJ",2026-06-29,0291109c67a3bb226e91968e6a8ad7bbfe53e5702e3d6567c2e656513eabc7e8,DMS2,15,15,15,15,False,nearest_neighbor_best_start,last_service_stop_no_home_return,osrm_road_network,northeast,driving,5725e27976ef1751ed05ba2b3b715623ed01a932ad6005849ff6607182ee804d,success,,256.6804,300.375,False,2.0,493.76010001287796
"North Jersey, NJ",2026-06-29,0b63dbbe5b4e404edfdabd8583c47e9bbba9d2fb26a1eb3756f58baf74416cf8,DMS,2,2,2,3,True,home_fixed_start,last_service_stop_no_home_return,osrm_road_network,northeast,driving,42b97a89baf60676785194f93da949c3720624f22e528d13d8a759eb10e1df89,success,,53.0815,54.04333333333333,False,2.0,400.7597000163514
"North Jersey, NJ",2026-06-29,0e6a8c1d84c6095459f30f2c8d6bd53c6b698bb66aa50673d6d4af9adba958a2,DMS,4,4,4,5,True,home_fixed_start,last_service_stop_no_home_return,osrm_road_network,northeast,driving,9dee67f685e7169d6051fa95588059ccacff2fb66d56213fef5c831721cfd584,success,,40.6376,48.11666666666667,False,2.0,414.01890001725405
"North Jersey, NJ",2026-06-29,139a588fcd214f49824d9a1a4cd83a6dc8d00060c2592906e44bc86b84118694,DMS2,1,1,1,1,False,nearest_neighbor_best_start,last_service_stop_no_home_return,osrm_road_network,northeast,driving,1505c270ee220c83b6570256b48ca5a583f2256aa5129a1477a7e048128a0b5f,success,,0.0,0.0,False,0.0,0.0
"North Jersey, NJ",2026-06-29,207c5425f6e13ca7b2c7f0358d5a20254fed16d2b56c4fdf3abc47a037d44055,DMS2,1,1,1,1,False,nearest_neighbor_best_start,last_service_stop_no_home_return,osrm_road_network,northeast,driving,c1bfe7f6b77144c3e4b882cf6caf03835fffc56a9abe4a3d7570620a1e2277dc,success,,0.0,0.0,False,0.0,0.0
"North Jersey, NJ",2026-06-29,21dbd238d0500fe17123551e4e748da1ccd3db87df9593a613f6762cd0346054,DMS2,5,5,5,5,False,nearest_neighbor_best_start,last_service_stop_no_home_return,osrm_road_network,northeast,driving,515bcb482053cda0c258ec5be5d9d990b7aca3d98afa88bd64a3c88a14ddc6ec,success,,38.7999,46.635,False,2.0,415.7013999938499
"North Jersey, NJ",2026-06-29,220fe1d8ee61a6a5afe59c38eb560b1d613a230aa9358e6b25d375585c0eb1a2,DMS,3,3,3,4,True,home_fixed_start,last_service_stop_no_home_return,osrm_road_network,northeast,driving,0245496c322f6a72046072902e7b8b1a8bdfabf81af413ef12b1f6d88b7b71b3,success,,12.1897,22.418333333333333,False,2.0,410.8665000239853
"North Jersey, NJ",2026-06-29,2586f91f7371fc3c1ee564af91a72595c94014cc0373e36f67bdc0f53a8592c8,DMS2,1,1,1,1,False,nearest_neighbor_best_start,last_service_stop_no_home_return,osrm_road_network,northeast,driving,3ded16eb0ddae6d5634a841cd0f602de1f1f5e2e3dae751bfd85ef7758cc286b,success,,0.0,0.0,False,0.0,0.0
"North Jersey, NJ",2026-06-29,271c86ba32a28537d9c1616db41359cad80531850638d59ab0d939d73169bd60,DMS2,1,1,1,1,False,nearest_neighbor_best_start,last_service_stop_no_home_return,osrm_road_network,northeast,driving,fde4bdd8b693026252a9572afc1fc343655b7c49f78c6038cd1488a70bc0535b,success,,0.0,0.0,False,0.0,0.0
"North Jersey, NJ",2026-06-29,30aeee42d671636aa19301c470d0cda43132f3ef6fdd3466144f2e54eb545b8b,DMS,2,2,2,3,True,home_fixed_start,last_service_stop_no_home_return,osrm_road_network,northeast,driving,d67fecf2cf86f849a81d2401b4f9778cf24aeb9eb64e6fe54e8c18935b735c37,success,,13.177,17.471666666666668,False,2.0,395.9180999954697
"North Jersey, NJ",2026-06-29,317c8149538aed8ea999e70c4fe78ecf9993d312d9f598dbacef083ddcffc8f8,DMS2,2,2,2,2,False,nearest_neighbor_best_start,last_service_stop_no_home_return,osrm_road_network,northeast,driving,8a14dfc6d51e0d15899eda5a5b086025beff349418ea71e7154f9593f20528b6,success,,15.1546,17.788333333333334,False,2.0,397.68500003265217
"North Jersey, NJ",2026-06-29,3c810fbc1e35f161f558ff9dce851603e9dab2a59c8d0b3171c269512d0cf17e,DMS2,3,3,3,3,False,nearest_neighbor_best_start,last_service_stop_no_home_return,osrm_road_network,northeast,driving,76889342783434bd0bad2c446eba804a01b241e66a5a1c56cebe5900a49b8c9c,success,,6.3197,15.708333333333334,False,2.0,397.4731999624055
"North Jersey, NJ",2026-06-29,3da980a7a11662df159a883b0b591e6a6c2272bf02d741d1ef3877ca91020586,DMS2,3,3,3,3,False,nearest_neighbor_best_start,last_service_stop_no_home_return,osrm_road_network,northeast,driving,a30672b53c68629a14da2aee2becb0761620d1c52525b6b8e76562cb95211fd0,success,,12.314,15.875,False,2.0,400.2522999944631
"North Jersey, NJ",2026-06-29,4346b1e257a3e786ff1c164afdb7e2f05339c0cf98ef24dc00b274c5bfec6f8c,ASC,4,4,4,4,False,nearest_neighbor_best_start,last_service_stop_no_home_return,osrm_road_network,northeast,driving,b13f30c2d81f6804b190c04da5545413adf33d444763f8e3528c76e29c97b780,success,,33.393800000000006,44.54,False,2.0,401.9469999766443
"North Jersey, NJ",2026-06-29,47c8371f7bffc18a34a4f24e6247a86d33451665a3c2463816e76218bcc0df75,DMS,4,4,4,5,True,home_fixed_start,last_service_stop_no_home_return,osrm_road_network,northeast,driving,5d662da59bcae3bc0150c5bbac7ab01ea342633f706e4f693500e1e01f91cf7a,success,,50.6262,62.105000000000004,False,2.0,409.1332000098191
"North Jersey, NJ",2026-06-29,4b94d24bf8a9a5969643e6d9d1e5b84b34630f99ea4b67a1642076bc8f9645a5,DMS2,4,4,4,4,False,nearest_neighbor_best_start,last_service_stop_no_home_return,osrm_road_network,northeast,driving,8138ef56747e37c8ae17c7b396f8611b909786bcbb80119782975ef70f73c2fc,success,,38.1916,51.63166666666667,False,2.0,408.2036000036169
"North Jersey, NJ",2026-06-29,53411badb71a4b958b470f6eba41914fb8edb551672fe8f20af79c3ebc331ed2,DMS,1,1,1,2,True,home_fixed_start,last_service_stop_no_home_return,osrm_road_network,northeast,driving,7f6f26d786dfa9f8429208554422653cd322741dbaaed04499516d740c977cb8,success,,10.718399999999999,13.428333333333335,False,2.0,396.880800020881
"North Jersey, NJ",2026-06-29,560b0a1f24e5c8d911d702d071e102999fd88fdfe53f38fd3d76a80e09c3b0ce,DMS,1,1,1,1,False,nearest_neighbor_best_start,last_service_stop_no_home_return,osrm_road_network,northeast,driving,d814baef6bad2b6716e036fc0aa38f3545ca7d088bec6aa5f73700b3a912f3a1,success,,0.0,0.0,False,0.0,0.0
"North Jersey, NJ",2026-06-29,642172b7a21dcc339602803c1d5f6c8541b7b817a0a7b837994ebfc37229467b,DMS2,1,1,1,1,False,nearest_neighbor_best_start,last_service_stop_no_home_return,osrm_road_network,northeast,driving,992804db05c53c3475e55faba1e6b0e66cd9f76d6dd8525cfea94dd9f3039d7a,success,,0.0,0.0,False,0.0,0.0
"North Jersey, NJ",2026-06-29,6838a7083306320614afc880afb714e38a141eced414b6ae177854dc2e68f06c,DMS2,2,2,2,2,False,nearest_neighbor_best_start,last_service_stop_no_home_return,osrm_road_network,northeast,driving,d249b62518a406d0239f2477afd655ffb0ae7518942f184f7c7a1832e2e2139f,success,,9.0931,12.526666666666667,False,2.0,397.94210001127794
"North Jersey, NJ",2026-06-29,7026c3e21aea90df00049837343819f56115bb6ea704790d696d930f557e4bf2,DMS2,4,4,4,4,False,nearest_neighbor_best_start,last_service_stop_no_home_return,osrm_road_network,northeast,driving,03114348d83be6c5f48d09bf17687f053cf744e58bbe80eb704a80d422331322,success,,64.747,69.525,False,2.0,430.41030000313185
"North Jersey, NJ",2026-06-29,74a7748b452e96bd3b2956733ee1608bf9c154b55f3d793313a935fc1042278e,DMS2,2,2,2,2,False,nearest_neighbor_best_start,last_service_stop_no_home_return,osrm_road_network,northeast,driving,33f257e1f92153de2ae279337a652f81fe93afc1cab4eeb11a7afe9b51c7921d,success,,16.8793,18.27,False,2.0,399.0969000151381
"North Jersey, NJ",2026-06-29,74c2e6107fbeed61377da7c8eb1e818f82d7a293391cea18fcfc878146beb7f4,DMS2,3,3,3,3,False,nearest_neighbor_best_start,last_service_stop_no_home_return,osrm_road_network,northeast,driving,086690cee7448d043c6b7da0c7ed4efbaee5901371d60e352685683a16830ee6,success,,118.32339999999999,121.575,False,2.0,403.29089999431744
"North Jersey, NJ",2026-06-29,836a71aae1fabb513bdfaa1eed0b75d90112f0c98c488ee4628f63a6ee1effd4,DMS2,1,1,1,1,False,nearest_neighbor_best_start,last_service_stop_no_home_return,osrm_road_network,northeast,driving,5d2763d096df3d06a57ae5787de1059cca42e8a3887cec0ae1f7f93dd99bab11,success,,0.0,0.0,False,0.0,0.0
"North Jersey, NJ",2026-06-29,858fc7834f8f8ca3a931cddc1afba0aa4175cffe2b88484932daa5db712f4154,DMS2,1,1,1,1,False,nearest_neighbor_best_start,last_service_stop_no_home_return,osrm_road_network,northeast,driving,8623b18b8095650ba8d19732aae3bffffd098514f3d4bb45c3eec13aeedf36c6,success,,0.0,0.0,False,0.0,0.0
"North Jersey, NJ",2026-06-29,9161643d462f826383fdb17ae2eb6c7c2a5a50d89f6b0fe1a1629a28d56e8b21,DMS2,1,1,1,1,False,nearest_neighbor_best_start,last_service_stop_no_home_return,osrm_road_network,northeast,driving,16180136df7157427167a7a3eefb6153cbe549670b8a297d5c967bf51e8f1ea5,success,,0.0,0.0,False,0.0,0.0
"North Jersey, NJ",2026-06-29,a8afd980ad0ec067be739bd43c08c99eebd4d13daf835a0e976f086dc180dfc7,ASC,12,12,12,12,False,nearest_neighbor_best_start,last_service_stop_no_home_return,osrm_road_network,northeast,driving,c451f9cbcec89e1afa6095b9012c6f9d4c8bf6b80310092d7d60c6ccf23ca03b,success,,135.34,162.49666666666664,False,2.0,474.4036999763921
"North Jersey, NJ",2026-06-29,b2123edfe16b70877599aeb47823ab4a1f9e93637112ac6ff56186362b349fc8,DMS,4,4,4,5,True,home_fixed_start,last_service_stop_no_home_return,osrm_road_network,northeast,driving,fef98398b0558299ac821e7f1791e39edcf4cf34d857390f070ee32402504c94,success,,29.5454,41.79833333333333,False,2.0,414.38939998624846
"North Jersey, NJ",2026-06-29,ba9ed0cec434aea2d779234205178479d964ec2ef2137615f266e5884bb543d4,DMS2,7,7,7,7,False,nearest_neighbor_best_start,last_service_stop_no_home_return,osrm_road_network,northeast,driving,f7b85f438ba0c8799d18384a4fcc8fffb7dc22321d4107cb31654463307198a3,success,,35.325,51.25,False,2.0,420.19919998710975
"North Jersey, NJ",2026-06-29,bd08d5b80074701db1d1556f9711d891b3a874d4e472f8dcbdb8273dc9553ddf,DMS2,3,3,3,3,False,nearest_neighbor_best_start,last_service_stop_no_home_return,osrm_road_network,northeast,driving,6d91644bae8153f12be48a076106acacf79d48cbf45e0ec79dcfa8b33a5464b1,success,,3.1755999999999998,8.123333333333333,False,2.0,399.96660000178963
"North Jersey, NJ",2026-06-29,be3a490ab2143161448a827d5c962eb88ab0922b980c70bd7423f9ba8eb842ea,DMS2,1,1,1,1,False,nearest_neighbor_best_start,last_service_stop_no_home_return,osrm_road_network,northeast,driving,b9fa6b35761e0fb3309419bc05199c1943b5952499ea9f998a6b71eb39c75492,success,,0.0,0.0,False,0.0,0.0
"North Jersey, NJ",2026-06-29,c3943f81a9ff7e5f1845c94284c5e1131dae59793f70884fef601efcd96d6ed4,DMS2,1,1,1,1,False,nearest_neighbor_best_start,last_service_stop_no_home_return,osrm_road_network,northeast,driving,21f3782fe2708bb1fe7fbe5990dc304c4ede9ae6cc0d8b46323038e8e07910ba,success,,0.0,0.0,False,0.0,0.0
"North Jersey, NJ",2026-06-29,c87eafa46a0a0ee05493e7d8ee704167255d562e8a0eedbbc9385d19f7cb2005,DMS2,2,2,2,2,False,nearest_neighbor_best_start,last_service_stop_no_home_return,osrm_road_network,northeast,driving,853c2ef0ed4ddaa6f0bc74421a51d43d6951c5411f22aeb7e34b5de709239199,success,,19.2028,19.008333333333333,False,2.0,392.04269999754615
"North Jersey, NJ",2026-06-29,cc4ac7c77033c6c794601a0cfc305b2c7b97981b2edc98823481153565c057e1,DMS2,1,1,1,1,False,nearest_neighbor_best_start,last_service_stop_no_home_return,osrm_road_network,northeast,driving,33cb58c292f52f2c70f54fe581e471ddbe388b045c8d5176dabc33affde301da,success,,0.0,0.0,False,0.0,0.0
"North Jersey, NJ",2026-06-29,e1c404a5f73aebae165883e531089ffa2977bef619e8cf0c86850fd0dc2032ed,DMS2,3,3,3,3,False,nearest_neighbor_best_start,last_service_stop_no_home_return,osrm_road_network,northeast,driving,8d04e0b3cf9b7de1e75ee9d581e487399a98de1e79340678177464247d389934,success,,5.0021,10.856666666666666,False,2.0,398.4850999841001
"North Jersey, NJ",2026-06-29,e1e7450a86333e0e5a49925fe444a275b38e95599518b1eeef29309ad88b80f4,DMS,3,3,3,4,True,home_fixed_start,last_service_stop_no_home_return,osrm_road_network,northeast,driving,1e7e12f7d22a005c1a0111223def78a0e7f17dde23d563c10526c0b35a3eeca6,success,,29.0577,33.223333333333336,False,2.0,411.71409998787567
"North Jersey, NJ",2026-06-29,e297e50706cbf220420224322fe363b00ef909c28b9420a0e99bc80a597dbc48,DMS2,1,1,1,1,False,nearest_neighbor_best_start,last_service_stop_no_home_return,osrm_road_network,northeast,driving,543399177cbffdabfb08eb1497dee482d3ac71d0ce28b46485330faaf9505933,success,,0.0,0.0,False,0.0,0.0
"North Jersey, NJ",2026-06-29,e53390b2fcc468f16a07358c1d16d5e976c94c4ae7c9cb21bc522e930ed0f8e9,DMS2,4,4,4,4,False,nearest_neighbor_best_start,last_service_stop_no_home_return,osrm_road_network,northeast,driving,ee362b85a96862c846607c12eca9803d6e2e379fb1f28de62efeeaeecfbc762a,success,,23.4851,34.21666666666667,False,2.0,411.0409000131767
"North Jersey, NJ",2026-06-29,f6555823649ff3ad3b3daad38d5a9689984a92c98e80049fdae6d6ae4793b92a,DMS2,3,3,3,3,False,nearest_neighbor_best_start,last_service_stop_no_home_return,osrm_road_network,northeast,driving,0fcb0061aadd8c2cd005063f280f8afea74542e2d961566f9672740293805f0c,success,,24.1992,34.44666666666667,False,2.0,396.74229998490773
"North Jersey, NJ",2026-06-30,039d369523b5e58fff2d4f5416438c68ecb1848fb7d8490621b005842dce0e1c,DMS,3,3,3,4,True,home_fixed_start,last_service_stop_no_home_return,osrm_road_network,northeast,driving,c124e29cc0b83df2e2558414c1809ba009b434b9c60d8bd0190cb22cee05a496,success,,33.5664,37.10666666666667,False,2.0,409.68909999355674
"North Jersey, NJ",2026-06-30,06b87a33f9873e779d917f77544e28ca719ad8846494e2d136fe8517909983bd,DMS2,1,1,1,1,False,nearest_neighbor_best_start,last_service_stop_no_home_return,osrm_road_network,northeast,driving,9c4bda61244f68e08c24a823bb3ed4b1de99b7f9242910461a9b0263b10affc4,success,,0.0,0.0,False,0.0,0.0
"North Jersey, NJ",2026-06-30,0fe7de1cfdc0c9f2771f267237bddb1f9878427d518b54a52f270a4bdf366ed2,DMS,6,6,6,7,True,home_fixed_start,last_service_stop_no_home_return,osrm_road_network,northeast,driving,21d6fb0c887e39e39fb5887c5e7100b8cd89b613f1209b52fc81c19171dca890,success,,56.4921,63.375,False,2.0,429.28179999580607
"North Jersey, NJ",2026-06-30,1d6503cdeaf6d01626df1d8759cb9912c27bc0cef0f432e5ab0105a917429627,DMS,4,4,4,5,True,home_fixed_start,last_service_stop_no_home_return,osrm_road_network,northeast,driving,2a332f974d4bae9b9e02bf2e93478a18c67a06261be5192e6cf33edc0b79e7a0,success,,40.9079,57.67166666666667,False,2.0,413.5167000058573
"North Jersey, NJ",2026-06-30,20d0dfdd8d372ff3ad78a178bfed26ed28b4cc2a6c08d6cfb982738ed6797df2,DMS2,1,1,1,1,False,nearest_neighbor_best_start,last_service_stop_no_home_return,osrm_road_network,northeast,driving,c26e2086055d4e6f855d4639f0456e290f093bb4c7f675fddf21c47dcb426a5c,success,,0.0,0.0,False,0.0,0.0
"North Jersey, NJ",2026-06-30,283a1e8f10b07c31883b5021ed299d378dafee864e36b9d2f3fc1e58c46fc69c,DMS,4,4,4,5,True,home_fixed_start,last_service_stop_no_home_return,osrm_road_network,northeast,driving,ac1540af0a37da3dad504cd19cb898177969850a0f19759479c6a54977639436,success,,29.982,35.626666666666665,False,2.0,424.7174000192899
"North Jersey, NJ",2026-06-30,2af25a9a7567e44d56f695f41296feac0694be19345d4d7b7699a15930bc609a,DMS2,4,4,4,4,False,nearest_neighbor_best_start,last_service_stop_no_home_return,osrm_road_network,northeast,driving,52c529f53d6505c00a0652e1d8a2a0b240d2c4a3bd02fad4a2d5f294aa0a82e5,success,,19.2456,27.326666666666664,False,2.0,407.8186000115238
"North Jersey, NJ",2026-06-30,3d37f2d502db3635882ddf6eb4476c4c61f385b8fec516e48842a6d8f08cb1ff,DMS2,2,2,2,2,False,nearest_neighbor_best_start,last_service_stop_no_home_return,osrm_road_network,northeast,driving,991c9c4019ea723124805ad9870896bb20485517bb396e654f646f6ffa0fb1e4,success,,36.371900000000004,36.61,False,2.0,400.6130000052508
"North Jersey, NJ",2026-06-30,3e5236959f9f670a7d63bef9ad549edd003e91eaf13354ce7b9133b5f06c4a36,DMS2,4,4,4,4,False,nearest_neighbor_best_start,last_service_stop_no_home_return,osrm_road_network,northeast,driving,01539ca0731cd102f9e62f68a4523252699b9685df175ce711589a68570d9b57,success,,46.331300000000006,53.84666666666667,False,2.0,406.3248000165913
"North Jersey, NJ",2026-06-30,42613b7c9ea7eb729d75923494f3167ff07d60ab092fb7b8b78c4fe26a7f6a95,DMS2,2,2,2,2,False,nearest_neighbor_best_start,last_service_stop_no_home_return,osrm_road_network,northeast,driving,c4d3e17b5300f1cd144ce6b6f65e9dc0e0a34bbf4e4f15e5daf6652607c2cd53,success,,21.7329,24.675,False,2.0,395.3034000005573
"North Jersey, NJ",2026-06-30,4cbb4062292128db539b8a2789390073a23c83ec509bb5959a67b15476660f86,DMS,3,3,3,4,True,home_fixed_start,last_service_stop_no_home_return,osrm_road_network,northeast,driving,1b30eaf259b60a1cc100b0e3f6ee54e8339f0cbb7f0988f721b7ddb051844025,success,,40.0736,48.31333333333334,False,2.0,411.3062000251375
"North Jersey, NJ",2026-06-30,5c2e4525f25c1a3281c8e6411243388ce8bfc04f4d2678abb288e4f2a9a56bca,DMS2,13,13,13,13,False,nearest_neighbor_best_start,last_service_stop_no_home_return,osrm_road_network,northeast,driving,fa8924e42f98dcdb13156a10ada39f9a9c698c564261256a8d794bd854dcaa3f,success,,323.26340000000005,349.49,False,2.0,504.6546999947168
"North Jersey, NJ",2026-06-30,62d32395f87627324b2e38cfbb49fac268c52e654b2d1a4ab806db5c4686ec88,DMS2,2,2,2,2,False,nearest_neighbor_best_start,last_service_stop_no_home_return,osrm_road_network,northeast,driving,40c7839245ced8d7dfe9a6c552c93e97c9d95df5dfaa379234946f13ffcf9f7a,success,,11.279,13.816666666666666,False,2.0,394.42629998666234
"North Jersey, NJ",2026-06-30,6c659e9c833f77c4eae96395c8e0236f060a1ef9f79bd688ed4a88b77985cc61,DMS2,6,6,6,6,False,nearest_neighbor_best_start,last_service_stop_no_home_return,osrm_road_network,northeast,driving,6dc696d1eccfd9f442015b9e423525c057cf9986f675071152171a1ffba24ec9,success,,39.9705,49.61833333333333,False,2.0,416.0569000232499
"North Jersey, NJ",2026-06-30,7683b733f7f276e689663e0ddef7ed8616649cd49144d57b6e26f037d4a3c07f,DMS2,2,2,2,2,False,nearest_neighbor_best_start,last_service_stop_no_home_return,osrm_road_network,northeast,driving,e3bc90db1d6d34e58e8b841726cf39f22e4b2da2171850fac94150f2851c7cb8,success,,4.7853,7.61,False,2.0,394.43869999377057
"North Jersey, NJ",2026-06-30,79d65bac181a6fa74a0f8ce69ddfe3ea53afc504870fe4cf65d438e675a16979,ASC,1,1,1,1,False,nearest_neighbor_best_start,last_service_stop_no_home_return,osrm_road_network,northeast,driving,a97102cc36bb565a158a6dd8ef36e61aba3829802d10bf02f05646cd49516172,success,,0.0,0.0,False,0.0,0.0
"North Jersey, NJ",2026-06-30,7bf10d9387f7cd7ef990a7a79e5be1d61eae8cb713a2c1e023748630ee83b3aa,DMS2,3,3,3,3,False,nearest_neighbor_best_start,last_service_stop_no_home_return,osrm_road_network,northeast,driving,f3c180e5c5022877193c275bd31245c11c3fafd3e0071b662f7d0146c50bc064,success,,5.1878,10.275,False,2.0,395.53670000168495
"North Jersey, NJ",2026-06-30,9f4d918b824599ccd08aebc6962ac0a39ecaccb206b95b56ade22579bd679368,DMS2,2,2,2,2,False,nearest_neighbor_best_start,last_service_stop_no_home_return,osrm_road_network,northeast,driving,4b96bbb6a03232df5b6344f6a3077b6e78f8273ceb3dc493b95df7b04c0e5e36,success,,26.9365,29.445,False,2.0,402.1253999962937
"North Jersey, NJ",2026-06-30,9fc029074ef9bcef0706c89cb2c06f101d90d514a6a2c019d702e8e26d474edf,DMS2,2,2,2,2,False,nearest_neighbor_best_start,last_service_stop_no_home_return,osrm_road_network,northeast,driving,66034f94cfce4ef3fcd53a2945e6c2d1a9f7adb6d72fe9ab60cbdd3f6b1b721f,success,,5.031,6.423333333333333,False,2.0,398.7261999864131
"North Jersey, NJ",2026-06-30,a71f873ce5e834fc75a69b3ae469c382df77742d645315d42e78a826adda6bd4,MIXED,11,11,10,10,False,nearest_neighbor_best_start,last_service_stop_no_home_return,osrm_road_network,northeast,driving,67f3c26312be6e187b21df309212ede348c57c2a95ba0ed17d6e28da4de1fdef,success,,67.8997,99.69833333333332,False,2.0,436.1283000034746
"North Jersey, NJ",2026-06-30,a9fe284722f5d1ca007f1e1f897149ff5211520e90d0c30fb82ab02de49791bb,DMS2,3,3,3,3,False,nearest_neighbor_best_start,last_service_stop_no_home_return,osrm_road_network,northeast,driving,5ab139fc8aeb588f45a34a14bb162232d6eb7326773ba9eae5516e8a12230166,success,,10.9295,14.139999999999999,False,2.0,395.93020000029355
"North Jersey, NJ",2026-06-30,bd9447df001c3f94f670ef6b7914ab3c97c67e42c00d57b67ebd970fe24b6458,DMS2,2,2,2,2,False,nearest_neighbor_best_start,last_service_stop_no_home_return,osrm_road_network,northeast,driving,9de0f744bbdb87e311b93f6e8e44a71dc30366e03cf342ea548eb7c6c3742e08,success,,5.0969,8.668333333333333,False,2.0,396.77359999041073
"North Jersey, NJ",2026-06-30,cdd7cd416bd3cf4f3b2e0e0234eac19ec093225fd8e68920ac84878827341431,DMS,4,4,4,5,True,home_fixed_start,last_service_stop_no_home_return,osrm_road_network,northeast,driving,025c579aa5577410d7345fc85594094167a2678007b16e28f274b0a70e52edac,success,,30.4655,48.305,False,2.0,422.14370000874624
"North Jersey, NJ",2026-06-30,cefa3a6410579c5d4ecfce271def602f2141aa21ef5138be757db7c5837fab8f,DMS,3,3,3,4,True,home_fixed_start,last_service_stop_no_home_return,osrm_road_network,northeast,driving,ed276e6899e3b0cda01128a639f105f8387ed505a2eb9ccc973b67a69ceeca85,success,,53.9384,65.735,False,2.0,419.64500001631677
"North Jersey, NJ",2026-06-30,d6363099b1a4fbfedd30b9e08c8c56e0387db722c8c4396bf21d42ea99c5275a,DMS2,1,1,1,1,False,nearest_neighbor_best_start,last_service_stop_no_home_return,osrm_road_network,northeast,driving,6296b07337d8c05db513983d4fd5975bab4d4210676daa7223856deb8e62b695,success,,0.0,0.0,False,0.0,0.0
"North Jersey, NJ",2026-06-30,d9519f5c21155a035bc1739352f06ac399b3c2f6910d8e5a606b14ab166bda2e,DMS2,2,2,2,2,False,nearest_neighbor_best_start,last_service_stop_no_home_return,osrm_road_network,northeast,driving,1a43d195bdd6daaef49a7d4fdff95b751c98f3bf1414bcdf2f9253d0d1793dfa,success,,40.534699999999994,39.80333333333333,False,2.0,404.33620000840165
"North Jersey, NJ",2026-06-30,db59fc6dbd16f4d39e3be96d27af01ae24b464770ed49e0684c3ee34958a019d,DMS,5,5,5,6,True,home_fixed_start,last_service_stop_no_home_return,osrm_road_network,northeast,driving,2ae999a3a42c62d100806868b46c433880a9de5dc664be6158a7e2a5066a4898,success,,18.2368,33.19833333333334,False,2.0,414.4588000199292
"North Jersey, NJ",2026-06-30,e0023619cc2bc1bf18a83f25f88de7025f2e501cc4c9ad6e3a4d1a32f3abfa0f,ASC,1,1,1,1,False,nearest_neighbor_best_start,last_service_stop_no_home_return,osrm_road_network,northeast,driving,53ca8228f78ccd6393ac6058b877f337f3ba77d0551ffaa6476e005539083780,success,,0.0,0.0,False,0.0,0.0
"North Jersey, NJ",2026-06-30,e64fd9d6e768b4547dcc8c21136f3451d324e15d30a2f9e2f1217c3a129c1ec7,ASC,9,9,7,7,False,nearest_neighbor_best_start,last_service_stop_no_home_return,osrm_road_network,northeast,driving,a98181b30d50757f6d984e49ad33d87268f2e4ff5e1a6e95b97a6d77841674f6,success,,74.4101,85.67,False,2.0,431.97479998343624
"North Jersey, NJ",2026-06-30,efc21fe17841048d71362d9bd76dbc1b272420919d3491ca1e6153328e3f8339,DMS2,3,3,3,3,False,nearest_neighbor_best_start,last_service_stop_no_home_return,osrm_road_network,northeast,driving,415012dbf5328e5846d95ddca2e4c34050c17d0e378019c190f6f728bfd57114,success,,14.272,22.706666666666667,False,2.0,403.00099999876693
"North Jersey, NJ",2026-06-30,f21b68fa690688539831ffcb187251dc1461d47a961788b4aef18a633c6f09dd,DMS2,2,2,2,2,False,nearest_neighbor_best_start,last_service_stop_no_home_return,osrm_road_network,northeast,driving,27a19cc4b4a3e733a286be33294c9d6c886f18e536d1c172fdd5abc6e9e1d418,success,,5.982,8.620000000000001,False,2.0,394.43370001390576
"North Jersey, NJ",2026-06-30,fb3d34acb7e48db9eb9f79f5ed465a9cf5e8f40e81970c08df1d6b8d8deb4ee6,DMS,1,1,1,2,True,home_fixed_start,last_service_stop_no_home_return,osrm_road_network,northeast,driving,4a9657e98f520b9a87536d043a6859725106c4c52c0414777024c9b5b271304e,success,,9.403,11.868333333333334,False,2.0,395.5975999706425
"Philadelphia, PA",2026-06-01,075db0ac59383eccaf8f6025326e11d4e5c88239297fd77e55d683255358a4a8,DMS,1,1,1,1,False,nearest_neighbor_best_start,last_service_stop_no_home_return,osrm_road_network,northeast,driving,3d46b55c3581adc1137d414b4bd98e66f3d8d935c865206c3a37f1a445676f29,success,,0.0,0.0,False,0.0,0.0
"Philadelphia, PA",2026-06-01,110f10bb12b179ffd2e0c95cdb4ec4b52bb9d53b88004bc207fc2ed53da61d81,DMS2,3,3,3,3,False,nearest_neighbor_best_start,last_service_stop_no_home_return,osrm_road_network,northeast,driving,dc57096aaa565aa2d190846ea5d5a1fea27f5ef80b79fc85ed0be6a63c896660,success,,21.233400000000003,28.535,False,2.0,415.2695999946445
"Philadelphia, PA",2026-06-01,2d0dda670d55b10d84442145d772ab70f433e697d7a845a79bb06abcb19dff60,DMS2,2,2,2,2,False,nearest_neighbor_best_start,last_service_stop_no_home_return,osrm_road_network,northeast,driving,0e027ded621b32b726dd1c35f0666576b7a6785d2b23e465085ef580afad1c50,success,,18.3801,23.495,False,2.0,403.3591999905184
"Philadelphia, PA",2026-06-01,4aeeb27742aa1a7203f8e7ba1c84cde1b0d902fff5588462d5f6c23a7c6f1682,DMS2,1,1,1,1,False,nearest_neighbor_best_start,last_service_stop_no_home_return,osrm_road_network,northeast,driving,cb58ccca2ad6620299a61ebbadab6a57052a91278501bdf3c8e2b0d67698671d,success,,0.0,0.0,False,0.0,0.0
"Philadelphia, PA",2026-06-01,52b9f8df93451028085a0e2e9c4458a1129775d930d1d629e8debc7cce0eed26,DMS2,8,8,8,8,False,nearest_neighbor_best_start,last_service_stop_no_home_return,osrm_road_network,northeast,driving,245b1e2da59d91769c31a856c5ee417d9e20964a784e0735d2dcaa253a47baab,success,,105.3631,135.77,False,2.0,442.47780001023784
"Philadelphia, PA",2026-06-01,6bdd6281433a3371e92ca897c2162414a032ca5dd37d4501c0d4c484320c9d66,DMS2,1,1,1,1,False,nearest_neighbor_best_start,last_service_stop_no_home_return,osrm_road_network,northeast,driving,712d6da62db3fb97c93b3127b538c287da62867cad8312004df48b7a90219de0,success,,0.0,0.0,False,0.0,0.0
"Philadelphia, PA",2026-06-01,76f92e4b59a4467a54b83307f8dda2162f513e3982d03b07eec02eae3222638e,DMS,1,1,1,2,True,home_fixed_start,last_service_stop_no_home_return,osrm_road_network,northeast,driving,5ba95fb3f71801b13054282dd2f70e7444e4275bb3cdeaf8c425f394e9c5936c,success,,40.005199999999995,53.67666666666666,False,2.0,400.8880000037607
"Philadelphia, PA",2026-06-01,7f167af8e4442efb4de5ce774cc0756d5d42d9a464d474a575940809abb2acb9,DMS,2,2,2,3,True,home_fixed_start,last_service_stop_no_home_return,osrm_road_network,northeast,driving,d7c39a7f56d9dcd337a969819c6d9d7f6a42223a0624adbbc5eae0109f1fd65a,success,,45.330400000000004,56.71666666666667,False,2.0,409.8903000121936
"Philadelphia, PA",2026-06-01,ea28d920cfd8db9d536655840ab529d755e436b1e0d0a6bd23eb2578d11f39ac,DMS,1,1,1,2,True,home_fixed_start,last_service_stop_no_home_return,osrm_road_network,northeast,driving,d2562cd31d2d0c0002c6365c8bdfb843f3a4bd55b9193b2390b05f59a23a21db,success,,20.485799999999998,22.18,False,2.0,395.60229997732677
"Philadelphia, PA",2026-06-02,01557cd952d0e498e94c0351da36beb5743ddd4712f368c68807343c9798e28d,DMS,2,2,2,2,False,nearest_neighbor_best_start,last_service_stop_no_home_return,osrm_road_network,northeast,driving,68732066b742ab76afe73ba5843af46b5e9c7d97c414449f35f80c690ef70511,success,,18.8646,27.58,False,2.0,401.9661000056658
"Philadelphia, PA",2026-06-02,2e32dd47ba35c83f696eda875fad9822b287ac569ebde1f287532c980bbeaf8f,DMS2,1,1,1,1,False,nearest_neighbor_best_start,last_service_stop_no_home_return,osrm_road_network,northeast,driving,9d8f44e86fd9c1add73954999297acee2dd98a4fe9e2c0e0fd986aa636d565ba,success,,0.0,0.0,False,0.0,0.0
"Philadelphia, PA",2026-06-02,368067b1d597b68db4fb0cf27ac30d0533692668eb62b073f3ed3dc715a598c9,DMS2,1,1,1,1,False,nearest_neighbor_best_start,last_service_stop_no_home_return,osrm_road_network,northeast,driving,a564b2aa568d98f0817bc1a40510f5541aee010c5e5916bf2712319451b634c7,success,,0.0,0.0,False,0.0,0.0
"Philadelphia, PA",2026-06-02,65831576c4a0c2bb62c5486fe18cfc182a11340293debfe7f20364f19b148d98,DMS,1,1,1,2,True,home_fixed_start,last_service_stop_no_home_return,osrm_road_network,northeast,driving,72371a20576325637aec6bf2eff4fc8b915f739a1a2e76a4d7c36ea3ad7cca7a,success,,78.60430000000001,84.385,False,2.0,394.9867000046652
"Philadelphia, PA",2026-06-02,683848ce3602f388d29e212d71c2dbf0c7ee2c07d25ec021d47316c72acb1d4d,DMS2,2,2,2,2,False,nearest_neighbor_best_start,last_service_stop_no_home_return,osrm_road_network,northeast,driving,0ebbc989e85090d40bb3e729bd12acf52e200e5505b447e7b7e60c1a56bb8f2c,success,,15.6515,18.675,False,2.0,398.30349999829195
"Philadelphia, PA",2026-06-02,74779c8a9ddaf86b7354331c8abe9ee030da5182fd71744d9cf202c58988b6b4,DMS2,1,1,1,1,False,nearest_neighbor_best_start,last_service_stop_no_home_return,osrm_road_network,northeast,driving,bf221a697fd04733c4f59dd46072da2cdc075fe5419d3fea872f59d7abb1434e,success,,0.0,0.0,False,0.0,0.0
"Philadelphia, PA",2026-06-02,9a364b46d62c6374d904ea8be92d9b8f4377ab2d93d1009b678f70a3a1e035c8,DMS,2,2,2,3,True,home_fixed_start,last_service_stop_no_home_return,osrm_road_network,northeast,driving,598861b324786d1749d5ae81a7bd37c4564ce1d01741e4b521c4f522169505e4,success,,19.7075,26.403333333333332,False,2.0,405.76160000637174
"Philadelphia, PA",2026-06-02,9adfb1592880ee47a58a2ec85a85e5cd7c071d679434bdcac388364795c66b5d,DMS2,3,3,3,3,False,nearest_neighbor_best_start,last_service_stop_no_home_return,osrm_road_network,northeast,driving,6205e187e0f0a1f78a8c9c4d976f764feff2c181abebd8b545b368c10b3e42d9,success,,10.233600000000001,14.43,False,2.0,401.6485000029206
"Philadelphia, PA",2026-06-02,9ce2ebffae5eb3020e3368b55d0159c6a2fd3d9be26069eb937b8d6803839d01,DMS,2,2,2,3,True,home_fixed_start,last_service_stop_no_home_return,osrm_road_network,northeast,driving,6ccd83f55883105243bac2b253821c842b7bc2634691ae442e1a11568ecd9221,success,,45.4512,58.4,False,2.0,414.34280000976287
"Philadelphia, PA",2026-06-02,bab3ddccba6f355cc28b43d88b7fbca666bb930d8eeef62dd7c20a3eca6b1b3e,DMS,1,1,1,2,True,home_fixed_start,last_service_stop_no_home_return,osrm_road_network,northeast,driving,c56ef8684d8e3e847683f679f8d95971ff590552b94926be43c9671b5811fe00,success,,26.4937,22.305,False,2.0,396.4335000200663
"Philadelphia, PA",2026-06-02,d19dbac39be646c4928d1dcd780beb5eb19239efb13af89770ffc3d7cf1526f4,DMS,5,5,5,6,True,home_fixed_start,last_service_stop_no_home_return,osrm_road_network,northeast,driving,b769a424d62c02e4460366081697fd5beb3a0c7b2da383988c54c55e6efe8598,success,,69.2942,91.06666666666666,False,2.0,426.36680000578053
"Philadelphia, PA",2026-06-02,d96173e4e3d9df4ecf83b37b63ecb25195cfc2ea63b146a16a19a8bd5a26c610,DMS,4,4,4,4,False,nearest_neighbor_best_start,last_service_stop_no_home_return,osrm_road_network,northeast,driving,1abfe62e40f65f1726c27897715fb47ac0290c0c1da9529abc53c9d7b1ebfaa5,success,,31.8968,41.15333333333333,False,2.0,408.25400000903755
"Philadelphia, PA",2026-06-03,3313f31ab2db24986ba9864e41e30cf180e5686c06519672bff64ed27f94578a,DMS,3,3,3,4,True,home_fixed_start,last_service_stop_no_home_return,osrm_road_network,northeast,driving,c6a3dbbd062fbb8c1d69815d107dc687e4230e10aabe1688a0e2b0be8d2746f3,success,,45.110800000000005,61.24,False,2.0,415.5050999834202
"Philadelphia, PA",2026-06-03,37de2e98233f11ddd1b434952a3448605d2718c75ab68642ba90976dcfa70d79,DMS,3,3,3,3,False,nearest_neighbor_best_start,last_service_stop_no_home_return,osrm_road_network,northeast,driving,4db72da185d5f8761a457c69a786fc9f83d29ce2b19aea6b25c04e99dba9677e,success,,29.814400000000003,35.14666666666667,False,2.0,397.93909998843446
"Philadelphia, PA",2026-06-03,6554b8ce919dcd4588842ac583ca72655367e881a3ad7a4e509aa21cb5131f63,DMS2,1,1,1,1,False,nearest_neighbor_best_start,last_service_stop_no_home_return,osrm_road_network,northeast,driving,c92b5ecbd5e40c1bdb46f937a59da345c62a0040708d181e1eed20753b08767c,success,,0.0,0.0,False,0.0,0.0
"Philadelphia, PA",2026-06-03,75f290ccdc2b862088727ac60ae1c107f3790603380f6f7f2184d537ca7f66aa,DMS,2,2,2,2,False,nearest_neighbor_best_start,last_service_stop_no_home_return,osrm_road_network,northeast,driving,ab11453a63a6a7b238b78c717a8c349804d13527be39004c9717ca5972452cb3,success,,8.421100000000001,12.721666666666666,False,2.0,395.2973999839742
"Philadelphia, PA",2026-06-03,7d3972e489c3848661222b231b1da30ff0fea2320aa0e346d1b4d7ffefbc5d13,DMS,2,2,2,3,True,home_fixed_start,last_service_stop_no_home_return,osrm_road_network,northeast,driving,cae0b5c4eda9227403914f5c401f8d2c540eb2ae87e3769420092e0e0dfeddc5,success,,51.1184,65.51333333333334,False,2.0,406.4731000107713
"Philadelphia, PA",2026-06-03,a5587a661364fa4f320700e3aaae0d8c3f9f8c79fecf4655da08fa5fcf8512f3,DMS,4,4,4,5,True,home_fixed_start,last_service_stop_no_home_return,osrm_road_network,northeast,driving,fe8a16f23dc676451d525835086a37418a6f73f3a458b02dc94187372db0647e,failed,http_400_noroute,,,False,,
"Philadelphia, PA",2026-06-03,b27aeab7938fbf5c8bf8a0f0554ef393030860a5765072883b3721a0a5ab36ed,DMS2,4,4,4,4,False,nearest_neighbor_best_start,last_service_stop_no_home_return,osrm_road_network,northeast,driving,3c057858fe76b8ab6183679fa3eda02ed2b86916668eeec6b1c2b92791bc50b1,success,,18.9441,29.63,False,2.0,415.1772999903187
"Philadelphia, PA",2026-06-03,c449b25a2a91f9ff375014b1d81a1a9aad28724be1bc52719e63720e28f70b80,DMS,2,2,2,3,True,home_fixed_start,last_service_stop_no_home_return,osrm_road_network,northeast,driving,cb0f25400b627b5a3f131fafc1056ff8bc8041c47cac55d618fe64434d65e445,success,,44.0781,40.535,False,2.0,397.1740000124555
"Philadelphia, PA",2026-06-03,c9fda79f1bda0f1ae79d6dfc17de0227ef7b0e34581e39d9c278317ca7fbf9e9,DMS,3,3,3,4,True,home_fixed_start,last_service_stop_no_home_return,osrm_road_network,northeast,driving,1ef3f8c9694b8e629fe17b4d7cd5435e53935d142a007494e4fa2f076d61140c,success,,28.5643,46.736666666666665,False,2.0,413.3536000153981
"Philadelphia, PA",2026-06-03,e423e9ce94f6cc3abcad7fcc147126cde33d59f622df8ff774894eaa03e1d0ef,DMS2,1,1,1,1,False,nearest_neighbor_best_start,last_service_stop_no_home_return,osrm_road_network,northeast,driving,e4bd90af937f3767af2c9129c3da753700d580a0b6c74da4823cf6a0be474294,success,,0.0,0.0,False,0.0,0.0
"Philadelphia, PA",2026-06-03,fb3a5310284f7e9d33f203fd5a3984bd63f8286b90eb4cdcb789a4fb04d85f89,DMS,1,1,1,2,True,home_fixed_start,last_service_stop_no_home_return,osrm_road_network,northeast,driving,846af3c40989c747ec10a3f4e76404c7ce98c2be50a13d2d0bf03db1a3d1d1c4,success,,29.0973,36.10166666666667,False,2.0,399.9077999906149
"Philadelphia, PA",2026-06-04,2908af73b15e6bb4d0c88692c91d134e8bed245e18ae60944820326238109f7b,DMS2,1,1,1,1,False,nearest_neighbor_best_start,last_service_stop_no_home_return,osrm_road_network,northeast,driving,8eabc39ba97f5eb6411d39c38a34485255e249260ddde698611851766e393894,success,,0.0,0.0,False,0.0,0.0
"Philadelphia, PA",2026-06-04,2e2ad0f2ee42a24683a32bad93f4f0fe8f3784eba8befe0049bff7932b84a865,DMS2,2,2,2,2,False,nearest_neighbor_best_start,last_service_stop_no_home_return,osrm_road_network,northeast,driving,5be98d7cde9d12495adda6e1091d2a0b80c525cbf8cd19a9d768b714a04be321,success,,26.6949,32.58833333333333,False,2.0,397.2375000012107
"Philadelphia, PA",2026-06-04,4d35c2bd8d008ced7f96f3cde1532deb8c5f9bb7c26b762d79358bf77bd790fe,DMS,2,2,2,3,True,home_fixed_start,last_service_stop_no_home_return,osrm_road_network,northeast,driving,888690684eb756091f4d53e8b51843ff28ba2977eab9bc1bee44d1075093ba48,success,,144.2236,186.06166666666667,False,2.0,403.4957999829203
"Philadelphia, PA",2026-06-04,5aca54b26c40f6aaa811effca7c58dda4f9c8d89d13c5473d6a43786b22e0536,DMS2,1,1,1,1,False,nearest_neighbor_best_start,last_service_stop_no_home_return,osrm_road_network,northeast,driving,88001cf22016a1a10aaab33fbcae389443364d3e9dd6c4ec60b40686e69ccddc,success,,0.0,0.0,False,0.0,0.0
"Philadelphia, PA",2026-06-04,696917d6920ed5445cc275219bc183e80bdcfbbf149835c6abdb88825736fdf9,DMS,2,2,2,2,False,nearest_neighbor_best_start,last_service_stop_no_home_return,osrm_road_network,northeast,driving,af574210acb4d0085400ad905f1503d30b9c838b992267eeb74916ed20019215,success,,22.0966,22.486666666666668,False,2.0,405.88859998388216
"Philadelphia, PA",2026-06-04,949ca6cc19cb6928464eb573b6983b1f5d91f86016fe3e13ce17bfc2f3f98455,DMS,1,1,1,2,True,home_fixed_start,last_service_stop_no_home_return,osrm_road_network,northeast,driving,c348b305ad47252b2483ae0cb456b5509c1c60f5a49a37e51ca0544d202cebc7,success,,42.3445,42.66166666666666,False,2.0,395.0916999601759
"Philadelphia, PA",2026-06-04,af67148ab5caaf47fda52322fceb46c24525cb7266c66fcf2a10e63a9558e3f6,DMS,3,3,3,3,False,nearest_neighbor_best_start,last_service_stop_no_home_return,osrm_road_network,northeast,driving,c7b03dec01866410d44824656f9257e0de2ac51f194d645589e5ecea46e2a83f,success,,26.8997,33.86333333333333,False,2.0,411.05339999194257
"Philadelphia, PA",2026-06-04,bff6513425ea12bb5c9be9b1f3752c8854d10e32789089136fd1763928511a68,DMS,1,1,1,2,True,home_fixed_start,last_service_stop_no_home_return,osrm_road_network,northeast,driving,3521e2232174e475bc34b0248e1b988998b0531b8834e7eee65935acec952da0,success,,28.4324,28.321666666666665,False,2.0,407.9844000225421
"Philadelphia, PA",2026-06-04,f0b69d98e57287699245b3ed246eb8b5921ec8a0c44bde2127d00b81a6477985,DMS,3,3,3,4,True,home_fixed_start,last_service_stop_no_home_return,osrm_road_network,northeast,driving,c83d164edeccafa721745ce10222b2ad67bb2055f5af9214ccae1c8b8458a271,success,,28.568099999999998,42.355000000000004,False,2.0,407.8252000035718
"Philadelphia, PA",2026-06-04,f23694d27216a6c9d5d153b5e1da8036d7b85eb20b6b576d20622997b7f86871,DMS,5,5,5,6,True,home_fixed_start,last_service_stop_no_home_return,osrm_road_network,northeast,driving,3d27d0a6e8d54ca634ba913c78da355910096585aa06278a17ca831bfe8c8bda,success,,47.0274,75.08,False,2.0,436.31610000738874
"Philadelphia, PA",2026-06-04,fb960abb3ece33f4bc7ae33a3c02197a1a14940a171fcf339917091fe14116e4,DMS2,1,1,1,1,False,nearest_neighbor_best_start,last_service_stop_no_home_return,osrm_road_network,northeast,driving,09398e3edd7e44a94e6378647c96ffe3f31c071737e191a9fb9b5ed1793d23dd,success,,0.0,0.0,False,0.0,0.0
"Philadelphia, PA",2026-06-05,0dd8316cece100a07a0ba8af07c87fc15432b8cc8cf662e0f2a8208b142dc53c,DMS,2,2,2,3,True,home_fixed_start,last_service_stop_no_home_return,osrm_road_network,northeast,driving,dfff15300c1af278610a6738c9e98269e2385c78dd4fb46d3c2908cf9f863b50,success,,31.0378,28.028333333333332,False,2.0,404.696600016905
"Philadelphia, PA",2026-06-05,1d98f0e5817ccf210ae9ad120056969c5e6e5d809943a8f9898d5f5c5d47e230,DMS,2,2,2,3,True,home_fixed_start,last_service_stop_no_home_return,osrm_road_network,northeast,driving,89ab19db01cdf597e1adeb974a2c04200cdcf447df3d7f6ecf3359671b89d05b,success,,73.75410000000001,70.00166666666668,False,2.0,406.1628999770619
"Philadelphia, PA",2026-06-05,34709b3df6455c7e686e9d8b80bf135034f5c34e424e598b1c28568911a68b83,DMS2,1,1,1,1,False,nearest_neighbor_best_start,last_service_stop_no_home_return,osrm_road_network,northeast,driving,0794e212fa09f63d96246ee15819f320fa726550472ee40321129d8df1b0bca8,success,,0.0,0.0,False,0.0,0.0
"Philadelphia, PA",2026-06-05,3ef12b32fba74e1eef04d3d8b5c8e5f14b3b27f6c837e0517d88eb305d38a8af,DMS2,2,2,2,2,False,nearest_neighbor_best_start,last_service_stop_no_home_return,osrm_road_network,northeast,driving,341856c8b686ccdb86a6a0f7eab2eff5aa1d45016408834b53ebd4f650e22280,success,,11.9731,10.94,False,2.0,397.0127999782562
"Philadelphia, PA",2026-06-05,5464736091201f3d1fda554602088af501225b9424f0a6d23d580472183ff1dd,DMS2,1,1,1,1,False,nearest_neighbor_best_start,last_service_stop_no_home_return,osrm_road_network,northeast,driving,3bc7398d32d80526d1b2062ce732e9fb8de60d1bf7ddce1a9848654005358d1f,success,,0.0,0.0,False,0.0,0.0
"Philadelphia, PA",2026-06-05,8f01c0d51141eebac0c3691adccc31a4e5934f150c084f1b6a6d44337072a3fa,DMS,2,2,2,2,False,nearest_neighbor_best_start,last_service_stop_no_home_return,osrm_road_network,northeast,driving,b87c14b8085ca6247596c9068915ae9af22d703504ff598c772658bf6f4216fc,success,,10.7537,11.248333333333333,False,2.0,393.40999998967163
"Philadelphia, PA",2026-06-05,9e9004fdd1032361aa50112ed609de7e59496b4a7171a50235b70c8f9eb8decc,DMS,2,2,2,3,True,home_fixed_start,last_service_stop_no_home_return,osrm_road_network,northeast,driving,75b2e5c8f4739bbff9216afb5362a608e3c9d4aa8e7aa142c3405125ef8e0aee,success,,111.2535,119.03166666666667,False,2.0,403.5057000000961
"Philadelphia, PA",2026-06-05,a3186d1143ea45af0ec3c80fee801ef41787aeee964c8ea967794579d2d24c81,DMS,3,3,3,4,True,home_fixed_start,last_service_stop_no_home_return,osrm_road_network,northeast,driving,9219965238249ee87a29f6f33eefa7c4cf1d1745fb9a7b4fa2ce414cbb86018b,success,,32.4306,54.968333333333334,False,2.0,408.91019999980927
"Philadelphia, PA",2026-06-05,a5a1f4892d031eca6ca817f882f5478c00aa8998ead8502d4ae7d336ea3f406f,DMS2,2,2,2,2,False,nearest_neighbor_best_start,last_service_stop_no_home_return,osrm_road_network,northeast,driving,49d8735befd6fb2293a70532395099c4c82acbf3e6e83fa00ed5d6641a870665,success,,13.142100000000001,19.165000000000003,False,2.0,398.9939999883063
"Philadelphia, PA",2026-06-05,c668852a65452e5b3bda0b204aeb423aac6eaa9c34da76654e21a30e826a3325,DMS,2,2,2,2,False,nearest_neighbor_best_start,last_service_stop_no_home_return,osrm_road_network,northeast,driving,0085b207315cf8d440d3d3825c99e82ff9a40e805ad87da52d2a0a8fb30d8344,success,,1.8962999999999999,4.65,False,2.0,401.7700000258628
"Philadelphia, PA",2026-06-05,c7cbdd14c5304dfde786157f1b345f293d43effefb11404fcac84d4ed0665209,DMS2,1,1,1,1,False,nearest_neighbor_best_start,last_service_stop_no_home_return,osrm_road_network,northeast,driving,c47671ca01a0a2d1fe4f4188d2c62553600dac5f90b0f4c3ae28d51e237e77fe,success,,0.0,0.0,False,0.0,0.0
"Philadelphia, PA",2026-06-05,d3fc1648c69ab22ee3dda7dfb5badb0aac76dbaa51b73936923cb54ce4756299,DMS2,3,3,2,2,False,nearest_neighbor_best_start,last_service_stop_no_home_return,osrm_road_network,northeast,driving,1679cd7ad243670525053113ca2b7e97169b382f03571dbabee94773d86010c7,success,,14.7203,16.598333333333333,False,2.0,403.63680000882596
"Philadelphia, PA",2026-06-05,f06eca6ed7d5e710efd92ef9107b4e42fa800de9b97c54d1d1d26f53b87aea34,DMS,7,7,6,7,True,home_fixed_start,last_service_stop_no_home_return,osrm_road_network,northeast,driving,e6cec0408f9452692d7a7565d34586c3ff32f29175020ee132a2d8f4e52d14ce,success,,97.1587,135.28333333333333,False,2.0,426.4139000151772
"Philadelphia, PA",2026-06-06,057712a160f98377975c116c35f94b7a6992d8637a619a9016c3b792befdbef4,DMS,5,5,5,6,True,home_fixed_start,last_service_stop_no_home_return,osrm_road_network,northeast,driving,96e3783214aaf02041bc9017668f0745b07d5ab0125d185101428415cc4b76db,success,,95.51010000000001,112.61999999999999,False,2.0,420.4668000165839
"Philadelphia, PA",2026-06-08,037023ce595b78929d9e3b3eef93f85fa335178b82ff7b0ace7379e07f0b2bd7,DMS,4,4,3,4,True,home_fixed_start,last_service_stop_no_home_return,osrm_road_network,northeast,driving,edd5d1dd56b8ddbf7964a9b04fe9026028c10955f9796666113dcb8357b823ba,success,,36.793800000000005,48.1,False,2.0,413.05249999277294
"Philadelphia, PA",2026-06-08,15ab9e331dadba011b1420743160b7e9c836a2dc14768e266612b31dcdeed2a1,DMS,4,4,4,5,True,home_fixed_start,last_service_stop_no_home_return,osrm_road_network,northeast,driving,6c422508fe89fde05210f4db06a71f2077092dc4e682848197d42d3ab2f60343,failed,http_400_noroute,,,False,,
"Philadelphia, PA",2026-06-08,1a3e6e06ab0c1a5e4d5b3b34892a37b62fd5f1132a2cf85ea3eadfbedba87fe7,DMS,2,2,2,3,True,home_fixed_start,last_service_stop_no_home_return,osrm_road_network,northeast,driving,8718c52dd09a3e7672810432bd722b2ca2e6bf5e392995e618e0d89ac1f02dd7,success,,39.6158,33.873333333333335,False,2.0,399.8851000214927
"Philadelphia, PA",2026-06-08,2e65caaa1852adfb1e70ebe325b7078ef2f40b67961245a1d9a85b524f9ca440,DMS,3,3,3,3,False,nearest_neighbor_best_start,last_service_stop_no_home_return,osrm_road_network,northeast,driving,56238a63ca6db163283464a983f3f2edc6aaaeb7fb422c9a821f0ffd24eb907d,success,,23.8108,35.11333333333334,False,2.0,408.1455000268761
"Philadelphia, PA",2026-06-08,3acf937037efda9c71fcc195ed8f6a7854a487ad1899866a5d7fe788b9019e61,DMS2,2,2,2,2,False,nearest_neighbor_best_start,last_service_stop_no_home_return,osrm_road_network,northeast,driving,a0c7584d8c56b3a04683d8afe60cbfd73bd3fa3a7065576aaa9b3d9e8b923081,success,,14.347299999999999,18.628333333333334,False,2.0,397.9135000263341
"Philadelphia, PA",2026-06-08,5d63591cf5af1061ca679dda068b1fac8732f3a713edeb68ae531044dc865946,DMS,1,1,1,1,False,nearest_neighbor_best_start,last_service_stop_no_home_return,osrm_road_network,northeast,driving,3d1245519c88475af1f456d8d6bd10e65bca9574aae6f0e5002523031f946732,success,,0.0,0.0,False,0.0,0.0
"Philadelphia, PA",2026-06-08,9a0264fced168658382f1213b415bcb3c678985695ff6c9e867dc5ad86750863,DMS2,1,1,1,1,False,nearest_neighbor_best_start,last_service_stop_no_home_return,osrm_road_network,northeast,driving,8b1d35155e3c160424f8733da69eec85ed31ceb434b8fe21bdf4758fdc1f3251,success,,0.0,0.0,False,0.0,0.0
"Philadelphia, PA",2026-06-08,e15c993a17fc011bccd79bd1b67d9160d8aca7fd70d28e023ccef1db3acec849,DMS,1,1,1,2,True,home_fixed_start,last_service_stop_no_home_return,osrm_road_network,northeast,driving,01786e45127031160b843b4c412c4ea49cf453cd70c4d586b7ef872a627969df,success,,36.2007,41.8,False,2.0,402.97719999216497
"Philadelphia, PA",2026-06-08,ea172f36d01e06ac03ae5907b4444a0684c569e5118d849ab4fd6428a9690504,DMS2,6,6,6,6,False,nearest_neighbor_best_start,last_service_stop_no_home_return,osrm_road_network,northeast,driving,0037a6b074382a66ba66ca37a45288335f35ac431a5a0db5c48122b89588d872,success,,75.21839999999999,91.095,False,2.0,426.4586000062991
"Philadelphia, PA",2026-06-08,f3eeb5a82533fbb57df5e5e69046764f88507e77c829afc6bd7d2c2bf05e47b5,DMS2,2,2,2,2,False,nearest_neighbor_best_start,last_service_stop_no_home_return,osrm_road_network,northeast,driving,73565720cb5b1c9ac58f22142c03b7cce73862a7428f2f234821f92721217f65,success,,22.799,30.720000000000002,False,2.0,395.7595999818295
"Philadelphia, PA",2026-06-08,fc4d1c3d6025e0c665eee7d97b7863d2e8232e99df17dc2b79a43314a0703daf,DMS2,6,6,6,6,False,nearest_neighbor_best_start,last_service_stop_no_home_return,osrm_road_network,northeast,driving,507e20d8b63055263c13b6c7e3aafdbaf1eaf09e692154652b3530085bcd66f6,success,,39.032300000000006,51.623333333333335,False,2.0,417.65550000127405
"Philadelphia, PA",2026-06-09,05668f0b6d39ba11233a3f33ba6e9758e71050282c05ae7bc2676ab2351a3dde,DMS2,3,3,3,3,False,nearest_neighbor_best_start,last_service_stop_no_home_return,osrm_road_network,northeast,driving,30c53e8d7c97b1e022b4f80dc79406595019fb644193eca6b31c052dae8d49c6,success,,18.283900000000003,27.08,False,2.0,405.3289000003133
"Philadelphia, PA",2026-06-09,311e0fa6fa54a3bac92a49187f787d22aa19fb8ec1cbfd96756603113011bafd,DMS2,5,5,5,5,False,nearest_neighbor_best_start,last_service_stop_no_home_return,osrm_road_network,northeast,driving,248733d2c9f5b668b5adeb2320b5ae45e2369cd4de53e914f4350f464e4c8c30,success,,43.2303,69.97833333333332,False,2.0,421.1291999963578
"Philadelphia, PA",2026-06-09,3ef68ee1ce83511856138e369ea8c178d27487bc2fb62e1fdb08385de5a9a824,DMS,2,2,2,3,True,home_fixed_start,last_service_stop_no_home_return,osrm_road_network,northeast,driving,6fa1c09079558c7b5d34b170ce054041af17263935188a8890b503ecac6e3a26,success,,18.2044,27.831666666666667,False,2.0,399.5246000122279
"Philadelphia, PA",2026-06-09,4a82e24e1bdd2ff7f4032fc9f6cdda436411a34a55dcc7ae9358a6a6d6404d49,DMS,5,5,5,6,True,home_fixed_start,last_service_stop_no_home_return,osrm_road_network,northeast,driving,f38219b8d20089e43b4825203ed75092242d575329cbf1a9b846822d4d1156b0,success,,126.42760000000001,162.15833333333333,False,2.0,418.1273999856785
"Philadelphia, PA",2026-06-09,56646d6640974303e6205b8e302d3a506727f728ae53071fd2fcd07f544910cf,DMS,3,3,3,4,True,home_fixed_start,last_service_stop_no_home_return,osrm_road_network,northeast,driving,66767ac7ed1007ee991a67279fd95053edc0eb8491ec31aaec51c4f53671849d,success,,39.896699999999996,40.61666666666667,False,2.0,407.84690002328716
"Philadelphia, PA",2026-06-09,5f15d3a0d03e240e0b98d81805e4bfa84de574c2d6f25863b0b489edb7dab621,DMS,4,4,4,5,True,home_fixed_start,last_service_stop_no_home_return,osrm_road_network,northeast,driving,ef00e4e940b2250c7897ac2b0dde6c978f45e3e7d1a7ce329c25489a1ebea869,success,,57.186800000000005,73.24333333333334,False,2.0,417.6048999943305
"Philadelphia, PA",2026-06-09,849dde63a3080e858beb836d5f45685c1aab64e30cdac15ccc56670cd94ef4ef,DMS2,4,4,4,4,False,nearest_neighbor_best_start,last_service_stop_no_home_return,osrm_road_network,northeast,driving,e0204a42f690131d0ebe56173c62ebb39c44f30d158d8501bdf35fd567da918e,success,,22.6191,35.836666666666666,False,2.0,407.5066999939736
"Philadelphia, PA",2026-06-09,913346616088f96275ccff8fa9429a168338f66eb29b952df3ef19ba7c16e754,DMS,1,1,1,1,False,nearest_neighbor_best_start,last_service_stop_no_home_return,osrm_road_network,northeast,driving,5236671cb1f008f15939cce54180447cdbc2dfc6901d4d72b59e13e8517b515f,success,,0.0,0.0,False,0.0,0.0
"Philadelphia, PA",2026-06-09,927540988617b1615303ab549e65e9c7f2494d19c157d429a4dbc5fe4f1efb37,DMS,5,5,5,6,True,home_fixed_start,last_service_stop_no_home_return,osrm_road_network,northeast,driving,7e52ed469bed767beb8063aaba3b44664de6decdc03d0d4a5a52a7fa55843f91,success,,49.9529,76.00833333333334,False,2.0,425.5573000118602
"Philadelphia, PA",2026-06-09,ac86a985d28f2110df9403b443d6d88093440dcfd03cbe17d1c14e8be0b480da,DMS2,1,1,1,1,False,nearest_neighbor_best_start,last_service_stop_no_home_return,osrm_road_network,northeast,driving,aac809ef9296b7abbec546cae0bb9f57dc661dc82232183f7dba783210d1d5fd,success,,0.0,0.0,False,0.0,0.0
"Philadelphia, PA",2026-06-09,ad83987541635084f330016494e309f1d4ebff4b53435111b08d8d52a9f31f4d,DMS2,1,1,1,1,False,nearest_neighbor_best_start,last_service_stop_no_home_return,osrm_road_network,northeast,driving,3f5c611c6083434145a4d90dc85c8d316498185875fae7b42ec1199859e2279c,success,,0.0,0.0,False,0.0,0.0
"Philadelphia, PA",2026-06-09,c4e2dcf6a2aa2a32eec64ac2f72621a81bee204c11896dd525e9db462ffcd873,DMS2,1,1,1,1,False,nearest_neighbor_best_start,last_service_stop_no_home_return,osrm_road_network,northeast,driving,5ee6455a5853c567741f54756845ccf96a438e4bd2e40736c52bad6352fd2ae6,success,,0.0,0.0,False,0.0,0.0
"Philadelphia, PA",2026-06-09,dbfbffa53ec09135e65ce8df6726e069a4c5da478414dd01bc7321972bc9c23e,DMS2,1,1,1,1,False,nearest_neighbor_best_start,last_service_stop_no_home_return,osrm_road_network,northeast,driving,44635ce3971eefa1a204dd06e4ee682478ea2f554f7192280a42e873d3cbdef5,success,,0.0,0.0,False,0.0,0.0
"Philadelphia, PA",2026-06-09,dc012f38bc123092b67ad7cc07bc03e9e98c787c9bd364a99072f28d8423fad0,DMS2,3,3,3,3,False,nearest_neighbor_best_start,last_service_stop_no_home_return,osrm_road_network,northeast,driving,85ddaa9c67d6793c0bbfa23c5f94c413c1cff2570e62146d8c5439aaf5989e10,success,,25.1967,38.80333333333333,False,2.0,406.9677000516094
"Philadelphia, PA",2026-06-09,f7954718f0945e023211da45f3f7c3860bb015fbdc21b51a6278bc590837b97b,DMS2,2,2,2,2,False,nearest_neighbor_best_start,last_service_stop_no_home_return,osrm_road_network,northeast,driving,33cd9fab7cd4aea448dbde2c496f6b097cdc404f2638f07b5a55795b14af8eff,success,,20.731099999999998,26.466666666666665,False,2.0,408.71940000215545
"Philadelphia, PA",2026-06-10,08b18558175d13096a0df2fe6fc29dd70a9706f7d2dcea9e3e6e0483463a8477,DMS2,1,1,1,1,False,nearest_neighbor_best_start,last_service_stop_no_home_return,osrm_road_network,northeast,driving,dee01681aed41c024a0fcb91cc435341c89c5a0f76365a30fa7a0a584623c630,success,,0.0,0.0,False,0.0,0.0
"Philadelphia, PA",2026-06-10,1395db76e99b91afe019bee1375a4d392371705a303303dc1b35a9e63402063b,DMS2,1,1,1,1,False,nearest_neighbor_best_start,last_service_stop_no_home_return,osrm_road_network,northeast,driving,cd2860a9a7982e42795ec529e736619e59406f1c028209ffb2ee363aeb8adff4,success,,0.0,0.0,False,0.0,0.0
"Philadelphia, PA",2026-06-10,1f44bbfecf638a501b3b7d16aaaa76b421c7df8604825ab1319f93dd5b0bc8f1,DMS2,1,1,1,1,False,nearest_neighbor_best_start,last_service_stop_no_home_return,osrm_road_network,northeast,driving,a7c208c5e91404e42aa41d1b5d81756d076f6c1634367e73f7fb1579471aee73,success,,0.0,0.0,False,0.0,0.0
"Philadelphia, PA",2026-06-10,419433129f4602f660e4cd6a2f81d0d04c8b7c3a8f961001572a0c10d46e3f63,DMS,1,1,1,2,True,home_fixed_start,last_service_stop_no_home_return,osrm_road_network,northeast,driving,7b446b3050b802f0de62d24540f3623402d0bc4b46e1605f9290663a5f68b4be,success,,24.3796,24.825,False,2.0,395.37720000953414
"Philadelphia, PA",2026-06-10,5db44c4e2e91f113dd4cfddeb909faeccdf72749f16b739863ee64690c0bca55,DMS,4,4,4,4,False,nearest_neighbor_best_start,last_service_stop_no_home_return,osrm_road_network,northeast,driving,1c981e1febd7c27ac04c00605a3662047a07db83541f4ca8044abf84ca9070b2,success,,19.218799999999998,34.02,False,2.0,416.6137999854982
"Philadelphia, PA",2026-06-10,61860a29ca2a778156755b20b9f88cac948cf7ebf2e281b049e75d454102ae49,DMS2,1,1,1,1,False,nearest_neighbor_best_start,last_service_stop_no_home_return,osrm_road_network,northeast,driving,08e0e10b2d894e2a4a0ad552ce63755ae2ce2249302cd73470a5ca34618e689b,success,,0.0,0.0,False,0.0,0.0
"Philadelphia, PA",2026-06-10,83ddc2fa17f45e76dae375c1122ea49f6ad04dfb0f0611cfc4695ff55e4b0a33,DMS,3,3,3,4,True,home_fixed_start,last_service_stop_no_home_return,osrm_road_network,northeast,driving,6a318a0ac9ff9da2ee9a805d695c5de2c9b0c44b518da8f4b8e47a71be9d9427,success,,35.25,53.575,False,2.0,414.5931000239216
"Philadelphia, PA",2026-06-10,9b266a931788d50f9abc96500d6667f0ccd5c2b43c989c58da9fe95e90e8653d,DMS,2,2,2,3,True,home_fixed_start,last_service_stop_no_home_return,osrm_road_network,northeast,driving,544250918db6b2e6d80e51437839a5afe9da6c09ed8d020ca2c60ef77638f16d,success,,26.9739,43.093333333333334,False,2.0,402.36199999344535
"Philadelphia, PA",2026-06-10,a9b7c2928273ccc9b07c78c5567c42a0b89ae229830b7621207e35e0e34e701e,DMS,4,4,4,5,True,home_fixed_start,last_service_stop_no_home_return,osrm_road_network,northeast,driving,9b5a904d1e218568c279eef5d34f8c1e4ef2158fbaeebe4ccf8dfe578a891733,success,,122.48830000000001,147.88,False,2.0,406.6041000187397
"Philadelphia, PA",2026-06-10,b3e5195812d1471272564a1f96a2755cf3237490e99be5ba36cdd6946724f798,DMS,3,3,3,4,True,home_fixed_start,last_service_stop_no_home_return,osrm_road_network,northeast,driving,3ebbdbde2cc3f9ef0383fffde7dec2cac3e6e29ad09292b02741e948def3b405,success,,64.239,75.275,False,2.0,436.2568999931682
"Philadelphia, PA",2026-06-10,cbc50a5f7101b514377c86b3bbb8d4e52e3f4825a09eed107e884791900c2f74,DMS2,3,3,3,3,False,nearest_neighbor_best_start,last_service_stop_no_home_return,osrm_road_network,northeast,driving,f149edc2b5f728ed700be26cdeca58d2b9d2d31dfdb4032c020cdb44e7234de1,success,,21.876,27.466666666666665,False,2.0,403.64440000848845
"Philadelphia, PA",2026-06-10,f5589d4c82b9fa5615666c452c88ecb639f0ef499e636f6193c87cc8e5e953d0,DMS,5,5,5,6,True,home_fixed_start,last_service_stop_no_home_return,osrm_road_network,northeast,driving,fd867c8c8eb9ce8e826050c3cf1ab6d4b370cf9f4f1aaf77353aeb9a93e39417,success,,57.468,75.35833333333333,False,2.0,420.44860002351925
"Philadelphia, PA",2026-06-11,00e9b4bae168bad6240e6dd043bae7b515a440fd157d17adb7372b6323f62b04,DMS,5,5,5,6,True,home_fixed_start,last_service_stop_no_home_return,osrm_road_network,northeast,driving,bc43c7919dd93e676e87e614eee6acd26304e723cdb9e9faeab15b58c8431ee3,success,,47.6126,71.14333333333335,False,2.0,430.1227000250947
"Philadelphia, PA",2026-06-11,0b96aaf2ccac1810adf095220aae79c0fbb7b36d23a83498bc1718e01fea72c4,DMS,1,1,1,1,False,nearest_neighbor_best_start,last_service_stop_no_home_return,osrm_road_network,northeast,driving,3c0aba9a8597694212e2dfeb3d4701c7ea841d8ceb204952555088c3e207f3b1,success,,0.0,0.0,False,0.0,0.0
"Philadelphia, PA",2026-06-11,338e5120ddfe7b2a039182abc24aa10c27205cce786ca3f44d5d77e0d110225e,DMS2,3,3,3,3,False,nearest_neighbor_best_start,last_service_stop_no_home_return,osrm_road_network,northeast,driving,ab10d4b5dac1f513d687281fc0fafa579c526b2311b066c66c45ecfe334ff7d1,success,,43.422599999999996,48.66,False,2.0,402.2821000253316
"Philadelphia, PA",2026-06-11,63124a39b620e0ced9f4fce6b7a7439da5354b3facf0f75b45e72ff13179cc0a,DMS,1,1,1,2,True,home_fixed_start,last_service_stop_no_home_return,osrm_road_network,northeast,driving,410231b12924560da0daf61468c39964e8ab98b7aa2bee6bf2583d4afc1bf732,success,,32.6966,27.303333333333335,False,2.0,393.81339997635223
"Philadelphia, PA",2026-06-11,7b25de943fb71d9e7c92d8ec9882b63a0db239e459e6610ca35bc0ea12373380,DMS,4,4,4,5,True,home_fixed_start,last_service_stop_no_home_return,osrm_road_network,northeast,driving,e214e101474aec8859b5c698adc8aba06cd42a6bf7b925f59ae14d04eefa1122,success,,52.0355,65.115,False,2.0,421.73990001901984
"Philadelphia, PA",2026-06-11,8fca2aa7ae43dd3230edce09f7d73c49e272918c8db77751af66551ebed5d34f,DMS2,9,9,9,9,False,nearest_neighbor_best_start,last_service_stop_no_home_return,osrm_road_network,northeast,driving,968094793cfe1a61cbd322dff33a82e858fa0ec35ae040be17dfd0f3ed528abe,success,,85.8745,112.0,False,2.0,432.0486999931745
"Philadelphia, PA",2026-06-11,90d20eec293a66698201fe57fcdc12e0bc2a0ffadddc8ee5333a16dcb6deb515,DMS,6,6,6,7,True,home_fixed_start,last_service_stop_no_home_return,osrm_road_network,northeast,driving,bad9393961fa0239a550384892a574128a06835908bb54a7ef656030a15d8360,success,,66.1986,95.075,False,2.0,436.1180999840144
"Philadelphia, PA",2026-06-11,b85a7d97b580133be885aae8819b2c19b5fb242d0ef0a71409bbd20c0037c42c,DMS2,1,1,1,1,False,nearest_neighbor_best_start,last_service_stop_no_home_return,osrm_road_network,northeast,driving,cbbdca0526aca0bf44b21179a292949d72645447abd2456d9af5961ac584ae96,success,,0.0,0.0,False,0.0,0.0
"Philadelphia, PA",2026-06-11,b85e935573b33988067012c6fb4940f198e43add69ec9bb529409de781fe60b4,DMS,1,1,1,2,True,home_fixed_start,last_service_stop_no_home_return,osrm_road_network,northeast,driving,a4131dbc63a39f62825bd860a2b8c6fec16b9da840bbe767da3788ccd0dd78f9,success,,28.858,39.88333333333333,False,2.0,407.29720002855174
"Philadelphia, PA",2026-06-11,c7d3f7e1288f62bc70823f56c95fdb24345ec8b7af4e496a639c5a3c5df90764,DMS2,2,2,2,2,False,nearest_neighbor_best_start,last_service_stop_no_home_return,osrm_road_network,northeast,driving,050cda24d6968b7960d4f8a217aab3049ead4552ed4164f78aa10bb87c3395ce,success,,5.8611,7.961666666666667,False,2.0,395.59299999382347
"Philadelphia, PA",2026-06-11,d3e0fd0e82e29481b87fae0f4d428e30791b51f145acaf189d263e668c9e2a74,DMS2,2,2,2,2,False,nearest_neighbor_best_start,last_service_stop_no_home_return,osrm_road_network,northeast,driving,57e2111ab33616557620fd5666a3b3da1d016847c7c63a59b8c6bd06c1053e2c,success,,14.810799999999999,19.235,False,2.0,396.94569999119267
"Philadelphia, PA",2026-06-11,fa43cca7d26589a1babb1f067e0d2f9ecb6b76bb6ab209030908e13b1c163a19,DMS,5,5,5,6,True,home_fixed_start,last_service_stop_no_home_return,osrm_road_network,northeast,driving,1a120310ed00ec5483ce9c9047aab0149c2d174f1742fa935525ff52212daa5a,success,,81.1286,102.53333333333333,False,2.0,417.58919999119826
"Philadelphia, PA",2026-06-12,048a6c63db6e2544bd019e73e4f702b7c3111b200ac09d49127d08f1570668ae,DMS2,3,3,3,3,False,nearest_neighbor_best_start,last_service_stop_no_home_return,osrm_road_network,northeast,driving,4b14b6c8212cc1429a47a52ccd7caa69c4b5d6c6e16bbfce6a05666afccbebff,success,,12.3674,18.251666666666665,False,2.0,394.5959000266157
"Philadelphia, PA",2026-06-12,21ba7906e72b2204a6d8dec73ebff53ef608fc8e0621965017444fda819d5a0f,DMS,3,3,3,4,True,home_fixed_start,last_service_stop_no_home_return,osrm_road_network,northeast,driving,79ed350601882864bb96453c2491fe8dce6a7fd6f5ddb0377c466b6a70764933,success,,28.2457,36.52166666666667,False,2.0,408.3880999824032
"Philadelphia, PA",2026-06-12,30841fbd5c7593ad4abe7dc3a2bcc69d51bdc305d56a5b72829127498ee2f11c,DMS2,1,1,1,1,False,nearest_neighbor_best_start,last_service_stop_no_home_return,osrm_road_network,northeast,driving,2bf08f6aa2b6b490fcd1d91ae9209e87082cce4dc03aebdce3b5f0b7ede47019,success,,0.0,0.0,False,0.0,0.0
"Philadelphia, PA",2026-06-12,62aa640f0de26f2994c21fdbc769d3e22e8e49370af3febf162935761b1c66d8,DMS2,1,1,1,1,False,nearest_neighbor_best_start,last_service_stop_no_home_return,osrm_road_network,northeast,driving,cec8304cebc3086a6dc0aab31169e35dc7b60582eff33baf70c8408965557942,success,,0.0,0.0,False,0.0,0.0
"Philadelphia, PA",2026-06-12,8dcecf6a13c46548c621bf3a68beb624eee8834ddc68f2514c3aecca55e764b4,DMS,3,3,3,4,True,home_fixed_start,last_service_stop_no_home_return,osrm_road_network,northeast,driving,c361d480f9279a4f78b6aba53f26ce34652f597fcd3c97db8f013f52293ebd3b,success,,34.8258,51.75666666666667,False,2.0,437.1448999736458
"Philadelphia, PA",2026-06-12,aa63697a90061f0b7baf84c7e4807dcbaafbb7ff0528192c494045942be8506f,DMS2,6,6,6,6,False,nearest_neighbor_best_start,last_service_stop_no_home_return,osrm_road_network,northeast,driving,411cb42b1406af44be26abef1dd0ae8f356563f7c9a6caba075791251fdcd623,success,,145.4116,154.26833333333335,False,2.0,439.64490000507794
"Philadelphia, PA",2026-06-12,afb848df1e66decb1c757b55bd8a952f0747562d763bffd671bd632d1acb7b02,DMS,5,5,5,6,True,home_fixed_start,last_service_stop_no_home_return,osrm_road_network,northeast,driving,1255a6b571b79cab0358c8e9b32cbeced28b92a7527b74a32209e700428c111a,success,,155.43460000000002,188.80833333333334,False,2.0,454.36840000911616
"Philadelphia, PA",2026-06-12,d700a777cd422171f4fc728021e9605a87bd67b529c977b30cdaa71faec15e18,DMS2,1,1,1,1,False,nearest_neighbor_best_start,last_service_stop_no_home_return,osrm_road_network,northeast,driving,d792091dc4ee3d5ab8cadbe51a494e6f6437c1a17767debcb4c754e01ff54be7,success,,0.0,0.0,False,0.0,0.0
"Philadelphia, PA",2026-06-12,da144c9fa53b66f5ecb20a34811d75c18ca6d4c0c80856792738775696f23e79,DMS,5,5,5,6,True,home_fixed_start,last_service_stop_no_home_return,osrm_road_network,northeast,driving,c6272ee514872b5010dd9f5d946ca18883202ee73597b8806b84ea33a21a04a2,success,,57.348,78.39,False,2.0,427.45750001631677
"Philadelphia, PA",2026-06-12,e90714b72c9162567464fd4065f2946f8f55ba08c452aaea4523d5db3469347d,DMS,4,4,4,5,True,home_fixed_start,last_service_stop_no_home_return,osrm_road_network,northeast,driving,7b1d9e5fce9313cb391c167d063ac058efb878828fb9340cc60a77dff49d2a49,success,,56.8634,55.70333333333333,False,2.0,414.1141999862157
"Philadelphia, PA",2026-06-15,010c85530fae166b6aca3fc0f3df03726bf0a301601a9cc5cf730a46fd628b96,ASC,4,4,4,4,False,nearest_neighbor_best_start,last_service_stop_no_home_return,osrm_road_network,northeast,driving,6c25b7812091d591d651791b10b3fa7f7e12a0243cd2a618776b0228ef4c8850,success,,98.1532,117.325,False,2.0,416.83550001471303
"Philadelphia, PA",2026-06-15,074790c1f891368d17a0b4b1972412111384dc6f9805b06f223fa03c5548b0f4,DMS2,5,5,5,5,False,nearest_neighbor_best_start,last_service_stop_no_home_return,osrm_road_network,northeast,driving,0893bcf901acb8ad7af3dd75aad4d79acea23d797a602d9a43394828f040a19c,success,,70.56939999999999,95.64,False,2.0,422.14869998861104
"Philadelphia, PA",2026-06-15,0831493c5bb405d8daef626a239d34275472fbacddbe718c0cab40522981f6b7,DMS2,2,2,2,2,False,nearest_neighbor_best_start,last_service_stop_no_home_return,osrm_road_network,northeast,driving,79bde957f10d8dc86ad285a3e13059fb22016345316d5178c1381d1951e1c204,success,,15.322,18.993333333333332,False,2.0,408.127600006992
"Philadelphia, PA",2026-06-15,170e9858653e70e8d0ebd52a9f095721c664cb57a18e96b874d156723b80a41b,DMS,2,2,2,3,True,home_fixed_start,last_service_stop_no_home_return,osrm_road_network,northeast,driving,6a596b3a756a3c568b6f10964e0469baf56b50bd4d8df70c545cceca257e959f,success,,40.3204,54.99666666666667,False,2.0,397.23819997743703
"Philadelphia, PA",2026-06-15,280200eb49b14a058f18b9a0ff9a2ca24a054e0fc8c617264b3251eb7775d1d4,DMS,3,3,3,3,False,nearest_neighbor_best_start,last_service_stop_no_home_return,osrm_road_network,northeast,driving,e60466c9aa7970a782b011b4f31944132471e3c6ce309647da41f103951a4f1b,success,,22.573,29.423333333333336,False,2.0,415.7135000277776
"Philadelphia, PA",2026-06-15,287406a9ae4028f4b39d4bff4b909b167d7108abcba1478ea507e747ff572b31,DMS2,3,3,3,3,False,nearest_neighbor_best_start,last_service_stop_no_home_return,osrm_road_network,northeast,driving,9f9bca89336fa13f92537dd8f9aa7650d81b2584619721c56a38dc65777b30db,success,,99.3695,104.11166666666666,False,2.0,408.05500000715256
"Philadelphia, PA",2026-06-15,2d93c0be594ac545d3395736725da73f4da8c154036a7a7daf0595ece73de413,DMS,1,1,1,2,True,home_fixed_start,last_service_stop_no_home_return,osrm_road_network,northeast,driving,5f750700f1aafbc3ca32d78aa9cc900aa5dae40707b76d263148322cc29e13c4,success,,36.182300000000005,30.595000000000002,False,2.0,403.8775999797508
"Philadelphia, PA",2026-06-15,3fb86edcd1ce4addc97ed6b0d783fd08368acb9d5019026007655825a2bf0c25,DMS2,9,9,9,9,False,nearest_neighbor_best_start,last_service_stop_no_home_return,osrm_road_network,northeast,driving,3298aefe4fedceb661d47a5819617312289782c9b8738e2f7177f14b227e7411,success,,133.4366,177.70166666666668,False,2.0,447.6468999928329
"Philadelphia, PA",2026-06-15,51ee605e49c2dd0073619dff679ab96cb44ea325cb5e8e8c93f91c23b1af8435,DMS,5,5,4,5,True,home_fixed_start,last_service_stop_no_home_return,osrm_road_network,northeast,driving,0a50b11f2d512f7677db358e8ffdccb6b1c5190bd0603e720c94d80438fe796f,success,,54.375099999999996,73.54833333333333,False,2.0,416.72180002206005
"Philadelphia, PA",2026-06-15,6938bf1e1a08d1f70a532c0c19e9194487edeebb8f026e80af837336c34ce2aa,DMS2,2,2,2,2,False,nearest_neighbor_best_start,last_service_stop_no_home_return,osrm_road_network,northeast,driving,847d5aaa9a0f19388d0b1c63729344fe4a290649dcab2561a710cd5d9332f6ea,success,,1055.8536000000001,834.9866666666666,False,2.0,440.5382000259124
"Philadelphia, PA",2026-06-15,7eac3c1a22ed20ac4516a0adf2d31e71f7a2e35ee93d8057f0289fa02d98bf99,DMS,2,2,2,3,True,home_fixed_start,last_service_stop_no_home_return,osrm_road_network,northeast,driving,968b9a36fcc0203c126cc31719de9e13dea0c4f1b969a36108cc7d1cd5bfeeb8,success,,55.1719,67.59833333333333,False,2.0,406.01730000344105
"Philadelphia, PA",2026-06-15,a119e5625240d781497770594622c9536b22393fc69240a8379df27341aff9aa,DMS2,2,2,2,2,False,nearest_neighbor_best_start,last_service_stop_no_home_return,osrm_road_network,northeast,driving,0e357985a015e94f12ceaba3899d1a1933b9da5e69b228a7a3a338d5d8716f6e,success,,21.8948,31.163333333333334,False,2.0,406.4797000028193
"Philadelphia, PA",2026-06-15,c0afae1099fd011ae8bbc567cd6cbb3d151bc129ae8fde9130290884ea0e155b,DMS,2,2,2,2,False,nearest_neighbor_best_start,last_service_stop_no_home_return,osrm_road_network,northeast,driving,5c9d69ac1ec9b020c35f81b0da71a2d2408640b1aab872cd1c3dffdbfad7b6a0,success,,3.2448,5.864999999999999,False,2.0,410.92540000681765
"Philadelphia, PA",2026-06-16,0d96b2d7ac1ad9a786c48c336f27344ee3d5451e194a76d6ef52d67fc12e26a9,DMS,5,5,5,6,True,home_fixed_start,last_service_stop_no_home_return,osrm_road_network,northeast,driving,8ed1034ff12e5584dcd6743824a0c285671a71b096d4a8faac1eb00ffd7d6dcd,success,,89.0335,103.43,False,2.0,426.0462000092957
"Philadelphia, PA",2026-06-16,5afcb0fd84bbfe3231325c68c0b3af67fcc8aba3671bef070a9621b9301eb3e3,DMS2,2,2,2,2,False,nearest_neighbor_best_start,last_service_stop_no_home_return,osrm_road_network,northeast,driving,9629d5d8ce6fdbb06c0e84378f20a44ae15f8242198ab9cf1d37b3b91ce6e7d0,success,,15.154200000000001,24.373333333333335,False,2.0,400.41800000471994
"Philadelphia, PA",2026-06-16,7a086f09d72b811313a95b3f857fc459874d8267ac1c4ec781ac66ef951ff809,DMS2,3,3,3,3,False,nearest_neighbor_best_start,last_service_stop_no_home_return,osrm_road_network,northeast,driving,4fdb567d6da4ff0933cf05da45bf5daeb549032c61c7c91d9b1ccdc575cedc12,success,,112.4026,122.485,False,2.0,409.04880000744015
"Philadelphia, PA",2026-06-16,8918b433b1eed91af8aeeee10957eaeb700526de277a3a20099046e0d7b41376,DMS,2,2,2,2,False,nearest_neighbor_best_start,last_service_stop_no_home_return,osrm_road_network,northeast,driving,f9d54853f1f1853aaff6a6779a1c8d619267a77c9ac150b1d86af83a2afb249b,success,,12.844299999999999,16.503333333333334,False,2.0,400.1188999682199
"Philadelphia, PA",2026-06-16,99e6009f8b16b906a9ae2cc419e41e294fda2843bffe4b599ef0c10ed01b5c05,DMS2,2,2,2,2,False,nearest_neighbor_best_start,last_service_stop_no_home_return,osrm_road_network,northeast,driving,48573d822e61d647d59807b72c737f3ba73c5d188739fae9a258dfee42d1dd34,success,,8.0007,11.943333333333333,False,2.0,394.903400039766
"Philadelphia, PA",2026-06-16,a355d9b507d0a13b52b3136b87dd3eca6c0742fe4d6bab300a41cee4017706ce,ASC,2,2,2,2,False,nearest_neighbor_best_start,last_service_stop_no_home_return,osrm_road_network,northeast,driving,e7411ee0d0f1ed81284c57ca5e31a8a09c878b1936027513f0e640f7c2c28462,success,,50.081,50.7,False,2.0,399.29989996016957
"Philadelphia, PA",2026-06-16,bf63e3da496b8bc67e0c9b7792537b059ec13e56e97af2052faeca90afd907c9,DMS2,3,3,3,3,False,nearest_neighbor_best_start,last_service_stop_no_home_return,osrm_road_network,northeast,driving,36d3a6a2a88f5919308aec90d6ad05c5dec4968a9ffb0f75a9a67969597d1ec7,success,,19.2607,27.895,False,2.0,405.4370999801904
"Philadelphia, PA",2026-06-16,c422d00822e6b3fccd6829e0486b34abe054bb72fb4a4c7bff74213ca95f60b1,DMS,2,2,2,3,True,home_fixed_start,last_service_stop_no_home_return,osrm_road_network,northeast,driving,9c4e8ae1fd8e0bf35a245aa89d9271c59b26b1b0c6a316a6feed190ddb49d3bf,success,,94.25760000000001,110.67,False,2.0,399.51560003100894
"Philadelphia, PA",2026-06-16,ce482923fe346769a3b53c0e9938a18b157f52a6af85d8703abf7c436a1ebb1e,DMS,5,5,5,6,True,home_fixed_start,last_service_stop_no_home_return,osrm_road_network,northeast,driving,df89e18684a05ea32a4157605ea4bdaa6ec4589b0e9ba12002a6a7514369c21b,success,,33.5492,50.67833333333333,False,2.0,422.3807999806013
"Philadelphia, PA",2026-06-16,f6e7e1aeb72f0b81496674850aa8cd910d9cf42522466178991a916e0c28c5ed,DMS,5,5,5,5,False,nearest_neighbor_best_start,last_service_stop_no_home_return,osrm_road_network,northeast,driving,9743340958bd5fdf746a1f85c881dac9b4ec027d24693466b02dab86303d6f84,success,,65.5788,73.52333333333333,False,2.0,416.35119999409653
"Philadelphia, PA",2026-06-17,3ab694d0ff0df7e9e6e3ca7bcdc2a04f1554c894d7de1b0fd14e416b263d6a6b,DMS2,8,8,8,8,False,nearest_neighbor_best_start,last_service_stop_no_home_return,osrm_road_network,northeast,driving,d633b450732d122fbab4dd6b6f6b38310dd3eb54b1b309f1765a599fdd8c0c70,success,,169.2545,210.48,False,2.0,450.1338999834843
"Philadelphia, PA",2026-06-17,3d77fd56238534102e7b3e6d8e3ea74d58f71dc5fe3887f8350ccc73a9e90614,DMS2,4,4,4,4,False,nearest_neighbor_best_start,last_service_stop_no_home_return,osrm_road_network,northeast,driving,e916b2ea92e887c05d6a3297d8d11cb7bf81b907859ccc1f11afa2b85919f411,success,,72.6164,92.98333333333333,False,2.0,423.5165000136476
"Philadelphia, PA",2026-06-17,5bd98c30cf2297270293895e5b7ca24102b14e8e20988b18393288ea0d2efe75,DMS,2,2,2,3,True,home_fixed_start,last_service_stop_no_home_return,osrm_road_network,northeast,driving,0761193decbeda1327a4e00c8c24abefd640be47cd318ce4ca86a37c3c77d4f1,success,,57.1502,58.18333333333333,False,2.0,413.043500011554
"Philadelphia, PA",2026-06-17,64a17456db75e944a44027711a952223f1f950559b08f36d8dea15b5685abe32,DMS,5,5,5,5,False,nearest_neighbor_best_start,last_service_stop_no_home_return,osrm_road_network,northeast,driving,ba6ba228f35d1cbd624ad3517947f112e0551f31e3bf308a6d817d521a38422c,success,,34.1214,54.263333333333335,False,2.0,422.5563000072725
"Philadelphia, PA",2026-06-17,a9b6ee969af59368f15518a502df927d9ff88bf684872c0e663f54fa990a9fcb,DMS,5,5,5,6,True,home_fixed_start,last_service_stop_no_home_return,osrm_road_network,northeast,driving,84ee82a54de17f9433df4fff09a0cb9b97e29c9c153a20f19c3921bfb68cb823,success,,44.4482,69.02833333333334,False,2.0,424.6207999822218
"Philadelphia, PA",2026-06-17,b34914af0a69fc3aa5272148bdcb12f97e95d78e8bf1fb31b96b6cca7d504e4e,DMS2,1,1,1,1,False,nearest_neighbor_best_start,last_service_stop_no_home_return,osrm_road_network,northeast,driving,367e7ff8467f31aebd592d745df6cef1bd5a43e1dc07d0ebe2ea7994bbc3eabd,success,,0.0,0.0,False,0.0,0.0
"Philadelphia, PA",2026-06-17,da09708185f668ef5a2c6f2cf95bf976b5f105dc4372375835a65d772bbd60d1,DMS,1,1,1,2,True,home_fixed_start,last_service_stop_no_home_return,osrm_road_network,northeast,driving,e75aa033f892018e8708c4f48f1c47618e8d2506bb449fe75c61f62edd077630,success,,25.3019,22.645,False,2.0,399.4171000085771
"Philadelphia, PA",2026-06-17,e77a5aaa46ca0ad6f5db48be25a393f77088efb922d511a1f1dca9a5bcd794bc,DMS2,2,2,2,2,False,nearest_neighbor_best_start,last_service_stop_no_home_return,osrm_road_network,northeast,driving,66be543f92abe0d05425a40388a306d2b5b113a41d7c4433aa9e302ab828d8df,success,,7.176,11.466666666666667,False,2.0,396.7290000000503
"Philadelphia, PA",2026-06-17,f533367e1347c58ee0e80e60ba80af0783f1df50eebed314ed568310df4a2edc,DMS2,1,1,1,1,False,nearest_neighbor_best_start,last_service_stop_no_home_return,osrm_road_network,northeast,driving,6e275664af8491e016f3296ddc9905c67b3841bc51e7c9d209f3bb6535f0b537,success,,0.0,0.0,False,0.0,0.0
"Philadelphia, PA",2026-06-17,f71844bf7b8b112ae3d0ea0755c4eec36b4c45d407720ea4bbeb0fff972294a7,DMS,3,3,3,3,False,nearest_neighbor_best_start,last_service_stop_no_home_return,osrm_road_network,northeast,driving,0e9dd51f8eccbc31475fbc3e658043f7e255118b160651f91c8a586e901de438,success,,22.2939,29.941666666666666,False,2.0,396.9486000132747
"Philadelphia, PA",2026-06-17,fcfea9e27e78caac4da24dbe64146fd3e32e2dc6c3354305f2f946236fbe7642,DMS,3,3,3,4,True,home_fixed_start,last_service_stop_no_home_return,osrm_road_network,northeast,driving,35b7177982923c58d50c2022da8bf7da47ae3f4f599cc9f25ff186875bc9e87c,success,,155.43460000000002,188.80833333333334,False,2.0,426.07489999500103
"Philadelphia, PA",2026-06-18,176eed25e3b7ca1998088bf6d669f1450a81acd9bee49a810b331a3639001e56,DMS,3,3,3,3,False,nearest_neighbor_best_start,last_service_stop_no_home_return,osrm_road_network,northeast,driving,c1dcae8b613daffc039839530da9d4181c38bd2b71dbff1fcf1218efa5e578bd,success,,17.4116,28.826666666666664,False,2.0,405.9675000025891
"Philadelphia, PA",2026-06-18,18c8d9f0b6a8815d7627c9adf6c40601536b63a933b4d786f8880fbaaa5461c8,DMS2,2,2,2,2,False,nearest_neighbor_best_start,last_service_stop_no_home_return,osrm_road_network,northeast,driving,98f030e3c7f68686343e4888cea944fecee75d246b34ed059b04fc3d2a5f27d7,success,,9.4474,9.26,False,2.0,396.96499999263324
"Philadelphia, PA",2026-06-18,266fadf32b5690b93790cf858c50adffe01793eb7cca1fc212d6dcf78a3b92a9,DMS,3,3,3,4,True,home_fixed_start,last_service_stop_no_home_return,osrm_road_network,northeast,driving,255ea74c0628397050d635cf334fd8052d9e858af2b67ab11bf9d500fa374578,success,,75.4958,89.40833333333333,False,2.0,412.88159997202456
"Philadelphia, PA",2026-06-18,38fdb8f5f7aee0263693caa560e6872106c640028d51ced7d1b82e7a8656f5c1,DMS,4,4,4,4,False,nearest_neighbor_best_start,last_service_stop_no_home_return,osrm_road_network,northeast,driving,3f92fd4a6a281b62fe872c8b24c5c74e954fbbc23dea5fc623f1438e74e35195,success,,56.833,65.315,False,2.0,412.07210000720806
"Philadelphia, PA",2026-06-18,4730b9351deb0a4fc692d681a1b502987ae10c197fa3c69826b69a3717a2d5ab,DMS,1,1,1,2,True,home_fixed_start,last_service_stop_no_home_return,osrm_road_network,northeast,driving,d1abcda0f0ac680ccf8c20c092eee1b4b06028b1791f49e806735b9611195eee,success,,42.5725,43.123333333333335,False,2.0,404.05129999271594
"Philadelphia, PA",2026-06-18,7590f6a156eb2cfd4e1ce40514a2771c16e2a89157f33800953421007d350fdb,DMS,4,4,4,5,True,home_fixed_start,last_service_stop_no_home_return,osrm_road_network,northeast,driving,5a0ddb69a8a527735a424dd6f430c449d6428f86759dce4b90e1f4b74a6310f1,success,,59.261,64.23666666666666,False,2.0,410.7615000102669
"Philadelphia, PA",2026-06-18,a675fb9c88e0502b3bc273783bdcdca2a8ffcf492d9637723017c215f680b2af,DMS2,2,2,2,2,False,nearest_neighbor_best_start,last_service_stop_no_home_return,osrm_road_network,northeast,driving,8cd2630cd65bcdeec4ba74e3d94194c0a84919d88e3567393ce6a7ef2c0e897e,success,,28.9463,34.65,False,2.0,396.51880000019446
"Philadelphia, PA",2026-06-18,a6bc67995888b77af5fece0313f26c9ae662f92e38e96e627a4298cbeb9b7b67,DMS,4,4,4,5,True,home_fixed_start,last_service_stop_no_home_return,osrm_road_network,northeast,driving,a616b820841382061c864a55637a966680118d3b206459b260ac0f508cdd2ecc,success,,163.8477,204.85,False,2.0,424.76940000778995
"Philadelphia, PA",2026-06-18,ce3b9f364d3bf1ae31c8f45ba3fdaabada0a54d946274f782b090972976ea08c,DMS2,2,2,2,2,False,nearest_neighbor_best_start,last_service_stop_no_home_return,osrm_road_network,northeast,driving,dcbbc9ec0d476b0bf06763239019fc0114118c3a664481655a9df545f8472c1c,success,,25.9713,36.48833333333334,False,2.0,410.2333000046201
"Philadelphia, PA",2026-06-18,eadb4ccc46e65c47d0dd3d4e948ed2339860f8a59db76541aa628a7501351a6b,DMS2,9,9,8,8,False,nearest_neighbor_best_start,last_service_stop_no_home_return,osrm_road_network,northeast,driving,85f1942eff98cea80565c9e112d634ee24f9a325379e54c8be557e4b1e4acaee,success,,167.18470000000002,188.38500000000002,False,2.0,445.47229999443516
"Philadelphia, PA",2026-06-19,0c92ad87d855e1b0b3e731ff0a27bd8ec1e3169749c47dd39f574dd4031e57e1,DMS2,2,2,2,2,False,nearest_neighbor_best_start,last_service_stop_no_home_return,osrm_road_network,northeast,driving,26c4b4c1c0a319dc5eb399ce760e433e4567cb0d1dfa86894590760d9868537a,success,,8.0602,14.504999999999999,False,2.0,400.14730000984855
"Philadelphia, PA",2026-06-19,281e8b80931c621120fbba3c58d5a3470d30aebf1b22477369e76ab1a8ad563f,DMS,1,1,1,2,True,home_fixed_start,last_service_stop_no_home_return,osrm_road_network,northeast,driving,e72183e39df6bd095b8e04b8b3b7843a68728c93ff4fc1020a437d74b9f4235b,success,,34.7094,35.58833333333334,False,2.0,397.1096999885049
"Philadelphia, PA",2026-06-19,42c4c951fc5ce05b285d42d6cfbed5dec550400531ee37f50a14c26cdd96c8d5,DMS2,1,1,1,1,False,nearest_neighbor_best_start,last_service_stop_no_home_return,osrm_road_network,northeast,driving,c8d1cb67d3e7c2438c15796a47da6cecd5ac6374643f69b85009b12c3c0f4c2e,success,,0.0,0.0,False,0.0,0.0
"Philadelphia, PA",2026-06-19,6a16f7ade30b7326a8f76ef068788f5962dde3a77f5ee66458299c7d65396e26,DMS,1,1,1,1,False,nearest_neighbor_best_start,last_service_stop_no_home_return,osrm_road_network,northeast,driving,483eb1b78d1d80dec1274c774693ced1f0aca27b53e31e4876edaa595c16b2db,success,,0.0,0.0,False,0.0,0.0
"Philadelphia, PA",2026-06-19,6b3b6532f5576e1aafab0872a1c92453b0417b34668681fc9191f0b35549ce9d,DMS2,3,3,3,3,False,nearest_neighbor_best_start,last_service_stop_no_home_return,osrm_road_network,northeast,driving,4957a01b217a8dcf62c882a0331f660d8adf4f45b692c03c982c54b6c543fd0e,success,,82.54469999999999,96.955,False,2.0,408.825100021204
"Philadelphia, PA",2026-06-19,afefdde02e7292a715686b686ec48f14fdf344c62a10c46148592b184491fbbd,DMS,5,5,4,4,False,nearest_neighbor_best_start,last_service_stop_no_home_return,osrm_road_network,northeast,driving,a9a5aab8c329887b673e5ef17345adba44cba1d2c0978a1313c5ee8517d31e15,success,,36.1652,57.49166666666667,False,2.0,415.02030001720414
"Philadelphia, PA",2026-06-19,c691cd0db9591dd12196cc8d49395f08867f21397a8e865c0367c0605b54529c,ASC,2,2,2,2,False,nearest_neighbor_best_start,last_service_stop_no_home_return,osrm_road_network,northeast,driving,d81da90903f11af4ed7f4dae096366ccbed520e567d761cef84ae6307806f4a7,success,,35.4673,36.623333333333335,False,2.0,408.0178999865893
"Philadelphia, PA",2026-06-19,ce7eecc5ee3743fade2f3dafa4066ebc19a4daeee3426db1db0610a15057d909,DMS2,9,9,9,9,False,nearest_neighbor_best_start,last_service_stop_no_home_return,osrm_road_network,northeast,driving,5c2483cca2c31e327fce0ab7ccb750f1529b02e25e004304ba1106908331da3a,success,,143.5546,175.25833333333333,False,2.0,450.3481000137981
"Philadelphia, PA",2026-06-19,e3901d642924ebed00d178ef215c6825d773c790fff7bff34e7a5bfb7f71bfaf,DMS,1,1,1,2,True,home_fixed_start,last_service_stop_no_home_return,osrm_road_network,northeast,driving,0c0fe34c886d69518c83212ed7360abfe6ff4582af77f070084a810ce1192e15,success,,31.0415,26.783333333333335,False,2.0,403.22760000708513
"Philadelphia, PA",2026-06-19,e48d8c474d61e198453000969d161e6e03d9ec4713268dc6364b843827afe9d1,DMS,3,3,3,4,True,home_fixed_start,last_service_stop_no_home_return,osrm_road_network,northeast,driving,7c4ff707a0549b086bd433bf1166d11eeefc901882e86ad294ece2d61c960e96,success,,101.76480000000001,121.18333333333334,False,2.0,410.4848999995738
"Philadelphia, PA",2026-06-19,f5bd3b7491da85515e832391d2a624319daa2ffdc59097ff9096a0d6ee51bd4c,DMS2,4,4,4,4,False,nearest_neighbor_best_start,last_service_stop_no_home_return,osrm_road_network,northeast,driving,12e2ce5045ad611c01f6121a445f1bea47184a76e10912cad8d6ec97079c9ecf,success,,35.572300000000006,45.913333333333334,False,2.0,410.22890000022016
"Philadelphia, PA",2026-06-19,f7425750db7741327f152fef4a0bf465e62488d44652ad38898c6e7fb53d35cc,DMS,4,4,4,5,True,home_fixed_start,last_service_stop_no_home_return,osrm_road_network,northeast,driving,7acad1546c380c141679969da6d388118c0e7f66be666e86bb9ce8a783baa5c7,success,,56.6199,81.95,False,2.0,421.47450003540143
"Philadelphia, PA",2026-06-22,055adf0d10756ee07e2ca3f52408d40ba2e11ed375969d675863dbda33797a35,DMS,2,2,2,2,False,nearest_neighbor_best_start,last_service_stop_no_home_return,osrm_road_network,northeast,driving,076a26d8df258fabeb9230aa717ea8406c923883a9b895da415dc78776f0cd74,success,,10.3844,15.995000000000001,False,2.0,403.8748000166379
"Philadelphia, PA",2026-06-22,1251e84cb407bfc82b7889ff5e52a3b07227209b82ad7e15ab3dc794f12bedb0,DMS2,7,7,7,7,False,nearest_neighbor_best_start,last_service_stop_no_home_return,osrm_road_network,northeast,driving,811273ab722dae4cf7c5f545ed8910a35e9abace110b44fa24858c9267163021,success,,171.16410000000002,198.05166666666668,False,2.0,438.7942000175826
"Philadelphia, PA",2026-06-22,1de5143e36819aef3ba7d1139274be16f01e23d83f22600859d25c18a4ae28dd,DMS2,2,2,2,2,False,nearest_neighbor_best_start,last_service_stop_no_home_return,osrm_road_network,northeast,driving,c32f3c7aa04697e072ca5aed6fcc23eed0678f52236b433da8a05f992166252c,success,,19.2988,26.676666666666666,False,2.0,404.685099987546
"Philadelphia, PA",2026-06-22,3ca9c9101042db396afd3450a4886c4f7e36537f495e7a9e0f80a94314da2401,ASC,4,4,4,4,False,nearest_neighbor_best_start,last_service_stop_no_home_return,osrm_road_network,northeast,driving,8d2edce6b89d8ee987314a6dd84253e1a0c8c4eb865371ea4a474071be61ba8b,success,,140.9741,163.14333333333335,False,2.0,412.6720999774989
"Philadelphia, PA",2026-06-22,5e6801e7feed4e1c16a9e4e6924d89b1c691769d7a04df2314157c0574108de9,DMS,3,3,3,4,True,home_fixed_start,last_service_stop_no_home_return,osrm_road_network,northeast,driving,93969f6e043ccab16ae9eb799afcd14702cd4d7aa4671265822cec394aa40526,success,,144.6947,178.14166666666668,False,2.0,410.45819999999367
"Philadelphia, PA",2026-06-22,b639a54c8c41f1455baad934dbaaca6f87cdc8e6aa5f56dd48edda67920fd913,DMS,5,5,5,5,False,nearest_neighbor_best_start,last_service_stop_no_home_return,osrm_road_network,northeast,driving,58ab385ce2d45105a00849a6592cd4e0fbf5aa58843a4be9b80d9f43973342bb,success,,49.5778,64.6,False,2.0,409.49360001832247
"Philadelphia, PA",2026-06-22,ba1c06f8bb8981c1c6997423a045764d029974f22f860a9967d06d21674fcb08,DMS,2,2,2,3,True,home_fixed_start,last_service_stop_no_home_return,osrm_road_network,northeast,driving,7253eaf2a483b8465d7be1c3c8df374c9fb0492ad82b480ffb4feea1ce7cd67b,success,,54.662099999999995,70.38666666666667,False,2.0,406.36839997023344
"Philadelphia, PA",2026-06-22,cf1841718e7da6d639e83726e25c23f238314f364e85dcdddc0e0e1fa6d1d1bd,DMS,3,3,3,4,True,home_fixed_start,last_service_stop_no_home_return,osrm_road_network,northeast,driving,6733182771e10e166fddfd54950acd8e417502ffdba3975b93ca3e1faa6c347f,success,,39.1095,58.42333333333333,False,2.0,414.24330000882037
"Philadelphia, PA",2026-06-22,d4719e3133d407647b496f2761e2180b3182a359e8e7e239f749445b4726e51f,DMS2,1,1,1,1,False,nearest_neighbor_best_start,last_service_stop_no_home_return,osrm_road_network,northeast,driving,c8bac0deda9e25792527fa548d36e4b96536ef8165b42a6d3975fe3396db2c5e,success,,0.0,0.0,False,0.0,0.0
"Philadelphia, PA",2026-06-22,fbf944c5a22af4cf55a428f72a4433a7f8caeb4a5b2ee1a73a2ffc83688f86a1,DMS2,1,1,1,1,False,nearest_neighbor_best_start,last_service_stop_no_home_return,osrm_road_network,northeast,driving,5d8757b1562ec6b7f46c50d813188424e0e5bff502cee3c3bead99bc7ad30d51,success,,0.0,0.0,False,0.0,0.0
"Philadelphia, PA",2026-06-23,019eb5e887b6870b6024de9b296045f6ac390e198f997ad588a7c5a73de79b05,DMS,4,4,4,5,True,home_fixed_start,last_service_stop_no_home_return,osrm_road_network,northeast,driving,ae7b7a23efa352942be75841595fabacdbb457251cbd1802cc761d6bc615a927,success,,34.286,45.809999999999995,False,2.0,421.17870002402924
"Philadelphia, PA",2026-06-23,0307dd14061921776c53eb368133e1c3f5171633549a5239e22711bd21542658,DMS,4,4,4,5,True,home_fixed_start,last_service_stop_no_home_return,osrm_road_network,northeast,driving,cfc06bc828068bd7212276eda17b9e2221a9796b8b3f9cf10fce2d0f45eac6bc,success,,37.442,54.86833333333333,False,2.0,420.4801000014413
"Philadelphia, PA",2026-06-23,03b7f74bf54e8bf1b1c822f57a2ea3f70930697acba1aae327a3eaf850b11447,DMS,3,3,3,3,False,nearest_neighbor_best_start,last_service_stop_no_home_return,osrm_road_network,northeast,driving,b4c35caa8158eeabdbddb16447550095d519eceb783cb56c0316bf92e1ee5413,success,,21.297400000000003,36.358333333333334,False,2.0,408.83989998837933
"Philadelphia, PA",2026-06-23,1844318f116698fb9c21543778f7f23f90a8df0cef069ef06604cb61efb73d74,DMS,1,1,1,2,True,home_fixed_start,last_service_stop_no_home_return,osrm_road_network,northeast,driving,96d4199525d5db9fe92c4d54f62447efda7131c4d8bf0ea1dbe8ceffb375973f,success,,31.7465,25.221666666666668,False,2.0,405.1315000106115
"Philadelphia, PA",2026-06-23,2395d7be40bdf465a8b90a9357b307e50cd0c680c76bf02569ba47ed2043b12e,DMS2,5,5,5,5,False,nearest_neighbor_best_start,last_service_stop_no_home_return,osrm_road_network,northeast,driving,efb96fc2c36508dcfb64e3de1d90d798c7910d282b48b02146e9382b79581d54,success,,42.2726,61.623333333333335,False,2.0,418.1805000116583
"Philadelphia, PA",2026-06-23,23b31ab4d5d45c49ce3f5fe069a1fe6e0acec54600cbd61bc836e81d3820fa48,ASC,3,3,3,3,False,nearest_neighbor_best_start,last_service_stop_no_home_return,osrm_road_network,northeast,driving,0d6440400ce88627e06b13629f400220d5ea4845b5b3559a6b57858c1c80cfc6,failed,http_400_noroute,,,False,,
"Philadelphia, PA",2026-06-23,53a290c19ac3187b57b25c8a1ca3c90aa2f99f698e155c390353623d239c945e,DMS2,1,1,1,1,False,nearest_neighbor_best_start,last_service_stop_no_home_return,osrm_road_network,northeast,driving,50ae31d72d40ea6d9707fa74876f340627dc2612d468ff08847c8c49b0396291,success,,0.0,0.0,False,0.0,0.0
"Philadelphia, PA",2026-06-23,7bef50e783b50184e395310666199be04007b87056f2d011656a59004f1edb67,DMS,1,1,1,2,True,home_fixed_start,last_service_stop_no_home_return,osrm_road_network,northeast,driving,5fc04cc3b344798b872554b0742197daa685279149155b5fcc6eab6fd75b0f87,success,,59.5159,67.35166666666666,False,2.0,397.8888999845367
"Philadelphia, PA",2026-06-23,839596d101a3f7a7cc3d76f0bd479162e1a829ef92555a064432a6a92acb2f09,DMS2,3,3,3,3,False,nearest_neighbor_best_start,last_service_stop_no_home_return,osrm_road_network,northeast,driving,200a9822d6d1ace32cfe7712f622cdcb378eb9419be807d503d9143f39ae22a9,success,,18.1013,32.806666666666665,False,2.0,405.577900033677
"Philadelphia, PA",2026-06-23,b2fb3c4a565f1675e737c370fec18662a35fb396621e7c7a625c2d5a04060420,DMS,3,3,3,4,True,home_fixed_start,last_service_stop_no_home_return,osrm_road_network,northeast,driving,a689e95f02071c4af51f46222a240d757172a502535a09a70ac217bb6dbfb103,success,,62.237199999999994,68.35833333333333,False,2.0,423.3724999940023
"Philadelphia, PA",2026-06-23,e09b0d17ec94cb81593dd03c39fef69a5013c85ac495ab5a686d31c7a895c9af,DMS,4,4,4,4,False,nearest_neighbor_best_start,last_service_stop_no_home_return,osrm_road_network,northeast,driving,729056a4ab0cbb383689d5b7d5d2808d32579e2e751bd4ff2be7b5c4e1d1c611,success,,33.723,42.47,False,2.0,402.4446999828797
"Philadelphia, PA",2026-06-23,f9e757921efcce8891b06bde31a6aee189173adbd0dfe33d9cfade9be1226ada,DMS2,2,2,2,2,False,nearest_neighbor_best_start,last_service_stop_no_home_return,osrm_road_network,northeast,driving,54b986f7850dcc30eb8799f453fe6d342580e9033f874e7d9d5051c8bc1d022c,success,,22.8465,29.673333333333336,False,2.0,397.3067000042647
"Philadelphia, PA",2026-06-24,322210dd2ff9661876f1a87fea38b619de3debc3267a5d1daa73407ff96e71e8,DMS2,3,3,3,3,False,nearest_neighbor_best_start,last_service_stop_no_home_return,osrm_road_network,northeast,driving,0d2f8767c33437464f50bbdc19bce687ca2f93abf3fa9a999fe096e4c3181455,success,,35.2569,42.22,False,2.0,408.5285000037402
"Philadelphia, PA",2026-06-24,432b686cfbd65a1b025acabb7e7ce602bcf63d0ef6422b4792bf5bdedc4da2f5,DMS,3,3,3,4,True,home_fixed_start,last_service_stop_no_home_return,osrm_road_network,northeast,driving,6d39ab89e9771317cf82774e7f68e94134554c410189bfe0e56a8239d39c7135,success,,44.0719,63.68,False,2.0,412.73879999062046
"Philadelphia, PA",2026-06-24,44448e17690d2754228c5de6ed61141268c099855157ae8eb2378f1dcc6de25f,DMS,6,6,5,5,False,nearest_neighbor_best_start,last_service_stop_no_home_return,osrm_road_network,northeast,driving,fd792c42b68dc688328632528ffb04c7c428ff3b54f5e5d6c82b3820519c9f16,success,,46.4805,62.181666666666665,False,2.0,414.32099998928607
"Philadelphia, PA",2026-06-24,46a415c6f3ea19ba8493f62b0656de14722f56f6ae646792b5b3f9de86bba058,DMS2,5,5,5,5,False,nearest_neighbor_best_start,last_service_stop_no_home_return,osrm_road_network,northeast,driving,357615ca905601461468b5dcf82962616f7950039f9988d1d80e9404fb4e1144,success,,129.9569,137.03333333333333,False,2.0,418.17870002705604
"Philadelphia, PA",2026-06-24,4a525a7b85fc760ebe01c73b4c53455edca89902faaad80c6a851e59f76b9c06,ASC,3,3,3,3,False,nearest_neighbor_best_start,last_service_stop_no_home_return,osrm_road_network,northeast,driving,8b9c706bcfe8e4904a00b12b37b4ff638119b9b7088f59864a7ff2f69310d552,success,,46.8305,46.58833333333334,False,2.0,401.3095999835059
"Philadelphia, PA",2026-06-24,6927c69a303c4fbf814bb05e52fa4f7501e5e6354f4486ae89ff862200476853,DMS2,1,1,1,1,False,nearest_neighbor_best_start,last_service_stop_no_home_return,osrm_road_network,northeast,driving,1aa9085f39b92920ae993f4489115795642221cc2a56a6299de9dc52b244010e,success,,0.0,0.0,False,0.0,0.0
"Philadelphia, PA",2026-06-24,83eec13687a1456d4f9b7a5998709b622ef024f06e5c2c69bc2d29072520bcfc,DMS,3,3,3,3,False,nearest_neighbor_best_start,last_service_stop_no_home_return,osrm_road_network,northeast,driving,cf482a8e5785631d9808ad7202c79309f3caddc2f6faece4559270e9ff3a1d45,success,,17.131400000000003,29.766666666666666,False,2.0,411.41619998961687
"Philadelphia, PA",2026-06-24,d4910c18f14e6c801ee45f73632b900847d0bc781994c18ba8598ac22a28ed6b,DMS,2,2,2,3,True,home_fixed_start,last_service_stop_no_home_return,osrm_road_network,northeast,driving,f2251a4b1f57dbf18c6f4d9a22feba5179eada6f90513fe6719278f47e108bd1,success,,37.3407,44.958333333333336,False,2.0,405.4922000213992
"Philadelphia, PA",2026-06-24,f96706a5d925535d5e8016288938d661e08176760087df456d737ac2e3327aed,DMS,3,3,3,4,True,home_fixed_start,last_service_stop_no_home_return,osrm_road_network,northeast,driving,9965f46c498a29d50aeb8991777d8168d386c88cb7ef6e64c311b8e11782f61c,success,,46.1594,63.845,False,2.0,410.77869999571703
"Philadelphia, PA",2026-06-25,0f67cd986de085196decd2764439136a2a91844e21f92b70cb384d958a2ca493,ASC,1,1,1,1,False,nearest_neighbor_best_start,last_service_stop_no_home_return,osrm_road_network,northeast,driving,4ce9901cb47431b65158ef95f4d8ec4e4ca753b87ea072793c939d3e913f8d08,success,,0.0,0.0,False,0.0,0.0
"Philadelphia, PA",2026-06-25,1149cccee653ab6bece7b8cc92c46366d8f861af2cc92619ec4038f7a3574562,DMS,5,5,5,6,True,home_fixed_start,last_service_stop_no_home_return,osrm_road_network,northeast,driving,ee5f8ce052a7d6288ce2e20ba7578ca062d1e13ed8946382dfc3da5c19c5a507,success,,161.407,199.86333333333332,False,2.0,418.01089997170493
"Philadelphia, PA",2026-06-25,33917142d707801c0a774b2368f566c93af840494b99547be052d88d13d3b153,DMS2,1,1,1,1,False,nearest_neighbor_best_start,last_service_stop_no_home_return,osrm_road_network,northeast,driving,dc23440f878cad05db93393fccf893868242564760e7f6271397c56b52dfa646,success,,0.0,0.0,False,0.0,0.0
"Philadelphia, PA",2026-06-25,3953d28021537c783d1709bab39a3a63d55233dbb717821dc5547e815c6fbc2b,DMS,1,1,1,2,True,home_fixed_start,last_service_stop_no_home_return,osrm_road_network,northeast,driving,7879ced6613c159dd905ec769c90cb9f923a362f8144aa4cb7ad3c15dc93f563,success,,26.736900000000002,40.141666666666666,False,2.0,404.2920999927446
"Philadelphia, PA",2026-06-25,5238953ccd7e81e6fef203d69d246b00534e3cbc281691715c1fed8618256448,DMS,2,2,2,3,True,home_fixed_start,last_service_stop_no_home_return,osrm_road_network,northeast,driving,21247388d8b9ae507fcda78a19d6eb9813678f87c5fa7929b6916bd1ecad17c2,success,,19.1843,26.698333333333334,False,2.0,401.9753999891691
"Philadelphia, PA",2026-06-25,5db0bc3429e22386ff09c258f85d30f66b6514ff54436c6762e7fdb5f4ed7541,DMS,4,4,4,4,False,nearest_neighbor_best_start,last_service_stop_no_home_return,osrm_road_network,northeast,driving,47599a54425b46f7002fe566ca4f80894b08c76daa57610581971f82a50b8057,success,,40.1579,51.74666666666667,False,2.0,401.5745000215247
"Philadelphia, PA",2026-06-25,6a64ee329c913fcdd67b58985f07649b992b86b101a7c0801ef647db855429bd,DMS2,3,3,3,3,False,nearest_neighbor_best_start,last_service_stop_no_home_return,osrm_road_network,northeast,driving,e7a2c9347be76e93b5e364937fa5f4e493b32379891c718894c9afcd5308c0c1,success,,21.3201,33.44833333333334,False,2.0,404.94579999358393
"Philadelphia, PA",2026-06-25,88eb3bc5521e4398e787c84db2eb16e46b8fa5982a687468af19bd8c1081395a,DMS2,4,4,4,4,False,nearest_neighbor_best_start,last_service_stop_no_home_return,osrm_road_network,northeast,driving,8ed43d44716dbd322dfb462edf626935ea9747d6e4aacb2d450b51cd4aa5411e,success,,61.802699999999994,72.4,False,2.0,411.91249998519197
"Philadelphia, PA",2026-06-25,8fff45c1be4f45972f55040437e663931942a0ed25a02334fbe42e83961253be,DMS,4,4,4,5,True,home_fixed_start,last_service_stop_no_home_return,osrm_road_network,northeast,driving,124c22ec2492a0fe20234c64ceea6ae7e14b56989703d85f29c61f162a6c02c7,success,,26.7513,38.79,False,2.0,413.1516999914311
"Philadelphia, PA",2026-06-25,9c466a58118c87507ad5e21e59b0afc3ef929148e5c05a4eaca05fddcb53b6bd,DMS2,1,1,1,1,False,nearest_neighbor_best_start,last_service_stop_no_home_return,osrm_road_network,northeast,driving,6d83963c52833f5219cbc646f334a22d7fd3fb43fac8aa260d93ad65981c84ff,success,,0.0,0.0,False,0.0,0.0
"Philadelphia, PA",2026-06-25,eaea580c2c708543a7cde5a6990ec61b979bfd1fe7de6c1377d899a045c0ef9d,DMS2,1,1,1,1,False,nearest_neighbor_best_start,last_service_stop_no_home_return,osrm_road_network,northeast,driving,db6a042b1dd7ee92de310b99f6ae59260b9ae4e2959b3594cc5afaca14806048,success,,0.0,0.0,False,0.0,0.0
"Philadelphia, PA",2026-06-25,f71a84af4ccda259196380d20bfc1e045c2219a4cd286dc63d827cfca0b9821d,DMS,3,3,3,3,False,nearest_neighbor_best_start,last_service_stop_no_home_return,osrm_road_network,northeast,driving,48af04eb2cf2b717d2bcd18abd1005b483b9618a1c401f7742bc3b9b87089334,success,,25.1928,31.941666666666666,False,2.0,415.08349997457117
"Philadelphia, PA",2026-06-25,f81eaf15d7b5aac13c6bb44c0b640b3ef4acdb45bbfd84e8464832ea5f1901fb,DMS2,7,7,7,7,False,nearest_neighbor_best_start,last_service_stop_no_home_return,osrm_road_network,northeast,driving,3f86e8035e50c9cca5f8ec2f798fad1206edb778f0762d5f2600e044f1c4c65f,success,,204.6956,228.38833333333332,False,2.0,441.2189000286162
"Philadelphia, PA",2026-06-25,fca28636a5c5716af52c9a8bd025c763aa0022cc9f2c404128d2713546380629,DMS2,2,2,2,2,False,nearest_neighbor_best_start,last_service_stop_no_home_return,osrm_road_network,northeast,driving,3dd91623f9c0d617aa67f75987c222b35c218e15084e75ebaf741f598333d39b,success,,15.748700000000001,18.755,False,2.0,394.1167999873869
"Philadelphia, PA",2026-06-25,fd6371602af8c473de30f442a3cbb1e835a39cc8820034207d289e7745d85311,DMS2,1,1,1,1,False,nearest_neighbor_best_start,last_service_stop_no_home_return,osrm_road_network,northeast,driving,717835deca03348a37bea6dd75ed2d31321f83670edbda5ad4c84972d039aca2,success,,0.0,0.0,False,0.0,0.0
"Philadelphia, PA",2026-06-26,45d4fb5d0e448250def4f65c4753a7895d9c5f1c99e4c80c2c385d8998d5b1e3,DMS,4,4,4,4,False,nearest_neighbor_best_start,last_service_stop_no_home_return,osrm_road_network,northeast,driving,841d6e5bda8a9af0f59585abb2ad1071a165566872c98e117d9f0c7c943be580,success,,36.178,50.335,False,2.0,420.4506000096444
"Philadelphia, PA",2026-06-26,60052b0854a7ba888be9e9eaf59b8ea5e13ff9e94af901d0f239d55df5ec7f68,DMS2,2,2,2,2,False,nearest_neighbor_best_start,last_service_stop_no_home_return,osrm_road_network,northeast,driving,94dc3e8109a156d739d5f333af36965fb17ac90dd4d70bdb9399d8dc2176747c,success,,16.349700000000002,24.68166666666667,False,2.0,397.7021999889985
"Philadelphia, PA",2026-06-26,72dfdce4362a87808a17572003c3332c61aad147b1f072301e6306271177f499,DMS2,2,2,2,2,False,nearest_neighbor_best_start,last_service_stop_no_home_return,osrm_road_network,northeast,driving,c2009fab058c995e3e7e0ceed1b9789420f4f07205731e82479ab3ecbd9385d6,success,,21.7096,20.138333333333332,False,2.0,393.49719998426735
"Philadelphia, PA",2026-06-26,983f2d2046f89d15c1697f8f0a493e4d0e97f2b8b2cb5e5d192583d0338e46dc,DMS,4,4,4,5,True,home_fixed_start,last_service_stop_no_home_return,osrm_road_network,northeast,driving,5c7d1ad30085ca1fffb8f452a67b2e278e1a366f02235a0c7eec2ecca15b51ff,success,,42.3629,51.90333333333333,False,2.0,415.6344000075478
"Philadelphia, PA",2026-06-26,acb2e24cc7a52b359673975c97bc0276246a8d68c315212d6dbee8529a6ea787,DMS,1,1,1,2,True,home_fixed_start,last_service_stop_no_home_return,osrm_road_network,northeast,driving,bd6ca331a01d399c201c3fb21338113148e19981f9ffceeef1c57b1b852466f1,success,,40.3204,54.99666666666667,False,2.0,394.8777000186965
"Philadelphia, PA",2026-06-26,b6933c7c82d7d412f922968b9768dc0cddc805e9dee4649cf2f40c6b12fa82da,DMS2,1,1,1,1,False,nearest_neighbor_best_start,last_service_stop_no_home_return,osrm_road_network,northeast,driving,ca8d94cc8e683336b1f04903d66616b3a37faf2375bcb1af26828a53a749676d,success,,0.0,0.0,False,0.0,0.0
"Philadelphia, PA",2026-06-26,c09168014752176b4732b6f400956139942dbe10eddcd89457e339e452f0fb91,DMS,5,5,5,6,True,home_fixed_start,last_service_stop_no_home_return,osrm_road_network,northeast,driving,83f5bf2c1aeb48b11cdebf06e4132e4db935c313a7e40a759dce97329e310986,success,,41.4267,54.57,False,2.0,419.060799991712
"Philadelphia, PA",2026-06-26,d47edd856de0806499c68361654fa2eaad0aa1f14e7a78e8c5d0420810e4c719,ASC,2,2,2,2,False,nearest_neighbor_best_start,last_service_stop_no_home_return,osrm_road_network,northeast,driving,25146dbc807b84b6b2d1b935e1f3883859aae1735bcd6f763065b98a12d9c2f5,success,,66.48230000000001,60.894999999999996,False,2.0,402.545899967663
"Philadelphia, PA",2026-06-26,df5af9c219db2383db82340af05ac9c48e9598b798abc760f2fb4dad3b3ba678,DMS,1,1,1,1,False,nearest_neighbor_best_start,last_service_stop_no_home_return,osrm_road_network,northeast,driving,1c6f7fa9d8d040f35a89e4341e55e33d83f5aefd24362785d4cfa502e1b6f7e4,success,,0.0,0.0,False,0.0,0.0
"Philadelphia, PA",2026-06-26,f2a016a9f279da6845ce254a2cdffd18801cbbe02fec2e3599272a6f411122f7,DMS2,1,1,1,1,False,nearest_neighbor_best_start,last_service_stop_no_home_return,osrm_road_network,northeast,driving,99a7bd37ecaf82dbe03f64222ecb79b76f76c2096b4bdc574a8bfd2e14efc165,success,,0.0,0.0,False,0.0,0.0
"Philadelphia, PA",2026-06-26,f98c1f5f9d2e792c50ec89512de2fb67d1339589be135b0e802530dc3ffae186,DMS2,7,7,7,7,False,nearest_neighbor_best_start,last_service_stop_no_home_return,osrm_road_network,northeast,driving,71e195ccfe0eefeb81857c10a8448da8232b52e0adc9ce8067a511514c0e9450,success,,173.952,203.05666666666667,False,2.0,441.38010003371164
"Philadelphia, PA",2026-06-27,3aed5d88fb300f82651429b854443cfb09336c189ee45fd78de9c3432d0c8152,DMS,5,5,5,6,True,home_fixed_start,last_service_stop_no_home_return,osrm_road_network,northeast,driving,22437f184a9a849792cf1da73c9d0964a09cc17f038b29f499d41fcc20864a73,success,,87.15,115.87333333333332,False,2.0,422.1329999854788
"Philadelphia, PA",2026-06-29,25b11633cdc1166e61b9ff6a9984240ab70d99bedc0b768c0e57b7587246f56a,DMS,1,1,1,2,True,home_fixed_start,last_service_stop_no_home_return,osrm_road_network,northeast,driving,7fc6347838fb5f6c8c2e5bd2d74a11e14e585adcfcb5e7f0d6d4c9762c49f73e,success,,38.1712,40.166666666666664,False,2.0,405.2535999799147
"Philadelphia, PA",2026-06-29,28f13e4d699e138cc714be80cb858077d16c3ad6a8c369610a104d0d3ed16d7c,DMS,2,2,2,2,False,nearest_neighbor_best_start,last_service_stop_no_home_return,osrm_road_network,northeast,driving,605b6dfe1e75791b4d7db4b130bc0269d5dda2233f7aa953ffea7b5c0cbe72df,success,,5.5939,9.610000000000001,False,2.0,397.7348000044003
"Philadelphia, PA",2026-06-29,2a260978d4d22a91386d6bf6a0dc921af3732a1032a57217c93afbc55b3642ae,DMS2,1,1,1,1,False,nearest_neighbor_best_start,last_service_stop_no_home_return,osrm_road_network,northeast,driving,8e55ad2a89e740da74cbe904b7cb9389d94c70215bab3ec7d6608632e20d7571,success,,0.0,0.0,False,0.0,0.0
"Philadelphia, PA",2026-06-29,357d466a4d81911ce3e9978c078286424719b394edd11d35e3edf6dbc1a198fb,DMS2,2,2,2,2,False,nearest_neighbor_best_start,last_service_stop_no_home_return,osrm_road_network,northeast,driving,310c3ea38abfb2c4ad4c40e99a28ce7f80799f8e46593af5a6badf35121dd526,success,,6.4581,9.19,False,2.0,401.4391000091564
"Philadelphia, PA",2026-06-29,3b2b43ba4cda0aaea4cd5fc9bc581346e870e18537b1b44c84122d38010de724,DMS,1,1,1,2,True,home_fixed_start,last_service_stop_no_home_return,osrm_road_network,northeast,driving,25bfa638ac0f9641f14b892dadf8fbc2d4a3825346452c170fa947e44c72aa33,success,,8.1686,13.155,False,2.0,401.8801999918651
"Philadelphia, PA",2026-06-29,5184b8c961c4e38b9b870e5f11e5bbe401adb6aaa705264de0c355059c3cd789,DMS,3,3,3,3,False,nearest_neighbor_best_start,last_service_stop_no_home_return,osrm_road_network,northeast,driving,dcccfcd5b74fddf256e584dd1437f17ec07b89798d5b5ead1faa41db910407ed,success,,35.481300000000005,42.96333333333334,False,2.0,408.2601999689359
"Philadelphia, PA",2026-06-29,865173c581469643600f634c9ae2ed3dcd94be9cbf6138f4a107ab07b06f9a05,DMS2,10,10,10,10,False,nearest_neighbor_best_start,last_service_stop_no_home_return,osrm_road_network,northeast,driving,c1421b0bae55931a796f93e4d83e868b5242e79ff10c1154ea47ae3b9d37a336,success,,206.13479999999998,251.88833333333332,False,2.0,454.36840000911616
"Philadelphia, PA",2026-06-29,a16367dfe7c882cc495e47ffb30f122d206a59f2b77bbf5d1dd3dff1901cf588,ASC,3,3,3,3,False,nearest_neighbor_best_start,last_service_stop_no_home_return,osrm_road_network,northeast,driving,5cf39d60e6a834fd4914c989cef6ec032c58b4c7188a0f6633da0d5027d52782,success,,94.3424,108.47333333333333,False,2.0,426.42820003675297
"Philadelphia, PA",2026-06-29,a7c1d2213e2a5909ab225c92398893a83f2426f3a751e4cf3628e90e777e3230,DMS,3,3,3,4,True,home_fixed_start,last_service_stop_no_home_return,osrm_road_network,northeast,driving,54bc196e4b4ac8fa1c554d1c3af68b7ffdbde2dcc3b39fb8f59c3437317ff8af,success,,25.2297,33.09,False,2.0,436.7437000037171
"Philadelphia, PA",2026-06-29,d9801d28b172c4f457d039a60db42ee8a6574ef812c358032008b1753953c484,DMS2,3,3,3,3,False,nearest_neighbor_best_start,last_service_stop_no_home_return,osrm_road_network,northeast,driving,682b0f7df093c1624cc710a52cb7cec290837d83c0ce3b70b0ea5ac800eea0a4,success,,25.2961,41.665,False,2.0,407.7259000041522
"Philadelphia, PA",2026-06-30,0cc58208b6bba400be2dbcd412320212f528e93ec6420f624884b52ed9ab2a17,DMS2,1,1,1,1,False,nearest_neighbor_best_start,last_service_stop_no_home_return,osrm_road_network,northeast,driving,44ce782561469c5c76e72986e18c1f3163b6b37c3effbdd783410ec61d4f59f5,success,,0.0,0.0,False,0.0,0.0
"Philadelphia, PA",2026-06-30,4aba87f7ef9ff04a9cdb3ac55ba1293673d15063110d83d3115d0c3ccbefef6a,DMS,2,2,2,2,False,nearest_neighbor_best_start,last_service_stop_no_home_return,osrm_road_network,northeast,driving,759365f05a9d7f8ac9e062580da1384228524dc1c733cb7fd74079fd368b37a8,success,,7.7751,11.715,False,2.0,397.3607000079937
"Philadelphia, PA",2026-06-30,4e91e42f867f021dc63c9c30ff32c486db278b57b58f062c8e5bf4e08c6d08cf,DMS,2,2,2,2,False,nearest_neighbor_best_start,last_service_stop_no_home_return,osrm_road_network,northeast,driving,238b0abcb06f28a49f21ccc3ecb87f4c177abbd4b190c2afa91572e3ffb29c5d,success,,16.582099999999997,19.803333333333335,False,2.0,390.57029999094084
"Philadelphia, PA",2026-06-30,600dd9006ecd659447df94757b9e840f95f90ba7a6636a6ad296ff25fd35bfa3,DMS2,2,2,2,2,False,nearest_neighbor_best_start,last_service_stop_no_home_return,osrm_road_network,northeast,driving,d0aa5559fc1f5aafbb595f0c344be251cfbe3ca49ae10506aaf45c78eb95e3f9,success,,11.9237,14.661666666666667,False,2.0,409.215799998492
"Philadelphia, PA",2026-06-30,9151452710a479315fa061a3b06252804326a1c1cee08a07be41196d79400606,DMS,3,3,3,4,True,home_fixed_start,last_service_stop_no_home_return,osrm_road_network,northeast,driving,619bd6d4125cd754c526413d2d9e8024adefc048e02f47c15b29630b92648da9,success,,31.7532,41.068333333333335,False,2.0,406.56719999969937
"Philadelphia, PA",2026-06-30,96b5169a083c4637930336475b19bbac6faefa27a0bae54629dd5a296c5abb30,DMS2,2,2,2,2,False,nearest_neighbor_best_start,last_service_stop_no_home_return,osrm_road_network,northeast,driving,f7063dba2ac9d6bbaa2a1633ce14e487a3def6f968a3ce2c6c56611d8993adb1,success,,66.9739,73.89166666666667,False,2.0,412.2970000025816
"Philadelphia, PA",2026-06-30,a15deb18c47c640f2d9571a9d267c7a2c96bafb14e3aa1c3dfc9f70a802c2c8a,DMS2,1,1,1,1,False,nearest_neighbor_best_start,last_service_stop_no_home_return,osrm_road_network,northeast,driving,e8bfa7a50b291e24e348b916146170c402dba9296a817e8362a5bb74e5b3b5f7,success,,0.0,0.0,False,0.0,0.0
"Philadelphia, PA",2026-06-30,c434aafe24ee6d05f9494886cb49a364cada4dc70b8f3c2ae2476921d304a00f,DMS,2,2,2,3,True,home_fixed_start,last_service_stop_no_home_return,osrm_road_network,northeast,driving,196505da307e5d22c9d652059020479469774e98dfc37c28b00f6413fdd2c0d4,success,,35.2423,48.195,False,2.0,408.08400002424605
"Philadelphia, PA",2026-06-30,c4e14fbcea6505738968c7d46544de0a4900fd306a8bdc09819e1180adc8cdc6,DMS2,1,1,1,1,False,nearest_neighbor_best_start,last_service_stop_no_home_return,osrm_road_network,northeast,driving,ab4e4eee73d8c0b86574b199bd0c6790490b710caf9d957ba4b3cb604b353787,success,,0.0,0.0,False,0.0,0.0
"Philadelphia, PA",2026-06-30,d7334c46b6c99973ab7e8654acbcb13a28b02e215c35ba8810a3274cdef73353,DMS2,9,9,9,9,False,nearest_neighbor_best_start,last_service_stop_no_home_return,osrm_road_network,northeast,driving,8443391fe7b1cd3f56cfceb44c9c797d83b613c4f1a89f1284799c82061c4649,success,,130.4057,176.35666666666665,False,2.0,459.2705999966711
"Philadelphia, PA",2026-06-30,deac153218abc02384db74609060e665de83b003a234bd8490211a9c4c089eab,ASC,1,1,1,1,False,nearest_neighbor_best_start,last_service_stop_no_home_return,osrm_road_network,northeast,driving,fe90565179baefa70c4b48e6a99428387a02c264db7538990fc84bbce30d253e,success,,0.0,0.0,False,0.0,0.0
"Philadelphia, PA",2026-06-30,df33c160b89f732f2c429e3fc20fc4a0af4351ce237d907d1c0a535d0d0e6f06,DMS,6,6,6,7,True,home_fixed_start,last_service_stop_no_home_return,osrm_road_network,northeast,driving,196987f3e29c9bf4e02bde832323194115207d7c6fac13db4e6ddc738115aa62,success,,118.16510000000001,129.81666666666666,False,2.0,429.2863999726251
"Philadelphia, PA",2026-06-30,df90022ffe96afc2868356b0536e0750fb7f4d9810612649a1c541c2146188db,DMS,4,4,4,5,True,home_fixed_start,last_service_stop_no_home_return,osrm_road_network,northeast,driving,5afca5e9ffa8927995d0e6858a84d5a3e5b7f218c3ac21264cb6cdc42a0a3279,success,,43.076800000000006,57.836666666666666,False,2.0,414.197600010084
"Philadelphia, PA",2026-06-30,e733147b942b2c2f948ecef15605e0c5a9eb238c9194caf827fdb756dcbe9a47,DMS2,1,1,1,1,False,nearest_neighbor_best_start,last_service_stop_no_home_return,osrm_road_network,northeast,driving,7b6808e6209a382e9db423e4522d9c792cdc7b66e56f69aa26b65047ba15e441,success,,0.0,0.0,False,0.0,0.0
"San Diego, CA",2026-06-01,4193ecb1e62c395ddecb865b6ecf13c2bd30b6ca39424ea401f3142302e082b1,DMS,4,4,4,5,True,home_fixed_start,last_service_stop_no_home_return,osrm_road_network,san_diego_ca,driving,e1284cae7285734a7f40d8054ad1791a6b72ca5c5a153ffbb1f4ebea7dbb8641,success,,45.8183,55.973333333333336,False,2.0,592.6191000035033
"San Diego, CA",2026-06-01,5748156008466cc90a18d4953811e36d11c3f8873c0de6285a2d7f25f93a62c0,DMS,3,3,3,4,True,home_fixed_start,last_service_stop_no_home_return,osrm_road_network,san_diego_ca,driving,cefb9077c41d884cec615c2fb738c6c07d82f707b0c1f0dfbdb139daa053c49d,success,,42.127,49.06333333333334,False,2.0,406.4543999847956
"San Diego, CA",2026-06-01,865dc4e64299e3e9ff31b4a58f5296eb9f84d656184cccbd02075f69a546b458,DMS,2,2,2,3,True,home_fixed_start,last_service_stop_no_home_return,osrm_road_network,san_diego_ca,driving,04fe86fc74660d857f5439c91da6e3c03e84845bf2e284087b57a90b1d29d499,success,,47.795,49.88166666666667,False,2.0,397.20390003640205
"San Diego, CA",2026-06-01,950af575ac50d7c1f0e77609676b36100450056242670b49901d02ee42814dda,DMS,2,2,2,3,True,home_fixed_start,last_service_stop_no_home_return,osrm_road_network,san_diego_ca,driving,9d4f0c68b394714941e8624faab479d9814459cdf61334ae604769a99afb18fc,success,,97.7259,87.39333333333335,False,2.0,399.1403999971226
"San Diego, CA",2026-06-01,a613688158ff1672045f2d002ca66254719db9d7aa31d0a4607242c14afe6314,DMS,4,4,4,5,True,home_fixed_start,last_service_stop_no_home_return,osrm_road_network,san_diego_ca,driving,5754d4106c797831b5be06839d22c69d53ca02a29078bf058a30da3db8285677,success,,29.330099999999998,44.669999999999995,False,2.0,588.8000999693759
"San Diego, CA",2026-06-01,aeb6600e62652d6bf212dc9dae2e364ef1899bf78942a1e5241ac43b09acf925,DMS,5,5,5,6,True,home_fixed_start,last_service_stop_no_home_return,osrm_road_network,san_diego_ca,driving,b613aa06880057548160ed24e151a95b1fc22799b89a7e8e71b36376bb636902,success,,41.6544,49.63333333333333,False,2.0,593.7917999981437
"San Diego, CA",2026-06-01,ced61a6e8668034605974938fa3ca653f5e0e5a530f001f3d67408ef9e8b2430,DMS2,1,1,1,1,False,nearest_neighbor_best_start,last_service_stop_no_home_return,osrm_road_network,san_diego_ca,driving,cbf3cbb7c7243f4c771ce6d4ff0243b13ed5207bb54265be271191c7e9e9d69c,success,,0.0,0.0,False,0.0,0.0
"San Diego, CA",2026-06-01,e3f546887cc38924ce675385497ae03eb46950d0b4055a7070187993d2db3fb8,DMS2,2,2,2,2,False,nearest_neighbor_best_start,last_service_stop_no_home_return,osrm_road_network,san_diego_ca,driving,11856deea582a8c3444d1c0f492a261b8806047e9b2c10ab925f75f454461cdb,success,,22.983900000000002,18.756666666666668,False,2.0,398.2482000137679
"San Diego, CA",2026-06-01,f44abc9aa3cff3a288ece7f678e7a07342a1282f113588a43ec86e604de9f722,DMS,3,3,3,4,True,home_fixed_start,last_service_stop_no_home_return,osrm_road_network,san_diego_ca,driving,e3153e78a3c2124ed3298d70f43ec2f5e0a2c82aa9152313ace1006cd12e675c,success,,33.214400000000005,34.05833333333333,False,2.0,601.4371999772266
"San Diego, CA",2026-06-02,1e4de102fd77523ccfe8cf9cf69af6d16e713aad74b19a94a551fb4a6eacaad9,DMS,5,5,5,6,True,home_fixed_start,last_service_stop_no_home_return,osrm_road_network,san_diego_ca,driving,1810dd9e6eec014716d5d94faf9b58a5830fa860b9bb36da6b9639c2f78e378d,success,,47.005900000000004,54.59666666666667,False,2.0,405.8923999837134
"San Diego, CA",2026-06-02,62c57ee47cabf43a83a91af257e5fbacee33d72d3e98fdfedd3f2d0b536f0641,DMS,3,3,3,4,True,home_fixed_start,last_service_stop_no_home_return,osrm_road_network,san_diego_ca,driving,3daa6240ce02191e35afa5f967ad676ece4536398544a9a47730a86b3f0e8756,success,,23.2751,32.25,False,2.0,401.5011999872513
"San Diego, CA",2026-06-02,71b74b424cdd59d86bf67f16ce1cd81012e8e29869325c40caab0dc407c88d12,DMS,3,3,3,4,True,home_fixed_start,last_service_stop_no_home_return,osrm_road_network,san_diego_ca,driving,e9562a2d08aba61b8cf2c01ae496a8f7ff22c839990f64b91524a276e455fd79,success,,37.5384,43.485,False,2.0,398.8584000035189
"San Diego, CA",2026-06-02,72079cb993bc614c982aa261f360e699149662234573e0feab7629728cb6c163,DMS2,2,2,2,2,False,nearest_neighbor_best_start,last_service_stop_no_home_return,osrm_road_network,san_diego_ca,driving,fc5de34d18d2850c143cc3f23aac78507a24dd4a4086cd99bd8421af3cb7cf19,success,,48.0619,39.85,False,2.0,400.1941999886185
"San Diego, CA",2026-06-02,b4fe45e83445cbb173a55510b93c40770acc2ff84550fa599e6a5040e62abb5d,DMS,3,3,3,4,True,home_fixed_start,last_service_stop_no_home_return,osrm_road_network,san_diego_ca,driving,ed26fcbf216b52eddc395f57cc35c1e4d1e591b836eb1b854327c668ed6e76b2,success,,80.0839,71.68333333333334,False,2.0,402.69249997800216
"San Diego, CA",2026-06-02,bbe68cea00b8ce351f23491f915024bf14002c222d3d258705a0e69d98379a95,DMS,3,3,3,4,True,home_fixed_start,last_service_stop_no_home_return,osrm_road_network,san_diego_ca,driving,65689885139676a7f3b6e41d81ac28526cc4bd5e4ac07265258654e18981c406,success,,47.2602,47.265,False,2.0,402.3651999887079
"San Diego, CA",2026-06-02,c089fdb4e430a6c3ac3c18c6fc62a5fbc018375373ee12a94a615375e51345ec,DMS,6,6,6,7,True,home_fixed_start,last_service_stop_no_home_return,osrm_road_network,san_diego_ca,driving,b59ea9bbf4edf6e008e6a784fbb1c6efa3366b7f54ebad440ac1d2a4ca48df7c,success,,60.9085,70.31833333333334,False,2.0,409.75709998747334
"San Diego, CA",2026-06-02,d8f665f91242aa42973ad06d9f78d8067dd66409b114f5034264d9fed06f379a,DMS,5,5,5,6,True,home_fixed_start,last_service_stop_no_home_return,osrm_road_network,san_diego_ca,driving,4ab7fc7f79cebaebdf523d44c81e0e045dc3484606dfcaa8769e0e29bb45a35b,success,,36.865,43.651666666666664,False,2.0,406.8498000269756
"San Diego, CA",2026-06-02,e48ec2c533152f1834766adb66f47e7857187498a1e2f023a4fe36af04f0a60e,DMS,2,2,2,3,True,home_fixed_start,last_service_stop_no_home_return,osrm_road_network,san_diego_ca,driving,6143517665a6d196e66310c366a4441a3130c645f637e2db5efc34358303255c,success,,13.0302,17.275,False,2.0,402.80820001498796
"San Diego, CA",2026-06-02,f0335b950c03b0979a19f9de8349a6076115a3104d0dbf5f0234717db6607452,DMS,1,1,1,2,True,home_fixed_start,last_service_stop_no_home_return,osrm_road_network,san_diego_ca,driving,c6417ac80915ead59c32877e9f7f78344e18a4a53b4a184d13c950838359fb50,success,,9.9718,9.616666666666667,False,2.0,395.3149999724701
"San Diego, CA",2026-06-03,039c7b1256d24c9abfbb97af2775efce71a5b2755cc83d5ba28124863dbcc707,DMS,3,3,3,4,True,home_fixed_start,last_service_stop_no_home_return,osrm_road_network,san_diego_ca,driving,c85dbda378fcd5a01f3835ed570712627bffdbe28a1ebc1e247ea130ce4ccd69,success,,17.6085,22.191666666666666,False,2.0,407.064100028947
"San Diego, CA",2026-06-03,057ff0cdb3fb1bd35b67fee7c6ae6ea8e61327695026bc1e5e56d38201fe009f,DMS,3,3,3,4,True,home_fixed_start,last_service_stop_no_home_return,osrm_road_network,san_diego_ca,driving,3a6352f2c4e3e683e543cc956af6cb2198a468a2312a543a068e1f1456a014d0,success,,52.0374,54.53666666666666,False,2.0,402.2764000110328
"San Diego, CA",2026-06-03,2f14de46cb06d992bd81e559cd3cb0a77d69e25de7b720e02a08530f5c350219,DMS,3,3,3,4,True,home_fixed_start,last_service_stop_no_home_return,osrm_road_network,san_diego_ca,driving,a8bb966032a7ac4b4bf703b7b571fbcb2cda7cd743f79be2c81c91fc732fc7a5,success,,30.253,36.79833333333333,False,2.0,402.14719995856285
"San Diego, CA",2026-06-03,31429827bee5c23aa3e58da1f96a86882821b5d71f054c48e690209d6752456e,DMS2,1,1,1,1,False,nearest_neighbor_best_start,last_service_stop_no_home_return,osrm_road_network,san_diego_ca,driving,ca972506417987a717749a326703d1de5f687db5a2d7beb33887e371066525a1,success,,0.0,0.0,False,0.0,0.0
"San Diego, CA",2026-06-03,44cbef9c2e00340c4c1d014d494b30307684806bc72cf8ea04d696a5d970a696,DMS2,1,1,1,1,False,nearest_neighbor_best_start,last_service_stop_no_home_return,osrm_road_network,san_diego_ca,driving,9917dad9f0cc777d54e1247d3dc2bdcfef9359b681a072c0af6b1db846c82329,success,,0.0,0.0,False,0.0,0.0
"San Diego, CA",2026-06-03,61819fb54334ea5e1a7642483b654d53cf880826a5a7b94ebdeb10a4545ffa75,DMS,4,4,4,5,True,home_fixed_start,last_service_stop_no_home_return,osrm_road_network,san_diego_ca,driving,91e32d473ab7ffc4bf3dfaf8f73c4db32d1ebdd1af625ffb846c370f7d9fbc03,success,,81.269,90.69166666666666,False,2.0,403.6144000128843
"San Diego, CA",2026-06-03,96c52945ba3a58d80c3c367dda8f84c97e07f54b342f2004b2f25935fa444345,DMS2,1,1,1,1,False,nearest_neighbor_best_start,last_service_stop_no_home_return,osrm_road_network,san_diego_ca,driving,d080e8ef686104bb417929b8cd0103ad9789fa6c32150a8b36f183ca2457911b,success,,0.0,0.0,False,0.0,0.0
"San Diego, CA",2026-06-03,a13f0a809c877fc732c1007da05877de17d885bd8fa399a7a0d36b95c150681e,DMS,4,4,4,5,True,home_fixed_start,last_service_stop_no_home_return,osrm_road_network,san_diego_ca,driving,871855e67134c25cc5a7059b66ac5aaab289d1acdea06cd7ffb7337beec1dfd3,success,,17.7759,26.896666666666665,False,2.0,402.5909000192769
"San Diego, CA",2026-06-03,b72c8b1adc5a8ec318a657149c27a4b195e94f98991e0c1b2f4f79034d548e18,DMS2,1,1,1,1,False,nearest_neighbor_best_start,last_service_stop_no_home_return,osrm_road_network,san_diego_ca,driving,8200fbaafb7ae71a9ce14b28b4115aec3f0aca89698a33ff3de42d6e4fb5970a,success,,0.0,0.0,False,0.0,0.0
"San Diego, CA",2026-06-03,bf4e3d4d7c761d13330c218b90ba0f1a2233bd1dc85830128bf8507e0c2c921f,DMS,3,3,3,4,True,home_fixed_start,last_service_stop_no_home_return,osrm_road_network,san_diego_ca,driving,ad8ebcc648e4cc55b820e1b0efa71328c8ac85231bbca1e9184e3e808bd5a740,success,,81.8878,75.05,False,2.0,402.22049999283627
"San Diego, CA",2026-06-03,d9718119909f3f46d63ad20b024b00a4a3e323eea07eac56e8299b15267b7c67,DMS,6,6,6,7,True,home_fixed_start,last_service_stop_no_home_return,osrm_road_network,san_diego_ca,driving,84679121d933563a782664adfba2918554600b1f417653b2f8d1d58b4fb029e3,success,,91.51910000000001,99.98,False,2.0,413.03689999040216
"San Diego, CA",2026-06-04,01349682e146e17414ca9e557b9094b33891719ab5ff55ef670aadc262ee3ada,DMS,2,2,2,3,True,home_fixed_start,last_service_stop_no_home_return,osrm_road_network,san_diego_ca,driving,2eaaca47a4f8cb9d07046134e0a709db0630ce200b165133191fbd3e51413960,success,,24.000700000000002,26.46333333333333,False,2.0,398.01999999326654
"San Diego, CA",2026-06-04,0724887dc9ee3cac1ebe45394ea32079e4f5158c2f36e3e3f9a68b79b68b299f,DMS,3,3,3,4,True,home_fixed_start,last_service_stop_no_home_return,osrm_road_network,san_diego_ca,driving,ef35d6e76dc260f3418b8463601561e393395ca7d470ecd95420ec19ef2de61f,success,,15.5027,21.803333333333335,False,2.0,399.4980000134092
"San Diego, CA",2026-06-04,149638eddc047b99066895112165eccfa5046f7c562b40faae22dd93c3101cc6,DMS2,1,1,1,1,False,nearest_neighbor_best_start,last_service_stop_no_home_return,osrm_road_network,san_diego_ca,driving,5c602e2e44dbcac7f1a9464dec179c5c15aa8899c625b58ef8ece83155e3c3a0,success,,0.0,0.0,False,0.0,0.0
"San Diego, CA",2026-06-04,2c46b756ba1e47d88e730466058953cc1cb9a00ddc91e25d09fe31aff340e293,DMS,6,6,6,7,True,home_fixed_start,last_service_stop_no_home_return,osrm_road_network,san_diego_ca,driving,a03e26155820f5036f77a5b82d43d1fcabd9cf8e42748a68bf9aa6924779c030,success,,65.87289999999999,73.70833333333333,False,2.0,410.2542999899015
"San Diego, CA",2026-06-04,3b7c27260d0f8fdf57dc83b5284773a04d6e7938bacf889c39c2fda5769f1153,DMS2,2,2,2,2,False,nearest_neighbor_best_start,last_service_stop_no_home_return,osrm_road_network,san_diego_ca,driving,c13ceb87b478518c007143163ab953770cefb0d2d058aaa333f6c358511e33d7,success,,6.4248,9.338333333333333,False,2.0,392.04510001582094
"San Diego, CA",2026-06-04,58c176d6f3ca1cd44eb869c2cb64d197c0a25a18efa943f6c9e3b6c2efa2ecac,DMS,5,5,5,6,True,home_fixed_start,last_service_stop_no_home_return,osrm_road_network,san_diego_ca,driving,757612e27cf403b211771ad89a29a6b7edfd2651544cdcc50c7b4296fc9d2afb,success,,112.7995,119.26666666666667,False,2.0,435.44490000931546
"San Diego, CA",2026-06-04,9c0cbac78a52ccdb95bf91be036c62e6fec02633c874ceec63f54b4d2f67e6e8,DMS,4,4,4,5,True,home_fixed_start,last_service_stop_no_home_return,osrm_road_network,san_diego_ca,driving,a11d68cb4c9030f7fa07136a35699bba32be3158e785a5cc80e6f512d696df73,success,,45.6285,57.52333333333333,False,2.0,405.95209997263737
"San Diego, CA",2026-06-04,b05e03f9efc3d696a669d22d25cd0d9089de0bfbb345dc076bda8c906c2dfa9c,DMS,5,5,4,5,True,home_fixed_start,last_service_stop_no_home_return,osrm_road_network,san_diego_ca,driving,305a6987e1b23bb88e1a38465b165812aec3821320d525eb2900c3bed20cb2c1,success,,35.6849,39.84666666666667,False,2.0,404.9820000072941
"San Diego, CA",2026-06-04,e986f7c9fb7f95ab8fa14977556d25d5609ec43ff38c836a04c566a076c64d2e,DMS,2,2,2,3,True,home_fixed_start,last_service_stop_no_home_return,osrm_road_network,san_diego_ca,driving,7868039416b86f5e412e5ea20c8fa90e95b2d3e6a2f350def38129fad627f35e,success,,67.568,62.355000000000004,False,2.0,395.6870000110939
"San Diego, CA",2026-06-04,f85b5cd010a2555cf837f607f4c6a7662f191a18c56bcadadbfff624a7391475,DMS,2,2,2,3,True,home_fixed_start,last_service_stop_no_home_return,osrm_road_network,san_diego_ca,driving,95051e6fb0593783a527b1e5a2f0657485102a8d1eb0b749a1b54abc5d4b01a2,success,,24.8502,23.3,False,2.0,408.95710000768304
"San Diego, CA",2026-06-05,06706df606da9f0bbc2e6f3d8dc7fbd391840f584a7a6ed1f7d39fdbcd6c5f60,DMS2,2,2,2,2,False,nearest_neighbor_best_start,last_service_stop_no_home_return,osrm_road_network,san_diego_ca,driving,501235ece16c07881315c47a2c0759c65798307f1016b396612c90271fd012d2,success,,11.321399999999999,12.563333333333333,False,2.0,395.7238999719266
"San Diego, CA",2026-06-05,070f3b94d07dcf3b448bce98cc0b69bde6248af65da51845c3c68502afc56e84,DMS2,3,3,3,3,False,nearest_neighbor_best_start,last_service_stop_no_home_return,osrm_road_network,san_diego_ca,driving,105ee4bc3e400b44bc26518a92f1ce719d4487be0b2e38836b70b4bd88b05499,success,,61.1215,55.968333333333334,False,2.0,403.31959998002276
"San Diego, CA",2026-06-05,2dd54acddee86c958d2039cb01c2daf6d4735be2272694567897d8a077b7e859,DMS2,2,2,2,2,False,nearest_neighbor_best_start,last_service_stop_no_home_return,osrm_road_network,san_diego_ca,driving,176f9dbafeb4ae4edf8e6e4f5f7b38e1ce9c35b94a650d741b5539edf82788dc,success,,12.036200000000001,15.786666666666667,False,2.0,396.76329999929294
"San Diego, CA",2026-06-05,3940faf30240b74228b4f8fd8dc2f2934c67aa789b2521faefba4b51a244fe25,DMS,5,5,5,6,True,home_fixed_start,last_service_stop_no_home_return,osrm_road_network,san_diego_ca,driving,a69a644fa67b470640e25ffd94ef64f6f65ad74c2043c10a71627f9194319333,success,,56.2332,62.57666666666667,False,2.0,424.7157000063453
"San Diego, CA",2026-06-05,3a6c91cb1e952ff91a39d097d8a4389c63dac91df7b0b32818280c6d6ce02d30,DMS,1,1,1,2,True,home_fixed_start,last_service_stop_no_home_return,osrm_road_network,san_diego_ca,driving,e93d17e4d56ad99362e5bc1ebfa04b296ffd9670ddb09b36d628cb8b62cd8d71,success,,21.078,21.158333333333335,False,2.0,396.94790000794455
"San Diego, CA",2026-06-05,542be6ca879028c8d91f370dc96ead8c05dfbfc38e86b0d09a1e68d90ca73ac1,DMS,3,3,3,4,True,home_fixed_start,last_service_stop_no_home_return,osrm_road_network,san_diego_ca,driving,4b30adb244b418d0382d774490605430c86455c6bbbeda8c9af90fd66db3f4dd,success,,27.9355,27.78166666666667,False,2.0,400.8550000144169
"San Diego, CA",2026-06-05,af5b337d70a1249cce9a552b378c3ca43b8b42352182cb1ef3cebe97a13c1740,DMS,5,5,5,6,True,home_fixed_start,last_service_stop_no_home_return,osrm_road_network,san_diego_ca,driving,aff9732609957dafc04970a095482b82483acb8521dc38314d122f7f1fe72083,success,,61.9719,72.31166666666667,False,2.0,414.8607000242919
"San Diego, CA",2026-06-05,c4c85eacf58cc90995c749cb4eb01804b39e11903b219d5930ddb6b1b0c04adb,DMS,1,1,1,2,True,home_fixed_start,last_service_stop_no_home_return,osrm_road_network,san_diego_ca,driving,a3454d018ea15e3ba98bca295b26cc691b137175759d8a3874debf472c0f16e5,success,,19.7746,23.376666666666665,False,2.0,396.12079996732064
"San Diego, CA",2026-06-05,e47548249a2b4bc1991d8c56ac4cc394f9eac8e9f2b723223113ce19dca81893,DMS,3,3,3,4,True,home_fixed_start,last_service_stop_no_home_return,osrm_road_network,san_diego_ca,driving,2888d1e4cd9624c99278216dcb91a41c59a7e1dc3b2419983a636ac156c70b9b,success,,27.8602,30.970000000000002,False,2.0,401.41019999282435
"San Diego, CA",2026-06-05,e88162af86112183dd6f65dab8493166168e64ed6cb8e38b93e3e67f8dc4da83,DMS,3,3,3,4,True,home_fixed_start,last_service_stop_no_home_return,osrm_road_network,san_diego_ca,driving,0ee2aa96af9ad1987a169f1606f5c0bfea666e6d2d75703068f2ff7bc5bce888,success,,15.598,20.596666666666668,False,2.0,401.9937999837566
"San Diego, CA",2026-06-06,8de98843cc6fd44d0e2617d3abe5fde30459e0334ecd3bee584cfafeecf69b94,DMS,2,2,2,3,True,home_fixed_start,last_service_stop_no_home_return,osrm_road_network,san_diego_ca,driving,96fa402786a58222b2aff4b59c09498764f8dde611fc88a6076b93698a745b1e,success,,59.4433,56.486666666666665,False,2.0,400.9809999843128
"San Diego, CA",2026-06-08,02af77fba7bd1a77b127cf2c144abe491b34a588c40e45d52535938715581468,DMS,4,4,4,5,True,home_fixed_start,last_service_stop_no_home_return,osrm_road_network,san_diego_ca,driving,04fd7e36462923609bb9c4d6e6f54ba4e6527a5bb464390debc11d7f7e742279,success,,61.0667,62.695,False,2.0,404.68810001038946
"San Diego, CA",2026-06-08,4baa7141785f8d66f37664763216f71c68b7684204d54b664326bfbd1f1becb0,DMS2,1,1,1,1,False,nearest_neighbor_best_start,last_service_stop_no_home_return,osrm_road_network,san_diego_ca,driving,0ba8c74fdc2b203bcd3cbe064bccbceacfbf03d73e328f0ce726a35460a35e3d,success,,0.0,0.0,False,0.0,0.0
"San Diego, CA",2026-06-08,539b53cf01235d7a2d27a2cee402171f86a5a155d354093a78e39f9d3b1ffeb5,DMS,3,3,3,4,True,home_fixed_start,last_service_stop_no_home_return,osrm_road_network,san_diego_ca,driving,65bcf49fb7b57ea47a503d4fc400b4760bbd48cee105846476b794657a16923e,success,,41.037699999999994,44.57333333333334,False,2.0,399.96459998656064
"San Diego, CA",2026-06-08,569ab5c636580aaa944cbb3b70687d2bf1602bacaa919628903b37e2739bc66e,DMS2,1,1,1,1,False,nearest_neighbor_best_start,last_service_stop_no_home_return,osrm_road_network,san_diego_ca,driving,e3c78fb968f0ee784ded71dde65ae744470e22878283486638747b8e52066969,success,,0.0,0.0,False,0.0,0.0
"San Diego, CA",2026-06-08,5ba4f7e5825a3f8edccd4f9a078fd07b71da29528c408c0b07a6d2f9534edce5,DMS,4,4,4,5,True,home_fixed_start,last_service_stop_no_home_return,osrm_road_network,san_diego_ca,driving,2e9b8e9865c4527812b9365560c4fe22ce05e4047a99914cdb6f8a96b646d350,success,,31.398799999999998,42.61,False,2.0,403.51259999442846
"San Diego, CA",2026-06-08,72dea76fe23eeaab4b4568c85bffb630c5824b20f6253299a2add3ad5407e233,DMS,1,1,1,2,True,home_fixed_start,last_service_stop_no_home_return,osrm_road_network,san_diego_ca,driving,4afdb41f9b289cb9de258800ff3cd9e3fe5a259e36609ff33be56efa7083c8c3,success,,5.613899999999999,6.081666666666666,False,2.0,395.88200001162477
"San Diego, CA",2026-06-08,77b605a8e31a96eaca5c398b8118c6155a68be8c68634e27f603a44aba7f0307,DMS,5,5,4,5,True,home_fixed_start,last_service_stop_no_home_return,osrm_road_network,san_diego_ca,driving,68b163f19cf0a0b16761f5ba6118e2d7d88e1c3802be439695121ad6c5bb4a81,success,,49.152300000000004,56.065000000000005,False,2.0,407.17479996965267
"San Diego, CA",2026-06-08,8a9ce6060e2d23354086ee7d26b65bc6bb3bb0701a56575a5bc1c16700f96303,DMS2,1,1,1,1,False,nearest_neighbor_best_start,last_service_stop_no_home_return,osrm_road_network,san_diego_ca,driving,01d9aeff636f7f4a50ee0072d81e7e64279762986f3d502b364779278da9eff6,success,,0.0,0.0,False,0.0,0.0
"San Diego, CA",2026-06-08,8f7e441088823498a45307a7708136cea1774822810ea2880277b8376f8209ae,DMS,1,1,1,2,True,home_fixed_start,last_service_stop_no_home_return,osrm_road_network,san_diego_ca,driving,306956388d99d0204ae44e197296fd08a4fb6c2ec2bf424d950e3430cdbb78a6,success,,14.416,13.945,False,2.0,397.85169999231584
"San Diego, CA",2026-06-08,9ff08d2917788d2f3951f5eb422d227dd7edbc90033ceab00ad3b33ca27056e7,DMS2,2,2,2,2,False,nearest_neighbor_best_start,last_service_stop_no_home_return,osrm_road_network,san_diego_ca,driving,a5cf3500d4c504bac225cf38911b5134c126f577c556acf592a8a3049c0b10dc,success,,22.193,20.94,False,2.0,394.4387000228744
"San Diego, CA",2026-06-08,bdc4a9078ddd1a8ad848681e2ceaab360df476e3e86b7cbb8fc46d1ae30704f2,DMS,1,1,1,2,True,home_fixed_start,last_service_stop_no_home_return,osrm_road_network,san_diego_ca,driving,9d1659fcdd191c636bbfa7486636b234ab4f9d1e277a09371e6dcf69d1c2751b,success,,7.8136,9.553333333333335,False,2.0,398.28490003128536
"San Diego, CA",2026-06-08,d096bff67b11522573c22d377f8e4f9c20d301a8242191a65b0ad8e54dc1b119,DMS,5,5,5,6,True,home_fixed_start,last_service_stop_no_home_return,osrm_road_network,san_diego_ca,driving,0b9c18fd0166ffbbc47960783ad878effe118676451438117b2e24346b185bd2,success,,185.82379999999998,159.69166666666666,False,2.0,413.8641000026837
"San Diego, CA",2026-06-08,ef6e4e8f443f2758fe4d3f1e885dfe317d853acb5bc3d518c5a18fb7a0bd4190,DMS2,1,1,1,1,False,nearest_neighbor_best_start,last_service_stop_no_home_return,osrm_road_network,san_diego_ca,driving,7d634ed62d3c9fcf1684ebf56f1e05244813f713144a1209b2b755f00768dc99,success,,0.0,0.0,False,0.0,0.0
"San Diego, CA",2026-06-09,00f83615f0ed604bf41256f1059b5f4d6c60577fa17a8c8a76d6c40e1dab4865,DMS2,1,1,1,1,False,nearest_neighbor_best_start,last_service_stop_no_home_return,osrm_road_network,san_diego_ca,driving,7d36b305698e5ca8149221a141c51a68d0e9a4639be24adeb9fe95ab431efbe2,success,,0.0,0.0,False,0.0,0.0
"San Diego, CA",2026-06-09,0d33ed123db79069d34fcaa70207090342da901dbf6a7e2c77555ea228823e30,DMS,1,1,1,2,True,home_fixed_start,last_service_stop_no_home_return,osrm_road_network,san_diego_ca,driving,517ea344eedb07eeaf4296c54140b2a59885c375df583f6dcc6a34bc470e117c,success,,42.3933,35.059999999999995,False,2.0,396.18500001961365
"San Diego, CA",2026-06-09,317c50846d77a55064c26d151741ecd075cf927526b155f617e885abe4f10e78,DMS,5,5,5,6,True,home_fixed_start,last_service_stop_no_home_return,osrm_road_network,san_diego_ca,driving,c0dd9bb21b7fb17b44985751829e94fbc38d9c13843082d3aa4a475fce2c5bcb,success,,58.7026,62.708333333333336,False,2.0,411.4117000135593
"San Diego, CA",2026-06-09,347a0e9be0e6ca647f0d7380cb5d0406a2cfa59a91153662f44ee799c7d8f075,DMS,3,3,3,4,True,home_fixed_start,last_service_stop_no_home_return,osrm_road_network,san_diego_ca,driving,bf7670b1f25b5af881e0d888a12685de59727a273abe54097311e58d56bfd95b,success,,7.763,12.318333333333333,False,2.0,399.8864000022877
"San Diego, CA",2026-06-09,3652f7000b3fcac83a50f4b124c5100ab757769cebf7700e232d0ab496d91cb5,DMS,2,2,2,3,True,home_fixed_start,last_service_stop_no_home_return,osrm_road_network,san_diego_ca,driving,b38ec18c5daf6a6e21fe80dfea7e441eece59689eabb24327577df3971fdbf41,success,,14.0342,16.818333333333335,False,2.0,418.659499991918
"San Diego, CA",2026-06-09,3d39188559abc9976601ea08a927de2b902754e11e166703e8f26604aadf443e,DMS,2,2,2,3,True,home_fixed_start,last_service_stop_no_home_return,osrm_road_network,san_diego_ca,driving,089a9977dac4335742e114466edfa689ace2fa7e0fb5699ca13d7a336b3fd848,success,,27.2193,31.428333333333335,False,2.0,399.1251999977976
"San Diego, CA",2026-06-09,577f4d5fdf062ff1dbb244b7e48b201d517a836ab2522da80ea2a39d46dbffbc,DMS,3,3,3,4,True,home_fixed_start,last_service_stop_no_home_return,osrm_road_network,san_diego_ca,driving,c0cdfd9d447f226748bab2ce3a5bb9f1130377af467204c4e1237acf602d8540,success,,62.787800000000004,59.193333333333335,False,2.0,400.04360003513284
"San Diego, CA",2026-06-09,7389749d9258ae37aeb1728d12750edc6943960fd97bff2c65555bcb20fe0ff7,DMS,2,2,2,3,True,home_fixed_start,last_service_stop_no_home_return,osrm_road_network,san_diego_ca,driving,cd55bbf90e72844d722f9c5f3a21e25c66c11a57e98dfa97d0c9b7c05a0fd49f,success,,23.2806,25.06,False,2.0,398.25939998263493
"San Diego, CA",2026-06-09,b8cb97a163917e898878ec65346c839b0fe8516c0f55e842496406d03c6f8712,DMS,5,5,5,6,True,home_fixed_start,last_service_stop_no_home_return,osrm_road_network,san_diego_ca,driving,9bc44bf2182f6cfdcaae5ba20285f9128ef49225a85d332d6276ffce9639d473,success,,61.4777,62.8,False,2.0,405.7262999995146
"San Diego, CA",2026-06-09,d195e1cf127d90f302ec9797a9eba3d0b186c0c268059066ab9a3ebcb3a488dd,DMS,5,5,5,6,True,home_fixed_start,last_service_stop_no_home_return,osrm_road_network,san_diego_ca,driving,ddabc8788747bef32d1366623e9c38eaf3af4c185eb627972151dfd3e5f754d9,success,,58.012,66.90833333333333,False,2.0,404.44910002406687
"San Diego, CA",2026-06-09,f32731fe2b4fd828e0e43e2ab9395ffbc8b00ac4616f888a9d313164831dc3aa,DMS2,2,2,2,2,False,nearest_neighbor_best_start,last_service_stop_no_home_return,osrm_road_network,san_diego_ca,driving,a47dec65cd73ff03b02c9053cee2fc3bf4e05b413861130e56b8eff4354d72d4,success,,40.9867,34.79,False,2.0,399.72340001259
"San Diego, CA",2026-06-10,0ebb6bdb5e7b4712e6a381ed458a41e195226fa85bccb46a7847a8bc95abb1fa,DMS,2,2,2,3,True,home_fixed_start,last_service_stop_no_home_return,osrm_road_network,san_diego_ca,driving,f2f28a9351a672c2add7eeac61dadd59c2635e97f065379b968f6a7d46a18801,success,,38.5556,36.223333333333336,False,2.0,399.15430001565255
"San Diego, CA",2026-06-10,4935edcd01192dbe54c1958588c457fc3b72faed4b444ec2e713282b121ff274,DMS2,2,2,2,2,False,nearest_neighbor_best_start,last_service_stop_no_home_return,osrm_road_network,san_diego_ca,driving,dcce48b7a556f1d728929a17bd4330c5dbcaec6554e76d8b0853a616a1aafca8,success,,34.497699999999995,32.03333333333333,False,2.0,406.2647999962792
"San Diego, CA",2026-06-10,80babc6f6fc25d993968dae9a0be50195e00e6faa0433f965eb5bd1f39c95061,DMS2,1,1,1,1,False,nearest_neighbor_best_start,last_service_stop_no_home_return,osrm_road_network,san_diego_ca,driving,d6e6215d6ae39d7696b6af530463e2dd649a3bdb9e2867bb3baa78c82c9a67e0,success,,0.0,0.0,False,0.0,0.0
"San Diego, CA",2026-06-10,9d429b1d66ce83b6b27b0ab7c2444f3367978fddd426ae78277678cf885f8acf,DMS,4,4,3,4,True,home_fixed_start,last_service_stop_no_home_return,osrm_road_network,san_diego_ca,driving,a0753ca56a4a8f50e71bbfda6ede7817deecf8c4da861a27b51bb473c96abfd9,success,,63.084900000000005,62.78333333333333,False,2.0,401.5523999987636
"San Diego, CA",2026-06-10,9da05133433c71c8d32c799605e659a205795e9ed3adfe996de3d50e6c0444da,DMS,5,5,5,6,True,home_fixed_start,last_service_stop_no_home_return,osrm_road_network,san_diego_ca,driving,41f1712f742274b066f0024789b262e144b13a600d5ee729c484f262ceed8a21,success,,39.274300000000004,45.11333333333334,False,2.0,410.5846000020392
"San Diego, CA",2026-06-10,ba13f982eb614b84418cf5f0204f341fe2a13eba12f1be12a56da1287e48ac36,DMS2,1,1,1,1,False,nearest_neighbor_best_start,last_service_stop_no_home_return,osrm_road_network,san_diego_ca,driving,b6ab7c73b1954796c3398e86e16fe46ecf2660901bf55642c039fc7923dc2ac4,success,,0.0,0.0,False,0.0,0.0
"San Diego, CA",2026-06-10,c1c39d6cee4daf8be7d81e29ed4af85aee5d32282a22f603494459c3af89747b,DMS,4,4,4,5,True,home_fixed_start,last_service_stop_no_home_return,osrm_road_network,san_diego_ca,driving,744798c44ff78a524c98c5cf53c9eead91e4f7e6f03b95667118506fb0d8ba26,success,,108.2971,93.53333333333333,False,2.0,405.6877000257373
"San Diego, CA",2026-06-10,c8826fadac377e3db230cdaf89ba0c45ddecc6cb1caf025cb05821028bc738bf,DMS,1,1,1,2,True,home_fixed_start,last_service_stop_no_home_return,osrm_road_network,san_diego_ca,driving,1556c4649affd8582a39c074b78fbb0572cf31dd369585d54d7730599a404c21,success,,15.142299999999999,17.41166666666667,False,2.0,393.46569997724146
"San Diego, CA",2026-06-10,ecb877e1d512cf9beebca98d1da1061d6e6b7a6da918c694851b3e3b7b0d2e44,DMS,4,4,4,5,True,home_fixed_start,last_service_stop_no_home_return,osrm_road_network,san_diego_ca,driving,45f96c5edf8097bbf333d0ada30f733901ca9511880aef5e47121bb5dff4c238,success,,57.756099999999996,64.16666666666667,False,2.0,417.2915999952238
"San Diego, CA",2026-06-10,fae9716e4b443de33c54527724e465f05a1fc52d27e61164192849d2d89db1a1,DMS,3,3,3,4,True,home_fixed_start,last_service_stop_no_home_return,osrm_road_network,san_diego_ca,driving,f158c0e2d47e8e723fbfd5a08d09cbc15f5f1f9e351fd750ae902867dd6e6cb3,success,,20.7605,27.798333333333336,False,2.0,407.69530000397936
"San Diego, CA",2026-06-10,fc8349ec618407035a936af7f7a38df0dee80924d2e87a6c8e2cdf6475e4ee58,DMS,2,2,2,3,True,home_fixed_start,last_service_stop_no_home_return,osrm_road_network,san_diego_ca,driving,ac9ba9b967925d3114281019d2cf6180990d1ed17477a63d4141701feec9835a,success,,23.5624,26.07,False,2.0,396.6120000113733
"San Diego, CA",2026-06-11,116681c6305ff2a4b14fd62199cf2c20642c45245913aed87b351d2b415a674e,DMS,1,1,1,2,True,home_fixed_start,last_service_stop_no_home_return,osrm_road_network,san_diego_ca,driving,956941e931fa9cdcabcdf7dc0860c4ba6839801f873db150248262135ccc915b,success,,21.1322,18.993333333333332,False,2.0,407.3485000117216
"San Diego, CA",2026-06-11,2a444d2880c5d75a6eddaeec40d6fe10b722975e0574839cf7cdb20abe4c3ea1,DMS,4,4,4,5,True,home_fixed_start,last_service_stop_no_home_return,osrm_road_network,san_diego_ca,driving,b0fad6837ef8fe886f3f7acf26d17b302c1aee6f9cac8b47467b4f05bf549e43,success,,61.7111,64.94,False,2.0,408.9012000185903
"San Diego, CA",2026-06-11,403c8e9179bcf853653f760652cfbf3779dcf9c99d10a8e1bce974a8b7b1094f,DMS2,1,1,1,1,False,nearest_neighbor_best_start,last_service_stop_no_home_return,osrm_road_network,san_diego_ca,driving,48dcd5579958da0ad64d9dea4a8f01ba337b4c96de7be91e765a2ed1db92b5eb,success,,0.0,0.0,False,0.0,0.0
"San Diego, CA",2026-06-11,4512b9d37c5ab2085b566626a5acfa3a56c27be641eb8feffb21c378f218de06,DMS2,2,2,2,2,False,nearest_neighbor_best_start,last_service_stop_no_home_return,osrm_road_network,san_diego_ca,driving,d3ab32b93e54d43caa9ef559c484cfc4fd16a845cb86a7e297c0afc8039f81fb,success,,54.3827,43.22,False,2.0,397.55150000564754
"San Diego, CA",2026-06-11,589565149abb6eec782a85bb2a28a08452a573cca1f442f4e4573fb447a24539,DMS,3,3,3,4,True,home_fixed_start,last_service_stop_no_home_return,osrm_road_network,san_diego_ca,driving,ad27d69965fca21aba6eb50925cd036c1db10b5b11a715f07633b4e1907c529d,success,,17.6815,22.56833333333333,False,2.0,405.8464000117965
"San Diego, CA",2026-06-11,606741c304b5bfeadef91702666c8d051465fa5bc0c22ffd86bda522c0ac2d80,DMS,3,3,3,4,True,home_fixed_start,last_service_stop_no_home_return,osrm_road_network,san_diego_ca,driving,213953524892839a441ad9bbe8dc6c69b1fbc7cfc0aa454cce19a0b5e41ffdab,success,,38.098099999999995,43.47666666666667,False,2.0,404.1276999923866
"San Diego, CA",2026-06-11,911932e0ef50256edd128fc59bd4eb8c62286b98c444f2fd5056e4f5b418acf2,DMS,3,3,3,4,True,home_fixed_start,last_service_stop_no_home_return,osrm_road_network,san_diego_ca,driving,dfe7c4eb91660157d03bb62a84bdb2174a7c54e7d6eaf2303cf816de88c86f0c,success,,26.970599999999997,32.81166666666667,False,2.0,408.20780003559776
"San Diego, CA",2026-06-11,a415b081c9900adfcd8a99aff3b39e9e86a0b115aa19d3b844de77007ec3b121,DMS,4,4,4,5,True,home_fixed_start,last_service_stop_no_home_return,osrm_road_network,san_diego_ca,driving,40e4f8954d990b5a87be41ceebf2e121bf2f195e8e68d23aef64a14436ce8263,success,,65.2221,72.99166666666666,False,2.0,401.23409999068826
"San Diego, CA",2026-06-11,a9e9478373232de82e0074da63c5537cda1f4c8b347974df90855ab9b0b28710,DMS,3,3,3,4,True,home_fixed_start,last_service_stop_no_home_return,osrm_road_network,san_diego_ca,driving,6c91c5dfc41b4225fdd452b4c62ce81dd338462841f9954808119f854f169e85,success,,100.5898,92.905,False,2.0,404.4576999731362
"San Diego, CA",2026-06-11,b1b7219625f6cfb50cc4ec6d961f6a1e7352b238a7f64a961fa983ca4eace851,DMS2,2,2,2,2,False,nearest_neighbor_best_start,last_service_stop_no_home_return,osrm_road_network,san_diego_ca,driving,ba06eb9a2a7a52433d2c416f7d651f43399351023ca9e146dada558e615e576b,success,,37.7338,31.651666666666664,False,2.0,411.3773000135552
"San Diego, CA",2026-06-11,cc01f8e3ad609692afd923f9845bce5ce7edbb232ff96f839095d39a7b1573b2,DMS,4,4,4,5,True,home_fixed_start,last_service_stop_no_home_return,osrm_road_network,san_diego_ca,driving,4c4f1940c25fa44efcb4dfab235627c94e3beb2404da4d11495b80cf139ee3b0,success,,67.837,68.32666666666667,False,2.0,406.4778999891132
"San Diego, CA",2026-06-11,fbb559fdd7c8b921ce224af6e91cb77462587984ea7a309ecc25397b66f66041,DMS,1,1,1,2,True,home_fixed_start,last_service_stop_no_home_return,osrm_road_network,san_diego_ca,driving,8ad6328a7eff2864e6ebc18d9ef23fb7dced888477035b03f92e7281f9420777,success,,13.8811,16.39,False,2.0,393.7234999611974
"San Diego, CA",2026-06-12,048e0f6d2d14b64fb60cc59c470b2ab811f4a5b5a32493db97f9043ac1d28bef,DMS,2,2,2,3,True,home_fixed_start,last_service_stop_no_home_return,osrm_road_network,san_diego_ca,driving,9ed558eaf0883bae767fda3423591106768bbd456e168a9e10bd60f62a0c2e0c,success,,7.9465,12.153333333333334,False,2.0,398.37530002114363
"San Diego, CA",2026-06-12,32a2002ebf8947aa8ffda8dd61f6178512092959be998593bc2449838edc7228,DMS2,3,3,3,3,False,nearest_neighbor_best_start,last_service_stop_no_home_return,osrm_road_network,san_diego_ca,driving,42979c8214558a9903c55ced811b8f64603f577fd1cf17d61f982454b00a2d84,success,,68.90660000000001,66.79333333333334,False,2.0,400.07210001931526
"San Diego, CA",2026-06-12,3d07fb5e9d2618831b1c78c749a41b3250d99ff06a80550c8d4840aff9f16ad9,DMS,3,3,3,4,True,home_fixed_start,last_service_stop_no_home_return,osrm_road_network,san_diego_ca,driving,9610874dd74671c5ade5276ed21bad6cf5a6f722ec8f3dbcec39b18c9c3bc5da,success,,173.46620000000001,151.73,False,2.0,406.78940000361763
"San Diego, CA",2026-06-12,40a33d267b67ee745bbd551f9a311f3cd1ead749cb8e7ef911c244228148f84b,DMS2,1,1,1,1,False,nearest_neighbor_best_start,last_service_stop_no_home_return,osrm_road_network,san_diego_ca,driving,5f1f10954e4099b22dac83b9d80fb38630951ef2e7d9930afb27b2423fcd05e4,success,,0.0,0.0,False,0.0,0.0
"San Diego, CA",2026-06-12,53e4bd0ea00f909b932a406113a9c07c9099a15142066f24896b51aebfe864f2,DMS,2,2,2,3,True,home_fixed_start,last_service_stop_no_home_return,osrm_road_network,san_diego_ca,driving,ba1b7fb4e772c80cbe66e115f3bcc6a778da4da3f0d23643f1b52938c90ea713,success,,30.5169,27.17,False,2.0,398.5516999673564
"San Diego, CA",2026-06-12,579a69973781d3fbf5a0db39ab902dd3db7b250242f8bae1d1f1cce7fe81f0dc,DMS,3,3,3,4,True,home_fixed_start,last_service_stop_no_home_return,osrm_road_network,san_diego_ca,driving,74a40002762818dc01d2d18ba59eae45e969bc70b11469adaf06962a1dcc6fac,success,,21.4582,26.073333333333334,False,2.0,401.42280000145547
"San Diego, CA",2026-06-12,8121b47d091a87e7b945c74199197a4b1cae8230fbe765e75268081838f5e6b0,DMS,2,2,2,3,True,home_fixed_start,last_service_stop_no_home_return,osrm_road_network,san_diego_ca,driving,ccaf7356c2a940d0971bb397297b2cb73f0b4dfe25f6a5c28732bf71c4a87ad5,success,,20.5508,18.923333333333336,False,2.0,397.3689000122249
"San Diego, CA",2026-06-12,ade8bf4ff54bd14ab366993a5e70767ae0ae3dcd10762b7c2df21c67455858c7,DMS,4,4,4,5,True,home_fixed_start,last_service_stop_no_home_return,osrm_road_network,san_diego_ca,driving,559a5ea3dadf3e3f736f50f26367a939747d76145a331ced0398a3978569ea4a,success,,52.9002,70.49499999999999,False,2.0,405.88609999394976
"San Diego, CA",2026-06-12,b61503a6fe9f979765f6654abe73d0e49c202b61e02a420926e423fc8d33c986,DMS,3,3,3,4,True,home_fixed_start,last_service_stop_no_home_return,osrm_road_network,san_diego_ca,driving,71eb81c4120f39b48fe346d0c5c5d09258813e605e077dd7f5c257c5c1aafcc6,success,,66.6293,70.88000000000001,False,2.0,403.83950000978075
"San Diego, CA",2026-06-12,d2618df6ce7597bfc32b83022b80c0ebee29a5201d227351debafafdb57826ca,DMS2,1,1,1,1,False,nearest_neighbor_best_start,last_service_stop_no_home_return,osrm_road_network,san_diego_ca,driving,f1580c4f0214fae5cce7afaabce7f2688f475428332d5a424681c0559c2ebe0d,success,,0.0,0.0,False,0.0,0.0
"San Diego, CA",2026-06-12,db8592a546b054d20a856a008d6c86134e2157aa4357e9cd1c023848bf3b61c4,DMS2,1,1,1,1,False,nearest_neighbor_best_start,last_service_stop_no_home_return,osrm_road_network,san_diego_ca,driving,e90934e570df7a8ad8612523ea0dac128354e11a90fd6c8b488fd64286e656f5,success,,0.0,0.0,False,0.0,0.0
"San Diego, CA",2026-06-13,b870d22d6305999555e5be5628d43a68eaeec652440f7de0e86fbde9206c9e62,DMS,6,6,6,7,True,home_fixed_start,last_service_stop_no_home_return,osrm_road_network,san_diego_ca,driving,23fe5cf6b470b3d1401e69af5efe1e9605e53074b3bd4c9a61a522a968e47ec9,success,,49.384699999999995,62.916666666666664,False,2.0,420.3521000163164
"San Diego, CA",2026-06-15,0cdd09c5c49e21d47bdaf2491e5361c45caeca023e06866ee4a8552426810367,DMS,3,3,3,4,True,home_fixed_start,last_service_stop_no_home_return,osrm_road_network,san_diego_ca,driving,c1a4a0734f2394d160dfa4cdb4c60320760bed403df46dae7d8631e20ee4cd0f,success,,22.1703,31.051666666666666,False,2.0,399.86879998468794
"San Diego, CA",2026-06-15,265fe21924bfb73716d9cb608943d99ab17d2e56977d46c7f440313ae7d87590,DMS,4,4,4,5,True,home_fixed_start,last_service_stop_no_home_return,osrm_road_network,san_diego_ca,driving,982ca9fd5c1a524b074ed0ef45845d614236fd189ef60a76bc13f01ebaceb97a,success,,110.2257,106.58,False,2.0,414.95710000162944
"San Diego, CA",2026-06-15,354a089beee8b957578cbd68db048753f6a928d27135f9b31213f1773606a38e,DMS,3,3,3,4,True,home_fixed_start,last_service_stop_no_home_return,osrm_road_network,san_diego_ca,driving,9125cb37c4d9c7ed16f2db9744acc80e061f89e3766df7841cb34bec6dc8aee3,success,,24.5852,29.185,False,2.0,403.7343999953009
"San Diego, CA",2026-06-15,7be74aba01859902c452e092a01b5981683bd34ffbebca1bba68229a6837cad4,DMS,2,2,2,3,True,home_fixed_start,last_service_stop_no_home_return,osrm_road_network,san_diego_ca,driving,4f7ada98cf114af3402806d000949879962e4b67842f5b4dd3898be516d71d82,success,,20.677599999999998,22.85,False,2.0,398.3684999984689
"San Diego, CA",2026-06-15,7e9768adfbdc5193e80c9e526468a13386dded31751f2e533aab42610e9c636e,DMS2,7,7,7,7,False,nearest_neighbor_best_start,last_service_stop_no_home_return,osrm_road_network,san_diego_ca,driving,1630b2f1c4c0be41fb5df65a587452b0c6748cb44c5dccff2e537ff2a8c4b16c,success,,125.3132,123.47,False,2.0,412.99859998980537
"San Diego, CA",2026-06-15,7fb749a8322c84ddf64430a17be90b6e61b46daeaebb3709cdf3bc2a8744d1f1,DMS,1,1,1,2,True,home_fixed_start,last_service_stop_no_home_return,osrm_road_network,san_diego_ca,driving,39ea9784540f04eefd0a5f453443df347c69479e0c06c07dd2893540255dd145,success,,2.326,4.121666666666667,False,2.0,404.7510999953374
"San Diego, CA",2026-06-15,b57ca9bdeca7f1d5bf0e20819f0896ea706c21e1defc87b6b1a35a1c50594e9c,DMS2,2,2,2,2,False,nearest_neighbor_best_start,last_service_stop_no_home_return,osrm_road_network,san_diego_ca,driving,94c2f00e1496708a5429aa1b8fe48dac8bb1f93a8abd113d091884231d785ad9,success,,23.7223,24.358333333333334,False,2.0,406.9411999953445
"San Diego, CA",2026-06-15,bfd805a6332d0aea1ff8b3fdfce480feded08bf1cf9bc2256870a2c60234c951,DMS,5,5,5,6,True,home_fixed_start,last_service_stop_no_home_return,osrm_road_network,san_diego_ca,driving,e22ddc4f62eb35e9157a5850a3850d51c754578e22d5d5f0e3de799d732bcb0d,success,,99.7138,111.61999999999999,False,2.0,426.2692000193056
"San Diego, CA",2026-06-16,2a65265e045d797fdb8e50b4241e55fe7e95f75bff0d127034b47f9600a5a726,DMS,3,3,3,4,True,home_fixed_start,last_service_stop_no_home_return,osrm_road_network,san_diego_ca,driving,27720e05e623dc89c070440205ba2a26645683755e44124a2c27b82a36019673,success,,62.979099999999995,58.95666666666667,False,2.0,403.8171000138391
"San Diego, CA",2026-06-16,30ee10c7d550fc8c6e26cc44b5f7ffdb4ae6a1ec5d9833733b3a984ac65926f2,DMS,3,3,3,4,True,home_fixed_start,last_service_stop_no_home_return,osrm_road_network,san_diego_ca,driving,9d64d94abcb724ff07e9d9f5294d2d3f0e46aedd8e475ad070fa0a46915aa952,success,,24.3068,29.485,False,2.0,399.72909999778494
"San Diego, CA",2026-06-16,3390c82cc7b6a68c786a7f869195455faf3674e1b78f6743fd157757fe1da917,DMS,3,3,3,4,True,home_fixed_start,last_service_stop_no_home_return,osrm_road_network,san_diego_ca,driving,b9cd7378a5aa01cef3d79491e93bb429a72bdad2f352ea7a588ee8c82d32fadb,success,,40.073800000000006,41.77166666666667,False,2.0,399.6061999932863
"San Diego, CA",2026-06-16,48a1a2159246bc85201b2697092c7427b1b5a7ebd93b0624395c5d762c88e01a,DMS,3,3,3,4,True,home_fixed_start,last_service_stop_no_home_return,osrm_road_network,san_diego_ca,driving,ed3121a4511d1ade24e60ee8669aef79a4ee48ae591e4a91f4101d6c00a6f224,success,,27.3372,34.84666666666667,False,2.0,412.396700005047
"San Diego, CA",2026-06-16,6b5a25f2b2f0cac7644f1c644cc81f45eca91648b9d5c5c3c1f4efac0f5b6f15,DMS,1,1,1,2,True,home_fixed_start,last_service_stop_no_home_return,osrm_road_network,san_diego_ca,driving,c8aeeae73f803036eb3722127ba639ce8f8756f9c99325c6ec780a40d7da2da9,success,,4.6756,6.91,False,2.0,392.10120000643656
"San Diego, CA",2026-06-16,7cff093fdf643ecc2d277bb63a4606f8fd52ede56ed85c44fc3fe25998d2b2d6,DMS,3,3,3,4,True,home_fixed_start,last_service_stop_no_home_return,osrm_road_network,san_diego_ca,driving,9033d2d5784f6d75e878a824c3fc5ed20bb9413b26a87f335d7c92eb3102b9c8,success,,55.6445,57.358333333333334,False,2.0,402.8120000148192
"San Diego, CA",2026-06-16,8052747894b754eecfdd66fec55e915c6d16ec3d01303b0ad5fa008c4d1e2c74,DMS,4,4,4,5,True,home_fixed_start,last_service_stop_no_home_return,osrm_road_network,san_diego_ca,driving,ddccfc698c222afc51cf084ed99bca13785f657fc90dd204a9969ee67dc10044,success,,82.6272,84.59833333333333,False,2.0,409.87140001379885
"San Diego, CA",2026-06-16,ac803d345998abc9a57bec941ea0d0c18cbfbdb354e9b23c8f77f70ba41f9117,DMS2,2,2,2,2,False,nearest_neighbor_best_start,last_service_stop_no_home_return,osrm_road_network,san_diego_ca,driving,103c9fe98555cf46199927a225dab057241156034028a670c6f7563f91948782,success,,8.47,11.548333333333334,False,2.0,394.42769999732263
"San Diego, CA",2026-06-16,b43723d4a0450b7f80d0bd17d12fe7336c1014c27b83decf62d0c4d7de1d6ffc,DMS2,8,8,8,8,False,nearest_neighbor_best_start,last_service_stop_no_home_return,osrm_road_network,san_diego_ca,driving,33d4d41ba236404b7b0477443f286d01a0290c9940b2e4d20d3cf68d686c9db6,success,,84.631,94.365,False,2.0,416.17830001632683
"San Diego, CA",2026-06-17,0a6fe471379e7f89a94d733447efa4937056e8ff4029058362f40df41023a903,DMS,4,4,4,5,True,home_fixed_start,last_service_stop_no_home_return,osrm_road_network,san_diego_ca,driving,915a8f330ae3e66c22da079f9833b8e64091920871ec607695194606d64770a8,success,,36.1836,43.05833333333333,False,2.0,410.49919999204576
"San Diego, CA",2026-06-17,0a9aa9fe3b421ccc58d6f723bb585ce4af6d2bd11944655756037d0afbafbc48,DMS,3,3,3,4,True,home_fixed_start,last_service_stop_no_home_return,osrm_road_network,san_diego_ca,driving,4b2c74323688b868e75e35eef6eb42ae0115343acf8bb3760b5bd2faaa3bb7e4,success,,40.4769,44.080000000000005,False,2.0,401.87000000150874
"San Diego, CA",2026-06-17,2de9fcdf15b18b37fc4fce7cc9e3b9c739283b588f25c4f5a996011a7811fd23,DMS,2,2,2,3,True,home_fixed_start,last_service_stop_no_home_return,osrm_road_network,san_diego_ca,driving,3d0bc9e9e6264d52d56f01216ca357c2a8f148e75bd3139356c4056aa440210f,success,,17.184900000000003,18.658333333333335,False,2.0,400.882800022373
"San Diego, CA",2026-06-17,3d02f0cd37467e2c785a483df9c07222c5798f72f3a9a789fe59b14e6a327fa4,DMS2,3,3,3,3,False,nearest_neighbor_best_start,last_service_stop_no_home_return,osrm_road_network,san_diego_ca,driving,9a87803ae9da88cdbb2adf579512bc9f0f304cb8652d0250eb56bb1029681ec2,success,,51.2676,46.95,False,2.0,400.53959999931976
"San Diego, CA",2026-06-17,4b5b209fae1e841a3436e520b30e9ca81ac6576aa38e57b3400f1e9cb7877148,DMS2,1,1,1,1,False,nearest_neighbor_best_start,last_service_stop_no_home_return,osrm_road_network,san_diego_ca,driving,50f2ba22bb334ff1f896f2aa2b0d9884790a4d6302915ad38c36c9ddd31745cd,success,,0.0,0.0,False,0.0,0.0
"San Diego, CA",2026-06-17,5ab49f79f5a777149f96be69a314c23e9ab92a218750056be587a297d1753a2e,DMS2,4,4,4,4,False,nearest_neighbor_best_start,last_service_stop_no_home_return,osrm_road_network,san_diego_ca,driving,1d649f866aa063e1b093933e4701dc05eb88ce2ba269a279e23037a8532852a8,success,,42.4795,42.38,False,2.0,413.33089995896444
"San Diego, CA",2026-06-17,62b91db98b2cfbfe92060a3ce6e165b37eabcd1da038d1602fb8e9f381bf5ca2,DMS,5,5,5,6,True,home_fixed_start,last_service_stop_no_home_return,osrm_road_network,san_diego_ca,driving,475810ed2ea55c70b03cd9c78c43fd0e749a92af36a9dfe0cae8f48a1fbc11b0,success,,74.3475,72.25666666666666,False,2.0,406.79979999549687
"San Diego, CA",2026-06-17,6924a6d770dcea36734160c1e1d043b7e12232d98d1b1b9918956bdae665c715,DMS,1,1,1,2,True,home_fixed_start,last_service_stop_no_home_return,osrm_road_network,san_diego_ca,driving,14ad5bee33cf9c4f898461a939e284d1e453c85a33b1902f2804de9935703529,success,,5.7761000000000005,7.7,False,2.0,394.33169999392703
"San Diego, CA",2026-06-17,b3432f9c4483f1ae8ec7725dea0b25c43b3d272823e610f2c5845215cddbefc5,DMS,5,5,5,6,True,home_fixed_start,last_service_stop_no_home_return,osrm_road_network,san_diego_ca,driving,c9bf32ce862bd022120322caf3e5d35992301c86e4f639a7f4f2bf47780b13b9,success,,74.1468,86.455,False,2.0,408.7973000132479
"San Diego, CA",2026-06-17,dbeaf0fb53a2a4e160f0b85350ce9113f695ac5dd99c4935863e3b8abd697020,DMS,4,4,4,5,True,home_fixed_start,last_service_stop_no_home_return,osrm_road_network,san_diego_ca,driving,815e1f1ba43c7a0d861aab6f2bd141d7bcbb700be898ebf38123899ae8c5fbf6,success,,53.6255,57.32333333333334,False,2.0,405.3725000121631
"San Diego, CA",2026-06-18,27f5a00d059b4ce83f27c402a77894b1504e942d420caffad544d48dfbd04f0b,DMS2,6,6,6,6,False,nearest_neighbor_best_start,last_service_stop_no_home_return,osrm_road_network,san_diego_ca,driving,98bc6325424ba0a5f92bf9a17f2c312ceb2faee7b9e887cfaaaf74c7d26412b2,success,,101.3978,95.45333333333333,False,2.0,413.80300000309944
"San Diego, CA",2026-06-18,3402636007aae4c181f33fdc24e4930a0b490480d6dcf6e77905bfaa5f22a4fe,DMS,5,5,5,6,True,home_fixed_start,last_service_stop_no_home_return,osrm_road_network,san_diego_ca,driving,ab67bbc13d2cc2ecc64f91484693c76d9e1a84ca186c833d47efa354b3cdcb81,success,,64.452,65.29333333333334,False,2.0,414.2945999628864
"San Diego, CA",2026-06-18,73d73b7d8eac49311b3760c16cebc06761b2bc9f3306a1b73899324788c89dd1,DMS,2,2,2,3,True,home_fixed_start,last_service_stop_no_home_return,osrm_road_network,san_diego_ca,driving,9edf6c920aa4a515f07a874bb9d679b396e36d67037c4cd8165f63fa49dd61d4,success,,14.6837,19.685,False,2.0,396.5009000094142
"San Diego, CA",2026-06-18,76d5a1be9e8f218ee8d96fe26b5aa5e21b0b033575d73d5b8efdd9972aa99063,DMS,2,2,2,3,True,home_fixed_start,last_service_stop_no_home_return,osrm_road_network,san_diego_ca,driving,3ba6859a18468170a727b31758ff0e0cd4a06eba935e494682b5efd98d7e02ac,success,,36.6607,34.70166666666667,False,2.0,397.09379998384975
"San Diego, CA",2026-06-18,8ad2e490453bd86cc4704712ef2b92491d480145d244f2c6b813eb3ce3d8aed7,DMS,3,3,3,4,True,home_fixed_start,last_service_stop_no_home_return,osrm_road_network,san_diego_ca,driving,89fbdbb56c347a84637dc319a0aba0225d6e3d2f33180b73d99e167fba48d0ec,success,,74.6793,72.275,False,2.0,404.4284999836236
"San Diego, CA",2026-06-18,99743a0dcc87b2a297989c88fd1500f67e26f7c5b9c622081d758bd29499b46a,DMS2,1,1,1,1,False,nearest_neighbor_best_start,last_service_stop_no_home_return,osrm_road_network,san_diego_ca,driving,b15fa685e29251bbe1264d0b5ac42444931493ca9c2f6df057844954e0aeba78,success,,0.0,0.0,False,0.0,0.0
"San Diego, CA",2026-06-18,a91bc8a0e0b02309d7b50c57c64605711963878914bb899f8d17e386aef93994,DMS,6,6,6,7,True,home_fixed_start,last_service_stop_no_home_return,osrm_road_network,san_diego_ca,driving,b5ec601f5fc258b3d59b42efc02c04c239b91335d96e529e61129a07aabec65b,success,,85.5542,92.765,False,2.0,412.0297000044957
"San Diego, CA",2026-06-18,b294e658b9f9b21b3c80cdf9601881ce46de0547eb73532fd62afd33e64079f6,DMS,3,3,3,4,True,home_fixed_start,last_service_stop_no_home_return,osrm_road_network,san_diego_ca,driving,a2f660c639a4506cb38681a9e0b1abd46367a9d9ede41418df89dd40312f55aa,success,,24.036099999999998,30.841666666666665,False,2.0,399.7283000207972
"San Diego, CA",2026-06-18,f25f5adc8531e3c182951383983e9d4130d3861509af91a2a9be15de81d1cce3,DMS,3,3,3,4,True,home_fixed_start,last_service_stop_no_home_return,osrm_road_network,san_diego_ca,driving,0b11bdc65cf8c54ddc06bd79ef9b250e975eacebb11a155f96b59ab47f009753,success,,29.2858,37.151666666666664,False,2.0,413.965600047959
"San Diego, CA",2026-06-19,05ec05b6a67b6f51273c2b98307b5e58fe587eaed2729a44ebf2e8959a3e0579,DMS2,1,1,1,1,False,nearest_neighbor_best_start,last_service_stop_no_home_return,osrm_road_network,san_diego_ca,driving,cdc3e17a5b363da815e77095a53482b9336acb8a5457fcf7fa4a3c79b361193e,success,,0.0,0.0,False,0.0,0.0
"San Diego, CA",2026-06-19,0ddc0a1c37414b836a1bb9e4e3b0ae5cb4e6dc8e26e6c4b98627e9c46f80c050,DMS2,1,1,1,1,False,nearest_neighbor_best_start,last_service_stop_no_home_return,osrm_road_network,san_diego_ca,driving,ac6097c8871a07b59cb196be467944a73b50cf7c0ce088058acd60c1fcb75991,success,,0.0,0.0,False,0.0,0.0
"San Diego, CA",2026-06-19,1b0e4ba66ed301158dda08522dbffe7ec80cb8e8dfb06bae3ce2c4c689eb5d1a,DMS2,1,1,1,1,False,nearest_neighbor_best_start,last_service_stop_no_home_return,osrm_road_network,san_diego_ca,driving,71e30b4ff726d74820e6ef4627877e92a302e70d089b9559e368bb47dd1c9d09,success,,0.0,0.0,False,0.0,0.0
"San Diego, CA",2026-06-19,3b2d6be26fa751128946a7188d8394d7ad48627cd57675cf920c963cd44a01f1,DMS,2,2,2,3,True,home_fixed_start,last_service_stop_no_home_return,osrm_road_network,san_diego_ca,driving,5f2de6de0954ec46f00273a2cc36978fd51a2ab7ec0604bd0ded38b632676de1,success,,28.0916,31.795,False,2.0,395.7413999887649
"San Diego, CA",2026-06-19,5f63ee4a5cff7b4379220093f892fe03f279985c1624197ca1da5d049342ee8b,DMS2,10,10,10,10,False,nearest_neighbor_best_start,last_service_stop_no_home_return,osrm_road_network,san_diego_ca,driving,b9817a29412346c7e0a66b9ee4ededdb794bb225ba5fcc1071cc4c65daa90989,success,,170.5528,182.99833333333333,False,2.0,428.6452000087593
"San Diego, CA",2026-06-19,644097fdc7602685f83013d4813cb2fb379be81d8d2a31ffd7455303317f4e8e,DMS,4,4,4,5,True,home_fixed_start,last_service_stop_no_home_return,osrm_road_network,san_diego_ca,driving,c9918082b175e8a4829d9efb18c3c5adb60d17cb10d0bb8ba8067b09be467897,success,,174.21329999999998,167.39333333333335,False,2.0,414.1589000064414
"San Diego, CA",2026-06-19,6bd8097176bd0a48ce1508306451efbf218409c6cca38513889f3b494099d537,DMS,2,2,2,3,True,home_fixed_start,last_service_stop_no_home_return,osrm_road_network,san_diego_ca,driving,a67252f849a862bff6203a642a6edd443a6151766ee97c278c1ba55c526d7bb7,success,,38.2744,34.28,False,2.0,403.7197999714408
"San Diego, CA",2026-06-19,a85a6bdb39609bfc8d74aa8258b07f76d28b0f3f7677d16981dba9e7f2ddaf40,DMS,5,5,5,6,True,home_fixed_start,last_service_stop_no_home_return,osrm_road_network,san_diego_ca,driving,1b8aaafcbc47b1176fec38ba167cefe0a77c28adcff1ba9c819e2afff672b6d7,success,,63.1394,66.25666666666667,False,2.0,407.59100002469495
"San Diego, CA",2026-06-19,b2839b3394dc5bd2438327cb93c474f77fa8ed317619fedc3bb401140bf51b7e,DMS,4,4,4,5,True,home_fixed_start,last_service_stop_no_home_return,osrm_road_network,san_diego_ca,driving,c7fc5be92606aa716820f4d6bcc86c5bddf50ca7ebca1791ff727a4bdf995db1,success,,36.8018,44.90833333333333,False,2.0,403.9885000092909
"San Diego, CA",2026-06-19,d41238873a6c3c5b0ca4fc624664e39796faf24239c4d98953ad05d18f57b929,DMS2,2,2,2,2,False,nearest_neighbor_best_start,last_service_stop_no_home_return,osrm_road_network,san_diego_ca,driving,3bb6174e34a448f6d64b8b3d6165097799522c376d62c2ad8cb29730e953fed1,success,,26.558,21.68,False,2.0,396.3770999980625
"San Diego, CA",2026-06-20,f314d4390a683df3f3fd052cab19e301c21d31c3d6160e6816ccbbabf1ab6123,DMS,6,6,6,7,True,home_fixed_start,last_service_stop_no_home_return,osrm_road_network,san_diego_ca,driving,1f886080b9290a32673b4b3b630aa15271bb1c951094374e12b2bd8865ee29a4,success,,47.454699999999995,64.49666666666667,False,2.0,419.4032000086736
"San Diego, CA",2026-06-22,092d13f79e002e731210b33085fbeb90b37effc3155885f05e837cb07178faab,DMS2,2,2,2,2,False,nearest_neighbor_best_start,last_service_stop_no_home_return,osrm_road_network,san_diego_ca,driving,5423e6d3b8fadda3694668db53706485ebfea2e5e7e2570b73f21447faea8c9f,success,,53.6439,45.18833333333334,False,2.0,396.088100009365
"San Diego, CA",2026-06-22,0dfd9f491e113203ca5eeafef6302c8f5e4f1123d8fc37529b15224ddc860cc1,DMS,2,2,2,3,True,home_fixed_start,last_service_stop_no_home_return,osrm_road_network,san_diego_ca,driving,dbb0c1229d95e3d5d7a3b95620704e92d137dc7add7119332eb3431e3eba87b5,success,,19.484299999999998,25.363333333333333,False,2.0,405.91140001197346
"San Diego, CA",2026-06-22,2898ec2b05914e7b561e8cad15b90f56e54db6c57d2bcd9f7094c6bf969bad70,DMS2,3,3,3,3,False,nearest_neighbor_best_start,last_service_stop_no_home_return,osrm_road_network,san_diego_ca,driving,b9755224e1c8bc949ad4303aad8d23d9621a9775d402bc9e4cc4dbf48baf80b9,success,,92.83619999999999,79.18166666666666,False,2.0,401.1025999789126
"San Diego, CA",2026-06-22,7f0570691f8c1b1556b8287e0816d8860b89c1acb4ecd7b6f8c0a045ace8619a,DMS,4,4,4,5,True,home_fixed_start,last_service_stop_no_home_return,osrm_road_network,san_diego_ca,driving,15166824b2f5b0c645e4da33457ba64828bb15dd16b850fb94b2bc50648b1147,success,,44.780800000000006,46.955000000000005,False,2.0,406.07170001021586
"San Diego, CA",2026-06-22,8bc445e06ba406121339477efc9d5375def88fd1a6d293ddd43fffe7c291409b,DMS,4,4,4,5,True,home_fixed_start,last_service_stop_no_home_return,osrm_road_network,san_diego_ca,driving,2744e4f909135b02a0af203942fe275f9e748c5b1d176ae88d36c5497d0af203,success,,49.8159,55.29666666666667,False,2.0,409.22679999493994
"San Diego, CA",2026-06-22,cbbc79e83a4ecd6eb36b5cd8e80c62724676f4e87dc503d83f4211a2d7229004,DMS,6,6,6,7,True,home_fixed_start,last_service_stop_no_home_return,osrm_road_network,san_diego_ca,driving,f94fbbb5340074355b3466c51cbea77fe139ef2b974737387e82babf4b8f760e,success,,42.8347,57.556666666666665,False,2.0,408.61720000975765
"San Diego, CA",2026-06-22,f09816ce991995245aa5b441e619cc32f44cd12e9ed228235adafdc4d9060be6,DMS,1,1,1,2,True,home_fixed_start,last_service_stop_no_home_return,osrm_road_network,san_diego_ca,driving,f75461156cb3dd2ae299799556777ce7fe9031e1d51cd80010d83026b83e949a,success,,23.1798,19.56833333333333,False,2.0,394.89039999898523
"San Diego, CA",2026-06-22,f286436c58647ef63c66ecca0eabcf7c8a1d1c2ee714ea5e875cdaea206ff887,DMS,3,3,3,4,True,home_fixed_start,last_service_stop_no_home_return,osrm_road_network,san_diego_ca,driving,fb23e3ae957b6a5453ad2e433f8df46d8a5887861e8f9f9c51be7a2fe75c92b9,success,,105.1155,91.39666666666668,False,2.0,402.27339998818934
"San Diego, CA",2026-06-22,f42c8fb301f066da1e1ab402ae5549db00dcc32295220e859eed6b3862e137f1,DMS,2,2,2,3,True,home_fixed_start,last_service_stop_no_home_return,osrm_road_network,san_diego_ca,driving,c4f1e7d6eda457e6de9adaa3e1b1b0f4727be7ff1342a47b1f1f7cf68a4c5627,success,,4.0298,6.908333333333333,False,2.0,397.7615000039805
"San Diego, CA",2026-06-23,48468d17c72359a4125bffe8cbb80d85b2c771297bb03aa2c0a80841f69a9715,DMS,3,3,3,4,True,home_fixed_start,last_service_stop_no_home_return,osrm_road_network,san_diego_ca,driving,56aea50ec9dc79831fe471684910adf0dc5b58b242204b12a868047a22363b6c,success,,30.5125,38.04833333333333,False,2.0,400.9263000043575
"San Diego, CA",2026-06-23,6b33777fff4d82ca2afea77f983815fe4b6fc59f5b98aff97e771381b7978f58,DMS,5,5,5,6,True,home_fixed_start,last_service_stop_no_home_return,osrm_road_network,san_diego_ca,driving,779fdfd321b84ca493bd9ad8f9bacd0b5a345972d11579fee0f3336080480c73,success,,62.970099999999995,73.64,False,2.0,421.56960000284016
"San Diego, CA",2026-06-23,7929a0710fd2d692c3d80f0c8a6d05a10ee7707df272c80d3cfa7dd35c593926,DMS,5,5,5,6,True,home_fixed_start,last_service_stop_no_home_return,osrm_road_network,san_diego_ca,driving,2dbdddf32bc2ab99b0aef71b05b57a66b5b15b4329012bc46907015dd4ce6e2d,success,,51.2303,60.294999999999995,False,2.0,408.446500019636
"San Diego, CA",2026-06-23,81be55df5b35f81a18dc3b068e6788a35f3b9794579367efd368a64d8a490a99,DMS,6,6,6,7,True,home_fixed_start,last_service_stop_no_home_return,osrm_road_network,san_diego_ca,driving,b0a4728dd7dba2c33fd3418622c182bbd6386ab50baae57c773b41ce241ba463,success,,88.6244,95.305,False,2.0,411.3708999939263
"San Diego, CA",2026-06-23,9739837271939cc2b0ad274eea5da2beee753c1c54ab41ec8ced34e7d897062b,DMS2,5,5,5,5,False,nearest_neighbor_best_start,last_service_stop_no_home_return,osrm_road_network,san_diego_ca,driving,cdc866176f8b459bc3bbf334a7cf8afcadce12649a4f8305974bb3a10658c693,success,,85.6442,78.66166666666666,False,2.0,413.8538000115659
"San Diego, CA",2026-06-23,a4bc9490287512147029876bdf778630ee03494162907873279f2650e13b20a0,DMS,3,3,3,4,True,home_fixed_start,last_service_stop_no_home_return,osrm_road_network,san_diego_ca,driving,4fcb7a3fce62913ed5e22ea9d2bb2da421022b331747487fafd45a74ef20e1dc,success,,36.4695,41.223333333333336,False,2.0,400.5009999964386
"San Diego, CA",2026-06-23,aab34f83d17eb40e7ae4796dd7d8000d05d6a6489d453989cc217a43f1f6f3e0,DMS,5,5,4,5,True,home_fixed_start,last_service_stop_no_home_return,osrm_road_network,san_diego_ca,driving,c09f213734b0a0f6bf636e36ffc1968204eda3eaa3f487119806fefcb367ad23,success,,56.4619,68.56166666666667,False,2.0,412.8367000084836
"San Diego, CA",2026-06-23,b05325e8c2237ef645213cfde73b9454508c4745ad9ba46f57789f3d8af56486,DMS,3,3,3,4,True,home_fixed_start,last_service_stop_no_home_return,osrm_road_network,san_diego_ca,driving,fea3712eccc4cc2f87f05d3ef6c7374111283b0c63a52e34fe80759354440f57,success,,34.0055,38.516666666666666,False,2.0,401.9920999999158
"San Diego, CA",2026-06-23,d8aa73bda3d3d794356dce8a23dffb841b0b59857981c35f8701531de2e70914,DMS,4,4,4,5,True,home_fixed_start,last_service_stop_no_home_return,osrm_road_network,san_diego_ca,driving,de7aafdbd65f9f45573c5672137f0ed12d5111a252a8ff7567da051c0a75dfd8,success,,42.462,50.443333333333335,False,2.0,406.9694000063464
"San Diego, CA",2026-06-23,e9580bbd45a9abcc925074e405abfc60e273e80f9fd7f8619b76f466e0e228d8,DMS,5,5,5,6,True,home_fixed_start,last_service_stop_no_home_return,osrm_road_network,san_diego_ca,driving,41b38b9778dfbe917b11c2d6d75a8919c9398d51165857dbd116f8541e58ce74,success,,39.5479,50.894999999999996,False,2.0,408.4428000205662
"San Diego, CA",2026-06-24,1ee04483474ad32ea3642e7d0fe1250adeed0f539f660e62bb7438b4708c9794,DMS,1,1,1,2,True,home_fixed_start,last_service_stop_no_home_return,osrm_road_network,san_diego_ca,driving,bc83d9298ad48a9b44661dd57796b3ce56e3d1004e253979919f96023bec812f,success,,39.8337,32.72833333333333,False,2.0,394.3728000158444
"San Diego, CA",2026-06-24,24940e6f6867a6965497f95e37ae1cdd7bae63635c017dc0f3d7d3420eb1518c,DMS,4,4,4,5,True,home_fixed_start,last_service_stop_no_home_return,osrm_road_network,san_diego_ca,driving,a4f589e5a8dbfc911a51594907b4287b81994d89db8a3e603c07c475c8cf8303,success,,34.6884,45.815000000000005,False,2.0,402.0719999971334
"San Diego, CA",2026-06-24,38eccf5f01751d6f50d7e1c6b8d4a35c5c1c1f1ec4d905768cfea9b0631065c3,DMS,3,3,3,4,True,home_fixed_start,last_service_stop_no_home_return,osrm_road_network,san_diego_ca,driving,426a396765b90cceee002e91b3475f96fc871b01022a66fb9a646080adcdd2c8,success,,26.0356,33.85,False,2.0,401.5746000222862
"San Diego, CA",2026-06-24,49ce953d779a37523d7a7033070f7875873eb760f66f6cc1057c671b77571d1e,DMS,1,1,1,2,True,home_fixed_start,last_service_stop_no_home_return,osrm_road_network,san_diego_ca,driving,0b2e1c6c1ff6e0aaea0f78014a74ea45317d5cdeccae10834b2f15d3181c6b12,success,,8.1969,9.378333333333334,False,2.0,396.0273999837227
"San Diego, CA",2026-06-24,669813480d7326062ae2a88e8bc19b39161cc2a6e5ccf926e1987419917535d4,DMS,3,3,3,4,True,home_fixed_start,last_service_stop_no_home_return,osrm_road_network,san_diego_ca,driving,0cc7595bb6b68f8c0005a0668ae447a02fc47db8f79323667a5e07f07e6b69ea,success,,25.2104,31.976666666666667,False,2.0,408.9914000069257
"San Diego, CA",2026-06-24,98c65f181b4c04fb9d81023efd05c82bf2067bb34f400d20700f7d8341f5d724,DMS,3,3,3,4,True,home_fixed_start,last_service_stop_no_home_return,osrm_road_network,san_diego_ca,driving,6217037ce150bafeee7525c013673c9cb4d90cb799e4352fc0a6003393412cf2,success,,35.671099999999996,37.275,False,2.0,410.8704999962356
"San Diego, CA",2026-06-24,a170fc8eb7dc91ebb845d7111bc22a76ddbb3d5b68d2f1ad95b28191ee5836a4,DMS,3,3,3,4,True,home_fixed_start,last_service_stop_no_home_return,osrm_road_network,san_diego_ca,driving,0c46c0909bd3cf4d3c1c3eae0ad51576967a79af7126f11224a9a268b72a2056,success,,290.36690000000004,229.98,False,2.0,406.656600011047
"San Diego, CA",2026-06-24,bf732fa365694daad67ede848f347e2cd0d96615cfd06d852fb9db99c370ada8,DMS,3,3,3,4,True,home_fixed_start,last_service_stop_no_home_return,osrm_road_network,san_diego_ca,driving,50794effa60a3bea6c8d4705ff155c3990a230124fa8c12cb8158d1ca338069d,success,,46.131,48.669999999999995,False,2.0,401.22729999711737
"San Diego, CA",2026-06-24,e7117c30349e6fb29c2259cf94ecdc4d99dc3cac3360328dac0c41d13d889c83,DMS2,1,1,1,1,False,nearest_neighbor_best_start,last_service_stop_no_home_return,osrm_road_network,san_diego_ca,driving,7ca32f53137cd5e8f854f056cad121c6c66fc2dcf79945e810faf6af0a92efe0,success,,0.0,0.0,False,0.0,0.0
"San Diego, CA",2026-06-25,1321652a9a9882c5040d87ad8cd916061ad4ddc77850c9006881ca3d56a14867,DMS,5,5,5,6,True,home_fixed_start,last_service_stop_no_home_return,osrm_road_network,san_diego_ca,driving,e52199ca6ed75d9a85ea8c46b296caaa560b8eedb402eaaa0fed633592a91ffa,success,,51.5413,56.315000000000005,False,2.0,404.7718000074383
"San Diego, CA",2026-06-25,30ab5b741c1bf4e0a2c33c62af6bb1767cf6f919d0ed67507a7dd2f10997c339,DMS,2,2,2,3,True,home_fixed_start,last_service_stop_no_home_return,osrm_road_network,san_diego_ca,driving,5b95243945ef38f829d084c484cbc0a5d9af23ab0ec0471bc554639c6be6ecd9,success,,24.6466,28.283333333333335,False,2.0,412.48389999964274
"San Diego, CA",2026-06-25,5b23348d1e8e959037a7aa120e8549769b9e7b8720f1897ba2b17ae4e2a2334b,DMS2,3,3,3,3,False,nearest_neighbor_best_start,last_service_stop_no_home_return,osrm_road_network,san_diego_ca,driving,223c02544037f1ca921f814e5e9c3e416eefb85cc61e9ccc28bee046c5d97aac,success,,40.447199999999995,39.218333333333334,False,2.0,398.764299985487
"San Diego, CA",2026-06-25,67aed95ff45a12672494c38e9055f929bff7ca462d8858289dd27bab5755c600,DMS,1,1,1,2,True,home_fixed_start,last_service_stop_no_home_return,osrm_road_network,san_diego_ca,driving,0b3be2ce3690c4871a1eccf0b294678f6630399c63109b419d4162423dda3eef,success,,5.8815,7.98,False,2.0,393.36369998636656
"San Diego, CA",2026-06-25,80c6422669910ccd6f11047630d766086bfff1eb049ff8188fa444d40d8eb9b0,DMS,3,3,3,4,True,home_fixed_start,last_service_stop_no_home_return,osrm_road_network,san_diego_ca,driving,f01dc54979f9d53411721b19abf47c46895ca0bd3e6effa839a92595ae2d6c47,success,,56.8155,56.83166666666667,False,2.0,402.65269996598363
"San Diego, CA",2026-06-25,87382d5b59a8e9d338026fbaf12143fb6f39bae1235d3ce94f6c77550812f007,DMS,1,1,1,2,True,home_fixed_start,last_service_stop_no_home_return,osrm_road_network,san_diego_ca,driving,1bf9d242c38757402b40295b5f98f1c1d5eeb7a61e1027f01119fe3aea10ab06,success,,22.9435,18.561666666666667,False,2.0,393.1845999904908
"San Diego, CA",2026-06-25,8f917e296a5efa9bb348c2a2e3dd043bb1f955a8f7a6a0244cb380559d2bdba6,DMS2,1,1,1,1,False,nearest_neighbor_best_start,last_service_stop_no_home_return,osrm_road_network,san_diego_ca,driving,2a3bdeec95986185ea81d4db4c6975a2732162ff3156ec740b3156ddff48348b,success,,0.0,0.0,False,0.0,0.0
"San Diego, CA",2026-06-25,a22e1bed3591dee1ef71e7eb87d41784690c3317404b10d85707cf32b7b428bb,DMS,3,3,3,4,True,home_fixed_start,last_service_stop_no_home_return,osrm_road_network,san_diego_ca,driving,5d51b048b8df237250edf9d58d2fbf1409e14a819f33c076744d51c246c0908e,success,,74.9067,71.47666666666667,False,2.0,402.1364000218455
"San Diego, CA",2026-06-25,ce536113084eebc5af5bad89a17a8550357e0566527e0066968a37175c5db6b4,DMS,4,4,4,5,True,home_fixed_start,last_service_stop_no_home_return,osrm_road_network,san_diego_ca,driving,1a4e944ead407f7bf0686fa9e8e664843fd8179c4089d56fb653ac46ccc259fe,success,,30.369799999999998,40.684999999999995,False,2.0,402.5441000412684
"San Diego, CA",2026-06-25,dd065c636fbe20d602dc33b8c5b493cf3dbc35fc7cdbb3ab2b4c31cd76ca368b,DMS,3,3,3,4,True,home_fixed_start,last_service_stop_no_home_return,osrm_road_network,san_diego_ca,driving,9d061b72d8df07a6cf6aae0c76807df854b9e56341e061a3d7ace83ac354226b,success,,54.8954,48.345,False,2.0,402.3760999843944
"San Diego, CA",2026-06-26,13a00d8bdf99e27bb3603965603d6ec3169f4fba8c0cf13dae205ea7ed971c6a,DMS,4,4,4,5,True,home_fixed_start,last_service_stop_no_home_return,osrm_road_network,san_diego_ca,driving,595cca3dc6f713a55aaf81e7fa766467a68af293a4956aa75415e4f5f2c63764,success,,33.2044,37.973333333333336,False,2.0,413.8879000383895
"San Diego, CA",2026-06-26,332882041b408cd48db585706a97f3e100ff08059fe8e5a92ff9191ab747b7d4,DMS,3,3,3,4,True,home_fixed_start,last_service_stop_no_home_return,osrm_road_network,san_diego_ca,driving,d57a24a0ef3e37edea8e25ba3d36b01fb298f924a9a4edd41e4a5133a89a6ac0,success,,63.4299,62.83166666666667,False,2.0,402.486199978739
"San Diego, CA",2026-06-26,40f6dc3688753ae6246b40184e20c98fcf2fecd6b7603a8291b58c7e7b42ba52,DMS,2,2,2,3,True,home_fixed_start,last_service_stop_no_home_return,osrm_road_network,san_diego_ca,driving,9531e3f27b6eb7decb45a7352ecadbd9fd0ab54bb1470786069d556ec12ee8ff,success,,15.895700000000001,16.355,False,2.0,406.91329998662695
"San Diego, CA",2026-06-26,4f294a0b5fe1b26c7c4f639520f0cca1d5c3dcfece7e678487bd629699965b18,DMS,6,6,6,7,True,home_fixed_start,last_service_stop_no_home_return,osrm_road_network,san_diego_ca,driving,602509bea364efe8a2c93d45a2d442a31f045922d31bb0a406a8800b93bcd16d,success,,43.9165,55.208333333333336,False,2.0,412.98779999488033
"San Diego, CA",2026-06-26,7605235b9e20b14dce360bcd0ddd5f91bfcd0d914d1c666559209ea85d374d88,DMS2,1,1,1,1,False,nearest_neighbor_best_start,last_service_stop_no_home_return,osrm_road_network,san_diego_ca,driving,8b118f13fde68eabe73749556e0b210d5fa078ed1a17b3e8451740a338ab3015,success,,0.0,0.0,False,0.0,0.0
"San Diego, CA",2026-06-26,7a43534578f2ab0c8580ba750617cea256077d785a9f94c697f2abe8e4bfbb3e,DMS2,1,1,1,1,False,nearest_neighbor_best_start,last_service_stop_no_home_return,osrm_road_network,san_diego_ca,driving,9d9f641a9b92b934ac63270a0eedaeb9ab05ef3951b198b1dc5a3f28eec7f364,success,,0.0,0.0,False,0.0,0.0
"San Diego, CA",2026-06-26,8b32fbfb32dd7868f33381840caab3b985582d9514c0df0f30e7263e1036f60d,DMS,2,2,2,3,True,home_fixed_start,last_service_stop_no_home_return,osrm_road_network,san_diego_ca,driving,3bc1ce9ca4fb05b5f2761a23fc929f99f15a143b46de4a8538f51926c557d326,success,,41.6223,36.81333333333334,False,2.0,398.9051000098698
"San Diego, CA",2026-06-26,9831012cb53d40188d021fcb113eac144719249ccbed1b3b4f9b8cd56d265966,DMS,2,2,2,3,True,home_fixed_start,last_service_stop_no_home_return,osrm_road_network,san_diego_ca,driving,b81c7edf06dede97a719ad1a9ab0527f041aa9462e0be7cb053ac3aa21150fcd,success,,12.2971,16.79,False,2.0,414.21190003165975
"San Diego, CA",2026-06-26,a3bd2492ec67025ba270d6d168b14750943e879ef6bd77955175bab57ca073cc,DMS,2,2,2,3,True,home_fixed_start,last_service_stop_no_home_return,osrm_road_network,san_diego_ca,driving,be04aae3695bf9f69287c933c6864a1d2e7a4e65fc66a66eb53e212e40af6a3b,success,,78.5822,70.57666666666667,False,2.0,398.8409000157844
"San Diego, CA",2026-06-26,bc5536e1ca4277dab4011ddfb594bf4773f6d814a571d3548f46d8b821a5a623,DMS,4,4,4,5,True,home_fixed_start,last_service_stop_no_home_return,osrm_road_network,san_diego_ca,driving,26413bb26746e465aa4475a8a5f87224e077305103fbbf17fea3dc8328f4d03f,success,,57.631699999999995,65.93666666666667,False,2.0,403.1463000283111
"San Diego, CA",2026-06-26,caea03311c89c2c68c706fab757957fb5620654fa8e8b5015601a9699e2e2c0b,DMS,2,2,2,3,True,home_fixed_start,last_service_stop_no_home_return,osrm_road_network,san_diego_ca,driving,d0a24e70721b26d9854276102ba71e1d19b5a84afe71ccde7955854c5191e25f,success,,15.6145,19.833333333333332,False,2.0,396.9030999869574
"San Diego, CA",2026-06-27,47a79f98e3d6780d084f48444d79fa26fabe2179de5289456f66563bcfa0ed3b,DMS,2,2,2,3,True,home_fixed_start,last_service_stop_no_home_return,osrm_road_network,san_diego_ca,driving,b03d15c0b05f6adf64cdc41b27a0352fd1f8c218948410f57c1ce5377f98318f,success,,51.3106,55.875,False,2.0,398.9684000262059
"San Diego, CA",2026-06-27,c2cae54ae66531575fb954d9a9ed28238aebca90ccc5fbf32d75de466cbf92a7,DMS2,1,1,1,1,False,nearest_neighbor_best_start,last_service_stop_no_home_return,osrm_road_network,san_diego_ca,driving,9ab111a9987443aa1a37057c59a0de8f871700f0c031b14f39ab62bce4c696f3,success,,0.0,0.0,False,0.0,0.0
"San Diego, CA",2026-06-29,0f72046226567983b1e4d64edd5beb14fd2eccacfc2d72ad810a11332d1109ca,DMS,4,4,4,5,True,home_fixed_start,last_service_stop_no_home_return,osrm_road_network,san_diego_ca,driving,70102a34b95e25892c8d6bbd7fa319d466a46c78fb9ef4db47a9ee6b293bb3e9,success,,55.6111,54.748333333333335,False,2.0,424.26470000646077
"San Diego, CA",2026-06-29,1e69ec78365dded0dc8e09a4e78c0147d33d44d695b42802b7f5135ff1c2c97f,DMS2,2,2,2,2,False,nearest_neighbor_best_start,last_service_stop_no_home_return,osrm_road_network,san_diego_ca,driving,98f37ac0491b7100d8186c7ae9d8955d0115856204a0fddbb7915291718d448d,success,,4.671600000000001,6.405,False,2.0,394.8902999982238
"San Diego, CA",2026-06-29,5eb26bb81085e1c4c95ec3c505fcc42c3ad0f7c4941a987639769a79280b574e,DMS2,1,1,1,1,False,nearest_neighbor_best_start,last_service_stop_no_home_return,osrm_road_network,san_diego_ca,driving,c93ef57edec492ca4b1aa9f89f0be8e6409844932755e57f2dc5ac9f8b19eb75,success,,0.0,0.0,False,0.0,0.0
"San Diego, CA",2026-06-29,64deb73881b0405b200132aad8cdee6be3df81eb6155e25fe15f48cc678a5996,DMS2,1,1,1,1,False,nearest_neighbor_best_start,last_service_stop_no_home_return,osrm_road_network,san_diego_ca,driving,ba4f845e4413f65e2c8506d7b48abbffd83c15bf5f672ade8861755d51fbe7fa,success,,0.0,0.0,False,0.0,0.0
"San Diego, CA",2026-06-29,66cc671932a467ae00a087ce121ebc4648b0cb8cbdf09f09a21a2c272c38a671,DMS,4,4,4,5,True,home_fixed_start,last_service_stop_no_home_return,osrm_road_network,san_diego_ca,driving,54d02632b9ad3ad6c1a5656897be00146f6326ae8b405944ea6935cec33684c2,success,,34.065599999999996,40.285,False,2.0,401.8268999643624
"San Diego, CA",2026-06-29,75c2958bec2d50e349b887f23782cdccdc098f6503c21a7fc18c522f068faa99,DMS2,1,1,1,1,False,nearest_neighbor_best_start,last_service_stop_no_home_return,osrm_road_network,san_diego_ca,driving,69f7b049deb7bfb3e33e5392153c8adb5958bcb2f4e69539b6112e6a4bea2f0d,success,,0.0,0.0,False,0.0,0.0
"San Diego, CA",2026-06-29,c413279931a4b26ed7f52793e5b2825ea00987e75cf011d075c916cfd2443636,DMS,4,4,4,5,True,home_fixed_start,last_service_stop_no_home_return,osrm_road_network,san_diego_ca,driving,6a49d782e1752aa9fee23058d22330cb287ac05f46488710f37cb6ab27f9490f,success,,69.9518,89.86333333333333,False,2.0,406.15160000743344
"San Diego, CA",2026-06-29,c4c2e09439e18be1ad17e16fd6d8ac2d22140fa2b91969c1c492223f65b45214,DMS,5,5,5,6,True,home_fixed_start,last_service_stop_no_home_return,osrm_road_network,san_diego_ca,driving,c03af854acc5150fecf5f932d4ff2363600f4ea182500208f298bb05a221977c,success,,84.5577,85.73,False,2.0,412.67570000491105
"San Diego, CA",2026-06-29,c7b83e80ecc555d63a26eb7e93cccd665c8ef4c98b0dcd45a0369c9ca2c8d5c2,DMS,4,4,4,5,True,home_fixed_start,last_service_stop_no_home_return,osrm_road_network,san_diego_ca,driving,3d2ea56e3817966f3d5f877860c08a4a75c3f5b2030e8fbe726bf03fde799962,success,,123.2611,113.58666666666666,False,2.0,409.44370001670904
"San Diego, CA",2026-06-29,f3457a37b04f9b86c1c0ac55310e33abb113d6ee035f5f55a8a13fbeb9433712,DMS,6,6,6,7,True,home_fixed_start,last_service_stop_no_home_return,osrm_road_network,san_diego_ca,driving,b8be19716257a4c58767b333d3de2d9eea78fa89ef3fb2f082a3ea5f0c473f5b,success,,25.8835,35.61833333333333,False,2.0,411.6740000026766
"San Diego, CA",2026-06-29,f9fc86a0dc875d936ed2a021baa2f537cafd4cf07a76b68a2d17d56e3abae58a,DMS,5,5,5,6,True,home_fixed_start,last_service_stop_no_home_return,osrm_road_network,san_diego_ca,driving,82b1d054fe373cd6ec3b498023a1f494313e294a1e2d72244f1d99a6eefc911c,success,,58.335300000000004,64.785,False,2.0,406.7077000217978
"San Diego, CA",2026-06-30,0f30066e960141148364e35d3cde728b3d49098cfb3efe1898ba5788120bd6a7,DMS,3,3,3,4,True,home_fixed_start,last_service_stop_no_home_return,osrm_road_network,san_diego_ca,driving,188ca5f6a087f6418d2fc6c8570d3ade153be690e5479090435f39adf6c03cda,success,,26.836599999999997,33.309999999999995,False,2.0,401.9105000188574
"San Diego, CA",2026-06-30,4d9fc965fbe7699b437c6e1ea31f2011a3045fead485845a5ff5277367761f2f,DMS,3,3,3,4,True,home_fixed_start,last_service_stop_no_home_return,osrm_road_network,san_diego_ca,driving,aa5f87da65767f8c80c328a21574a27cbfcb02ededeff7fad5b8381e544203da,success,,11.241200000000001,16.011666666666667,False,2.0,399.07119996496476
"San Diego, CA",2026-06-30,5ee0f5d248165c883032baad93ad124c581781258409cbbd10fbdd0d2b957415,DMS,4,4,4,5,True,home_fixed_start,last_service_stop_no_home_return,osrm_road_network,san_diego_ca,driving,38bbaa16da4f6b891a9a254d2a06ab5f121d2a471b74d81cca9025a09f29f8ea,success,,183.16629999999998,160.56333333333333,False,2.0,408.9524000301026
"San Diego, CA",2026-06-30,6a631b79b3fc14dc5fc2fe8af9a7b938abe0537216d17be4818d13a5ad52d14c,DMS,3,3,3,4,True,home_fixed_start,last_service_stop_no_home_return,osrm_road_network,san_diego_ca,driving,5b6e616898cae9d9597a5ffeef3ee4557e319db38253def08ae8cdad441a391d,success,,13.4804,21.006666666666668,False,2.0,400.49099997850135
"San Diego, CA",2026-06-30,8adbb1a268f53ceb15db4aadbcc42310bb82b220178eeb1227b0a4cb1dbc4316,DMS,2,2,2,3,True,home_fixed_start,last_service_stop_no_home_return,osrm_road_network,san_diego_ca,driving,f88d1f76996241a2445884dd351fa16ed329612b4cb87bb9e5a5f36f3b7e498e,success,,19.3369,25.821666666666665,False,2.0,397.1610999724362
"San Diego, CA",2026-06-30,d556bd231ceafa4af3153df3d3a663a4163f502e36d3a9ebbe463d124f345665,DMS,6,6,6,7,True,home_fixed_start,last_service_stop_no_home_return,osrm_road_network,san_diego_ca,driving,7a584cb7e38d9e6ce926f5b43cc8bd974f7687303e57a770dcb3dbb65c9d5ae2,success,,98.5842,106.10666666666665,False,2.0,410.900999995647
"San Diego, CA",2026-06-30,d5cc241555b1c88361d5306983d02828b14b7f1e773d8bd65269359034406ed3,DMS,4,4,4,5,True,home_fixed_start,last_service_stop_no_home_return,osrm_road_network,san_diego_ca,driving,7a3d58eb493a6281dd32f51cbee6418f72aad0460f6cc6949a57b7b3f41fbae9,success,,49.5908,56.88,False,2.0,409.86649997648783
"San Diego, CA",2026-06-30,e3303cf4ed3bd14219b61ebb93db75081cddca9a7e34becc79b2e9431af85ebb,DMS2,4,4,4,4,False,nearest_neighbor_best_start,last_service_stop_no_home_return,osrm_road_network,san_diego_ca,driving,52acf4b268edbe37de5cbd138d29f9a9bb8d569f5f72b8ce510a8f894e27c68e,success,,108.58189999999999,100.7,False,2.0,422.3246999899857
"San Diego, CA",2026-06-30,f4165083fe711aa92187b459a53da0f294e6564c3200f5193dc5d1e79586f301,DMS,3,3,3,4,True,home_fixed_start,last_service_stop_no_home_return,osrm_road_network,san_diego_ca,driving,3b2f864d2b254dda5b69d52d1ee6deec4116eb45dd4632a6df7679adcbe35536,success,,26.3312,33.03666666666667,False,2.0,403.72699999716133
"San Diego, CA",2026-06-30,f5688732c2ed04fd5d2f66a9b2942c8e11f0715cf0baf9323a3347780a8d1dcb,DMS,2,2,2,3,True,home_fixed_start,last_service_stop_no_home_return,osrm_road_network,san_diego_ca,driving,a4024970ab9468da55c864df0a25dac15d5b6a8913d3830b09cdb1aeca5d7a8d,success,,28.9258,33.068333333333335,False,2.0,399.15370001108386
"Washington, DC",2026-06-01,1f89bcf93b5be27e45cefae8bda1a91de3616209232c9079ce4e8cb3ba5db933,DMS2,9,9,8,8,False,nearest_neighbor_best_start,last_service_stop_no_home_return,osrm_road_network,washington_dc,driving,13598aff8790d0e79c7a713e08328f3899674b09dfa8839eb9fdace640c1d003,success,,13.779200000000001,24.95,False,2.0,407.31089998735115
"Washington, DC",2026-06-01,371dbcc1cf3af65fe9a0725ffbc9f41dea87bed28b2bd6f1726d2da974b95267,DMS,7,7,7,8,True,home_fixed_start,last_service_stop_no_home_return,osrm_road_network,washington_dc,driving,79d0d2d5bacf7310afd98b13fc7ddd784ca0f54889816d2f6391f00f8edb6489,success,,27.622400000000003,41.775,False,2.0,586.3570999936201
"Washington, DC",2026-06-01,69e4deae2ff542fe5d46530d6433083c6e9956d963932078c85aac0865507c32,DMS2,4,4,4,4,False,nearest_neighbor_best_start,last_service_stop_no_home_return,osrm_road_network,washington_dc,driving,0de1ee1470eafb119422c28b676d42ed42d2ef0af340212f381a035bd60191e5,success,,7.5402,14.536666666666667,False,2.0,581.3839999900665
"Washington, DC",2026-06-01,7e4c0a0923a68ec1b8a45d6e2992b0c9ae13074ed9096a0576ada031b9dfc482,DMS2,6,6,6,6,False,nearest_neighbor_best_start,last_service_stop_no_home_return,osrm_road_network,washington_dc,driving,99edb899ec48a81d3a1e1cecde6746d038d82667b10824a79483d17f86a54392,success,,34.8369,59.82666666666667,False,2.0,417.5606000062544
"Washington, DC",2026-06-01,8a7bfc6527ed96c93edb9ce7c6fea38024cb4762914fe8166ca5f3d1a3a05a84,DMS,3,3,3,3,False,nearest_neighbor_best_start,last_service_stop_no_home_return,osrm_road_network,washington_dc,driving,8f11bb2794a3ba6b58219cc1922cfb1d1c20f33890bc3a9119f033cd57f4a73c,success,,21.419,36.61,False,2.0,584.0465999790467
"Washington, DC",2026-06-01,c574b0fe71e96b319cf5ebf60864f2b96f7598f6f414ac1f5f0e0e309668be05,DMS2,3,3,3,3,False,nearest_neighbor_best_start,last_service_stop_no_home_return,osrm_road_network,washington_dc,driving,20e4f840fa43115793ec7ffe24a0fd15b78644057f7f5d9594a0b83185db415d,success,,11.947799999999999,17.226666666666667,False,2.0,392.67539998400025
"Washington, DC",2026-06-01,ce36cb5159b3d15b689d9eb62e8e62ea534bf8f1acae65ad83a94e5097d3ab27,DMS,1,1,1,2,True,home_fixed_start,last_service_stop_no_home_return,osrm_road_network,washington_dc,driving,2af2911ab431ca519aa04c8bc48043861856cd1aaeb50332ea7d2e0a4bfa37b3,failed,zero_route_for_distinct_coordinates,,,False,,
"Washington, DC",2026-06-01,da070a00f1d4a6873ee02c04bb564baf2188d0e393f6ea61e2fe4b9314675ad1,DMS2,6,6,6,6,False,nearest_neighbor_best_start,last_service_stop_no_home_return,osrm_road_network,washington_dc,driving,4e43993da07106cacfbff120bb5908decec088da2241a4f91bd9dfa1d6e72765,success,,32.4115,50.913333333333334,False,2.0,411.47280001314357
"Washington, DC",2026-06-02,0ee3b5c2644dba13969c1fe884dccb714fe300f522d4a0bebbf5bbcdfaa4a445,DMS2,3,3,3,3,False,nearest_neighbor_best_start,last_service_stop_no_home_return,osrm_road_network,washington_dc,driving,e4891058aaf6f9398d2cb50fd80d3392371efc3ab40bf7b02a1bdab5508118b9,success,,12.851,26.33,False,2.0,395.43570001842454
"Washington, DC",2026-06-02,31848857eba5572972efa29a85be640d9c0b6d432eb12e729223ae71cadf355e,DMS,5,5,5,6,True,home_fixed_start,last_service_stop_no_home_return,osrm_road_network,washington_dc,driving,c5d27b6553d1fad8b417f97a6502d4652f2f540493182e31614ce3325ccd5200,success,,28.0856,42.86333333333334,False,2.0,404.1175000020303
"Washington, DC",2026-06-02,526af1c68d9cd58ad1ebfecd40043d5ce038cfa69d4205ca835311277b742780,DMS,5,5,5,6,True,home_fixed_start,last_service_stop_no_home_return,osrm_road_network,washington_dc,driving,31d42540292d9520e9574fce6cdbca463d763753fbe8dbd5ba8c5a8230d8c727,success,,3.6512,5.941666666666666,False,2.0,396.689699991839
"Washington, DC",2026-06-02,5f1e2a8f1ddff1511637a434cd1a98f6a85a58bff0fa7bef7b3a8266883b2c1b,DMS,2,2,2,3,True,home_fixed_start,last_service_stop_no_home_return,osrm_road_network,washington_dc,driving,cd59ed89d013babc3e4b4aebb6e891cb16b9f6e5aab1911e60ae0a0df1c1d405,success,,23.7117,40.538333333333334,False,2.0,392.9241999867372
"Washington, DC",2026-06-02,5f832e71078eeb181e434be4034a031a1e470146b0bebf391be43c415767daa1,DMS,2,2,2,3,True,home_fixed_start,last_service_stop_no_home_return,osrm_road_network,washington_dc,driving,975ba216675332eb997796c1a0699323281c2ac245681f8c5d22f9f02f3b9407,success,,23.7591,32.82666666666667,False,2.0,396.2746000033803
"Washington, DC",2026-06-02,749acaef29af985a05b49bf494d79a04976f5809ea3994611735f7c67b83f0d9,DMS2,4,4,4,4,False,nearest_neighbor_best_start,last_service_stop_no_home_return,osrm_road_network,washington_dc,driving,e63356e347f4d743c98ae996e4c759b16d1c4e72c475dd927c5284790c423430,success,,18.7605,30.53166666666667,False,2.0,395.9782999882009
"Washington, DC",2026-06-02,94ae34a9aec04d9d5f74280b3ef399406bf18dc39cc4617c33294f336d6a8cfd,DMS2,6,6,6,6,False,nearest_neighbor_best_start,last_service_stop_no_home_return,osrm_road_network,washington_dc,driving,fc13b9504f988a96f12bb0fffbd5feb1134e5a9b4ed1faa3a22f1d32b8d9f5f5,success,,5.3213,9.465,False,2.0,400.6437999778427
"Washington, DC",2026-06-02,ade9982b477bac163e114702474ce3ec071e9789ba1defbeb52deccc505c336f,DMS2,3,3,3,3,False,nearest_neighbor_best_start,last_service_stop_no_home_return,osrm_road_network,washington_dc,driving,4356af36a3551182e78b4dc1eaa670a393531da68838cac3e36e6f57d42b0917,success,,12.672600000000001,23.735,False,2.0,392.1439999830909
"Washington, DC",2026-06-02,c12d465bc20457f5a4ebabd1c478e9be415e4ae2a2e105b1dca0ff08b77e80c6,DMS2,4,4,4,4,False,nearest_neighbor_best_start,last_service_stop_no_home_return,osrm_road_network,washington_dc,driving,817ff36299eb82d2019b70fab588ca56460868abc20477fcf6b089dfd6a9c540,failed,zero_route_for_distinct_coordinates,,,False,,
"Washington, DC",2026-06-02,c35ed89283b795df7a67b5a03638633aebca25359f34bbdbce68537e623a6753,DMS2,1,1,1,1,False,nearest_neighbor_best_start,last_service_stop_no_home_return,osrm_road_network,washington_dc,driving,e85477bc6d50809c521137df3ec8640960499aa4a9e5caef05a54543805fb153,success,,0.0,0.0,False,0.0,0.0
"Washington, DC",2026-06-03,0b9ba8c33d444baed03e6344cfe080c2d8f3e1407334fb27875fec6df8a1be6e,DMS2,7,7,7,7,False,nearest_neighbor_best_start,last_service_stop_no_home_return,osrm_road_network,washington_dc,driving,e2c9d10ad1d93b1079c54632edd9ef567327fe4b0a77ca152d367cd83e01fa6d,success,,5.3213,9.465,False,2.0,398.15109997289255
"Washington, DC",2026-06-03,281114ee33227c1d3e93b351740bb082ad845c599f813b3e4fbb1d47f7d876ad,DMS,7,7,7,8,True,home_fixed_start,last_service_stop_no_home_return,osrm_road_network,washington_dc,driving,8d97b9a653f79d4a85e17d71678515c0350583f004b86611a4393dfb1c590cb0,success,,24.1253,34.74666666666667,False,2.0,403.9477999904193
"Washington, DC",2026-06-03,373f4cedbc85075042fe600a7640de467a9b7f5e44f27becc5ee2677143fb082,DMS,2,2,2,3,True,home_fixed_start,last_service_stop_no_home_return,osrm_road_network,washington_dc,driving,5fcf92dcbde021ea0427ceaffdbc26c1e55b54324411f28f6e54f1ff3b586a80,success,,23.7591,32.82666666666667,False,2.0,393.9255999866873
"Washington, DC",2026-06-03,3c02b309f9b656511c20e9e8634e055a707ab54d866eaf8b4378895c23e1d669,DMS2,3,3,3,3,False,nearest_neighbor_best_start,last_service_stop_no_home_return,osrm_road_network,washington_dc,driving,44d28fbe98b8560e95cc0aad593d2be01003d34333d49e9eec155e7eaae78d80,success,,23.8703,33.955,False,2.0,396.4487999910489
"Washington, DC",2026-06-03,54e03ffe60ed1da591e5f5e835bd98e5b74593e4217b97db72b19b899a31570f,DMS2,3,3,3,3,False,nearest_neighbor_best_start,last_service_stop_no_home_return,osrm_road_network,washington_dc,driving,2a05f28ef2de95b7fa2bc1d565c2fd922e4e43a05df55ab9c300232d6e043642,success,,3.6713,7.636666666666667,False,2.0,396.5140999935102
"Washington, DC",2026-06-03,85876abfe6255b607c9d48a43041221a709017d2fd83ea290e6d79361c5004e4,DMS,1,1,1,2,True,home_fixed_start,last_service_stop_no_home_return,osrm_road_network,washington_dc,driving,5f5d5af3d0c0c05da1206f71b9dac29c558a8a5c4eaf233442972898b310eaea,success,,10.9874,19.223333333333336,False,2.0,388.93190000089817
"Washington, DC",2026-06-03,a7392f9785f5ece291eb2e36e3cdb6f89f7552ede142fa6d3f385a8ba06229c5,DMS,3,3,3,4,True,home_fixed_start,last_service_stop_no_home_return,osrm_road_network,washington_dc,driving,71db44a0f1fa013035ea613dae0c897746ce829dbdb25218365fb3b5d12a81c9,success,,3.6512,5.941666666666666,False,2.0,413.04559996933676
"Washington, DC",2026-06-03,c44efc644e2dd29bf41ee47f21fe4bee84c9e7564cd50b23ec534e741c1080cf,DMS,1,1,1,1,False,nearest_neighbor_best_start,last_service_stop_no_home_return,osrm_road_network,washington_dc,driving,7fc9c59c491af8ab013a520b5531a5acf86be3c620d35f7252922a766bd9af1b,success,,0.0,0.0,False,0.0,0.0
"Washington, DC",2026-06-03,d7c25f8ca166eac20942fcf0f35c5e80d7720a812956e684b9f615ee3c151972,DMS2,6,6,6,6,False,nearest_neighbor_best_start,last_service_stop_no_home_return,osrm_road_network,washington_dc,driving,375e76e2d7cd3eca67a38f3bcc2fddd6346733f41ec4541582852888802b134a,success,,11.5884,24.178333333333335,False,2.0,403.28340002452023
"Washington, DC",2026-06-03,ec0420670f190abe80cc6de7bcc42782f23dd654edb2accc9b811a91ca89f230,DMS2,3,3,3,3,False,nearest_neighbor_best_start,last_service_stop_no_home_return,osrm_road_network,washington_dc,driving,2516bd6e8c8bd9a5a0cc06b9ed77416b2929e48e90985b39b352bf50b6be8842,success,,13.252,23.105,False,2.0,393.17659998778254
"Washington, DC",2026-06-03,fe35c377dc3532361eac12e3a25f7bca616565506ddcd4cc2fcdf69c6704c413,DMS2,8,8,8,8,False,nearest_neighbor_best_start,last_service_stop_no_home_return,osrm_road_network,washington_dc,driving,06942fff5cc8e32b6edc04ce0512fa09fad10337e8c68b17a2ef2d2bd1ed752c,success,,22.7194,47.31666666666667,False,2.0,411.047299974598
"Washington, DC",2026-06-04,145c5239f01f6c3609c1d20110a97a407c73de165d35586116dd1d03e9223ff7,DMS2,7,7,7,7,False,nearest_neighbor_best_start,last_service_stop_no_home_return,osrm_road_network,washington_dc,driving,68ad85b143eca4ce7346f70ce372b71359a648fe7e485e041ae489c0d7cc0416,success,,12.5936,27.154999999999998,False,2.0,410.1407999987714
"Washington, DC",2026-06-04,2ac8b97653ce4bc8d25e51b051ecfe6e1b75bde1cb8a7ca947342774f08fcb3f,DMS,2,2,2,3,True,home_fixed_start,last_service_stop_no_home_return,osrm_road_network,washington_dc,driving,0c905663042dff9b558267d2df07861ec5d5b6f302b1667b5a0212dd0009c68f,success,,23.7591,32.82666666666667,False,2.0,413.16419999930076
"Washington, DC",2026-06-04,4baa18b235a8be42eb5953438858f3fe428f939152ddd6150d6f08a646fb7faa,DMS,2,2,2,2,False,nearest_neighbor_best_start,last_service_stop_no_home_return,osrm_road_network,washington_dc,driving,6ddf3800d892838c72c059d41f7b64cee09619ab8e890f2e7ade548d0612f755,success,,12.4674,19.248333333333335,False,2.0,394.7561999957543
"Washington, DC",2026-06-04,55c04d1df304bc49041e43a681d76a72c0e1e074063133c26f04bbd01deeba4e,DMS2,4,4,4,4,False,nearest_neighbor_best_start,last_service_stop_no_home_return,osrm_road_network,washington_dc,driving,bc35374601681b7365a689bbaa053364886ca67872efc5a03f321542fc2ecdac,success,,13.4749,20.171666666666667,False,2.0,397.7660999807995
"Washington, DC",2026-06-04,5750e5139ee0d7abdd72cd910afc27258cb9e428346c3cdd290a5ec454d56f58,DMS,3,3,3,4,True,home_fixed_start,last_service_stop_no_home_return,osrm_road_network,washington_dc,driving,f5353b24d9396ae624c3917d025ca048a428867b7b92f05da2d829f96611b31c,success,,3.6512,5.941666666666666,False,2.0,391.93180002621375
"Washington, DC",2026-06-04,69186dca04967fc10cbe2bd28d71ff26cfba356cf3e941fb894b0a2a028e2ff4,DMS,3,3,3,4,True,home_fixed_start,last_service_stop_no_home_return,osrm_road_network,washington_dc,driving,38239cbe66a180c0e21b124433848f834c044ef5319229bbc30ba90ccd16564d,success,,24.1253,34.74666666666667,False,2.0,399.02800001436844
"Washington, DC",2026-06-04,6b31a7620da73e441a955305d04bc4b6b9a8c3cfa9ed2f3c4d2a7c88d369b12a,DMS2,3,3,3,3,False,nearest_neighbor_best_start,last_service_stop_no_home_return,osrm_road_network,washington_dc,driving,19f704b6fedf1dd0a1d980c5d632822aa9eaf9fd3e55823795412411bb3aea79,success,,7.5402,14.536666666666667,False,2.0,394.8914000065997
"Washington, DC",2026-06-04,da6d78bce7e7c7f44ffbee893c4716fef4265667cb55659362b375e9803d1184,DMS2,4,4,4,4,False,nearest_neighbor_best_start,last_service_stop_no_home_return,osrm_road_network,washington_dc,driving,617a39b82855c9777a4775513d4d8f5d993410d0adb1e4f791241e6aabc2a863,success,,23.122799999999998,38.663333333333334,False,2.0,412.864299985813
"Washington, DC",2026-06-04,df284af9ef8f09afa94e0617fc3af4309da38779251c736ecd3930cecaae7b96,DMS2,5,5,5,5,False,nearest_neighbor_best_start,last_service_stop_no_home_return,osrm_road_network,washington_dc,driving,5d12c28636cc672b16bb0240df469cdd232443a9276ab549bb431372aa6783d1,success,,27.2562,39.855000000000004,False,2.0,413.7231999775395
"Washington, DC",2026-06-04,fb22a2279ad0a104966586dfa371c7d7d3d2338cd0af43181a60faab213f0adc,DMS2,6,6,6,6,False,nearest_neighbor_best_start,last_service_stop_no_home_return,osrm_road_network,washington_dc,driving,db94cbadece29da7f9692bb3cb3ab75d5b9fa8281960e1d3d5d5d75cb1009735,success,,5.3213,9.465,False,2.0,402.04010004526936
"Washington, DC",2026-06-05,015b16c6b46612dc76d16d3757479af3c498216ee56dba744c5dfbeaa4df0fbd,DMS,3,3,3,4,True,home_fixed_start,last_service_stop_no_home_return,osrm_road_network,washington_dc,driving,6800c28d3705d69233ee5e790b365208b8d0857136f19722844daef1a3993974,success,,21.1621,30.78666666666667,False,2.0,400.83850000519305
"Washington, DC",2026-06-05,063158cf407ac5bd1f1ca1616b3f9f1f29038a00006fa912e0574ca4ea1592c3,DMS,4,4,4,5,True,home_fixed_start,last_service_stop_no_home_return,osrm_road_network,washington_dc,driving,12d1f300b69018b670eda84dc0958ec9dd787dda6aa8bda90805eb68ded5a510,success,,19.141299999999998,34.29,False,2.0,398.15310001722537
"Washington, DC",2026-06-05,217311d8528862b852053451183df0fb60090bc6f3a1999581621c6bc3bb4753,DMS2,2,2,2,2,False,nearest_neighbor_best_start,last_service_stop_no_home_return,osrm_road_network,washington_dc,driving,5092f3955fc06bb54d615ed22258bf130f1a362beefefd8eb50d1786107d4a1c,success,,16.0126,26.918333333333333,False,2.0,396.7357999936212
"Washington, DC",2026-06-05,4a490528ad43259d448035fbdd76bd1f3e950e60f413ef01f7bc6a8bf003ba83,DMS,4,4,4,5,True,home_fixed_start,last_service_stop_no_home_return,osrm_road_network,washington_dc,driving,3bac8c1ee9bc225dda093f98935791f12c4b79845f3a9ccfade3c0f4a07376ff,success,,23.7591,32.82666666666667,False,2.0,402.920799999265
"Washington, DC",2026-06-05,6ac731b387461ba788f73b26aed80d8c52e13bd27858371236cf4c7065d76bf1,DMS2,7,7,7,7,False,nearest_neighbor_best_start,last_service_stop_no_home_return,osrm_road_network,washington_dc,driving,afacbe26cd0cd54c5a73849c46c0ba4ebe50ddc88c96c3c8e8713224e5adbc13,success,,46.9749,73.305,False,2.0,406.2411000195425
"Washington, DC",2026-06-05,6ee25e2ffa94a3f90606924fa7b1aa75ad0762040d7b334b9e26deba89742f41,DMS2,9,9,9,9,False,nearest_neighbor_best_start,last_service_stop_no_home_return,osrm_road_network,washington_dc,driving,bb90969cfc1b22f68b7c3c55d61cddc4e2ede6ded9f5c2a656401f18bc37cb4e,success,,5.3213,9.465,False,2.0,403.7362999806646
"Washington, DC",2026-06-05,95624382bb02ccb391ea97df3d0efa504cbc37ce1b7d8672f325869d63b59483,DMS2,6,6,5,5,False,nearest_neighbor_best_start,last_service_stop_no_home_return,osrm_road_network,washington_dc,driving,825c271b64aa584cef05c43e975e1f7d58fccd7be57032f928cef3b2cb14bffd,success,,7.5402,14.536666666666667,False,2.0,402.1781000192277
"Washington, DC",2026-06-05,dc9a84307f5ebd751a06f83ad7de15e168fe4c41f75eb6b4334dd8d6e8d89f79,DMS2,1,1,1,1,False,nearest_neighbor_best_start,last_service_stop_no_home_return,osrm_road_network,washington_dc,driving,045a8a3040653c659ccf0d15333f85fb2a8e66d00dd9f08e70afd9308c1f274e,success,,0.0,0.0,False,0.0,0.0
"Washington, DC",2026-06-05,e7f10e9868344dd1c2ff906caa86eeef6dac1dd850b2fd029f8d7c62a8d39c3d,DMS2,4,4,4,4,False,nearest_neighbor_best_start,last_service_stop_no_home_return,osrm_road_network,washington_dc,driving,a7b2d159b42b73ba9d4dd50d8ca37305ad858016ccee6100ffc12474667f158f,success,,10.026399999999999,14.275,False,2.0,399.69289998407476
"Washington, DC",2026-06-05,f7b894a76d6363631184b6f3c31081d3a7a2f3f3a67f89631597630b9c98acd0,DMS,3,3,3,4,True,home_fixed_start,last_service_stop_no_home_return,osrm_road_network,washington_dc,driving,27c51e54e8af27f029c306590c0651bb668a4843f8946a18f8937ca6713a3336,failed,zero_route_for_distinct_coordinates,,,False,,
"Washington, DC",2026-06-08,30f6598f0fa5aad9d5d32a5022ace7124d8828ab4200f6457102f3a313b1c5e8,DMS2,5,5,5,5,False,nearest_neighbor_best_start,last_service_stop_no_home_return,osrm_road_network,washington_dc,driving,0282be6c42c5b652ef0b9f0c3b2f4b6490e0ebba00f56874c0152e00f29402d2,success,,23.504099999999998,32.035,False,2.0,397.38719997694716
"Washington, DC",2026-06-08,32181a872e9e013e82243e633370975b6059adbecbdb1b1ef6b60de58a3565b2,DMS,3,3,3,4,True,home_fixed_start,last_service_stop_no_home_return,osrm_road_network,washington_dc,driving,28f029024b625c2e61b8f2d86493e41a56696427b4b3acab7cfefe4d24ea321f,success,,3.6512,5.941666666666666,False,2.0,395.07850000518374
"Washington, DC",2026-06-08,3acfce01d12370710304918e1597e034ac9b7ba5ee028df0bcd1c86f8758dc32,DMS,3,3,3,4,True,home_fixed_start,last_service_stop_no_home_return,osrm_road_network,washington_dc,driving,86321d4617e1d2e7c56c8df778c7629b35f469c78a4550629f7e46dafabd8b34,success,,23.7591,32.82666666666667,False,2.0,397.7867999637965
"Washington, DC",2026-06-08,3cd6b24ac8f766fbe8e8715bf2cd096d36f0cdac9417e79be8e40a91b32667d5,DMS2,2,2,2,2,False,nearest_neighbor_best_start,last_service_stop_no_home_return,osrm_road_network,washington_dc,driving,2595b5b36da07caa7854cc1f16dfd049912003ef155d70d1cc474ef146803fa2,success,,16.1152,27.368333333333332,False,2.0,394.3074999842793
"Washington, DC",2026-06-08,5c552b93241c098a064b7c4443937f3460b043ceec6102623295955f496c3ec0,DMS2,4,4,4,4,False,nearest_neighbor_best_start,last_service_stop_no_home_return,osrm_road_network,washington_dc,driving,de5583fd8baa642d949cb76c7a55e447e7c7ea6abffa32cb1b39d7d533a05e68,success,,28.6728,43.66166666666666,False,2.0,395.77239999198355
"Washington, DC",2026-06-08,811120d9f199e024d76cf52a417ee3f09db0f61f4a6ad186faa64364be14441b,DMS2,5,5,5,5,False,nearest_neighbor_best_start,last_service_stop_no_home_return,osrm_road_network,washington_dc,driving,c43421906a3bc1a41d02063c70b0db6b70dced14f2081d53eb0b16674f90e27c,success,,32.825900000000004,56.09166666666667,False,2.0,400.8468000101857
"Washington, DC",2026-06-08,aa3855354b92f7a7626c9106e5f853fb63aeb62549661c92e86d530c63be7da7,DMS,1,1,1,2,True,home_fixed_start,last_service_stop_no_home_return,osrm_road_network,washington_dc,driving,cafc16d7e9e0a5f447b239323b232afc1cbd6fa41c9cfd84bb5b4b67398f7d12,failed,zero_route_for_distinct_coordinates,,,False,,
"Washington, DC",2026-06-08,b38cb75de684f3999c4fcfae392c3648955175bebd9c88be3e916d8865013a6b,ASC,1,1,1,1,False,nearest_neighbor_best_start,last_service_stop_no_home_return,osrm_road_network,washington_dc,driving,b146c7e5dcd31177f79cb26b780d408aedb92b9d2638492a8d2edf85bb728d23,success,,0.0,0.0,False,0.0,0.0
"Washington, DC",2026-06-08,e25d790f30e2d787973beb9600dfb1188200cdab54cf02803c20b99184a7ab90,DMS2,10,10,10,10,False,nearest_neighbor_best_start,last_service_stop_no_home_return,osrm_road_network,washington_dc,driving,39ce099717f8b7f31ded1ee05b3e04f049a5cfc9ab1693dec91673a87f087fba,success,,5.3213,9.465,False,2.0,409.121899981983
"Washington, DC",2026-06-08,fdc8b6eea13d9428b722cc19d356c7e3d81420e413ce94bbc501f0a49e7e03b4,DMS2,1,1,1,1,False,nearest_neighbor_best_start,last_service_stop_no_home_return,osrm_road_network,washington_dc,driving,5f8a9a223152abd40e301fadb9243c0c3ed68432d1df607a135c2a893d6b26f4,success,,0.0,0.0,False,0.0,0.0
"Washington, DC",2026-06-09,0b43322499a853aa3091c04608f3a26d5e9fb1410dab9589462f28d8825f4ecc,DMS2,7,7,7,7,False,nearest_neighbor_best_start,last_service_stop_no_home_return,osrm_road_network,washington_dc,driving,fd3af3c58840cbae82fb81d1a6a6b0bbbc63eacc12d9c64af402d94ae0e18e47,success,,30.306900000000002,53.788333333333334,False,2.0,405.00389999942854
"Washington, DC",2026-06-09,29d446101e98dfcd986f57569c9ae5cd84c8e02fda007ebbefdcf72a93d58e9f,DMS2,3,3,3,3,False,nearest_neighbor_best_start,last_service_stop_no_home_return,osrm_road_network,washington_dc,driving,6c62cb226ab1c27f5cbe451158da65ecbb5fd57dffec1cf0908bf3be60455fb6,success,,22.605900000000002,33.48,False,2.0,395.86449999478646
"Washington, DC",2026-06-09,475ab1f9a4c934c8b673c6a2bb461a3289a885e8fd6146a051a7f0c7a19dee2b,DMS,7,7,7,8,True,home_fixed_start,last_service_stop_no_home_return,osrm_road_network,washington_dc,driving,7f63a63c30ad31663124f6e5e922f1e5d041127b035f17340634b09a111eb5c5,success,,3.6512,5.941666666666666,False,2.0,409.6328000014182
"Washington, DC",2026-06-09,53f7af1c8f0102035f0d8d43b4e55aae83b39fa37e42366a06f568922e9d6175,DMS2,4,4,4,4,False,nearest_neighbor_best_start,last_service_stop_no_home_return,osrm_road_network,washington_dc,driving,e53f838fbd0f454ec232b71f634965a2bf464ed3ebf68c8dc841b9d841f6708a,success,,12.7509,20.209999999999997,False,2.0,406.3912999990862
"Washington, DC",2026-06-09,5c0f286106a3f2c7c0b067e8768da8731530b1b37ca32c490141cdf9980a8d48,DMS,1,1,1,1,False,nearest_neighbor_best_start,last_service_stop_no_home_return,osrm_road_network,washington_dc,driving,72989b8467478a0986a20d331ab3ad5e6fbd4d65ab656c09a077a0f39884cca9,success,,0.0,0.0,False,0.0,0.0
"Washington, DC",2026-06-09,75b97ee96cd21880ce89162964061f7ac018eafc4ae740ab93b449d52b5bab98,DMS,1,1,1,1,False,nearest_neighbor_best_start,last_service_stop_no_home_return,osrm_road_network,washington_dc,driving,70e06586beb01c37a78d8dfac917727bce0c2d2ab255563d4feb1f14a8213206,success,,0.0,0.0,False,0.0,0.0
"Washington, DC",2026-06-09,75df6258898c7a222622d178e1024a38f60b8d467d8f3025d3cd62ab6378008a,DMS2,4,4,4,4,False,nearest_neighbor_best_start,last_service_stop_no_home_return,osrm_road_network,washington_dc,driving,37a7e97186176a76ca3ed1520451e8b31b71a34c6abb57464e426b18f7d8215a,success,,9.7175,17.38,False,2.0,397.09310000762343
"Washington, DC",2026-06-09,bb05d4ff59a31e4ef7d3fc7059e418cc7aced112c7d0fc557ed1ec1e480a17f0,DMS2,2,2,2,2,False,nearest_neighbor_best_start,last_service_stop_no_home_return,osrm_road_network,washington_dc,driving,c480da80c29571a246b16b7a482283c4650fbed1dd754628dc48e1a9f38fb043,success,,17.6541,27.051666666666666,False,2.0,402.3824999749195
"Washington, DC",2026-06-09,d5b88658b14e165a347fd9c2e2bd1a842764d2311f5e225a689417680aab91e6,DMS,2,2,2,3,True,home_fixed_start,last_service_stop_no_home_return,osrm_road_network,washington_dc,driving,fae1ef77d16a5d683174a0a78ad15257f01768985a7b594b504a4960fb667610,success,,4.6636999999999995,11.43,False,2.0,397.7252999902703
"Washington, DC",2026-06-09,da186c86fd32b5ed3c52f11ce9372730fde915b2aeaf0e030e217a7ea894d574,DMS,5,5,5,6,True,home_fixed_start,last_service_stop_no_home_return,osrm_road_network,washington_dc,driving,27f6654ee6b711c28f1bf604c5fad578889464356dc063e086dcbd16f86e5eab,success,,24.633200000000002,36.605000000000004,False,2.0,400.04059998318553
"Washington, DC",2026-06-09,f064ea46efc06f72d8d1c3813254650b2e6f992d8449ba0476da5f889b03dc02,DMS2,2,2,2,2,False,nearest_neighbor_best_start,last_service_stop_no_home_return,osrm_road_network,washington_dc,driving,b739c6b305b8ecef134b9eadb2f8932a61e4b97e98bb3fe7e19438d9b28abfef,success,,11.1035,19.591666666666665,False,2.0,395.70939997793175
"Washington, DC",2026-06-10,05163ce732ecca92c5dcff6a4cd90b5ac3eca2a9fd077af670ba94021ad2741e,DMS,6,6,6,7,True,home_fixed_start,last_service_stop_no_home_return,osrm_road_network,washington_dc,driving,fffe906de9064f34442742b08eee0ad94cd16f79be9334f9e8098beaa1d9c0b8,success,,24.1253,34.74666666666667,False,2.0,398.52539997082204
"Washington, DC",2026-06-10,0d5add95c0885144a7d30acec29132fded7cbf059bc37bd987c4e4be7d4ac617,DMS2,5,5,5,5,False,nearest_neighbor_best_start,last_service_stop_no_home_return,osrm_road_network,washington_dc,driving,402abd5b86ab7b52d485ba008b950a74a10124081a5adea4aa208a3b91ffad49,success,,28.740599999999997,52.440000000000005,False,2.0,397.92149999993853
"Washington, DC",2026-06-10,123880f2c25bee8ad5befbdab9021fa727bf6da729a2213f7c6f6933823eec4a,DMS2,5,5,5,5,False,nearest_neighbor_best_start,last_service_stop_no_home_return,osrm_road_network,washington_dc,driving,106b13f1b04d82ea81794fb58dd824305166217b91c96e967c556c1288046660,success,,23.6196,32.545,False,2.0,398.5906000016257
"Washington, DC",2026-06-10,449e739e2d9a10162073ec0fbc6098e425826c7046b32d85a351cfd1de7e8dd6,DMS2,9,9,9,9,False,nearest_neighbor_best_start,last_service_stop_no_home_return,osrm_road_network,washington_dc,driving,a2e2e850adb11daf27e1f34e0c0cc2431a99a118cedc6f01507c35d2ae03b8b3,success,,36.2202,62.19833333333334,False,2.0,408.75830000732094
"Washington, DC",2026-06-10,4b65c0a34d989686923aca2ccffd5c46ccd58fb7cf82b27ee59e03a8b8f583e9,DMS,3,3,3,4,True,home_fixed_start,last_service_stop_no_home_return,osrm_road_network,washington_dc,driving,7ea7d0af35a9af55dc82a3c586aa9e3c51198483118f53f0ff63ba9b2d499af4,failed,zero_route_for_distinct_coordinates,,,False,,
"Washington, DC",2026-06-10,66f25dd71f9130d7ab57364cfba2174a73bbe9192ef748f97310395c4acc917f,DMS2,1,1,1,1,False,nearest_neighbor_best_start,last_service_stop_no_home_return,osrm_road_network,washington_dc,driving,c9d3334d40bfbce2206d8aedf36cf3175fc2daec4f9ab22466c9f1ca160055f9,success,,0.0,0.0,False,0.0,0.0
"Washington, DC",2026-06-10,6d808b067209b608aba1e099b24d8fffa0720cfc72fc46891e1e4c5e6e9b8683,DMS,1,1,1,1,False,nearest_neighbor_best_start,last_service_stop_no_home_return,osrm_road_network,washington_dc,driving,048b4b793006cafe265bc82d3c1a4cc950235eea2eeab1d7fe9897c73d5d73b5,success,,0.0,0.0,False,0.0,0.0
"Washington, DC",2026-06-10,882f6e1fd9ade72c4cf796a3ff67f749222b4d403de69ccaae0b3578492bfcb6,DMS2,3,3,3,3,False,nearest_neighbor_best_start,last_service_stop_no_home_return,osrm_road_network,washington_dc,driving,78c2ccdc18dce441346dffa34504e50e66d4ec0796f0b3d89a973d7670804c0d,success,,4.250100000000001,6.725,False,2.0,391.67160002398305
"Washington, DC",2026-06-10,d6176d3041b65ce7dc203b18df08d0439b25b614860b3da0d1bfeb36faf3855e,DMS,1,1,1,2,True,home_fixed_start,last_service_stop_no_home_return,osrm_road_network,washington_dc,driving,cd03fc5c3f7b7c7b8f394da474ad1c9eae8f76d5ad49b8e04fab30d9a067b8c7,success,,23.7591,32.82666666666667,False,2.0,395.2688999706879
"Washington, DC",2026-06-10,f34a9ae2bf27d20a324025c361835f4ff0ed3350a517f96c7a9663c6706171f5,DMS2,3,3,3,3,False,nearest_neighbor_best_start,last_service_stop_no_home_return,osrm_road_network,washington_dc,driving,e807bfc8109dcea8f69998cf4c8421da3d81ca22ce6427ba81aa252e99cf72ab,success,,25.0295,36.47666666666667,False,2.0,400.8933999866713
"Washington, DC",2026-06-11,111648113dc9cf84bc9a17554333cd0e81f765fcbb20a66d982fca8a01da9a15,DMS2,5,5,5,5,False,nearest_neighbor_best_start,last_service_stop_no_home_return,osrm_road_network,washington_dc,driving,5fc3f443e2c1feb14dde094147d60c707f1f1389ae1dbb747a0df6b92ab0ef09,success,,13.1769,23.066666666666666,False,2.0,395.4366999969352
"Washington, DC",2026-06-11,24efdb5d86e4888fa71ddbe63226f598e9685affbf3eb89269ca650b067c00a1,DMS,3,3,3,4,True,home_fixed_start,last_service_stop_no_home_return,osrm_road_network,washington_dc,driving,152bb891c8701b085070c1b7ece82e033fbd520e5cc0cf8621b372d453fa96ba,success,,22.9012,39.486666666666665,False,2.0,397.96129998285323
"Washington, DC",2026-06-11,434bc019a69a56dc23a902fee60e3c5349e0a98dfd03d2d737ded76d991ed3ef,DMS,2,2,2,3,True,home_fixed_start,last_service_stop_no_home_return,osrm_road_network,washington_dc,driving,f69bc0ff31aed9e51e377a6da02b8b2758c9aca1d4f15d67e9243fbd93d12f42,success,,0.36619999999999997,1.4633333333333334,False,2.0,390.10019999113865
"Washington, DC",2026-06-11,45a94ce7781d41d8c659ad3df7e4ee9a57b98f991fb763c5e6f910b5899481a8,DMS2,2,2,2,2,False,nearest_neighbor_best_start,last_service_stop_no_home_return,osrm_road_network,washington_dc,driving,e3231bbd46b4135c7de2d1d3136a6afb1223e96fa91403a6895aefcbc8ec1a39,success,,15.0945,21.815,False,2.0,404.2110000154935
"Washington, DC",2026-06-11,48e79fb4e8312ce22c553e436665f2dce1970a3b5523128bc07e1f3358b54f37,DMS2,1,1,1,1,False,nearest_neighbor_best_start,last_service_stop_no_home_return,osrm_road_network,washington_dc,driving,d61049bf2a9d7f11cddb76cf883629e7d70c09edd6fcda5bf86be239ac8eef81,success,,0.0,0.0,False,0.0,0.0
"Washington, DC",2026-06-11,9afe4ee930f67925868313cc33506e4a41c43e2e098e9b624a7bcd072bc6ee53,DMS2,6,6,6,6,False,nearest_neighbor_best_start,last_service_stop_no_home_return,osrm_road_network,washington_dc,driving,ddb6016c597b7daed227760cd99a30a3a50c555391e65cb326dbceea696aa9c9,success,,40.794,72.69,False,2.0,407.03709999797866
"Washington, DC",2026-06-11,aebdc7a6100fb0daa2f748d97c353fc52763a265384652145eb930fc11dd81f9,DMS,3,3,3,3,False,nearest_neighbor_best_start,last_service_stop_no_home_return,osrm_road_network,washington_dc,driving,b28559d106d1623e3cebf761f049f0f041034bd57f6bd69d5dd874b8ab392b9f,success,,3.6713,7.636666666666667,False,2.0,404.6804000099655
"Washington, DC",2026-06-11,b17a3dbfca4cb6ef97cae693370424533e76614834b910004874ea14a481b4ce,DMS2,3,3,3,3,False,nearest_neighbor_best_start,last_service_stop_no_home_return,osrm_road_network,washington_dc,driving,5d838fe03d4d04638143a5a1c218164d49bcb49f13ab33e8c8a4f38682655db2,success,,1.4887000000000001,2.365,False,2.0,392.13820002623834
"Washington, DC",2026-06-11,da033b885d00141d926485168e9c99fa2e784f489b20c44b8d90adc89a1509ed,DMS,4,4,4,5,True,home_fixed_start,last_service_stop_no_home_return,osrm_road_network,washington_dc,driving,35495397d0c0b109c91d270e9ff1beafcf7243672fd7eb532cfae3556f8ec784,success,,23.7591,32.82666666666667,False,2.0,396.38859999831766
"Washington, DC",2026-06-11,fea16dd4e97d467e316aff00e391dbfccbd7d6000e07b630479147d7ff63712b,DMS,1,1,1,1,False,nearest_neighbor_best_start,last_service_stop_no_home_return,osrm_road_network,washington_dc,driving,04f3d3923dc8572badaf8876b3097b090343c2fca3628c104a7451a489a28be9,success,,0.0,0.0,False,0.0,0.0
"Washington, DC",2026-06-12,21a4792023a26e2ff34e3d9df59bc6ed4f14cbe5c587d2aed9303ebc48eff1f6,DMS2,2,2,2,2,False,nearest_neighbor_best_start,last_service_stop_no_home_return,osrm_road_network,washington_dc,driving,86e65c226e729837fdcb647a5037ad224d761567b1e3e1487c65a55b2d5f901e,success,,2.0206,4.556666666666667,False,2.0,397.11399999214336
"Washington, DC",2026-06-12,2aeeab5153323ab6c516e1769dbbfcf609a423d434fa976cf1ac19ec7c86afe5,DMS2,4,4,4,4,False,nearest_neighbor_best_start,last_service_stop_no_home_return,osrm_road_network,washington_dc,driving,a61c138b2366710364cc322b43812ced51af4c18781011dbbad2f3e2fd8feafb,success,,22.831799999999998,29.046666666666667,False,2.0,395.96490003168583
"Washington, DC",2026-06-12,3e81e7f7a968b5abd59e2dd2774c5fc84aee6d953e3d49abcc435e3641794e9f,DMS2,4,4,4,4,False,nearest_neighbor_best_start,last_service_stop_no_home_return,osrm_road_network,washington_dc,driving,b489368f97978d3c7a1def65976bf5fbe36977fe8f9a02cc2f52cbe0ed0bf1a6,success,,16.7501,26.3,False,2.0,394.9297000071965
"Washington, DC",2026-06-12,62bebf92e945b766a83d40992a1e9d6c0389524a7ce0de9b7666b9424f727409,DMS,2,2,2,3,True,home_fixed_start,last_service_stop_no_home_return,osrm_road_network,washington_dc,driving,75abe8a08a33331e880a521a085a59c660a5e78452262362d668dc83339563ba,failed,zero_route_for_distinct_coordinates,,,False,,
"Washington, DC",2026-06-12,6fb5ac28eef7d10a846fea8412d9480839c3c3cbb1900239326e8bb9c95cf038,ASC,1,1,1,1,False,nearest_neighbor_best_start,last_service_stop_no_home_return,osrm_road_network,washington_dc,driving,5422a9da2147381f093eb583701b8ceb26b52dbc30b2dfe87d9bf3bc98a5245d,success,,0.0,0.0,False,0.0,0.0
"Washington, DC",2026-06-12,95dd6d4783e00a279bd78bf209aa6cde2f88e67655b5797a83791df97b7b5531,DMS2,4,4,4,4,False,nearest_neighbor_best_start,last_service_stop_no_home_return,osrm_road_network,washington_dc,driving,613b3204f13631e636cf9713d056c4b0d48e9b5e637c8420b87af1031d3d1e90,success,,25.1083,35.4,False,2.0,397.48159996815957
"Washington, DC",2026-06-12,96947cab66de51fa964c45599d6384d36018d3f8dd6503b0a49bdda476a32ee8,DMS,4,4,4,5,True,home_fixed_start,last_service_stop_no_home_return,osrm_road_network,washington_dc,driving,85cba3b7ec43e2ca51696f5d392d5ef031a728120faed19ac8b5e6a87244a696,success,,24.1253,34.74666666666667,False,2.0,397.94930000789464
"Washington, DC",2026-06-12,b59d372c81b2b86254f05233c82bdcd5169282a3623cc2379d9e5a045433b2be,DMS,2,2,2,3,True,home_fixed_start,last_service_stop_no_home_return,osrm_road_network,washington_dc,driving,8d2017e1ba62173df825ec8f0df8827439ee7700b763ff9a651f28e20e315df1,failed,zero_route_for_distinct_coordinates,,,False,,
"Washington, DC",2026-06-12,eeedbb278c46f62e7fe20f4a589bc7e22b10fbeaf938116356e805958a1b67d6,DMS2,6,6,6,6,False,nearest_neighbor_best_start,last_service_stop_no_home_return,osrm_road_network,washington_dc,driving,59c4e5899dcb3ad0244b0d181f79235f8a232d7a408197bc4b9edf040b0a4338,success,,4.250100000000001,6.725,False,2.0,401.8070000456646
"Washington, DC",2026-06-12,f998309b386f6f13de5d6cc36b665e3620d140b33e291a239bc0e69f65d4ab77,DMS2,14,14,14,14,False,nearest_neighbor_best_start,last_service_stop_no_home_return,osrm_road_network,washington_dc,driving,d89f3861185940fef333c6fa9614690d50f871f47bdf39fb1ad3c7658bac4d43,success,,65.0581,105.47666666666667,False,2.0,421.561000024667
"Washington, DC",2026-06-12,f9d05c41a77978f309bbee096b4a78e152a33045b11a37101b654aea528c700f,DMS,2,2,2,2,False,nearest_neighbor_best_start,last_service_stop_no_home_return,osrm_road_network,washington_dc,driving,bfdc109898c12542a61264463786716cc0b5c844c25fbd67ab5c790636bf951e,success,,0.0029,0.006666666666666667,False,2.0,394.319600018207
"Washington, DC",2026-06-15,0819289dcc7d823536431ed49db6076e4455410ba2600d321223aa8f08906a65,DMS2,4,4,4,4,False,nearest_neighbor_best_start,last_service_stop_no_home_return,osrm_road_network,washington_dc,driving,dafbad3713f59b59355f3cbeb6f8ac96b62c5c7fc5b5fe464c4896a44adf35a1,success,,13.739799999999999,22.168333333333333,False,2.0,395.4203999892343
"Washington, DC",2026-06-15,20ba7d9acbc05fd21d7f1a3041493b061d66c3d42104ed3323541f9a6cba3c16,DMS2,5,5,5,5,False,nearest_neighbor_best_start,last_service_stop_no_home_return,osrm_road_network,washington_dc,driving,c880c731a0c20eb030904b2c243eba5cb932cb1aadd0e350c2e8461e13240747,failed,zero_route_for_distinct_coordinates,,,False,,
"Washington, DC",2026-06-15,21b77dfe42ea885aff5d286e2de7c5293214e808fa040cc44f06f1a544265640,DMS,3,3,3,4,True,home_fixed_start,last_service_stop_no_home_return,osrm_road_network,washington_dc,driving,441cc5d95b54875efb9056adaa317484ee4474ace646aa9fa7c94566acf2fe62,success,,24.1253,34.74666666666667,False,2.0,395.74100001482293
"Washington, DC",2026-06-15,30bf9c1dd5cdbce03cfc9dfb9b19bcb59661e07719657eb15d1d93b20e3cd7dd,DMS2,8,8,8,8,False,nearest_neighbor_best_start,last_service_stop_no_home_return,osrm_road_network,washington_dc,driving,662fa3d5aa162cc8cd231f762e51f107ce2be3ffa1b76909a5bc1658d8641eda,success,,27.2562,39.855000000000004,False,2.0,401.99469999060966
"Washington, DC",2026-06-15,75515b3124395278c51afbe968e01aa06af772e5a0bc9d7597530e67e633d693,DMS,3,3,3,4,True,home_fixed_start,last_service_stop_no_home_return,osrm_road_network,washington_dc,driving,40753d66358608be3092fb6a050252a77bc9aa9c3efc6544148bd94097c22a30,success,,15.626100000000001,27.441666666666666,False,2.0,391.04229997610673
"Washington, DC",2026-06-15,869f3035e5e59ae4e5e50f8479fba7d60a35312d11c6c261e5eba02d4883f210,DMS,5,5,5,6,True,home_fixed_start,last_service_stop_no_home_return,osrm_road_network,washington_dc,driving,53674cdc358fbf2196af08c3937b2f48e143a3cabe1efaec83268bc51e265272,success,,3.6512,5.941666666666666,False,2.0,406.0055000009015
"Washington, DC",2026-06-15,960fdc0389e39a268c23931a07941db99314cfaa86054a8671032f691fe1c728,DMS,2,2,2,2,False,nearest_neighbor_best_start,last_service_stop_no_home_return,osrm_road_network,washington_dc,driving,8405ade5bf67f9c66e64a4e40db1c7bfa0f91274afda8673e6776db9399da6e8,success,,15.339799999999999,19.525,False,2.0,392.2731000056956
"Washington, DC",2026-06-15,9a08782013f80f3788009766b3d3af0a469934953227b4e8e118b99ac38f0cff,DMS2,2,2,2,2,False,nearest_neighbor_best_start,last_service_stop_no_home_return,osrm_road_network,washington_dc,driving,b18b6c6cfacac82df5845fe1a7edb736c3d2bde33a56b2edbe17eca53d8b1e80,success,,8.8949,12.113333333333333,False,2.0,396.19849997689016
"Washington, DC",2026-06-15,b1c6e28a537a4b3ed7196de5b7f786bc34676c37dc3bbae1065550c2221858d8,DMS2,3,3,2,2,False,nearest_neighbor_best_start,last_service_stop_no_home_return,osrm_road_network,washington_dc,driving,6471fbd18c019d1d09e004072419b5c508b484dde5ca0b68faa5a7defd945a21,success,,3.6778000000000004,7.703333333333333,False,2.0,396.2485999800265
"Washington, DC",2026-06-15,c044f1310cf50de9cebae0f955ae233291419567593815ad18f24570176ce09f,DMS,2,2,2,2,False,nearest_neighbor_best_start,last_service_stop_no_home_return,osrm_road_network,washington_dc,driving,b2878cd23276b44b21bf5d53577b51a97ba828ed6090e5fc5bd457cd7f47c1a5,success,,4.905399999999999,9.415,False,2.0,394.9090999958571
"Washington, DC",2026-06-15,e9fc72f448b0ad8d9ef067c29046f7472c9a9bbb87caeec6b1e9cfabb1d7a668,DMS2,15,15,15,15,False,nearest_neighbor_best_start,last_service_stop_no_home_return,osrm_road_network,washington_dc,driving,28bf4e68f0a518c1874917bebf9052943a2ec73e2145be5441018b2ae799cc2e,success,,68.9231,125.55,False,2.0,423.94000000786036
"Washington, DC",2026-06-15,f8cda19e6bb8a748eafeb91ef761c560ec7ea6a4b4cbd072f1542ed52603ca21,DMS2,6,6,5,5,False,nearest_neighbor_best_start,last_service_stop_no_home_return,osrm_road_network,washington_dc,driving,e797b10c79714d7de228884322e0758802738978b0a44e760c284b02d83d2e2a,success,,5.3213,9.465,False,2.0,396.7236999887973
"Washington, DC",2026-06-16,04c35580e4c21c5f874948125253e4aab1434d22101b1009c9daa4ba77e1106a,DMS,4,4,4,5,True,home_fixed_start,last_service_stop_no_home_return,osrm_road_network,washington_dc,driving,18208324cb5e52be0948dcc6d11ae1acb62bc69afddd882d632501199ca5ef5f,success,,3.6512,5.941666666666666,False,2.0,400.2776000124868
"Washington, DC",2026-06-16,2877ecef3c80e6727c0066df8587b002da37035957dc5bb0a14ef29bad6f1d8b,DMS2,1,1,1,1,False,nearest_neighbor_best_start,last_service_stop_no_home_return,osrm_road_network,washington_dc,driving,11d78f7af459ad91f5f33f75dbebb12951e75deb5566dd968e6c4ee7cfc3e00c,success,,0.0,0.0,False,0.0,0.0
"Washington, DC",2026-06-16,2d0f98d6f452ce82048c934725519bc884f5b384e6686160eb6e00b92e9f83ea,DMS,1,1,1,2,True,home_fixed_start,last_service_stop_no_home_return,osrm_road_network,washington_dc,driving,14e80f62cda465dab811e2331bf6924961e009482384559b61d369bedbf95a99,failed,table_unroutable,,,False,,
"Washington, DC",2026-06-16,45df5bd82cd57048d83db688d55e04e069fbfa7a2fbccab2324fcce1984fca51,DMS2,8,8,8,8,False,nearest_neighbor_best_start,last_service_stop_no_home_return,osrm_road_network,washington_dc,driving,f4213557860160bf4380f4477468ddea7f679f32820584312e045c2080b8a82c,success,,39.556400000000004,70.51333333333334,False,2.0,410.0167000142392
"Washington, DC",2026-06-16,86006b1b8f051e75e83678609aedc8424c2080ed7da4aa1c9b8e4bc92f4c7973,DMS2,6,6,6,6,False,nearest_neighbor_best_start,last_service_stop_no_home_return,osrm_road_network,washington_dc,driving,9a21f1dd78c5c6ebbab1e991cb20f6fa0c137dd672392486fcd19658716ae109,success,,28.7648,53.40333333333333,False,2.0,400.3919000097085
"Washington, DC",2026-06-16,91b667e32f5698abee8d3ea554d37a3e32fd9498845a0dd8f761d321899f5843,DMS2,5,5,5,5,False,nearest_neighbor_best_start,last_service_stop_no_home_return,osrm_road_network,washington_dc,driving,dcb3dfc3f2387c1aba5fb15c784d5048e05ec8545c13988605e859b8858e6fc7,success,,23.6196,32.545,False,2.0,401.7284000001382
"Washington, DC",2026-06-16,9c066fbd3de92a8a372acefbb5dd2edaa7e063ad721a7e56c01c56f60a2f4522,DMS2,3,3,3,3,False,nearest_neighbor_best_start,last_service_stop_no_home_return,osrm_road_network,washington_dc,driving,caf9ee8c07ae1fa216a9416abab1eb5f75c523d5d1ee895372e9edd7651d0da1,success,,23.504099999999998,32.035,False,2.0,393.86899999226443
"Washington, DC",2026-06-16,b8ca0e0b613b0344b2ba321a1139e3c3bfabe3061d07931ab7e6c6bd3e0efe06,DMS2,1,1,1,1,False,nearest_neighbor_best_start,last_service_stop_no_home_return,osrm_road_network,washington_dc,driving,33a529b2f7f8e927f07323df2454931d3f69937c43580d034092b96071f4ef54,success,,0.0,0.0,False,0.0,0.0
"Washington, DC",2026-06-16,c4b04c0a81f7b164ab87eb0d95784e368170171827a4c1099c97ebe0615ea355,DMS,2,2,2,2,False,nearest_neighbor_best_start,last_service_stop_no_home_return,osrm_road_network,washington_dc,driving,f79c0baa940a37ac4238ba15c8e9290b96097768f16a0a3ed6c05219c99f30a1,success,,10.3895,18.084999999999997,False,2.0,386.47969998419285
"Washington, DC",2026-06-16,df38256c845d6a3139f76bdec296541ea652fdb808a6d768343154449d1a16ad,DMS,2,2,2,2,False,nearest_neighbor_best_start,last_service_stop_no_home_return,osrm_road_network,washington_dc,driving,252b326ffe061b65b1c71344dcc554795d4fabb7395128d302668a7965c452cc,success,,7.5779,14.678333333333335,False,2.0,393.3781999803614
"Washington, DC",2026-06-16,f6e4548ebfdb2034704388f86db8f8e913d5e6880f35f60851be9a47eef78df0,DMS,1,1,1,2,True,home_fixed_start,last_service_stop_no_home_return,osrm_road_network,washington_dc,driving,2981bf74252c688022b52b539d9cb55815653bb0d73176da375d505866d637b1,failed,zero_route_for_distinct_coordinates,,,False,,
"Washington, DC",2026-06-17,59e63c83c3e555f5fd34012ad36bc1d4c6d5895ca47d1efd067e1d263f0ee16d,DMS2,12,12,12,12,False,nearest_neighbor_best_start,last_service_stop_no_home_return,osrm_road_network,washington_dc,driving,e375438c739cd7005418d786f7ccdcbb11fc4acf572275a7c83fa6ea792f0f59,success,,40.0063,75.905,False,2.0,411.9333000271581
"Washington, DC",2026-06-17,7c980d309946fe9fb5071a5f6a8152a29859ab099dcc424da5786d8bd10b1286,DMS2,5,5,4,4,False,nearest_neighbor_best_start,last_service_stop_no_home_return,osrm_road_network,washington_dc,driving,7d79d62805dc04592819fd30d44be51bd49f8ad6bff3cffcecf6f2ed1b9fe903,success,,27.876,42.218333333333334,False,2.0,394.5584000030067
"Washington, DC",2026-06-17,80d83f3d2c2f70c9d87ea95c57b1911db2b2a12cc84f5ba455b481723b754f2b,DMS,1,1,1,1,False,nearest_neighbor_best_start,last_service_stop_no_home_return,osrm_road_network,washington_dc,driving,1dd0ab21b8082add24b6da8cb614250da8288dc6e6544dd6779731e51fa21f06,success,,0.0,0.0,False,0.0,0.0
"Washington, DC",2026-06-17,ab0fc0fe52827b6f7f584fbf84ae285b3c3e47dd265533636c1a89bece779177,DMS2,1,1,1,1,False,nearest_neighbor_best_start,last_service_stop_no_home_return,osrm_road_network,washington_dc,driving,1539067baf3e8fe9708f8bdca7c3e7db655882a418aa7585eec78fd80ccd2a01,success,,0.0,0.0,False,0.0,0.0
"Washington, DC",2026-06-17,b6fae431f82ac451a8dd1207134224da93aa6c3b426b4647bfc8b1c5ae954dd4,DMS,2,2,2,3,True,home_fixed_start,last_service_stop_no_home_return,osrm_road_network,washington_dc,driving,17214bd4179571b5a5356b02fcee72516f2a82b7bd55b8ad32be9c87f9c3d34b,success,,23.7591,32.82666666666667,False,2.0,397.2034000325948
"Washington, DC",2026-06-17,b891f482d79a3d6ac26a87f1d619946cc05a45e73f1b56b5975b439141528221,DMS2,5,5,4,4,False,nearest_neighbor_best_start,last_service_stop_no_home_return,osrm_road_network,washington_dc,driving,0c46a854675f08d89b9db0a7c77273832fb4c5f305de197f4f621e95f9e60d75,success,,25.4975,36.74666666666667,False,2.0,400.0747000100091
"Washington, DC",2026-06-17,c3c930dd88f4ddf561399e576e5545f1462cb23bb955f49176d435c9bf24d0fc,DMS2,2,2,2,2,False,nearest_neighbor_best_start,last_service_stop_no_home_return,osrm_road_network,washington_dc,driving,2ed31031924ccd1ce67490ce49af8df31cd72156bd1b413908e1589609ececcc,success,,3.6512,5.941666666666666,False,2.0,392.11930002784356
"Washington, DC",2026-06-17,c547761e6e73eb8831c7dc47a81163294d8e86cb8d9810334c8be90897f63161,DMS,2,2,2,3,True,home_fixed_start,last_service_stop_no_home_return,osrm_road_network,washington_dc,driving,2140ec5828edc7e5b1aa920b33ba47905b6e350fb6251339bf1e8bd1561e5639,success,,14.2304,24.8,False,2.0,390.58809998095967
"Washington, DC",2026-06-17,c9e81ad8d1c7e452c17caa6bc2178d2140a502e855140f8f988af047dc00d2bf,DMS,3,3,3,4,True,home_fixed_start,last_service_stop_no_home_return,osrm_road_network,washington_dc,driving,378fc7d0234ffba311b4e5081b3c954a967361835308b40be6b1311ecd1c8850,failed,zero_route_for_distinct_coordinates,,,False,,
"Washington, DC",2026-06-17,d62fd0151f8aa24de6f664df149df5da1be6675bb7221ba8592117e5c5a5da54,DMS,2,2,2,2,False,nearest_neighbor_best_start,last_service_stop_no_home_return,osrm_road_network,washington_dc,driving,f9b2d4c8b904e9c600b0252cb6f5d618df0073a5615516767c0444dcee2b9594,success,,12.143799999999999,19.59,False,2.0,405.70910001406446
"Washington, DC",2026-06-17,e5f358590ebf6323a2ca26883c82549393ac24b792b199156f0af82252475b8a,DMS2,6,6,6,6,False,nearest_neighbor_best_start,last_service_stop_no_home_return,osrm_road_network,washington_dc,driving,c62b0718a7774a35e2e62c5247fd8697f0319411f0ad252da035af588bdcfd94,success,,5.3213,9.465,False,2.0,396.14960001199506
"Washington, DC",2026-06-17,fb6071673d6ae05442098b1dd11c02e4d2275ac5c37097f46ec0e9d039548a1a,DMS,1,1,1,2,True,home_fixed_start,last_service_stop_no_home_return,osrm_road_network,washington_dc,driving,4888bf6846a31f7c9e66f7054d9be84f23183216831f5bd9ddd7193833208e36,success,,0.36619999999999997,1.4633333333333334,False,2.0,389.60679998854175
"Washington, DC",2026-06-18,04c61a1846ff906d02b1a47171cd1e1de5125480faccf59d5adb6c80d5e3ab4a,DMS2,5,5,5,5,False,nearest_neighbor_best_start,last_service_stop_no_home_return,osrm_road_network,washington_dc,driving,8518aed07da2b3206e59164aed99d5abc90b78ac4ece2ab5b26e6a375a428212,success,,36.259,62.269999999999996,False,2.0,417.9174000164494
"Washington, DC",2026-06-18,0c8706b916d4b2298cf107fb91dc6d4335a84e4d09b486cadd90402babf59b1d,DMS,4,4,4,5,True,home_fixed_start,last_service_stop_no_home_return,osrm_road_network,washington_dc,driving,746da7dce7242d18ee5354d999368fd4bab863b7ad16f3efae7d88bca1c7f9dc,success,,24.1252,34.74666666666667,False,2.0,395.6192000187002
"Washington, DC",2026-06-18,19a7bf02f0312ed2374760a43228316c90eeed909bb2cc6a515b43671c5462a2,DMS,4,4,4,5,True,home_fixed_start,last_service_stop_no_home_return,osrm_road_network,washington_dc,driving,3354832f66856336dcff5910ad815b77b229b11fadb757e2dec5c391bc9886b9,success,,3.6512,5.941666666666666,False,2.0,395.82539998809807
"Washington, DC",2026-06-18,3806ad361911e2d9ea60de881a5c520b8f28b64562019f9d855b0521327c0219,DMS,2,2,2,3,True,home_fixed_start,last_service_stop_no_home_return,osrm_road_network,washington_dc,driving,e8d64d696d53018ca230c43921044496d0b22806bc769c79ca2cedea6d5a49c6,success,,15.9795,25.065,False,2.0,388.68880001246
"Washington, DC",2026-06-18,7cd543f6c970c81aead38e5420f9b9e44d617f347cbf361018e96d330495a059,DMS,1,1,1,1,False,nearest_neighbor_best_start,last_service_stop_no_home_return,osrm_road_network,washington_dc,driving,087896a989566ce526fc59d66abd4f3dff5bd8f200543a604bf85da0d09f4f4e,success,,0.0,0.0,False,0.0,0.0
"Washington, DC",2026-06-18,8db763a3a74d56c7a55344f18a8c57de152c6e00f68b08da590723ce7e2cd00b,DMS2,3,3,3,3,False,nearest_neighbor_best_start,last_service_stop_no_home_return,osrm_road_network,washington_dc,driving,de358b9d58c8474bedf48a785e261fdeb6d2759cd751aee2758771d555c0b76d,success,,23.6196,32.545,False,2.0,403.7611999956425
"Washington, DC",2026-06-18,92fdc816e7dababd037853a62f40917a816ab239f53652f7455129e59f7adad2,DMS2,2,2,2,2,False,nearest_neighbor_best_start,last_service_stop_no_home_return,osrm_road_network,washington_dc,driving,7501faaaa21285963185feba1cf703f7f1338f8be868cd9d60fee938ac1b4c8b,success,,2.0263,4.569999999999999,False,2.0,396.96399998501875
"Washington, DC",2026-06-18,9e4c99158bd613f9f701c6c773e5c32ad8114b8a4c8f7e3eb22352b2848ad1f6,DMS2,2,2,2,2,False,nearest_neighbor_best_start,last_service_stop_no_home_return,osrm_road_network,washington_dc,driving,e8f22f516b585af8974c3e4a2221d2cf221dae9872943960d0170e138ef78c5f,success,,4.250100000000001,6.725,False,2.0,392.34309998573735
"Washington, DC",2026-06-18,f101ba57a9d0b6360d3f06cd199778370c765e83526011cb07d04c827a0edd49,DMS2,3,3,3,3,False,nearest_neighbor_best_start,last_service_stop_no_home_return,osrm_road_network,washington_dc,driving,3cc6693b5adf8287b326532f98f7c2606c207ca485cb3d6fb9e8a0d08111d4f3,success,,21.358400000000003,33.85166666666667,False,2.0,398.7308000214398
"Washington, DC",2026-06-19,2d4114373ee17c92951e774db3e6b6d96913be784f719bb3656b4bfbf6b21beb,DMS2,6,6,6,6,False,nearest_neighbor_best_start,last_service_stop_no_home_return,osrm_road_network,washington_dc,driving,22afb09f64f4200dd69097847195e0f698872f82063653b9a36e5eb15f9f3514,success,,25.4187,42.995,False,2.0,403.12299999641255
"Washington, DC",2026-06-19,517d8d6602c09d5fc04f93430fb416149ef3c929783fc3065fd1c1a840775d8c,ASC,1,1,1,1,False,nearest_neighbor_best_start,last_service_stop_no_home_return,osrm_road_network,washington_dc,driving,b8167708eccd654982f65c9207a9271844e0536e74617195fe720be15d96c2af,success,,0.0,0.0,False,0.0,0.0
"Washington, DC",2026-06-19,583fd65e4b586524408b91f9faeb7e0efa3c3aa2481be3cece8c37beeb5b3f7d,DMS2,4,4,4,4,False,nearest_neighbor_best_start,last_service_stop_no_home_return,osrm_road_network,washington_dc,driving,aed7f048b4b080baa1f3849a17701e28145afb2b9eb60a233049a50ce414cfc8,success,,4.250100000000001,6.725,False,2.0,402.7703999890946
"Washington, DC",2026-06-19,59972b183f4a32488488c3cbae00c9a2bba3b13d11be892d96fad6d229b94c93,DMS,2,2,2,3,True,home_fixed_start,last_service_stop_no_home_return,osrm_road_network,washington_dc,driving,33edc190f76c0e24938fa92cbba3df7b808b7d69b06d0427dc22d2b23835a9a1,failed,zero_route_for_distinct_coordinates,,,False,,
"Washington, DC",2026-06-19,5bf88b6f40fe256d2a5b983d78386c7857026fa46fe1a80297b4c8eea8b213ba,DMS2,5,5,5,5,False,nearest_neighbor_best_start,last_service_stop_no_home_return,osrm_road_network,washington_dc,driving,8f8f1d5ea134e5ac6d494c7cfcfbfd1931c43cdc4064932e5e76bac8a9047297,success,,23.6196,32.545,False,2.0,406.1101000115741
"Washington, DC",2026-06-19,93064c5dee189dab0c7116fd1bdde7f61e8928c09dadd8ae739e30574d904101,DMS,5,5,5,6,True,home_fixed_start,last_service_stop_no_home_return,osrm_road_network,washington_dc,driving,4da92232b3f727f1a2ce72bdc5a3cf0931e079dfd6001333f11ce13a63f8bc12,success,,24.125400000000003,34.74666666666667,False,2.0,400.21180000621825
"Washington, DC",2026-06-19,b671a7428960fabf7f2fe5673bc01d8441f17a9ec34682b55002ce638ff2c759,DMS,1,1,1,2,True,home_fixed_start,last_service_stop_no_home_return,osrm_road_network,washington_dc,driving,6377696a716738264a0da6925d896a7ab011d82eb6a2590c0cea74eed0beaa80,success,,4.6676,11.445,False,2.0,396.3332999846898
"Washington, DC",2026-06-19,cceaf873be8e7d33dab5c09799d9981a94ae8bbe78389ed5989594b74ead1584,DMS2,1,1,1,1,False,nearest_neighbor_best_start,last_service_stop_no_home_return,osrm_road_network,washington_dc,driving,c4c836df99028993922347ba1873c598ac2220bff76a1e9977a612cff3ea92e9,success,,0.0,0.0,False,0.0,0.0
"Washington, DC",2026-06-19,ea27e08db96b1b3cadf5c660bfd0227608be12dbf29b066b1bc9e19cc333a15d,DMS2,3,3,3,3,False,nearest_neighbor_best_start,last_service_stop_no_home_return,osrm_road_network,washington_dc,driving,0e1fdff8f1d30c7fc7fb311e904eaa53e9f49c14066ba5b716b2d0fb6000c7e3,success,,24.0025,33.196666666666665,False,2.0,394.5914999640081
"Washington, DC",2026-06-19,ef570c1ca43f2da82dae16ad78b20feab1a57647e5af9e496ddef96842668e4c,DMS,2,2,2,2,False,nearest_neighbor_best_start,last_service_stop_no_home_return,osrm_road_network,washington_dc,driving,d1b675bf9d085b773a7d30a3a1acc3ebe52ef3f8181ebb57558674b2fe42d5f5,success,,6.2137,12.828333333333335,False,2.0,397.87089996389113
"Washington, DC",2026-06-19,f948d2f3a1dd41afec98612e3819230b0dd0105b6ca7cacb9833fb02bc216306,DMS2,2,2,2,2,False,nearest_neighbor_best_start,last_service_stop_no_home_return,osrm_road_network,washington_dc,driving,d9758f7a433baa384a8cd6d7e350a1a0a18bba0d93432af1b39b6f102dfa34c5,success,,10.5721,16.605,False,2.0,402.1663999883458
"Washington, DC",2026-06-19,fb1dc23162c4c0879deb200fea800941624f900d7494ea8193bb5cc45cdce050,DMS,1,1,1,2,True,home_fixed_start,last_service_stop_no_home_return,osrm_road_network,washington_dc,driving,7c44859be8fd4f6908ec5f47ab4531551e3bf5c96a29c1c1fadbb1b8dcbfd6b0,success,,23.7591,32.82666666666667,False,2.0,397.24049999495037
"Washington, DC",2026-06-20,af2fd87e07285ef8b4aecc81dfb3cbb069c20221c68d28638a6e554d6988ae61,DMS,3,3,3,3,False,nearest_neighbor_best_start,last_service_stop_no_home_return,osrm_road_network,washington_dc,driving,d8b793f3fc9c16ed49a9b3b76998d215539c0cd7a470904fdfaad4150cfbd4e2,success,,15.2642,18.331666666666667,False,2.0,407.34710003016517
"Washington, DC",2026-06-22,190863765bee9f166e0d2f9057451741dc10400fdd5145944c5711f3e172caab,DMS,1,1,1,1,False,nearest_neighbor_best_start,last_service_stop_no_home_return,osrm_road_network,washington_dc,driving,17b2ece4f5f3db81335c8cb92241ef3f09c7850c09657c8a392d8bc36256f75a,success,,0.0,0.0,False,0.0,0.0
"Washington, DC",2026-06-22,3ad7a3852e77abc3c6e34fbeaec51d6302726a776e3486570ddf07c230d1dcba,DMS2,4,4,4,4,False,nearest_neighbor_best_start,last_service_stop_no_home_return,osrm_road_network,washington_dc,driving,2ae1bc7c6b5bcdfc40af70e5a73cf4eb5fbfdae00af440ad8871fed122befb14,success,,11.851600000000001,23.733333333333334,False,2.0,399.8853000230156
"Washington, DC",2026-06-22,40b925ef6f96f7b4db3120d28f1e3fedea9b8c1f99fd004707b2385c26cdde1e,DMS2,4,4,4,4,False,nearest_neighbor_best_start,last_service_stop_no_home_return,osrm_road_network,washington_dc,driving,426629e25188d6b54c878e8f7a93d909dc570f6651c89f22dc79b30bf80ba3a5,success,,26.264400000000002,42.916666666666664,False,2.0,394.8254000279121
"Washington, DC",2026-06-22,6f2cfd22b2337ef4d57aa8c5aa6e38734ab3c31d63043baadcf21f015accc803,DMS2,5,5,5,5,False,nearest_neighbor_best_start,last_service_stop_no_home_return,osrm_road_network,washington_dc,driving,965d33b9dcfc4c3d27cb88c44cd8955778b8c9a9cf9e5e5f6eb55cf714a07085,success,,24.9928,34.89,False,2.0,401.9043000007514
"Washington, DC",2026-06-22,89d4ebdf862f991aa382b7896dea4a0e9399ba1841ffe33bc2f550f40ae82d71,DMS,3,3,3,4,True,home_fixed_start,last_service_stop_no_home_return,osrm_road_network,washington_dc,driving,6c278afb0e3957b034ddef12e392e182629f692108adab182ca6680412220250,failed,zero_route_for_distinct_coordinates,,,False,,
"Washington, DC",2026-06-22,a1543407a23887bbd8ef8e6d763264d0bcd8e8dd9979ed22dd82966e7e5ac337,DMS,1,1,1,2,True,home_fixed_start,last_service_stop_no_home_return,osrm_road_network,washington_dc,driving,16ccc513b2c7eeab3434deb45b7d66a81e45069579f42107b8cd960764407ed8,failed,zero_route_for_distinct_coordinates,,,False,,
"Washington, DC",2026-06-22,abee6ab627212a9d226572024dbe65e8d6b59932448948e4ee9a3cb0eb66e464,DMS2,11,11,10,10,False,nearest_neighbor_best_start,last_service_stop_no_home_return,osrm_road_network,washington_dc,driving,b3b697b44814c5435619cdddea9bc2fc91a7bdbd87651a37379c7ed433759962,success,,46.7764,80.84333333333333,False,2.0,424.3592999991961
"Washington, DC",2026-06-22,b1da5e74a7e1eeb9f3a3bd47634ec6c79a2dacf519f5fbe5bd86966a261f1110,DMS2,7,7,6,6,False,nearest_neighbor_best_start,last_service_stop_no_home_return,osrm_road_network,washington_dc,driving,5da88076c60d9966f2d8ef49f37ba82d26242c07e4cfaa0208b719431f951623,success,,5.3213,9.465,False,2.0,397.97019999241456
"Washington, DC",2026-06-22,cdd19f134c1b623ad41c061a2950c835a31a8f24c1cb0ea4a850475b379fd874,DMS2,3,3,3,3,False,nearest_neighbor_best_start,last_service_stop_no_home_return,osrm_road_network,washington_dc,driving,e1fc1d46315463bf610495bfa2049d4e8af51835465aae9204fe4f9397b257b1,success,,28.9434,43.693333333333335,False,2.0,398.5741000215057
"Washington, DC",2026-06-22,ce96130ed1d5dc353d00fa1711d111ad0a3cf3e0cde4155a75165e79b6f29823,DMS,4,4,4,5,True,home_fixed_start,last_service_stop_no_home_return,osrm_road_network,washington_dc,driving,1ac7c93146a60e7c5e532b22365610dfe81002f8bfde0542a3d98ea3f266110c,success,,24.6045,37.26833333333333,False,2.0,401.7863000044599
"Washington, DC",2026-06-22,d3ac49bdb1505d2189d02d1f1a5796fb34c4ef58a16dc0e846e782fcc3a07cf1,DMS,4,4,4,4,False,nearest_neighbor_best_start,last_service_stop_no_home_return,osrm_road_network,washington_dc,driving,9494852ac4825096f2fadc0375a0cc6fd709f81c67c9cfd69edd07674c3c10d5,success,,19.0435,36.480000000000004,False,2.0,397.6152999966871
"Washington, DC",2026-06-22,d8ae4a1fe41c41458a902d44d6c17ac006ebd58104331216af109e4bcce48102,DMS2,8,8,8,8,False,nearest_neighbor_best_start,last_service_stop_no_home_return,osrm_road_network,washington_dc,driving,8ff15bb7c475bdce077bb3880268e4a9865a2f57a04fd64fee543cb1902b631a,success,,27.2562,39.855000000000004,False,2.0,403.48229999653995
"Washington, DC",2026-06-23,249fe341c64eb38227ac4b65db5fa860ea2bd12443292ca8b9667dff390e195b,DMS2,7,7,7,7,False,nearest_neighbor_best_start,last_service_stop_no_home_return,osrm_road_network,washington_dc,driving,6ecc2af8ee1fbcbb1e2dd76898f38abb671f0f98b45a2be032fad0a62fbe1fa2,success,,4.250100000000001,6.725,False,2.0,402.5131000089459
"Washington, DC",2026-06-23,3af19073c7df7763ed89bcdb012872172632ed2068b868842e133ec5c79048d0,DMS2,2,2,2,2,False,nearest_neighbor_best_start,last_service_stop_no_home_return,osrm_road_network,washington_dc,driving,19736c522e93fdfdaadbc243a80f08c550befc87acd80fe0c76f6e602fce7ca8,failed,zero_route_for_distinct_coordinates,,,False,,
"Washington, DC",2026-06-23,3d5131177fb9eb163681518dca27aa5474d6830bc33951e006c82447168a83a4,DMS,3,3,3,4,True,home_fixed_start,last_service_stop_no_home_return,osrm_road_network,washington_dc,driving,9c6d868b998ab3a626ff8250033a146f230a16b60af88e28cdbaa3f2e9347e7b,success,,7.9118,13.271666666666667,False,2.0,393.55759997852147
"Washington, DC",2026-06-23,51698c4ff411ff357001e8e985caa8075ce64608982bb618e78eefb67f38d69d,DMS,4,4,4,5,True,home_fixed_start,last_service_stop_no_home_return,osrm_road_network,washington_dc,driving,efd3631676bbc1abab3bd9e2b402661ecd2c473262df5f7c0824958cc705f163,success,,27.409599999999998,40.75333333333333,False,2.0,408.9024999993853
"Washington, DC",2026-06-23,7b08c7258237dc8782812e8b57e9d0cf65da04fe49afac75c3dcc6d286878eb5,DMS,1,1,1,1,False,nearest_neighbor_best_start,last_service_stop_no_home_return,osrm_road_network,washington_dc,driving,e9ca93998ab8a201d08e2b6d95a743d16b8bf911eb0010c196ec8dd14a0ab1fd,success,,0.0,0.0,False,0.0,0.0
"Washington, DC",2026-06-23,8325e2194baaafaff15d2358ff8801a239cb2657fbe6cb8596896c74101488d6,DMS2,3,3,3,3,False,nearest_neighbor_best_start,last_service_stop_no_home_return,osrm_road_network,washington_dc,driving,978e14cd1dc4c7b017195b78558ab31ebfae4404731c23e2fb81345d98550b45,success,,23.6196,32.545,False,2.0,397.2784000216052
"Washington, DC",2026-06-23,9af9f03a82e17f1ee0086db1b69dff6ff793ae3d5d9bb4fbd3f89ba1465bd11c,DMS2,5,5,5,5,False,nearest_neighbor_best_start,last_service_stop_no_home_return,osrm_road_network,washington_dc,driving,7b12cc3618cc436b40aa7c8cf4aaf716167459855d90e1d82f2121990b19204d,success,,23.6196,32.545,False,2.0,396.68759997584857
"Washington, DC",2026-06-23,a90034c492f8a0a6ff6e4fd3352a5dfddcfd748aaab995b6babefa9e2d2c498b,DMS2,6,6,6,6,False,nearest_neighbor_best_start,last_service_stop_no_home_return,osrm_road_network,washington_dc,driving,b4f60adf0a49e91fe97d20eb405265f38d6d3617d708cbe07e483058fe57c1e5,success,,21.7608,39.91833333333333,False,2.0,401.4325000171084
"Washington, DC",2026-06-23,b76f7e692cfeca362c4fd19f6def97f425cdaef6d4577baf8b37752552a50454,DMS2,1,1,1,1,False,nearest_neighbor_best_start,last_service_stop_no_home_return,osrm_road_network,washington_dc,driving,e091dc65dc2ddf41c3b1301a32f054f375d423ce8ad0550e6611336b09601a34,success,,0.0,0.0,False,0.0,0.0
"Washington, DC",2026-06-23,d9c742e5085161a248ac0b20ed6f7fde6030d0031b67993f29a2a4c5c6c2c402,DMS2,1,1,1,1,False,nearest_neighbor_best_start,last_service_stop_no_home_return,osrm_road_network,washington_dc,driving,5b97020033e56372db49f8fedf5ff97606903416952dccc9af94c84acad78bce,success,,0.0,0.0,False,0.0,0.0
"Washington, DC",2026-06-23,f0a771cf451db7169abf9a899c944279380594643c123732450a947380d423bb,DMS,2,2,2,2,False,nearest_neighbor_best_start,last_service_stop_no_home_return,osrm_road_network,washington_dc,driving,225e547f2efc4c343010705bcf5b879d9f02e7f9fd89c7a452a76e3110cd97f1,success,,3.2854,6.53,False,2.0,393.14800000283867
"Washington, DC",2026-06-24,209adcdd781e1c6ca19cec541186186a3398ef39993ff1d82169a1c031ba9835,DMS,1,1,1,1,False,nearest_neighbor_best_start,last_service_stop_no_home_return,osrm_road_network,washington_dc,driving,570e05f32555bd992000f56e48a074479fc41b0664c6d7f2187e12d9b66bba79,success,,0.0,0.0,False,0.0,0.0
"Washington, DC",2026-06-24,363015874b340078ee3051162cce2158d42c65cefd72d5f2c6ac6d83bd0874e9,DMS2,7,7,7,7,False,nearest_neighbor_best_start,last_service_stop_no_home_return,osrm_road_network,washington_dc,driving,9856f149e154673c335c8f8a8e42fdab84a5e3fe9d4c04988bac05632604f45b,success,,19.6397,33.21666666666667,False,2.0,401.93940000608563
"Washington, DC",2026-06-24,6cf2662bd75dc2bd549e3e48863886ddb00a453c72755c840767bbdcc9fca30b,DMS,2,2,2,2,False,nearest_neighbor_best_start,last_service_stop_no_home_return,osrm_road_network,washington_dc,driving,dcb6fecfaa4d2b3069cfc3ee37f3c719725439a578df5e171d225c550e9d1764,success,,12.1517,19.605,False,2.0,395.24660000461154
"Washington, DC",2026-06-24,91c22c3c6545282c743e8c6237e46990fc2057da956fc9dde14a15ec7814b712,DMS2,2,2,2,2,False,nearest_neighbor_best_start,last_service_stop_no_home_return,osrm_road_network,washington_dc,driving,b23f2ee2dd5f0f2fe85894239e0cd3d0d41910c291f2974560364a7db6d9c36f,success,,0.5095,0.91,False,2.0,389.10579998628236
"Washington, DC",2026-06-24,927ef6085f56c897833b8159fd923d722cc18bfcdca6703dc079db7f962314a3,DMS2,2,2,2,2,False,nearest_neighbor_best_start,last_service_stop_no_home_return,osrm_road_network,washington_dc,driving,f5e59bde5e85dd5a6ad4c35439c27f6626517dc92d57c82f2b9497d6f7266390,success,,23.7591,32.82666666666667,False,2.0,396.8278999964241
"Washington, DC",2026-06-24,b9059bc40ccfb13aca0f4fba9386b16868ca307eed2e27ea456ba6626ab1dda1,DMS2,5,5,5,5,False,nearest_neighbor_best_start,last_service_stop_no_home_return,osrm_road_network,washington_dc,driving,c2132c4cbc640b7eaf18ae793a90fc7ceb26c2d6e6c2849467b44c67a5650b35,success,,14.9505,29.101666666666667,False,2.0,397.63700001640245
"Washington, DC",2026-06-24,d1693969f79ede763e5271db7a7cae2dd6973867b6db8c3ff3cc1a89701412aa,DMS,3,3,3,4,True,home_fixed_start,last_service_stop_no_home_return,osrm_road_network,washington_dc,driving,f1e586117cd5250010c5b880bf8dae747146efc8d015461b2e3d59f68dadc2e0,failed,zero_route_for_distinct_coordinates,,,False,,
"Washington, DC",2026-06-24,dabb07580c17efe25605ea9298010c94c2e9b47bbeca06dc4632350d271f913e,DMS2,6,6,6,6,False,nearest_neighbor_best_start,last_service_stop_no_home_return,osrm_road_network,washington_dc,driving,3c5a85ff2fd9ba837cd88162764a7e90470e97798e33e402f79105981d67f001,success,,15.2189,28.39333333333333,False,2.0,398.16110001993366
"Washington, DC",2026-06-24,db671d96ec24578e89c3d20db99319a2ed8cdf8ffc3514ce2afdc3f427fa27ee,DMS2,3,3,3,3,False,nearest_neighbor_best_start,last_service_stop_no_home_return,osrm_road_network,washington_dc,driving,4f05770c439c1d38f8dfe29bfba8096ed85f7663e9ba508a77f7baf979910c2b,success,,18.5415,31.873333333333335,False,2.0,395.264099992346
"Washington, DC",2026-06-24,e6c4b41aa76a17e8031b98b8f29f09491c7635a85fb5382f3e917f21b7d30629,DMS,1,1,1,2,True,home_fixed_start,last_service_stop_no_home_return,osrm_road_network,washington_dc,driving,1ed5dae87234ca87827b69d6261e096a1e6a891accc40c26bfe660b0780fab20,failed,zero_route_for_distinct_coordinates,,,False,,
"Washington, DC",2026-06-24,f788494a089ef18cd97900890beb555751939b8bbb3c2c9d4983585c1997402c,DMS2,1,1,1,1,False,nearest_neighbor_best_start,last_service_stop_no_home_return,osrm_road_network,washington_dc,driving,4fdeab23f57771c41374020d1e4af7ddc2628bdb8b4bed81a963d9a57e9089fd,success,,0.0,0.0,False,0.0,0.0
"Washington, DC",2026-06-24,fabf5b652cb49d4a5c28b98bcbbae9bb8e5cdc5598521cbd2a2b5862a24e0705,DMS,1,1,1,2,True,home_fixed_start,last_service_stop_no_home_return,osrm_road_network,washington_dc,driving,9c9f16b2f2d8fc58fc3814210bf28570584e6292d440f31f94007f9b591d7a5e,success,,0.36619999999999997,1.4633333333333334,False,2.0,388.81500001298264
"Washington, DC",2026-06-25,0654e12f14a1eb4f9bbc83fc0c2138667d70914ba405406c72c655dd5ba6eb71,DMS2,4,4,4,4,False,nearest_neighbor_best_start,last_service_stop_no_home_return,osrm_road_network,washington_dc,driving,44da7ba24b7f918315ba443a05412b1fd6ef81f68d150a09e9473a0d775ce8ff,success,,14.921,26.83833333333333,False,2.0,397.92979997582734
"Washington, DC",2026-06-25,231b610f96cb710d942fcd57a3c6505fbf1829e352f5237efd2fff353d74c67b,DMS2,3,3,3,3,False,nearest_neighbor_best_start,last_service_stop_no_home_return,osrm_road_network,washington_dc,driving,d2005542bc3749c0edd7c28d34d30d6d599fa2e046116c951c5866b8d83cd634,success,,15.831700000000001,30.791666666666668,False,2.0,401.7260999826249
"Washington, DC",2026-06-25,26a46139e3fb40148c6d26fc6c53145ecadc09191f5d8c960dd72ade3e6256b3,DMS2,6,6,6,6,False,nearest_neighbor_best_start,last_service_stop_no_home_return,osrm_road_network,washington_dc,driving,62e4510d09d0a1d87a0354a12d4b40413e7129f14d4acbc564fdcea6e3648445,success,,1.4887000000000001,2.365,False,2.0,396.83359998161905
"Washington, DC",2026-06-25,38ea5190faf1d0c387e573d21892bc64e0f228db3bb2952f5ab2581d569b8df9,DMS,4,4,4,5,True,home_fixed_start,last_service_stop_no_home_return,osrm_road_network,washington_dc,driving,3161d52c6b7309e968549c126b65b4db16f1c16d1eafeee361bf5b7b946c15fc,success,,24.1253,34.74666666666667,False,2.0,424.6628000109922
"Washington, DC",2026-06-25,4c2200eaefe2f72b47dbee601fdc045463535e352aceca9c2195558a474c80b8,DMS,2,2,2,3,True,home_fixed_start,last_service_stop_no_home_return,osrm_road_network,washington_dc,driving,c4a8a73c0f8018db8fa5e5a2ff4ccc20328eded698d80f1c31fe2a907a61633a,success,,23.7591,32.82666666666667,False,2.0,395.08159999968484
"Washington, DC",2026-06-25,9de9cb80af83a2cb31409fabb2a26cdd4422c45cc03a09ba2a7b379936ee8d69,DMS2,1,1,1,1,False,nearest_neighbor_best_start,last_service_stop_no_home_return,osrm_road_network,washington_dc,driving,654df2166a60eac0830091c6307923be2a39c7380bf42fe44ed18067dcb2159a,success,,0.0,0.0,False,0.0,0.0
"Washington, DC",2026-06-25,b0d91b2e88c955099fb205f6a25b61e0cf24f799c54e51826a76f5ea4a130eef,DMS,4,4,4,5,True,home_fixed_start,last_service_stop_no_home_return,osrm_road_network,washington_dc,driving,4ab9078362c49c63f2a5f79842bc18570612c4be556f4386149845d0b71397a0,success,,3.6512,5.941666666666666,False,2.0,394.0943000197876
"Washington, DC",2026-06-25,b9e91b25c6ae5ef0892c93d5be3c6c6ac461197639ffabed0ab85c8022341bbf,DMS2,8,8,8,8,False,nearest_neighbor_best_start,last_service_stop_no_home_return,osrm_road_network,washington_dc,driving,d2a707f6f89e8b0854d5b118dbbf745636e667ee0b5dffa3aa86666f430a7c8b,failed,http_400_noroute,,,False,,
"Washington, DC",2026-06-25,d7b7c63eeae2f306a656dda50c06fd3675a10dc4161a62b8ff674a40dbc6f102,DMS2,3,3,3,3,False,nearest_neighbor_best_start,last_service_stop_no_home_return,osrm_road_network,washington_dc,driving,02022987c66108bcc86bed9ecfe18fc92e9c7da51c48762251b42cadf8c9d586,success,,23.6196,32.545,False,2.0,395.3068999981042
"Washington, DC",2026-06-25,ed0841a7b902b9557476f2a08b1680b71b3128343068b524041394d6dcc0ea8b,DMS2,1,1,1,1,False,nearest_neighbor_best_start,last_service_stop_no_home_return,osrm_road_network,washington_dc,driving,1cd7be541e04ee14e5e2f11d147b49c24829d6b1cc28b07aa638e62c533428e8,success,,0.0,0.0,False,0.0,0.0
"Washington, DC",2026-06-26,1b6c32b0291bd49e41bfe80e9886ec2c955a8525daa5c79a71b20f8e5ebaf0e3,DMS2,8,8,8,8,False,nearest_neighbor_best_start,last_service_stop_no_home_return,osrm_road_network,washington_dc,driving,2b16d47021b970720b013b57babc80bb31eb27634d5117f7cb50346cc05ddb34,success,,42.6252,73.63833333333334,False,2.0,408.8460000057239
"Washington, DC",2026-06-26,1feeef0b7599eeaec50cefc4ee5c28f6723a4d706a37f46b62f36a6efa82f165,DMS,2,2,2,2,False,nearest_neighbor_best_start,last_service_stop_no_home_return,osrm_road_network,washington_dc,driving,0b7c38414c5aabe0d94fff3774ac1f6a76e247d72257c7b9d31a428234c7d638,success,,0.003,0.006666666666666667,False,2.0,407.6876000035554
"Washington, DC",2026-06-26,8932849e2cc175395795f651b2a975c95869dadd48fe8313ef0871ad9d19b2d3,DMS2,6,6,6,6,False,nearest_neighbor_best_start,last_service_stop_no_home_return,osrm_road_network,washington_dc,driving,cf69b4097c2c06a4e22f4b8174fa146ecc68492027bef929ca90569d3871ff47,success,,21.8319,33.41833333333333,False,2.0,408.9082999853417
"Washington, DC",2026-06-26,957e3f14491e876ecaadfeb0148b6e94c8fd09ec5965c8d76664d7ca413170e0,DMS2,1,1,1,1,False,nearest_neighbor_best_start,last_service_stop_no_home_return,osrm_road_network,washington_dc,driving,b3d2540d5d50a504a2696ab132c8dc32f12429c115acd3f036c82515e3e25b3a,success,,0.0,0.0,False,0.0,0.0
"Washington, DC",2026-06-26,98a5d67a5109f3dcecf8aa861decc42d35be0605ca80b4751438e196138b1bb4,DMS,6,6,6,7,True,home_fixed_start,last_service_stop_no_home_return,osrm_road_network,washington_dc,driving,b1637141ef8a159114a2acb9100b7c5198752ca0bf7baf96c3bae3c854733ac3,success,,29.259,47.655,False,2.0,400.5277000251226
"Washington, DC",2026-06-26,98e16ea193eaebaa85de7426dc158cb5aedec30432455571d0d1fde8812e88f7,DMS2,2,2,2,2,False,nearest_neighbor_best_start,last_service_stop_no_home_return,osrm_road_network,washington_dc,driving,cb7a3a0ff38e518431b5465c340e0b2530f71e763a753c5a0f07c812cd90985f,success,,12.1857,21.470000000000002,False,2.0,410.02399995340966
"Washington, DC",2026-06-26,b46ed2951ed37a511363a0b7944142e16158d3ac89aca55a397e334478b368bc,DMS,1,1,1,1,False,nearest_neighbor_best_start,last_service_stop_no_home_return,osrm_road_network,washington_dc,driving,a1438a12465d6fdea531706fbdd07f0ff2625cb2e89bc1ae9a01209410152410,success,,0.0,0.0,False,0.0,0.0
"Washington, DC",2026-06-26,b4a3a1cc16745c84aeb06ddfa303990f328bb3366e0cdf66b108b23037a5de0b,DMS2,4,4,4,4,False,nearest_neighbor_best_start,last_service_stop_no_home_return,osrm_road_network,washington_dc,driving,f42b385aab42abe2a307489eac4dc94bb14663cd6a8546a0e0824cc75fa9771d,success,,23.6196,32.545,False,2.0,401.1233000201173
"Washington, DC",2026-06-26,bcace383e2ce1ddcb6600ddbc25d3157e2eddf59784549ddb29f1479e063553a,DMS2,3,3,3,3,False,nearest_neighbor_best_start,last_service_stop_no_home_return,osrm_road_network,washington_dc,driving,aa244317aebcb1bf409a8338a686887ea542b4ee0f4ecf00c7249fa0f77c77fe,success,,4.250100000000001,6.725,False,2.0,410.0740999856498
"Washington, DC",2026-06-29,359d4d7d8e1cd90216c9a2bd9625a64e68a0ea8436cc6937647e9c3c2163b8e7,DMS2,15,15,15,15,False,nearest_neighbor_best_start,last_service_stop_no_home_return,osrm_road_network,washington_dc,driving,e339948c7cb3c6323fbd056f164cef51dadaf86fb84302f3bec0869ebd0c87b2,success,,49.4718,94.15166666666667,False,2.0,421.97219998342916
"Washington, DC",2026-06-29,3c6b9f4a1909d05804a4f2102eb4cd1174e7f20fc0397fdd0cb5ed3c008f2f2f,DMS,1,1,1,1,False,nearest_neighbor_best_start,last_service_stop_no_home_return,osrm_road_network,washington_dc,driving,5bd40d8cb53479f871a2d01b1f628dbafc41484b9f04d6efbcc844159af63bbb,success,,0.0,0.0,False,0.0,0.0
"Washington, DC",2026-06-29,6dd71e1ad825a197da19f9fec0f126cfe17bafb3eab680db1e4345209e716376,DMS2,6,6,6,6,False,nearest_neighbor_best_start,last_service_stop_no_home_return,osrm_road_network,washington_dc,driving,c64e18ed393db9e57b40dea2644b2269c98644f31ebf62bc51d0076cf2a07944,success,,26.3041,49.02333333333333,False,2.0,406.78989997832105
"Washington, DC",2026-06-29,7802e24ea48d35985b099c11cda55af0998046572862579b29657568c1564402,DMS2,7,7,7,7,False,nearest_neighbor_best_start,last_service_stop_no_home_return,osrm_road_network,washington_dc,driving,3ccde8868861d1945b2660688e857e7269f37ea7e9824f5104175b0fa3c8d41a,success,,27.2562,39.855000000000004,False,2.0,399.5275000052061
"Washington, DC",2026-06-29,7d37a75e499e5ae9b3867036d352a76b0ab8c4620ed1ef400b5b32b4dd8dc5f6,DMS2,4,4,4,4,False,nearest_neighbor_best_start,last_service_stop_no_home_return,osrm_road_network,washington_dc,driving,eb8c747e5c48c1f4eb67705d9630b957c8eb33f17808e529594461adaf33e0ee,success,,12.3758,17.461666666666666,False,2.0,401.88920000218786
"Washington, DC",2026-06-29,a49440e2fde7d8eb84dede9a7f547e339933f9ac1c3dd37c200dee7fe8415008,DMS,3,3,3,3,False,nearest_neighbor_best_start,last_service_stop_no_home_return,osrm_road_network,washington_dc,driving,addf6706d44c6b16dd41cb993ca12b51a11faaa5f531feb1efbd1f71f693f637,success,,9.563799999999999,19.641666666666666,False,2.0,407.81170001719147
"Washington, DC",2026-06-29,af0fcb680671a2b6ad333652b270605e0590453e13da66253c06a22cf0cf98c8,DMS,5,5,5,6,True,home_fixed_start,last_service_stop_no_home_return,osrm_road_network,washington_dc,driving,ae9dbdb9433b7f7b2af13d8d75b3a6ddf9a836b3591ca8098452f952ab5cc02f,success,,27.140700000000002,39.46,False,2.0,398.79759997711517
"Washington, DC",2026-06-29,b3216e49851bed9ac1fc154206ff3b4341f53291ec7fc92eeee5d58695df928f,DMS2,2,2,2,2,False,nearest_neighbor_best_start,last_service_stop_no_home_return,osrm_road_network,washington_dc,driving,5f158df165175747eef7a95e0b5675ddadba3dacff72d79f70d5c02ba0cdd894,failed,zero_route_for_distinct_coordinates,,,False,,
"Washington, DC",2026-06-29,bc181ef98a1eb57e229502f12649aeb2b1c851248989d8f1e72419d51e173765,DMS2,2,2,2,2,False,nearest_neighbor_best_start,last_service_stop_no_home_return,osrm_road_network,washington_dc,driving,32ad920d4d7c952542c0185d0adca9f319972418f6257cbbd0e2d0edc4dc477e,failed,zero_route_for_distinct_coordinates,,,False,,
"Washington, DC",2026-06-29,bfb4d6deffc884c5112f82b9cb15f2b6f24e9d329e1aad4a0135a572d6116646,DMS2,2,2,2,2,False,nearest_neighbor_best_start,last_service_stop_no_home_return,osrm_road_network,washington_dc,driving,506fab99403cfbbe263c45908f3e8fdf2c33fc44b778cef0a0ec35e7b9936ebc,success,,6.7925,12.936666666666667,False,2.0,391.61239998065867
"Washington, DC",2026-06-29,ffa8c4063636445185caf73249a0ff74b7ed82827ee859e48ea004d23c5b03c3,DMS2,9,9,9,9,False,nearest_neighbor_best_start,last_service_stop_no_home_return,osrm_road_network,washington_dc,driving,5b2bbcc5b1dbfe1b4cc0711c22349251f6f189287e97541e1db1cfa76a3b2438,success,,5.3213,9.465,False,2.0,405.6760999956168
"Washington, DC",2026-06-30,5a0a2decbb37be8b7cb396f0a94c17a95529e593de41ccabb0cf5a2ab288e1d9,DMS,2,2,2,3,True,home_fixed_start,last_service_stop_no_home_return,osrm_road_network,washington_dc,driving,13e31fb5930dc825274f85c88fb09c19d4b4a6d392ca55dabcfe96e9dda981bb,success,,0.36619999999999997,1.4633333333333334,False,2.0,390.09339999756776
"Washington, DC",2026-06-30,65f729e3f509d73be6b8deb640a07b52a5a4d73ae4c0fac652e31550dc589e5a,DMS2,11,11,11,11,False,nearest_neighbor_best_start,last_service_stop_no_home_return,osrm_road_network,washington_dc,driving,fd0563261848dcba8c54298dad305ec7c3219e67ae37f74d24ad7acf56dd6a96,success,,49.0094,89.29333333333334,False,2.0,418.1121000146959
"Washington, DC",2026-06-30,6754b59e6ed5eb9663f84adb0b60a525e2cd925d9a1b3b5f0d66e3e2723766f4,DMS,1,1,1,1,False,nearest_neighbor_best_start,last_service_stop_no_home_return,osrm_road_network,washington_dc,driving,cbbe3911a0047ad8359f892b49475fe38e11ece75059fdf6f031bebe77b2450a,success,,0.0,0.0,False,0.0,0.0
"Washington, DC",2026-06-30,7fc48ce8061e4037b12eac21ed82e3f3d017c863a7ae836a1a120fdbc2ed2da9,DMS2,1,1,1,1,False,nearest_neighbor_best_start,last_service_stop_no_home_return,osrm_road_network,washington_dc,driving,d428e4f0a5c1bebb79354b64eedadf6be946cad41d86462cf59f028f4a5a3dde,success,,0.0,0.0,False,0.0,0.0
"Washington, DC",2026-06-30,a3ff67fe97dda4f6296988a988e42a1a0e868d4f3466614b742d52be595b573d,DMS2,6,6,6,6,False,nearest_neighbor_best_start,last_service_stop_no_home_return,osrm_road_network,washington_dc,driving,0c75ba278404b56f787aa22ecdeeb2f07c137070ac3d92daf7be3ba721136f3b,success,,23.6196,32.545,False,2.0,397.3276999895461
"Washington, DC",2026-06-30,a774493a0c7cf19ce49d8776f288736e404ad275e6d1907f39ac736f4e6f2271,DMS,2,2,2,3,True,home_fixed_start,last_service_stop_no_home_return,osrm_road_network,washington_dc,driving,ec02fefa7e95b159dc6eae93b9a0262103e87b77be2d93820323f04232de6b61,success,,3.6512,5.941666666666666,False,2.0,396.2881999905221
"Washington, DC",2026-06-30,e134b766c6b90574c7396add041cae60ff229e17b23ee73f6396c604136fead7,DMS2,1,1,1,1,False,nearest_neighbor_best_start,last_service_stop_no_home_return,osrm_road_network,washington_dc,driving,866b55de9499a79e3184c21c6afea46160e05b582c4fa63df9c2c6bdc5d6ca7d,success,,0.0,0.0,False,0.0,0.0
"Washington, DC",2026-06-30,f390c8a997cda4625c8c4e15d43961e7763b2d2e048ad7a6aceb33369279cec1,DMS,1,1,1,1,False,nearest_neighbor_best_start,last_service_stop_no_home_return,osrm_road_network,washington_dc,driving,d360adee27868d335d412db11041adc66a4d1bbc2bcaaf6a4d0f4ac062db860e,success,,0.0,0.0,False,0.0,0.0
"Washington, DC",2026-06-30,f5661fed05f8cbd03bb0f139193b6ee7afb979faf69486814d4a9ca49d2a31e0,DMS2,3,3,3,3,False,nearest_neighbor_best_start,last_service_stop_no_home_return,osrm_road_network,washington_dc,driving,f8b08adf585e2518d373b26f0d7a8b3c1c87e99aa7949b438ccaf5239e1a912b,success,,16.5048,24.575,False,2.0,393.94480001647025
"Washington, DC",2026-06-30,fd1ca601bff7850c0922689d732c93feb05fce8847c8d059150201530f5dab52,DMS2,4,4,4,4,False,nearest_neighbor_best_start,last_service_stop_no_home_return,osrm_road_network,washington_dc,driving,7347ebf44ded538b2db375a620c81b0f1e8f539c73215e7e8db32030c38f2e26,success,,6.7679,10.891666666666667,False,2.0,401.7351999937091
