subsidiary_name,strategic_city_name,postal_code,region_seq,region_name,region_center_latitude,region_center_longitude,technician_city,employee_code,center_type
LGEID,INDONESIA,10270,19,Onetime_SVC_PIS,-6.224763333333333,106.80368333333332,Jakarta,ID000136,DSC
LGEID,INDONESIA,10440,4,Onetime_SVC_BKS,,,Bekasi,IN704700,DSC
LGEID,INDONESIA,10510,4,Onetime_SVC_BKS,-6.175137272727273,106.87168727272727,Bekasi,IN704700,DSC
LGEID,INDONESIA,10540,4,Onetime_SVC_BKS,-6.181395,106.84949,Bekasi,IN704700,DSC
LGEID,INDONESIA,12110,19,Onetime_SVC_PIS,-6.2395571428571435,106.80516714285714,Jakarta,ID000136,DSC
LGEID,INDONESIA,12120,19,Onetime_SVC_PIS,-6.25443,106.80584200000001,Jakarta,IN704576,DSC
LGEID,INDONESIA,12130,19,Onetime_SVC_PIS,-6.244645,106.79138499999999,Jakarta,ID000136,DSC
LGEID,INDONESIA,12140,19,Onetime_SVC_PIS,-6.2846416666666665,106.7973625,Jakarta,ID000136,DSC
LGEID,INDONESIA,12150,19,Onetime_SVC_PIS,-6.26089,106.80339,Jakarta,ID000136,DSC
LGEID,INDONESIA,12160,19,Onetime_SVC_PIS,-6.251660769230769,106.80239692307693,Jakarta,ID000136,DSC
LGEID,INDONESIA,12170,19,Onetime_SVC_PIS,-6.24413,106.80981,Jakarta,ID000136,DSC
LGEID,INDONESIA,12180,19,Onetime_SVC_PIS,-6.236315,106.815625,Jakarta,ID000136,DSC
LGEID,INDONESIA,12190,19,Onetime_SVC_PIS,-6.227257857142857,106.8059,Jakarta,ID000136,DSC
LGEID,INDONESIA,12210,19,Onetime_SVC_PIS,-6.213505714285715,106.78655285714285,Jakarta,ID000136,DSC
LGEID,INDONESIA,12220,19,Onetime_SVC_PIS,-6.233866000000001,106.785556,Jakarta,ID000136,DSC
LGEID,INDONESIA,12230,19,Onetime_SVC_PIS,-6.236134,106.770846,Jakarta,ID000136,DSC
LGEID,INDONESIA,12240,19,Onetime_SVC_PIS,-6.286679032258064,106.91888548387097,Jakarta,ID000136,DSC
LGEID,INDONESIA,12250,19,Onetime_SVC_PIS,-6.2373375,106.7630625,Jakarta,ID000136,DSC
LGEID,INDONESIA,12260,19,Onetime_SVC_PIS,-6.232323333333333,106.75421833333333,Jakarta,ID000136,DSC
LGEID,INDONESIA,12270,19,Onetime_SVC_PIS,-6.24858,106.74957,Jakarta,ID000136,DSC
LGEID,INDONESIA,12310,19,Onetime_SVC_PIS,-6.270865263157894,106.77778368421053,Jakarta,IN704573,DSC
LGEID,INDONESIA,12320,19,Onetime_SVC_PIS,-6.258435384615385,106.76737461538461,Jakarta,ID000136,DSC
LGEID,INDONESIA,12330,19,Onetime_SVC_PIS,-6.253193333333333,106.77008000000001,Jakarta,ID000136,DSC
LGEID,INDONESIA,12410,19,Onetime_SVC_PIS,-6.27273375,106.80414125,Jakarta,ID00005,DSC
LGEID,INDONESIA,12420,19,Onetime_SVC_PIS,,,Jakarta,ID00005,DSC
LGEID,INDONESIA,12430,19,Onetime_SVC_PIS,-6.288919487179488,106.7967658974359,Jakarta,ID00005,DSC
LGEID,INDONESIA,12440,19,Onetime_SVC_PIS,-6.2990683333333335,106.78072666666667,Jakarta,ID00005,DSC
LGEID,INDONESIA,12450,19,Onetime_SVC_PIS,-6.310646153846154,106.79798230769231,Jakarta,ID00005,DSC
LGEID,INDONESIA,12510,19,Onetime_SVC_PIS,-6.272908125,106.838728125,Jakarta,IN704574,DSC
LGEID,INDONESIA,12520,19,Onetime_SVC_PIS,-6.294676666666667,106.829896,Jakarta,IN704574,DSC
LGEID,INDONESIA,12530,19,Onetime_SVC_PIS,-6.30647875,106.84588375,Jakarta,ID00005,DSC
LGEID,INDONESIA,12540,19,Onetime_SVC_PIS,-6.2845,106.83168571428573,Jakarta,IN704574,DSC
LGEID,INDONESIA,12550,19,Onetime_SVC_PIS,-6.2855175,106.8221075,Jakarta,IN704574,DSC
LGEID,INDONESIA,12560,19,Onetime_SVC_PIS,-6.2819344444444445,106.81639888888888,Jakarta,IN704573,DSC
LGEID,INDONESIA,12610,19,Onetime_SVC_PIS,-6.31989,106.83769666666666,Jakarta,ID00005,DSC
LGEID,INDONESIA,12620,19,Onetime_SVC_PIS,-6.322076666666667,106.82500142857143,Jakarta,ID00005,DSC
LGEID,INDONESIA,12630,19,Onetime_SVC_PIS,-6.34785,106.80101333333333,Jakarta,ID00005,DSC
LGEID,INDONESIA,12640,19,Onetime_SVC_PIS,-6.349138333333333,106.825415,Jakarta,ID00005,DSC
LGEID,INDONESIA,12710,19,Onetime_SVC_PIS,-6.23429,106.81882,Jakarta,IN704574,DSC
LGEID,INDONESIA,12720,19,Onetime_SVC_PIS,-6.246385714285714,106.8178,Jakarta,IN704574,DSC
LGEID,INDONESIA,12730,19,Onetime_SVC_PIS,-6.263670666666667,106.81844266666667,Jakarta,IN704574,DSC
LGEID,INDONESIA,12740,19,Onetime_SVC_PIS,-6.26077,106.84470666666668,Jakarta,IN704574,DSC
LGEID,INDONESIA,12750,19,Onetime_SVC_PIS,-6.24005,106.75164,Jakarta,IN704574,DSC
LGEID,INDONESIA,12760,19,Onetime_SVC_PIS,-6.256736,106.83366900000001,Jakarta,IN704574,DSC
LGEID,INDONESIA,12770,19,Onetime_SVC_PIS,-6.2486250000000005,106.854895,Jakarta,IN704574,DSC
LGEID,INDONESIA,12780,19,Onetime_SVC_PIS,-6.253862857142857,106.84074214285714,Jakarta,IN704574,DSC
LGEID,INDONESIA,12790,19,Onetime_SVC_PIS,-6.250637368421053,106.8244547368421,Jakarta,IN704574,DSC
LGEID,INDONESIA,12810,4,Onetime_SVC_BKS,-6.2308663636363635,106.85019727272726,Bekasi,IN704699,DSC
LGEID,INDONESIA,13110,4,Onetime_SVC_BKS,-6.212493333333334,106.87136333333332,Bekasi,IN704699,DSC
LGEID,INDONESIA,13140,4,Onetime_SVC_BKS,-6.202136666666667,106.85907666666667,Bekasi,IN704699,DSC
LGEID,INDONESIA,13210,4,Onetime_SVC_BKS,-6.182635384615384,106.88629615384616,Bekasi,IN700280,DSC
LGEID,INDONESIA,13230,4,Onetime_SVC_BKS,-6.208641666666666,106.88016666666665,Bekasi,IN704591,DSC
LGEID,INDONESIA,13250,4,Onetime_SVC_BKS,,,Bekasi,IN700280,DSC
LGEID,INDONESIA,13310,4,Onetime_SVC_BKS,,,Bekasi,IN702635,DSC
LGEID,INDONESIA,13311,4,Onetime_SVC_BKS,,,Bekasi,IN702635,DSC
LGEID,INDONESIA,13312,4,Onetime_SVC_BKS,,,Bekasi,IN702635,DSC
LGEID,INDONESIA,13313,4,Onetime_SVC_BKS,,,Bekasi,IN702635,DSC
LGEID,INDONESIA,13314,4,Onetime_SVC_BKS,,,Bekasi,IN702635,DSC
LGEID,INDONESIA,13315,4,Onetime_SVC_BKS,,,Bekasi,IN702635,DSC
LGEID,INDONESIA,13316,4,Onetime_SVC_BKS,,,Bekasi,IN702635,DSC
LGEID,INDONESIA,13317,4,Onetime_SVC_BKS,,,Bekasi,IN702635,DSC
LGEID,INDONESIA,13318,4,Onetime_SVC_BKS,,,Bekasi,IN702635,DSC
LGEID,INDONESIA,13319,4,Onetime_SVC_BKS,,,Bekasi,IN702635,DSC
LGEID,INDONESIA,13320,4,Onetime_SVC_BKS,-6.21494,106.86217,Bekasi,IN702635,DSC
LGEID,INDONESIA,13330,4,Onetime_SVC_BKS,,,Bekasi,IN704699,DSC
LGEID,INDONESIA,13410,4,Onetime_SVC_BKS,-6.21989,106.87629,Bekasi,IN704591,DSC
LGEID,INDONESIA,13440,4,Onetime_SVC_BKS,-6.2325257407407415,106.91976925925927,Bekasi,IN702635,DSC
LGEID,INDONESIA,13510,4,Onetime_SVC_BKS,-6.281675,106.86959,Bekasi,IN704594,DSC
LGEID,INDONESIA,13610,4,Onetime_SVC_BKS,-6.25503,106.887975,Bekasi,IN704594,DSC
LGEID,INDONESIA,13640,4,Onetime_SVC_BKS,,,Bekasi,IN704594,DSC
LGEID,INDONESIA,13710,4,Onetime_SVC_BKS,-6.34435,106.86229,Bekasi,IN704594,DSC
LGEID,INDONESIA,13720,4,Onetime_SVC_BKS,-6.359623181818182,106.8927340909091,Bekasi,IN704587,DSC
LGEID,INDONESIA,13760,4,Onetime_SVC_BKS,-6.326635,106.85822999999999,Bekasi,IN704595,DSC
LGEID,INDONESIA,13810,4,Onetime_SVC_BKS,-6.294146666666666,106.90023666666667,Bekasi,IN704592,DSC
LGEID,INDONESIA,13850,4,Onetime_SVC_BKS,-6.34738,106.89499,Bekasi,IN704587,DSC
LGEID,INDONESIA,13910,4,Onetime_SVC_BKS,-6.18806875,106.94615624999999,Bekasi,IN702635,DSC
LGEID,INDONESIA,13911,4,Onetime_SVC_BKS,,,Bekasi,IN702635,DSC
LGEID,INDONESIA,13912,4,Onetime_SVC_BKS,,,Bekasi,IN702635,DSC
LGEID,INDONESIA,13913,4,Onetime_SVC_BKS,,,Bekasi,IN702635,DSC
LGEID,INDONESIA,13914,4,Onetime_SVC_BKS,,,Bekasi,IN702635,DSC
LGEID,INDONESIA,13915,4,Onetime_SVC_BKS,,,Bekasi,IN702635,DSC
LGEID,INDONESIA,13916,4,Onetime_SVC_BKS,,,Bekasi,IN702635,DSC
LGEID,INDONESIA,13917,4,Onetime_SVC_BKS,,,Bekasi,IN702635,DSC
LGEID,INDONESIA,13918,4,Onetime_SVC_BKS,,,Bekasi,IN702635,DSC
LGEID,INDONESIA,13919,4,Onetime_SVC_BKS,,,Bekasi,IN702635,DSC
LGEID,INDONESIA,13920,4,Onetime_SVC_BKS,,,Bekasi,IN702635,DSC
LGEID,INDONESIA,13930,4,Onetime_SVC_BKS,-6.216449,106.8912865,Bekasi,IN700280,DSC
LGEID,INDONESIA,13940,4,Onetime_SVC_BKS,-6.205488333333334,106.937005,Bekasi,IN700280,DSC
LGEID,INDONESIA,13941,4,Onetime_SVC_BKS,,,Bekasi,IN702635,DSC
LGEID,INDONESIA,13942,4,Onetime_SVC_BKS,,,Bekasi,IN702635,DSC
LGEID,INDONESIA,13943,4,Onetime_SVC_BKS,,,Bekasi,IN702635,DSC
LGEID,INDONESIA,13944,4,Onetime_SVC_BKS,,,Bekasi,IN702635,DSC
LGEID,INDONESIA,13945,4,Onetime_SVC_BKS,,,Bekasi,IN702635,DSC
LGEID,INDONESIA,13946,4,Onetime_SVC_BKS,,,Bekasi,IN702635,DSC
LGEID,INDONESIA,13947,4,Onetime_SVC_BKS,,,Bekasi,IN702635,DSC
LGEID,INDONESIA,13948,4,Onetime_SVC_BKS,,,Bekasi,IN702635,DSC
LGEID,INDONESIA,13949,4,Onetime_SVC_BKS,,,Bekasi,IN702635,DSC
LGEID,INDONESIA,13950,4,Onetime_SVC_BKS,-6.204215,106.950935,Bekasi,IN702635,DSC
LGEID,INDONESIA,13960,4,Onetime_SVC_BKS,-6.189042499999999,106.96339,Bekasi,IN702635,DSC
LGEID,INDONESIA,14110,4,Onetime_SVC_BKS,-6.10531,106.92097,Bekasi,IN704701,DSC
LGEID,INDONESIA,14150,4,Onetime_SVC_BKS,,,Bekasi,IN500189,DSC
LGEID,INDONESIA,14210,4,Onetime_SVC_BKS,-6.125636153846154,106.9060323076923,Bekasi,IN704701,DSC
LGEID,INDONESIA,14240,4,Onetime_SVC_BKS,-6.160231308411215,106.90101644859813,Bekasi,IN704700,DSC
LGEID,INDONESIA,14260,4,Onetime_SVC_BKS,-6.12965,106.90641500000001,Bekasi,IN704701,DSC
LGEID,INDONESIA,15115,5,Onetime_SVC_BSD,,,Tanggerang,IN704678,DSC
LGEID,INDONESIA,15116,5,Onetime_SVC_BSD,-6.20131,106.61578,Tanggerang,IN704678,DSC
LGEID,INDONESIA,15141,5,Onetime_SVC_BSD,-6.199416666666667,106.66246666666666,Tanggerang,IN704673,DSC
LGEID,INDONESIA,15142,5,Onetime_SVC_BSD,-6.249454999999999,106.59403499999999,Tanggerang,IN704673,DSC
LGEID,INDONESIA,15143,5,Onetime_SVC_BSD,-6.222424999999999,106.648955,Tanggerang,IN704673,DSC
LGEID,INDONESIA,15144,5,Onetime_SVC_BSD,-6.2192,106.67357,Tanggerang,IN704673,DSC
LGEID,INDONESIA,15145,5,Onetime_SVC_BSD,-6.218248,106.67906,Tanggerang,IN704673,DSC
LGEID,INDONESIA,15146,5,Onetime_SVC_BSD,-6.187155,106.69987499999999,Tanggerang,IN704673,DSC
LGEID,INDONESIA,15147,5,Onetime_SVC_BSD,-6.1863175,106.71335,Tanggerang,IN704673,DSC
LGEID,INDONESIA,15148,5,Onetime_SVC_BSD,-6.182748636363636,106.68430727272727,Tanggerang,IN704673,DSC
LGEID,INDONESIA,15151,5,Onetime_SVC_BSD,-6.23414,106.71642,Tanggerang,IN704673,DSC
LGEID,INDONESIA,15152,5,Onetime_SVC_BSD,,,Tanggerang,IN704673,DSC
LGEID,INDONESIA,15153,5,Onetime_SVC_BSD,-6.2472275,106.7051025,Tanggerang,IN704673,DSC
LGEID,INDONESIA,15154,5,Onetime_SVC_BSD,-6.229633333333333,106.71936333333333,Tanggerang,IN704673,DSC
LGEID,INDONESIA,15155,5,Onetime_SVC_BSD,-6.2488,106.73536,Tanggerang,IN704673,DSC
LGEID,INDONESIA,15156,5,Onetime_SVC_BSD,-6.233146666666666,106.73093,Tanggerang,IN704673,DSC
LGEID,INDONESIA,15157,5,Onetime_SVC_BSD,-6.21566,106.71396,Tanggerang,IN704673,DSC
LGEID,INDONESIA,15158,5,Onetime_SVC_BSD,-6.28591,106.70291,Tanggerang,IN704673,DSC
LGEID,INDONESIA,15159,5,Onetime_SVC_BSD,,,Tanggerang,IN704673,DSC
LGEID,INDONESIA,15220,5,Onetime_SVC_BSD,-6.2817,106.7134,Tanggerang,IN704673,DSC
LGEID,INDONESIA,15221,5,Onetime_SVC_BSD,-6.26218,106.75251,Tanggerang,IN704673,DSC
LGEID,INDONESIA,15222,5,Onetime_SVC_BSD,-6.264595,106.73754500000001,Tanggerang,IN704673,DSC
LGEID,INDONESIA,15223,5,Onetime_SVC_BSD,-6.25985,106.7221,Tanggerang,IN704673,DSC
LGEID,INDONESIA,15224,5,Onetime_SVC_BSD,-6.266948636363637,106.70634681818183,Tanggerang,IN704673,DSC
LGEID,INDONESIA,15225,5,Onetime_SVC_BSD,,,Tanggerang,IN704673,DSC
LGEID,INDONESIA,15226,5,Onetime_SVC_BSD,-6.26832,106.70429,Tanggerang,IN704673,DSC
LGEID,INDONESIA,15227,5,Onetime_SVC_BSD,,,Tanggerang,IN704673,DSC
LGEID,INDONESIA,15228,5,Onetime_SVC_BSD,,,Tanggerang,IN704673,DSC
LGEID,INDONESIA,15229,5,Onetime_SVC_BSD,,,Tanggerang,IN704673,DSC
LGEID,INDONESIA,15310,5,Onetime_SVC_BSD,-6.390174285714286,106.83227285714285,Tanggerang,IN700468,DSC
LGEID,INDONESIA,15312,5,Onetime_SVC_BSD,,,Tanggerang,IN700468,DSC
LGEID,INDONESIA,15313,5,Onetime_SVC_BSD,,,Tanggerang,IN700468,DSC
LGEID,INDONESIA,15314,5,Onetime_SVC_BSD,-6.341875,106.683295,Tanggerang,IN700468,DSC
LGEID,INDONESIA,15315,5,Onetime_SVC_BSD,,,Tanggerang,IN700468,DSC
LGEID,INDONESIA,15316,5,Onetime_SVC_BSD,,,Tanggerang,IN700468,DSC
LGEID,INDONESIA,15317,5,Onetime_SVC_BSD,-6.31005,106.69698,Tanggerang,IN700468,DSC
LGEID,INDONESIA,15318,5,Onetime_SVC_BSD,-6.31079,106.6762,Tanggerang,IN700468,DSC
LGEID,INDONESIA,15320,5,Onetime_SVC_BSD,,,Tanggerang,IN700468,DSC
LGEID,INDONESIA,15321,5,Onetime_SVC_BSD,-6.292535,106.682165,Tanggerang,IN700468,DSC
LGEID,INDONESIA,15322,5,Onetime_SVC_BSD,-6.28307,106.66544999999999,Tanggerang,IN700468,DSC
LGEID,INDONESIA,15323,5,Onetime_SVC_BSD,-6.264117142857143,106.66660571428572,Tanggerang,IN700468,DSC
LGEID,INDONESIA,15324,5,Onetime_SVC_BSD,-6.230058,106.649144,Tanggerang,IN700468,DSC
LGEID,INDONESIA,15325,5,Onetime_SVC_BSD,,,Tanggerang,IN700468,DSC
LGEID,INDONESIA,15326,5,Onetime_SVC_BSD,-6.261737142857143,106.67258857142858,Tanggerang,IN700468,DSC
LGEID,INDONESIA,15327,5,Onetime_SVC_BSD,-6.30994,106.67067,Tanggerang,IN700468,DSC
LGEID,INDONESIA,15418,19,Onetime_SVC_PIS,-6.36137,106.76481,Jakarta,IN704573,DSC
LGEID,INDONESIA,15419,19,Onetime_SVC_PIS,-6.3074433333333335,106.76341777777778,Jakarta,IN704573,DSC
LGEID,INDONESIA,15810,5,Onetime_SVC_BSD,-6.238027727272728,106.61401590909091,Tanggerang,IN704674,DSC
LGEID,INDONESIA,16411,19,Onetime_SVC_PIS,-6.395315,106.84822,Jakarta,ID00005,DSC
LGEID,INDONESIA,16412,19,Onetime_SVC_PIS,-6.35605,106.89325125,Jakarta,ID00005,DSC
LGEID,INDONESIA,16413,19,Onetime_SVC_PIS,-6.44228,106.82719333333334,Jakarta,ID00005,DSC
LGEID,INDONESIA,16414,19,Onetime_SVC_PIS,-6.472989,107.186418,Jakarta,ID00005,DSC
LGEID,INDONESIA,16415,19,Onetime_SVC_PIS,-6.42341,106.84788,Jakarta,ID00005,DSC
LGEID,INDONESIA,16416,19,Onetime_SVC_PIS,-6.37598,106.85777,Jakarta,ID00005,DSC
LGEID,INDONESIA,16417,19,Onetime_SVC_PIS,-6.39865,106.85106,Jakarta,ID00005,DSC
LGEID,INDONESIA,16418,19,Onetime_SVC_PIS,-6.373615,106.852745,Jakarta,ID00005,DSC
LGEID,INDONESIA,16421,19,Onetime_SVC_PIS,-6.378281111111111,106.82340777777777,Jakarta,ID00005,DSC
LGEID,INDONESIA,16422,19,Onetime_SVC_PIS,-6.384665,106.815485,Jakarta,ID00005,DSC
LGEID,INDONESIA,16423,19,Onetime_SVC_PIS,-6.35485,106.81135499999999,Jakarta,ID00005,DSC
LGEID,INDONESIA,16424,19,Onetime_SVC_PIS,,,Jakarta,ID00005,DSC
LGEID,INDONESIA,16425,19,Onetime_SVC_PIS,,,Jakarta,ID00005,DSC
LGEID,INDONESIA,16426,19,Onetime_SVC_PIS,,,Jakarta,ID00005,DSC
LGEID,INDONESIA,16431,19,Onetime_SVC_PIS,-6.390947857142857,106.85562285714286,Jakarta,ID00005,DSC
LGEID,INDONESIA,16432,19,Onetime_SVC_PIS,-6.404154999999999,106.79634,Jakarta,ID00005,DSC
LGEID,INDONESIA,16433,19,Onetime_SVC_PIS,-6.39262,106.79559,Jakarta,ID00005,DSC
LGEID,INDONESIA,16434,19,Onetime_SVC_PIS,-6.398016666666667,106.77766000000001,Jakarta,ID00005,DSC
LGEID,INDONESIA,16435,19,Onetime_SVC_PIS,,,Jakarta,ID00005,DSC
LGEID,INDONESIA,16436,19,Onetime_SVC_PIS,-6.398785,106.79861333333334,Jakarta,ID00005,DSC
LGEID,INDONESIA,16437,19,Onetime_SVC_PIS,-6.415246666666666,106.79667333333333,Jakarta,ID00005,DSC
LGEID,INDONESIA,16438,19,Onetime_SVC_PIS,-6.392295000000001,106.790775,Jakarta,ID00005,DSC
LGEID,INDONESIA,16439,19,Onetime_SVC_PIS,-6.426343333333333,106.80728666666666,Jakarta,ID00005,DSC
LGEID,INDONESIA,16451,19,Onetime_SVC_PIS,-6.358668,106.854116,Jakarta,ID00005,DSC
LGEID,INDONESIA,16452,19,Onetime_SVC_PIS,-6.368975714285715,106.86896285714286,Jakarta,ID00005,DSC
LGEID,INDONESIA,16453,19,Onetime_SVC_PIS,,,Jakarta,ID00005,DSC
LGEID,INDONESIA,16511,19,Onetime_SVC_PIS,-6.406698235294118,106.76876117647059,Jakarta,ID00005,DSC
LGEID,INDONESIA,16512,19,Onetime_SVC_PIS,-6.25268,106.772415,Jakarta,ID00005,DSC
LGEID,INDONESIA,16513,19,Onetime_SVC_PIS,-6.31588,106.80766,Jakarta,ID00005,DSC
LGEID,INDONESIA,16514,19,Onetime_SVC_PIS,-6.336976521739131,106.78745260869565,Jakarta,ID00005,DSC
LGEID,INDONESIA,16515,19,Onetime_SVC_PIS,-6.363461428571428,106.78844142857143,Jakarta,ID00005,DSC
LGEID,INDONESIA,16516,19,Onetime_SVC_PIS,-6.37632,106.75213,Jakarta,ID00005,DSC
LGEID,INDONESIA,16517,19,Onetime_SVC_PIS,-6.36708,106.7258575,Jakarta,ID00005,DSC
LGEID,INDONESIA,16518,19,Onetime_SVC_PIS,-6.4236699999999995,106.75486000000001,Jakarta,ID00005,DSC
LGEID,INDONESIA,16519,19,Onetime_SVC_PIS,-6.4164575,106.7740475,Jakarta,ID00005,DSC
LGEID,INDONESIA,16810,4,Onetime_SVC_BKS,-6.420644444444445,106.95993333333334,Bekasi,IN704584,DSC
LGEID,INDONESIA,16820,4,Onetime_SVC_BKS,-6.487006666666667,106.87069333333334,Bekasi,IN704584,DSC
LGEID,INDONESIA,16951,19,Onetime_SVC_PIS,,,Jakarta,ID00005,DSC
LGEID,INDONESIA,16956,4,Onetime_SVC_BKS,,,Bekasi,IN704587,DSC
LGEID,INDONESIA,16961,4,Onetime_SVC_BKS,-6.405465833333333,106.92974916666667,Bekasi,IN704584,DSC
LGEID,INDONESIA,16965,4,Onetime_SVC_BKS,,,Bekasi,IN704584,DSC
LGEID,INDONESIA,16969,4,Onetime_SVC_BKS,-6.32391,106.97011,Bekasi,IN704584,DSC
LGEID,INDONESIA,17111,4,Onetime_SVC_BKS,-6.238556111111111,107.02579333333333,Bekasi,IN500414,DSC
LGEID,INDONESIA,17114,4,Onetime_SVC_BKS,-6.265859999999999,106.99709714285714,Bekasi,IN500414,DSC
LGEID,INDONESIA,17121,4,Onetime_SVC_BKS,-6.202808571428571,107.02774714285715,Bekasi,IN500189,DSC
LGEID,INDONESIA,17125,4,Onetime_SVC_BKS,-6.188846666666667,107.00621,Bekasi,IN500189,DSC
LGEID,INDONESIA,17131,4,Onetime_SVC_BKS,-6.2021915384615385,106.96430846153847,Bekasi,IN500189,DSC
LGEID,INDONESIA,17134,4,Onetime_SVC_BKS,-6.225324615384616,106.96016,Bekasi,IN700280,DSC
LGEID,INDONESIA,17141,4,Onetime_SVC_BKS,,,Bekasi,IN704582,DSC
LGEID,INDONESIA,17145,4,Onetime_SVC_BKS,-6.26186,106.97479375,Bekasi,IN704582,DSC
LGEID,INDONESIA,17151,4,Onetime_SVC_BKS,-6.3181666666666665,106.98561333333333,Bekasi,IN500414,DSC
LGEID,INDONESIA,17152,4,Onetime_SVC_BKS,-6.34162,106.98028,Bekasi,IN700466,DSC
LGEID,INDONESIA,17153,4,Onetime_SVC_BKS,,,Bekasi,IN700466,DSC
LGEID,INDONESIA,17154,4,Onetime_SVC_BKS,-6.34704,106.97915,Bekasi,IN500302,DSC
LGEID,INDONESIA,17155,4,Onetime_SVC_BKS,-6.3208866666666665,107.02021666666667,Bekasi,IN700466,DSC
LGEID,INDONESIA,17156,4,Onetime_SVC_BKS,-6.315215,107.01439,Bekasi,IN700466,DSC
LGEID,INDONESIA,17157,4,Onetime_SVC_BKS,-6.288805999999999,107.006802,Bekasi,IN700466,DSC
LGEID,INDONESIA,17158,4,Onetime_SVC_BKS,-6.313736666666667,107.01247933333335,Bekasi,IN700466,DSC
LGEID,INDONESIA,17211,4,Onetime_SVC_BKS,-6.096584999999999,106.98679,Bekasi,IN500189,DSC
LGEID,INDONESIA,17215,4,Onetime_SVC_BKS,-6.15907125,106.9972775,Bekasi,IN500189,DSC
LGEID,INDONESIA,17320,4,Onetime_SVC_BKS,-6.322274166666666,107.03831416666667,Bekasi,IN500414,DSC
LGEID,INDONESIA,17330,4,Onetime_SVC_BKS,-6.379286666666666,107.10314000000001,Bekasi,IN704585,DSC
LGEID,INDONESIA,17340,4,Onetime_SVC_BKS,-6.407780000000001,107.09778,Bekasi,IN701105,DSC
LGEID,INDONESIA,17411,4,Onetime_SVC_BKS,-6.271986071428572,106.91869285714286,Bekasi,ID000126,DSC
LGEID,INDONESIA,17412,4,Onetime_SVC_BKS,-6.262575625,106.945645,Bekasi,ID000126,DSC
LGEID,INDONESIA,17413,4,Onetime_SVC_BKS,-6.280959230769231,106.93025846153847,Bekasi,ID000126,DSC
LGEID,INDONESIA,17414,4,Onetime_SVC_BKS,-6.297972857142858,106.92720571428572,Bekasi,ID000126,DSC
LGEID,INDONESIA,17415,4,Onetime_SVC_BKS,-6.305534615384615,106.92880230769232,Bekasi,ID000126,DSC
LGEID,INDONESIA,17421,4,Onetime_SVC_BKS,-6.278344,106.94841999999998,Bekasi,ID000126,DSC
LGEID,INDONESIA,17422,4,Onetime_SVC_BKS,-6.2944466666666665,106.94382666666667,Bekasi,ID000126,DSC
LGEID,INDONESIA,17423,4,Onetime_SVC_BKS,-6.2908748,106.9586116,Bekasi,ID000126,DSC
LGEID,INDONESIA,17424,4,Onetime_SVC_BKS,,,Bekasi,ID000126,DSC
LGEID,INDONESIA,17425,4,Onetime_SVC_BKS,-6.321270000000001,106.95379666666668,Bekasi,ID000126,DSC
LGEID,INDONESIA,17426,4,Onetime_SVC_BKS,-6.3386466666666665,106.94378333333333,Bekasi,ID000126,DSC
LGEID,INDONESIA,17427,4,Onetime_SVC_BKS,,,Bekasi,ID000126,DSC
LGEID,INDONESIA,17428,4,Onetime_SVC_BKS,,,Bekasi,ID000126,DSC
LGEID,INDONESIA,17429,4,Onetime_SVC_BKS,,,Bekasi,ID000126,DSC
LGEID,INDONESIA,17430,4,Onetime_SVC_BKS,,,Bekasi,ID000126,DSC
LGEID,INDONESIA,17431,4,Onetime_SVC_BKS,-6.327886666666667,106.93245,Bekasi,ID000126,DSC
LGEID,INDONESIA,17432,4,Onetime_SVC_BKS,-6.338875,106.92165,Bekasi,ID000126,DSC
LGEID,INDONESIA,17433,4,Onetime_SVC_BKS,-6.3500652,106.9259712,Bekasi,ID000126,DSC
LGEID,INDONESIA,17434,4,Onetime_SVC_BKS,,,Bekasi,ID000126,DSC
LGEID,INDONESIA,17510,4,Onetime_SVC_BKS,-6.242443333333334,107.05042462962963,Bekasi,IN500302,DSC
LGEID,INDONESIA,17520,4,Onetime_SVC_BKS,-5.578424999999999,106.44879722222223,Bekasi,IN500302,DSC
LGEID,INDONESIA,17530,4,Onetime_SVC_BKS,-6.300962151898734,107.13788721518986,Bekasi,IN500302,DSC
LGEID,INDONESIA,17540,4,Onetime_SVC_BKS,-4.179425,106.66897499999999,Bekasi,IN500302,DSC
LGEID,INDONESIA,17610,4,Onetime_SVC_BKS,-6.179572631578947,107.02645684210526,Bekasi,IN500189,DSC
LGEID,INDONESIA,17620,4,Onetime_SVC_BKS,,,Bekasi,IN500302,DSC
LGEID,INDONESIA,17630,4,Onetime_SVC_BKS,-6.1734,107.182105,Bekasi,IN500302,DSC
LGEID,INDONESIA,17710,4,Onetime_SVC_BKS,,,Bekasi,IN500302,DSC
LGEID,INDONESIA,17720,4,Onetime_SVC_BKS,,,Bekasi,IN500302,DSC
LGEID,INDONESIA,17730,4,Onetime_SVC_BKS,,,Bekasi,IN500302,DSC
LGEID,INDONESIA,20111,15,Onetime_SVC_MDN,3.3175029487179484,98.87741166666667,Medan,IN704527,DSC
LGEID,INDONESIA,20116,15,Onetime_SVC_MDN,,,Medan,IN704527,DSC
LGEID,INDONESIA,20121,15,Onetime_SVC_MDN,,,Medan,IN704526,DSC
LGEID,INDONESIA,20123,15,Onetime_SVC_MDN,3.5829775,98.66119499999999,Medan,IN704526,DSC
LGEID,INDONESIA,20131,15,Onetime_SVC_MDN,3.5538128571428573,98.65029428571428,Medan,IN704520,DSC
LGEID,INDONESIA,20135,15,Onetime_SVC_MDN,,,Medan,IN704520,DSC
LGEID,INDONESIA,20141,15,Onetime_SVC_MDN,,,Medan,IN704520,DSC
LGEID,INDONESIA,20148,15,Onetime_SVC_MDN,,,Medan,IN704520,DSC
LGEID,INDONESIA,20151,15,Onetime_SVC_MDN,3.57826,98.67662,Medan,IN704527,DSC
LGEID,INDONESIA,20157,15,Onetime_SVC_MDN,,,Medan,IN704527,DSC
LGEID,INDONESIA,20211,15,Onetime_SVC_MDN,,,Medan,IN704520,DSC
LGEID,INDONESIA,20214,15,Onetime_SVC_MDN,3.59003,98.614,Medan,IN704520,DSC
LGEID,INDONESIA,20226,15,Onetime_SVC_MDN,,,Medan,IN704520,DSC
LGEID,INDONESIA,20232,15,Onetime_SVC_MDN,,,Medan,IN704527,DSC
LGEID,INDONESIA,20234,15,Onetime_SVC_MDN,,,Medan,IN704527,DSC
LGEID,INDONESIA,20241,15,Onetime_SVC_MDN,3.6114100000000002,98.68608333333333,Medan,IN704527,DSC
LGEID,INDONESIA,25111,18,Onetime_SVC_PDG,-0.82789375,100.41021624999999,Padang,IN701768,DSC
LGEID,INDONESIA,25112,18,Onetime_SVC_PDG,-0.8992156666666666,100.35970900000001,Padang,IN701768,DSC
LGEID,INDONESIA,25114,18,Onetime_SVC_PDG,-0.93072,100.354555,Padang,IN701768,DSC
LGEID,INDONESIA,25115,18,Onetime_SVC_PDG,,,Padang,IN701768,DSC
LGEID,INDONESIA,25117,18,Onetime_SVC_PDG,-0.9354800000000001,100.36789333333333,Padang,IN701768,DSC
LGEID,INDONESIA,25118,18,Onetime_SVC_PDG,,,Padang,IN701768,DSC
LGEID,INDONESIA,25119,18,Onetime_SVC_PDG,-0.95805,100.35985,Padang,IN701768,DSC
LGEID,INDONESIA,25121,18,Onetime_SVC_PDG,,,Padang,IN701768,DSC
LGEID,INDONESIA,25122,18,Onetime_SVC_PDG,,,Padang,IN701768,DSC
LGEID,INDONESIA,25123,18,Onetime_SVC_PDG,,,Padang,IN701768,DSC
LGEID,INDONESIA,25125,18,Onetime_SVC_PDG,-0.95307,100.39095,Padang,IN701768,DSC
LGEID,INDONESIA,25126,18,Onetime_SVC_PDG,-0.93993,100.38361,Padang,IN701768,DSC
LGEID,INDONESIA,25129,18,Onetime_SVC_PDG,,,Padang,IN701768,DSC
LGEID,INDONESIA,25132,18,Onetime_SVC_PDG,-0.90269,100.34871,Padang,IN704562,DSC
LGEID,INDONESIA,25133,18,Onetime_SVC_PDG,-0.9065350000000001,100.34955,Padang,IN704562,DSC
LGEID,INDONESIA,25134,18,Onetime_SVC_PDG,-0.91348,100.35291,Padang,IN704562,DSC
LGEID,INDONESIA,25136,18,Onetime_SVC_PDG,-0.92014,100.35791,Padang,IN704562,DSC
LGEID,INDONESIA,25137,18,Onetime_SVC_PDG,,,Padang,IN704562,DSC
LGEID,INDONESIA,25139,18,Onetime_SVC_PDG,-0.92672,100.36971,Padang,IN704562,DSC
LGEID,INDONESIA,25142,18,Onetime_SVC_PDG,-0.9042,100.35986,Padang,IN704562,DSC
LGEID,INDONESIA,25143,18,Onetime_SVC_PDG,,,Padang,IN704562,DSC
LGEID,INDONESIA,25144,18,Onetime_SVC_PDG,-0.91343,100.3745,Padang,IN704562,DSC
LGEID,INDONESIA,25145,18,Onetime_SVC_PDG,,,Padang,IN704562,DSC
LGEID,INDONESIA,25146,18,Onetime_SVC_PDG,-0.89507,100.36487,Padang,IN704562,DSC
LGEID,INDONESIA,25147,18,Onetime_SVC_PDG,-0.893135,100.36460500000001,Padang,IN704562,DSC
LGEID,INDONESIA,25151,18,Onetime_SVC_PDG,-0.93421,100.38962,Padang,IN701768,DSC
LGEID,INDONESIA,25152,18,Onetime_SVC_PDG,,,Padang,IN701768,DSC
LGEID,INDONESIA,25153,18,Onetime_SVC_PDG,-0.947365,100.3921,Padang,IN701768,DSC
LGEID,INDONESIA,25154,18,Onetime_SVC_PDG,-0.92368,100.37852,Padang,IN704562,DSC
LGEID,INDONESIA,25155,18,Onetime_SVC_PDG,-0.91362,100.41873,Padang,IN704562,DSC
LGEID,INDONESIA,25156,18,Onetime_SVC_PDG,-0.91463,100.41134,Padang,IN704562,DSC
LGEID,INDONESIA,25157,18,Onetime_SVC_PDG,-1.979408,101.70134,Padang,IN704562,DSC
LGEID,INDONESIA,25158,18,Onetime_SVC_PDG,-0.95234,100.42155,Padang,IN704562,DSC
LGEID,INDONESIA,25159,18,Onetime_SVC_PDG,,,Padang,IN704562,DSC
LGEID,INDONESIA,25161,18,Onetime_SVC_PDG,-0.94569,100.40032,Padang,IN701768,DSC
LGEID,INDONESIA,25162,18,Onetime_SVC_PDG,,,Padang,IN701768,DSC
LGEID,INDONESIA,25163,18,Onetime_SVC_PDG,,,Padang,IN701768,DSC
LGEID,INDONESIA,25164,18,Onetime_SVC_PDG,,,Padang,IN701768,DSC
LGEID,INDONESIA,25166,18,Onetime_SVC_PDG,,,Padang,IN701768,DSC
LGEID,INDONESIA,25168,18,Onetime_SVC_PDG,,,Padang,IN701768,DSC
LGEID,INDONESIA,25171,18,Onetime_SVC_PDG,,,Padang,IN704562,DSC
LGEID,INDONESIA,25172,18,Onetime_SVC_PDG,-0.84857,100.32838,Padang,IN704562,DSC
LGEID,INDONESIA,25173,18,Onetime_SVC_PDG,-0.8416466666666667,100.33184999999999,Padang,IN704562,DSC
LGEID,INDONESIA,25175,18,Onetime_SVC_PDG,-0.93408,100.45226,Padang,IN704562,DSC
LGEID,INDONESIA,25176,18,Onetime_SVC_PDG,-0.8694,100.38344,Padang,IN704562,DSC
LGEID,INDONESIA,25211,18,Onetime_SVC_PDG,,,Padang,IN701768,DSC
LGEID,INDONESIA,25212,18,Onetime_SVC_PDG,,,Padang,IN701768,DSC
LGEID,INDONESIA,25213,18,Onetime_SVC_PDG,-0.98591,100.38419,Padang,IN701768,DSC
LGEID,INDONESIA,25214,18,Onetime_SVC_PDG,,,Padang,IN701768,DSC
LGEID,INDONESIA,25215,18,Onetime_SVC_PDG,,,Padang,IN701768,DSC
LGEID,INDONESIA,25216,18,Onetime_SVC_PDG,-0.9718,100.38334,Padang,IN701768,DSC
LGEID,INDONESIA,25217,18,Onetime_SVC_PDG,,,Padang,IN701768,DSC
LGEID,INDONESIA,25221,18,Onetime_SVC_PDG,-0.9623566666666666,100.40817,Padang,IN701768,DSC
LGEID,INDONESIA,25222,18,Onetime_SVC_PDG,,,Padang,IN701768,DSC
LGEID,INDONESIA,25223,18,Onetime_SVC_PDG,,,Padang,IN701768,DSC
LGEID,INDONESIA,25224,18,Onetime_SVC_PDG,,,Padang,IN701768,DSC
LGEID,INDONESIA,25225,18,Onetime_SVC_PDG,,,Padang,IN701768,DSC
LGEID,INDONESIA,25226,18,Onetime_SVC_PDG,,,Padang,IN701768,DSC
LGEID,INDONESIA,25227,18,Onetime_SVC_PDG,-0.9841,100.38723,Padang,IN701768,DSC
LGEID,INDONESIA,25231,18,Onetime_SVC_PDG,,,Padang,IN701768,DSC
LGEID,INDONESIA,25232,18,Onetime_SVC_PDG,-0.95199,100.43364,Padang,IN701768,DSC
LGEID,INDONESIA,25233,18,Onetime_SVC_PDG,,,Padang,IN701768,DSC
LGEID,INDONESIA,25234,18,Onetime_SVC_PDG,,,Padang,IN701768,DSC
LGEID,INDONESIA,25235,18,Onetime_SVC_PDG,,,Padang,IN701768,DSC
LGEID,INDONESIA,25236,18,Onetime_SVC_PDG,,,Padang,IN701768,DSC
LGEID,INDONESIA,25237,18,Onetime_SVC_PDG,-0.89905,100.34546,Padang,IN701768,DSC
LGEID,INDONESIA,28111,20,Onetime_SVC_PKB,0.5786317021276596,101.65755340425532,Pekanbaru,IN704549,DSC
LGEID,INDONESIA,28112,20,Onetime_SVC_PKB,-7.19939,113.24194,Pekanbaru,IN704549,DSC
LGEID,INDONESIA,28113,20,Onetime_SVC_PKB,0.45634,101.4477,Pekanbaru,IN704549,DSC
LGEID,INDONESIA,28114,20,Onetime_SVC_PKB,0.5103966666666667,101.430095,Pekanbaru,IN704549,DSC
LGEID,INDONESIA,28115,20,Onetime_SVC_PKB,0.53935,101.42012,Pekanbaru,IN704549,DSC
LGEID,INDONESIA,28116,20,Onetime_SVC_PKB,0.43098,101.46195,Pekanbaru,IN704549,DSC
LGEID,INDONESIA,28121,1,Pekanbaru,0.5028525,101.4474025,Pekanbaru,IN704542,DSC
LGEID,INDONESIA,28122,14,Onetime_SVC_LPG,,,Pekanbaru,IN704542,DSC
LGEID,INDONESIA,28123,7,Onetime_SVC_CR1,,,Pekanbaru,IN704542,DSC
LGEID,INDONESIA,28124,12,Onetime_SVC_KDR,,,Pekanbaru,IN704542,DSC
LGEID,INDONESIA,28125,1,Pekanbaru,0.460505,101.4359025,Pekanbaru,IN704542,DSC
LGEID,INDONESIA,28126,10,Onetime_SVC_JBR,0.58175,101.41652,Pekanbaru,IN704542,DSC
LGEID,INDONESIA,28127,13,Onetime_SVC_LBK,,,Pekanbaru,IN704542,DSC
LGEID,INDONESIA,28128,1,Pekanbaru,,,Pekanbaru,IN704542,DSC
LGEID,INDONESIA,28131,20,Onetime_SVC_PKB,0.52369,101.45503,Pekanbaru,IN704549,DSC
LGEID,INDONESIA,28132,20,Onetime_SVC_PKB,,,Pekanbaru,IN704549,DSC
LGEID,INDONESIA,28133,20,Onetime_SVC_PKB,,,Pekanbaru,IN704549,DSC
LGEID,INDONESIA,28141,20,Onetime_SVC_PKB,0.5348066666666668,101.45839333333333,Pekanbaru,IN704548,DSC
LGEID,INDONESIA,28142,20,Onetime_SVC_PKB,0.52998,101.46272,Pekanbaru,IN704548,DSC
LGEID,INDONESIA,28143,20,Onetime_SVC_PKB,0.54411,101.46413,Pekanbaru,IN704548,DSC
LGEID,INDONESIA,28144,20,Onetime_SVC_PKB,,,Pekanbaru,IN704548,DSC
LGEID,INDONESIA,28151,1,Pekanbaru,,,Pekanbaru,IN704542,DSC
LGEID,INDONESIA,28152,1,Pekanbaru,,,Pekanbaru,IN704542,DSC
LGEID,INDONESIA,28153,1,Pekanbaru,,,Pekanbaru,IN704542,DSC
LGEID,INDONESIA,28154,1,Pekanbaru,,,Pekanbaru,IN704542,DSC
LGEID,INDONESIA,28155,1,Pekanbaru,,,Pekanbaru,IN704542,DSC
LGEID,INDONESIA,28156,1,Pekanbaru,0.53509,101.43275,Pekanbaru,IN704542,DSC
LGEID,INDONESIA,28261,20,Onetime_SVC_PKB,0.56853,101.43946,Pekanbaru,IN704542,DSC
LGEID,INDONESIA,28262,1,Pekanbaru,,,Pekanbaru,IN704542,DSC
LGEID,INDONESIA,28263,18,Onetime_SVC_PDG,,,Pekanbaru,IN704542,DSC
LGEID,INDONESIA,28264,17,Onetime_SVC_MND,,,Pekanbaru,IN704542,DSC
LGEID,INDONESIA,28265,20,Onetime_SVC_PKB,,,Pekanbaru,IN704548,DSC
LGEID,INDONESIA,28266,19,Onetime_SVC_PIS,,,Pekanbaru,IN704542,DSC
LGEID,INDONESIA,28267,4,Onetime_SVC_BKS,,,Pekanbaru,IN704542,DSC
LGEID,INDONESIA,28281,20,Onetime_SVC_PKB,0.4962344444444445,101.47361777777778,Pekanbaru,IN704549,DSC
LGEID,INDONESIA,28282,20,Onetime_SVC_PKB,-0.4882142857142856,102.19251857142856,Pekanbaru,IN704549,DSC
LGEID,INDONESIA,28283,20,Onetime_SVC_PKB,,,Pekanbaru,IN704549,DSC
LGEID,INDONESIA,28284,20,Onetime_SVC_PKB,,,Pekanbaru,IN704549,DSC
LGEID,INDONESIA,28285,20,Onetime_SVC_PKB,0.52683,101.58408,Pekanbaru,IN704549,DSC
LGEID,INDONESIA,28286,20,Onetime_SVC_PKB,,,Pekanbaru,IN704549,DSC
LGEID,INDONESIA,28287,20,Onetime_SVC_PKB,,,Pekanbaru,IN704549,DSC
LGEID,INDONESIA,28288,20,Onetime_SVC_PKB,0.47316,101.47499,Pekanbaru,IN704549,DSC
LGEID,INDONESIA,28289,20,Onetime_SVC_PKB,,,Pekanbaru,IN704549,DSC
LGEID,INDONESIA,28291,9,Onetime_SVC_JB1,0.4667425,101.41740999999999,Pekanbaru,IN704542,DSC
LGEID,INDONESIA,28292,6,Onetime_SVC_BTM,0.5113,101.404094,Pekanbaru,IN704542,DSC
LGEID,INDONESIA,28293,1,Pekanbaru,0.47025,101.37356,Pekanbaru,IN704542,DSC
LGEID,INDONESIA,28294,1,Pekanbaru,0.4424,101.39053,Pekanbaru,IN704542,DSC
LGEID,INDONESIA,29411,6,Onetime_SVC_BTM,1.123793076923077,104.02780923076924,Batam,ID000083,DSC
LGEID,INDONESIA,29412,6,Onetime_SVC_BTM,,,Batam,ID000083,DSC
LGEID,INDONESIA,29414,6,Onetime_SVC_BTM,-3.495,108.10079999999999,Batam,ID000083,DSC
LGEID,INDONESIA,29415,6,Onetime_SVC_BTM,,,Batam,ID000083,DSC
LGEID,INDONESIA,29421,6,Onetime_SVC_BTM,,,Batam,ID000083,DSC
LGEID,INDONESIA,29422,6,Onetime_SVC_BTM,,,Batam,ID000083,DSC
LGEID,INDONESIA,29423,6,Onetime_SVC_BTM,,,Batam,ID000083,DSC
LGEID,INDONESIA,29424,6,Onetime_SVC_BTM,1.1100716666666666,103.9975175,Batam,ID000083,DSC
LGEID,INDONESIA,29425,6,Onetime_SVC_BTM,1.09933,103.93165,Batam,ID000083,DSC
LGEID,INDONESIA,29426,6,Onetime_SVC_BTM,1.111254,103.99998799999999,Batam,ID000083,DSC
LGEID,INDONESIA,29427,6,Onetime_SVC_BTM,1.1003100000000001,103.92547333333334,Batam,ID000083,DSC
LGEID,INDONESIA,29428,6,Onetime_SVC_BTM,1.13305625,104.006125625,Batam,ID000083,DSC
LGEID,INDONESIA,29431,6,Onetime_SVC_BTM,,,Batam,IN704713,DSC
LGEID,INDONESIA,29432,6,Onetime_SVC_BTM,,,Batam,IN704713,DSC
LGEID,INDONESIA,29433,6,Onetime_SVC_BTM,1.12366,104.05427,Batam,IN704713,DSC
LGEID,INDONESIA,29434,6,Onetime_SVC_BTM,,,Batam,IN704713,DSC
LGEID,INDONESIA,29437,6,Onetime_SVC_BTM,-6.89221,112.04902,Batam,IN704640,DSC
LGEID,INDONESIA,29438,6,Onetime_SVC_BTM,0.9306714583333333,104.07396291666667,Batam,IN704640,DSC
LGEID,INDONESIA,29439,6,Onetime_SVC_BTM,0.5424428571428571,104.1933592857143,Batam,IN704640,DSC
LGEID,INDONESIA,29441,6,Onetime_SVC_BTM,,,Batam,IN500461,DSC
LGEID,INDONESIA,29442,6,Onetime_SVC_BTM,,,Batam,IN500461,DSC
LGEID,INDONESIA,29443,6,Onetime_SVC_BTM,,,Batam,IN500461,DSC
LGEID,INDONESIA,29444,6,Onetime_SVC_BTM,1.1227241176470588,103.99837764705883,Batam,IN500461,DSC
LGEID,INDONESIA,29445,6,Onetime_SVC_BTM,-8.68181,115.17923,Batam,IN500461,DSC
LGEID,INDONESIA,29451,6,Onetime_SVC_BTM,,,Batam,IN704637,DSC
LGEID,INDONESIA,29452,6,Onetime_SVC_BTM,,,Batam,IN704637,DSC
LGEID,INDONESIA,29453,6,Onetime_SVC_BTM,,,Batam,IN704637,DSC
LGEID,INDONESIA,29454,6,Onetime_SVC_BTM,1.0940699999999999,103.97824,Batam,IN704637,DSC
LGEID,INDONESIA,29455,6,Onetime_SVC_BTM,,,Batam,IN704637,DSC
LGEID,INDONESIA,29456,6,Onetime_SVC_BTM,,,Batam,IN704637,DSC
LGEID,INDONESIA,29457,6,Onetime_SVC_BTM,,,Batam,IN704637,DSC
LGEID,INDONESIA,29458,6,Onetime_SVC_BTM,,,Batam,IN704637,DSC
LGEID,INDONESIA,29459,6,Onetime_SVC_BTM,,,Batam,IN704637,DSC
LGEID,INDONESIA,29460,6,Onetime_SVC_BTM,,,Batam,IN704637,DSC
LGEID,INDONESIA,29461,6,Onetime_SVC_BTM,,,Batam,IN704713,DSC
LGEID,INDONESIA,29464,6,Onetime_SVC_BTM,,,Batam,IN704713,DSC
LGEID,INDONESIA,29465,6,Onetime_SVC_BTM,1.1045735714285716,104.03332714285715,Batam,IN704713,DSC
LGEID,INDONESIA,29466,6,Onetime_SVC_BTM,1.12694,104.09380333333333,Batam,IN704713,DSC
LGEID,INDONESIA,29467,6,Onetime_SVC_BTM,-0.13827416666666661,104.49151166666667,Batam,IN704713,DSC
LGEID,INDONESIA,29468,6,Onetime_SVC_BTM,1.03788,103.93852,Batam,IN704713,DSC
LGEID,INDONESIA,29471,6,Onetime_SVC_BTM,,,Batam,IN500461,DSC
LGEID,INDONESIA,29473,6,Onetime_SVC_BTM,,,Batam,IN500461,DSC
LGEID,INDONESIA,29474,6,Onetime_SVC_BTM,,,Batam,IN500461,DSC
LGEID,INDONESIA,29475,6,Onetime_SVC_BTM,,,Batam,IN500461,DSC
LGEID,INDONESIA,29476,6,Onetime_SVC_BTM,,,Batam,IN500461,DSC
LGEID,INDONESIA,29481,6,Onetime_SVC_BTM,,,Batam,IN704640,DSC
LGEID,INDONESIA,29482,6,Onetime_SVC_BTM,,,Batam,IN704640,DSC
LGEID,INDONESIA,29483,6,Onetime_SVC_BTM,,,Batam,IN704640,DSC
LGEID,INDONESIA,29484,6,Onetime_SVC_BTM,,,Batam,IN704640,DSC
LGEID,INDONESIA,29485,6,Onetime_SVC_BTM,,,Batam,IN704640,DSC
LGEID,INDONESIA,29486,6,Onetime_SVC_BTM,,,Batam,IN704640,DSC
LGEID,INDONESIA,29487,6,Onetime_SVC_BTM,,,Batam,IN704640,DSC
LGEID,INDONESIA,30111,21,Onetime_SVC_PLB,-3.579519375,105.71875,Palembang,IN704536,DSC
LGEID,INDONESIA,30112,21,Onetime_SVC_PLB,,,Palembang,IN704536,DSC
LGEID,INDONESIA,30113,21,Onetime_SVC_PLB,,,Palembang,IN704536,DSC
LGEID,INDONESIA,30114,21,Onetime_SVC_PLB,,,Palembang,IN704536,DSC
LGEID,INDONESIA,30115,21,Onetime_SVC_PLB,-2.97019,104.77956,Palembang,IN704536,DSC
LGEID,INDONESIA,30116,21,Onetime_SVC_PLB,,,Palembang,IN704536,DSC
LGEID,INDONESIA,30117,21,Onetime_SVC_PLB,-2.9733300000000003,104.75291499999999,Palembang,IN704536,DSC
LGEID,INDONESIA,30118,21,Onetime_SVC_PLB,-2.9661266666666664,104.77728333333333,Palembang,IN704536,DSC
LGEID,INDONESIA,30119,21,Onetime_SVC_PLB,-2.95328,104.78844666666667,Palembang,IN704536,DSC
LGEID,INDONESIA,30121,21,Onetime_SVC_PLB,,,Palembang,ID000074,DSC
LGEID,INDONESIA,30122,21,Onetime_SVC_PLB,,,Palembang,ID000074,DSC
LGEID,INDONESIA,30123,21,Onetime_SVC_PLB,,,Palembang,ID000074,DSC
LGEID,INDONESIA,30124,21,Onetime_SVC_PLB,,,Palembang,ID000074,DSC
LGEID,INDONESIA,30125,21,Onetime_SVC_PLB,,,Palembang,ID000074,DSC
LGEID,INDONESIA,30126,21,Onetime_SVC_PLB,-2.963,104.751925,Palembang,ID000074,DSC
LGEID,INDONESIA,30127,21,Onetime_SVC_PLB,,,Palembang,IN704534,DSC
LGEID,INDONESIA,30128,21,Onetime_SVC_PLB,-2.951504,104.768436,Palembang,ID000074,DSC
LGEID,INDONESIA,30129,21,Onetime_SVC_PLB,,,Palembang,ID000074,DSC
LGEID,INDONESIA,30131,21,Onetime_SVC_PLB,-2.98022,104.71017,Palembang,IN704537,DSC
LGEID,INDONESIA,30132,21,Onetime_SVC_PLB,,,Palembang,IN704537,DSC
LGEID,INDONESIA,30133,21,Onetime_SVC_PLB,,,Palembang,IN704537,DSC
LGEID,INDONESIA,30134,21,Onetime_SVC_PLB,,,Palembang,IN704537,DSC
LGEID,INDONESIA,30135,21,Onetime_SVC_PLB,,,Palembang,IN704537,DSC
LGEID,INDONESIA,30136,21,Onetime_SVC_PLB,,,Palembang,IN704537,DSC
LGEID,INDONESIA,30137,21,Onetime_SVC_PLB,-2.97623,104.73233,Palembang,IN704537,DSC
LGEID,INDONESIA,30138,21,Onetime_SVC_PLB,-2.96211,104.72348,Palembang,IN704537,DSC
LGEID,INDONESIA,30139,21,Onetime_SVC_PLB,-3.00951,104.75248333333333,Palembang,IN704537,DSC
LGEID,INDONESIA,30141,21,Onetime_SVC_PLB,-2.99352,104.75653,Palembang,IN704537,DSC
LGEID,INDONESIA,30142,21,Onetime_SVC_PLB,,,Palembang,IN704537,DSC
LGEID,INDONESIA,30143,21,Onetime_SVC_PLB,,,Palembang,IN704537,DSC
LGEID,INDONESIA,30144,21,Onetime_SVC_PLB,,,Palembang,IN704537,DSC
LGEID,INDONESIA,30145,21,Onetime_SVC_PLB,,,Palembang,IN704537,DSC
LGEID,INDONESIA,30146,21,Onetime_SVC_PLB,,,Palembang,IN704537,DSC
LGEID,INDONESIA,30147,21,Onetime_SVC_PLB,,,Palembang,IN704537,DSC
LGEID,INDONESIA,30148,21,Onetime_SVC_PLB,,,Palembang,IN704537,DSC
LGEID,INDONESIA,30149,21,Onetime_SVC_PLB,-3.00412,104.67883,Palembang,IN704537,DSC
LGEID,INDONESIA,30151,21,Onetime_SVC_PLB,-2.912724285714286,104.67305857142857,Palembang,IN704534,DSC
LGEID,INDONESIA,30153,21,Onetime_SVC_PLB,,,Palembang,IN704534,DSC
LGEID,INDONESIA,30154,21,Onetime_SVC_PLB,-2.91906,104.68172,Palembang,IN704534,DSC
LGEID,INDONESIA,30155,21,Onetime_SVC_PLB,-2.925725,104.690055,Palembang,IN704534,DSC
LGEID,INDONESIA,30161,21,Onetime_SVC_PLB,,,Palembang,IN704536,DSC
LGEID,INDONESIA,30162,21,Onetime_SVC_PLB,-2.88373,104.69998,Palembang,IN704536,DSC
LGEID,INDONESIA,30163,21,Onetime_SVC_PLB,-2.926424285714286,104.7852,Palembang,IN704536,DSC
LGEID,INDONESIA,30164,21,Onetime_SVC_PLB,,,Palembang,IN704536,DSC
LGEID,INDONESIA,30165,21,Onetime_SVC_PLB,,,Palembang,IN704536,DSC
LGEID,INDONESIA,30251,21,Onetime_SVC_PLB,-3.00488,104.69141,Palembang,ID000074,DSC
LGEID,INDONESIA,30252,21,Onetime_SVC_PLB,-3.00262,104.76895,Palembang,ID000074,DSC
LGEID,INDONESIA,30253,21,Onetime_SVC_PLB,,,Palembang,ID000074,DSC
LGEID,INDONESIA,30255,21,Onetime_SVC_PLB,,,Palembang,ID000074,DSC
LGEID,INDONESIA,30257,21,Onetime_SVC_PLB,,,Palembang,ID000074,DSC
LGEID,INDONESIA,30258,21,Onetime_SVC_PLB,,,Palembang,ID000074,DSC
LGEID,INDONESIA,30259,21,Onetime_SVC_PLB,,,Palembang,ID000074,DSC
LGEID,INDONESIA,30261,21,Onetime_SVC_PLB,,,Palembang,ID000074,DSC
LGEID,INDONESIA,30262,21,Onetime_SVC_PLB,,,Palembang,ID000074,DSC
LGEID,INDONESIA,30263,21,Onetime_SVC_PLB,,,Palembang,ID000074,DSC
LGEID,INDONESIA,30264,21,Onetime_SVC_PLB,-2.99456,104.78025,Palembang,ID000074,DSC
LGEID,INDONESIA,30265,21,Onetime_SVC_PLB,-2.9721066666666665,104.75650666666667,Palembang,ID000074,DSC
LGEID,INDONESIA,30266,21,Onetime_SVC_PLB,,,Palembang,ID000074,DSC
LGEID,INDONESIA,30267,21,Onetime_SVC_PLB,,,Palembang,ID000074,DSC
LGEID,INDONESIA,30268,21,Onetime_SVC_PLB,,,Palembang,ID000074,DSC
LGEID,INDONESIA,34111,14,Onetime_SVC_LPG,,,Lampung,ID000047,DSC
LGEID,INDONESIA,34112,14,Onetime_SVC_LPG,,,Lampung,ID000047,DSC
LGEID,INDONESIA,34113,14,Onetime_SVC_LPG,,,Lampung,ID000047,DSC
LGEID,INDONESIA,34114,14,Onetime_SVC_LPG,,,Lampung,ID000047,DSC
LGEID,INDONESIA,34117,14,Onetime_SVC_LPG,,,Lampung,ID000047,DSC
LGEID,INDONESIA,34118,14,Onetime_SVC_LPG,,,Lampung,ID000047,DSC
LGEID,INDONESIA,34119,14,Onetime_SVC_LPG,,,Lampung,ID000047,DSC
LGEID,INDONESIA,34121,14,Onetime_SVC_LPG,,,Lampung,ID000047,DSC
LGEID,INDONESIA,34122,14,Onetime_SVC_LPG,,,Lampung,ID000047,DSC
LGEID,INDONESIA,34123,14,Onetime_SVC_LPG,,,Lampung,ID000047,DSC
LGEID,INDONESIA,34124,14,Onetime_SVC_LPG,,,Lampung,ID000047,DSC
LGEID,INDONESIA,34125,14,Onetime_SVC_LPG,,,Lampung,ID000047,DSC
LGEID,INDONESIA,34163,14,Onetime_SVC_LPG,,,Lampung,ID000047,DSC
LGEID,INDONESIA,34173,14,Onetime_SVC_LPG,,,Lampung,ID000047,DSC
LGEID,INDONESIA,34396,14,Onetime_SVC_LPG,,,Lampung,ID000047,DSC
LGEID,INDONESIA,34511,14,Onetime_SVC_LPG,-6.88923,109.45433,Lampung,ID000047,DSC
LGEID,INDONESIA,34581,14,Onetime_SVC_LPG,,,Lampung,ID000047,DSC
LGEID,INDONESIA,34590,14,Onetime_SVC_LPG,,,Lampung,ID000047,DSC
LGEID,INDONESIA,34611,14,Onetime_SVC_LPG,,,Lampung,ID000047,DSC
LGEID,INDONESIA,34761,14,Onetime_SVC_LPG,,,Lampung,ID000047,DSC
LGEID,INDONESIA,34814,14,Onetime_SVC_LPG,,,Lampung,ID000047,DSC
LGEID,INDONESIA,34898,14,Onetime_SVC_LPG,,,Lampung,ID000047,DSC
LGEID,INDONESIA,35111,14,Onetime_SVC_LPG,-5.375756666666667,105.27621500000001,Lampung,ID000047,DSC
LGEID,INDONESIA,35112,14,Onetime_SVC_LPG,-5.40829,105.26629,Lampung,ID000047,DSC
LGEID,INDONESIA,35113,14,Onetime_SVC_LPG,-5.371815,105.16056499999999,Lampung,ID000047,DSC
LGEID,INDONESIA,35114,14,Onetime_SVC_LPG,-5.4052050000000005,105.24129500000001,Lampung,ID000047,DSC
LGEID,INDONESIA,35115,14,Onetime_SVC_LPG,-5.223703333333333,105.27663666666666,Lampung,ID000047,DSC
LGEID,INDONESIA,35116,14,Onetime_SVC_LPG,-3.772535,105.67861500000001,Lampung,ID000047,DSC
LGEID,INDONESIA,35117,14,Onetime_SVC_LPG,,,Lampung,ID000047,DSC
LGEID,INDONESIA,35118,14,Onetime_SVC_LPG,-5.41903,105.26187,Lampung,ID000047,DSC
LGEID,INDONESIA,35119,14,Onetime_SVC_LPG,,,Lampung,ID000047,DSC
LGEID,INDONESIA,35121,14,Onetime_SVC_LPG,,,Lampung,ID000047,DSC
LGEID,INDONESIA,35122,14,Onetime_SVC_LPG,-5.401743333333333,105.27821666666667,Lampung,ID000047,DSC
LGEID,INDONESIA,35123,14,Onetime_SVC_LPG,,,Lampung,ID000047,DSC
LGEID,INDONESIA,35124,14,Onetime_SVC_LPG,,,Lampung,ID000047,DSC
LGEID,INDONESIA,35125,14,Onetime_SVC_LPG,,,Lampung,ID000047,DSC
LGEID,INDONESIA,35126,14,Onetime_SVC_LPG,,,Lampung,ID000047,DSC
LGEID,INDONESIA,35127,14,Onetime_SVC_LPG,,,Lampung,ID000047,DSC
LGEID,INDONESIA,35128,14,Onetime_SVC_LPG,,,Lampung,ID000047,DSC
LGEID,INDONESIA,35129,14,Onetime_SVC_LPG,,,Lampung,ID000047,DSC
LGEID,INDONESIA,35131,14,Onetime_SVC_LPG,-5.38234125,105.29954875,Lampung,ID000047,DSC
LGEID,INDONESIA,35132,14,Onetime_SVC_LPG,-5.39258,105.28144,Lampung,ID000047,DSC
LGEID,INDONESIA,35133,14,Onetime_SVC_LPG,,,Lampung,ID000047,DSC
LGEID,INDONESIA,35134,14,Onetime_SVC_LPG,-5.37107,105.32878,Lampung,ID000047,DSC
LGEID,INDONESIA,35135,14,Onetime_SVC_LPG,-5.3831050000000005,105.2773,Lampung,ID000047,DSC
LGEID,INDONESIA,35136,14,Onetime_SVC_LPG,,,Lampung,ID000047,DSC
LGEID,INDONESIA,35141,14,Onetime_SVC_LPG,-5.38599,105.26103,Lampung,ID000047,DSC
LGEID,INDONESIA,35142,14,Onetime_SVC_LPG,-5.371555,105.26488,Lampung,ID000047,DSC
LGEID,INDONESIA,35143,14,Onetime_SVC_LPG,,,Lampung,ID000047,DSC
LGEID,INDONESIA,35144,14,Onetime_SVC_LPG,-5.370476,105.23571199999999,Lampung,ID000047,DSC
LGEID,INDONESIA,35145,14,Onetime_SVC_LPG,,,Lampung,ID000047,DSC
LGEID,INDONESIA,35146,14,Onetime_SVC_LPG,,,Lampung,ID000047,DSC
LGEID,INDONESIA,35147,14,Onetime_SVC_LPG,,,Lampung,ID000047,DSC
LGEID,INDONESIA,35148,14,Onetime_SVC_LPG,-5.38975,105.26525,Lampung,ID000047,DSC
LGEID,INDONESIA,35149,14,Onetime_SVC_LPG,,,Lampung,ID000047,DSC
LGEID,INDONESIA,35151,14,Onetime_SVC_LPG,,,Lampung,ID000047,DSC
LGEID,INDONESIA,35152,14,Onetime_SVC_LPG,-5.39291,105.2459,Lampung,ID000047,DSC
LGEID,INDONESIA,35153,14,Onetime_SVC_LPG,-3.144885,102.711035,Lampung,ID000047,DSC
LGEID,INDONESIA,35154,14,Onetime_SVC_LPG,-5.39462,105.23406,Lampung,ID000047,DSC
LGEID,INDONESIA,35155,14,Onetime_SVC_LPG,,,Lampung,ID000047,DSC
LGEID,INDONESIA,35156,14,Onetime_SVC_LPG,,,Lampung,ID000047,DSC
LGEID,INDONESIA,35157,14,Onetime_SVC_LPG,,,Lampung,ID000047,DSC
LGEID,INDONESIA,35158,14,Onetime_SVC_LPG,-5.39716,105.20853,Lampung,ID000047,DSC
LGEID,INDONESIA,35159,14,Onetime_SVC_LPG,,,Lampung,ID000047,DSC
LGEID,INDONESIA,35211,14,Onetime_SVC_LPG,,,Lampung,ID000047,DSC
LGEID,INDONESIA,35212,14,Onetime_SVC_LPG,,,Lampung,ID000047,DSC
LGEID,INDONESIA,35213,14,Onetime_SVC_LPG,,,Lampung,ID000047,DSC
LGEID,INDONESIA,35214,14,Onetime_SVC_LPG,-5.42792,105.26747,Lampung,ID000047,DSC
LGEID,INDONESIA,35215,14,Onetime_SVC_LPG,,,Lampung,ID000047,DSC
LGEID,INDONESIA,35221,14,Onetime_SVC_LPG,-5.446115714285715,105.25411999999999,Lampung,ID000047,DSC
LGEID,INDONESIA,35222,14,Onetime_SVC_LPG,,,Lampung,ID000047,DSC
LGEID,INDONESIA,35223,14,Onetime_SVC_LPG,,,Lampung,ID000047,DSC
LGEID,INDONESIA,35224,14,Onetime_SVC_LPG,,,Lampung,ID000047,DSC
LGEID,INDONESIA,35225,14,Onetime_SVC_LPG,-5.43606,105.28367,Lampung,ID000047,DSC
LGEID,INDONESIA,35226,14,Onetime_SVC_LPG,,,Lampung,ID000047,DSC
LGEID,INDONESIA,35227,14,Onetime_SVC_LPG,,,Lampung,ID000047,DSC
LGEID,INDONESIA,35228,14,Onetime_SVC_LPG,-5.43898,105.28284,Lampung,ID000047,DSC
LGEID,INDONESIA,35229,14,Onetime_SVC_LPG,,,Lampung,ID000047,DSC
LGEID,INDONESIA,35231,14,Onetime_SVC_LPG,,,Lampung,ID000047,DSC
LGEID,INDONESIA,35232,14,Onetime_SVC_LPG,,,Lampung,ID000047,DSC
LGEID,INDONESIA,35233,14,Onetime_SVC_LPG,,,Lampung,ID000047,DSC
LGEID,INDONESIA,35234,14,Onetime_SVC_LPG,-5.4442,105.22327,Lampung,ID000047,DSC
LGEID,INDONESIA,35235,14,Onetime_SVC_LPG,,,Lampung,ID000047,DSC
LGEID,INDONESIA,35236,14,Onetime_SVC_LPG,-5.48062,105.24907,Lampung,ID000047,DSC
LGEID,INDONESIA,35237,14,Onetime_SVC_LPG,,,Lampung,ID000047,DSC
LGEID,INDONESIA,35238,14,Onetime_SVC_LPG,-5.45067,105.24358,Lampung,ID000047,DSC
LGEID,INDONESIA,35239,14,Onetime_SVC_LPG,,,Lampung,ID000047,DSC
LGEID,INDONESIA,35241,14,Onetime_SVC_LPG,-5.46502,105.32196,Lampung,ID000047,DSC
LGEID,INDONESIA,35242,14,Onetime_SVC_LPG,,,Lampung,ID000047,DSC
LGEID,INDONESIA,35243,14,Onetime_SVC_LPG,-5.47606,105.32328,Lampung,ID000047,DSC
LGEID,INDONESIA,35244,14,Onetime_SVC_LPG,,,Lampung,ID000047,DSC
LGEID,INDONESIA,35245,14,Onetime_SVC_LPG,,,Lampung,ID000047,DSC
LGEID,INDONESIA,35246,14,Onetime_SVC_LPG,,,Lampung,ID000047,DSC
LGEID,INDONESIA,35352,14,Onetime_SVC_LPG,,,Lampung,ID000047,DSC
LGEID,INDONESIA,35353,14,Onetime_SVC_LPG,,,Lampung,ID000047,DSC
LGEID,INDONESIA,35356,14,Onetime_SVC_LPG,,,Lampung,ID000047,DSC
LGEID,INDONESIA,35362,14,Onetime_SVC_LPG,-5.3523,105.21897,Lampung,ID000047,DSC
LGEID,INDONESIA,35363,14,Onetime_SVC_LPG,,,Lampung,ID000047,DSC
LGEID,INDONESIA,35365,14,Onetime_SVC_LPG,,,Lampung,ID000047,DSC
LGEID,INDONESIA,35366,14,Onetime_SVC_LPG,,,Lampung,ID000047,DSC
LGEID,INDONESIA,35368,14,Onetime_SVC_LPG,,,Lampung,ID000047,DSC
LGEID,INDONESIA,35371,14,Onetime_SVC_LPG,,,Lampung,ID000047,DSC
LGEID,INDONESIA,35372,14,Onetime_SVC_LPG,,,Lampung,ID000047,DSC
LGEID,INDONESIA,35373,14,Onetime_SVC_LPG,,,Lampung,ID000047,DSC
LGEID,INDONESIA,35381,14,Onetime_SVC_LPG,,,Lampung,ID000047,DSC
LGEID,INDONESIA,35450,14,Onetime_SVC_LPG,,,Lampung,ID000047,DSC
LGEID,INDONESIA,35451,14,Onetime_SVC_LPG,,,Lampung,ID000047,DSC
LGEID,INDONESIA,35455,14,Onetime_SVC_LPG,,,Lampung,ID000047,DSC
LGEID,INDONESIA,35551,14,Onetime_SVC_LPG,,,Lampung,ID000047,DSC
LGEID,INDONESIA,35552,14,Onetime_SVC_LPG,,,Lampung,ID000047,DSC
LGEID,INDONESIA,35592,14,Onetime_SVC_LPG,,,Lampung,ID000047,DSC
LGEID,INDONESIA,35596,14,Onetime_SVC_LPG,,,Lampung,ID000047,DSC
LGEID,INDONESIA,36111,9,Onetime_SVC_JB1,-1.6192742857142857,103.62513214285715,Jambi,IN700147,DSC
LGEID,INDONESIA,36112,9,Onetime_SVC_JB1,-1.5713485714285713,103.57733,Jambi,IN700147,DSC
LGEID,INDONESIA,36113,9,Onetime_SVC_JB1,,,Jambi,IN700147,DSC
LGEID,INDONESIA,36114,9,Onetime_SVC_JB1,,,Jambi,IN700147,DSC
LGEID,INDONESIA,36115,9,Onetime_SVC_JB1,,,Jambi,IN700147,DSC
LGEID,INDONESIA,36116,9,Onetime_SVC_JB1,,,Jambi,IN700147,DSC
LGEID,INDONESIA,36117,9,Onetime_SVC_JB1,,,Jambi,IN700147,DSC
LGEID,INDONESIA,36118,9,Onetime_SVC_JB1,,,Jambi,IN700147,DSC
LGEID,INDONESIA,36119,9,Onetime_SVC_JB1,,,Jambi,IN700147,DSC
LGEID,INDONESIA,36120,9,Onetime_SVC_JB1,,,Jambi,IN700147,DSC
LGEID,INDONESIA,36121,9,Onetime_SVC_JB1,-1.5972933333333332,103.58528,Jambi,IN700147,DSC
LGEID,INDONESIA,36122,9,Onetime_SVC_JB1,-1.5993433333333333,103.60367333333333,Jambi,IN704635,DSC
LGEID,INDONESIA,36123,9,Onetime_SVC_JB1,,,Jambi,IN704635,DSC
LGEID,INDONESIA,36124,9,Onetime_SVC_JB1,-1.61679,103.59607,Jambi,IN704635,DSC
LGEID,INDONESIA,36125,9,Onetime_SVC_JB1,-1.62427,103.57444,Jambi,IN704635,DSC
LGEID,INDONESIA,36126,9,Onetime_SVC_JB1,-1.62796,103.58817,Jambi,IN704635,DSC
LGEID,INDONESIA,36127,9,Onetime_SVC_JB1,-1.63328,103.59944,Jambi,IN704635,DSC
LGEID,INDONESIA,36128,9,Onetime_SVC_JB1,-1.6387519999999998,103.60181800000001,Jambi,IN704635,DSC
LGEID,INDONESIA,36129,9,Onetime_SVC_JB1,-1.6483742857142858,103.56834142857143,Jambi,IN704635,DSC
LGEID,INDONESIA,36130,9,Onetime_SVC_JB1,,,Jambi,IN700147,DSC
LGEID,INDONESIA,36131,9,Onetime_SVC_JB1,-1.6107,103.63483,Jambi,IN700147,DSC
LGEID,INDONESIA,36132,9,Onetime_SVC_JB1,-1.65131,103.64908,Jambi,IN700147,DSC
LGEID,INDONESIA,36133,9,Onetime_SVC_JB1,,,Jambi,IN700147,DSC
LGEID,INDONESIA,36134,9,Onetime_SVC_JB1,,,Jambi,IN700147,DSC
LGEID,INDONESIA,36135,9,Onetime_SVC_JB1,-1.6366450000000001,103.656185,Jambi,IN700147,DSC
LGEID,INDONESIA,36136,9,Onetime_SVC_JB1,-1.6096525,103.61286999999999,Jambi,IN700147,DSC
LGEID,INDONESIA,36137,9,Onetime_SVC_JB1,-1.62208,103.61242,Jambi,IN700147,DSC
LGEID,INDONESIA,36138,9,Onetime_SVC_JB1,-4.44032,108.1916775,Jambi,IN700147,DSC
LGEID,INDONESIA,36139,9,Onetime_SVC_JB1,-2.65054,105.2932057142857,Jambi,IN700147,DSC
LGEID,INDONESIA,36140,9,Onetime_SVC_JB1,,,Jambi,IN700147,DSC
LGEID,INDONESIA,36141,9,Onetime_SVC_JB1,-1.58911,103.629535,Jambi,IN700147,DSC
LGEID,INDONESIA,36142,9,Onetime_SVC_JB1,-1.60246,103.63371,Jambi,IN700147,DSC
LGEID,INDONESIA,36143,9,Onetime_SVC_JB1,,,Jambi,IN700147,DSC
LGEID,INDONESIA,36144,9,Onetime_SVC_JB1,-1.59528,103.62076,Jambi,IN700147,DSC
LGEID,INDONESIA,36145,9,Onetime_SVC_JB1,,,Jambi,IN700147,DSC
LGEID,INDONESIA,36146,9,Onetime_SVC_JB1,,,Jambi,IN700147,DSC
LGEID,INDONESIA,36147,9,Onetime_SVC_JB1,,,Jambi,IN700147,DSC
LGEID,INDONESIA,36148,9,Onetime_SVC_JB1,-1.59514,103.64916,Jambi,IN700147,DSC
LGEID,INDONESIA,36149,9,Onetime_SVC_JB1,,,Jambi,IN700147,DSC
LGEID,INDONESIA,36150,9,Onetime_SVC_JB1,,,Jambi,IN704635,DSC
LGEID,INDONESIA,36151,9,Onetime_SVC_JB1,,,Jambi,IN704635,DSC
LGEID,INDONESIA,36152,9,Onetime_SVC_JB1,,,Jambi,IN704635,DSC
LGEID,INDONESIA,36153,9,Onetime_SVC_JB1,,,Jambi,IN704635,DSC
LGEID,INDONESIA,36154,9,Onetime_SVC_JB1,,,Jambi,IN704635,DSC
LGEID,INDONESIA,36155,9,Onetime_SVC_JB1,,,Jambi,IN704635,DSC
LGEID,INDONESIA,36156,9,Onetime_SVC_JB1,,,Jambi,IN704635,DSC
LGEID,INDONESIA,36157,9,Onetime_SVC_JB1,,,Jambi,IN704635,DSC
LGEID,INDONESIA,36158,9,Onetime_SVC_JB1,,,Jambi,IN704635,DSC
LGEID,INDONESIA,36159,9,Onetime_SVC_JB1,,,Jambi,IN704635,DSC
LGEID,INDONESIA,36160,9,Onetime_SVC_JB1,,,Jambi,IN704635,DSC
LGEID,INDONESIA,36161,9,Onetime_SVC_JB1,,,Jambi,IN704635,DSC
LGEID,INDONESIA,36162,9,Onetime_SVC_JB1,,,Jambi,IN704635,DSC
LGEID,INDONESIA,36163,9,Onetime_SVC_JB1,,,Jambi,IN704635,DSC
LGEID,INDONESIA,36164,9,Onetime_SVC_JB1,,,Jambi,IN704635,DSC
LGEID,INDONESIA,36165,9,Onetime_SVC_JB1,,,Jambi,IN704635,DSC
LGEID,INDONESIA,36166,9,Onetime_SVC_JB1,,,Jambi,IN704635,DSC
LGEID,INDONESIA,36167,9,Onetime_SVC_JB1,,,Jambi,IN704635,DSC
LGEID,INDONESIA,36168,9,Onetime_SVC_JB1,,,Jambi,IN704635,DSC
LGEID,INDONESIA,36169,9,Onetime_SVC_JB1,,,Jambi,IN704635,DSC
LGEID,INDONESIA,36170,9,Onetime_SVC_JB1,,,Jambi,IN704635,DSC
LGEID,INDONESIA,36171,9,Onetime_SVC_JB1,,,Jambi,IN704635,DSC
LGEID,INDONESIA,36172,9,Onetime_SVC_JB1,,,Jambi,IN704635,DSC
LGEID,INDONESIA,36173,9,Onetime_SVC_JB1,,,Jambi,IN704635,DSC
LGEID,INDONESIA,36174,9,Onetime_SVC_JB1,,,Jambi,IN704635,DSC
LGEID,INDONESIA,36175,9,Onetime_SVC_JB1,,,Jambi,IN704635,DSC
LGEID,INDONESIA,36176,9,Onetime_SVC_JB1,,,Jambi,IN704635,DSC
LGEID,INDONESIA,36177,9,Onetime_SVC_JB1,,,Jambi,IN704635,DSC
LGEID,INDONESIA,36178,9,Onetime_SVC_JB1,,,Jambi,IN704635,DSC
LGEID,INDONESIA,36179,9,Onetime_SVC_JB1,,,Jambi,IN704635,DSC
LGEID,INDONESIA,36180,9,Onetime_SVC_JB1,,,Jambi,IN704635,DSC
LGEID,INDONESIA,36181,9,Onetime_SVC_JB1,,,Jambi,IN704635,DSC
LGEID,INDONESIA,36182,9,Onetime_SVC_JB1,,,Jambi,IN704635,DSC
LGEID,INDONESIA,36183,9,Onetime_SVC_JB1,,,Jambi,IN704635,DSC
LGEID,INDONESIA,36184,9,Onetime_SVC_JB1,,,Jambi,IN704635,DSC
LGEID,INDONESIA,36185,9,Onetime_SVC_JB1,,,Jambi,IN704635,DSC
LGEID,INDONESIA,36186,9,Onetime_SVC_JB1,,,Jambi,IN704635,DSC
LGEID,INDONESIA,36187,9,Onetime_SVC_JB1,,,Jambi,IN704635,DSC
LGEID,INDONESIA,36188,9,Onetime_SVC_JB1,,,Jambi,IN704635,DSC
LGEID,INDONESIA,36189,9,Onetime_SVC_JB1,,,Jambi,IN704635,DSC
LGEID,INDONESIA,36190,9,Onetime_SVC_JB1,,,Jambi,IN704635,DSC
LGEID,INDONESIA,36191,9,Onetime_SVC_JB1,,,Jambi,IN704635,DSC
LGEID,INDONESIA,36192,9,Onetime_SVC_JB1,,,Jambi,IN704635,DSC
LGEID,INDONESIA,36193,9,Onetime_SVC_JB1,,,Jambi,IN704635,DSC
LGEID,INDONESIA,36194,9,Onetime_SVC_JB1,,,Jambi,IN704635,DSC
LGEID,INDONESIA,36195,9,Onetime_SVC_JB1,,,Jambi,IN704635,DSC
LGEID,INDONESIA,36196,9,Onetime_SVC_JB1,,,Jambi,IN704635,DSC
LGEID,INDONESIA,36197,9,Onetime_SVC_JB1,,,Jambi,IN704635,DSC
LGEID,INDONESIA,36198,9,Onetime_SVC_JB1,,,Jambi,IN704635,DSC
LGEID,INDONESIA,36199,9,Onetime_SVC_JB1,,,Jambi,IN704635,DSC
LGEID,INDONESIA,36200,9,Onetime_SVC_JB1,,,Jambi,IN704635,DSC
LGEID,INDONESIA,36201,9,Onetime_SVC_JB1,,,Jambi,IN704635,DSC
LGEID,INDONESIA,36202,9,Onetime_SVC_JB1,,,Jambi,IN704635,DSC
LGEID,INDONESIA,36203,9,Onetime_SVC_JB1,,,Jambi,IN704635,DSC
LGEID,INDONESIA,36204,9,Onetime_SVC_JB1,,,Jambi,IN704635,DSC
LGEID,INDONESIA,36205,9,Onetime_SVC_JB1,,,Jambi,IN704635,DSC
LGEID,INDONESIA,36206,9,Onetime_SVC_JB1,,,Jambi,IN704635,DSC
LGEID,INDONESIA,36207,9,Onetime_SVC_JB1,,,Jambi,IN704635,DSC
LGEID,INDONESIA,36208,9,Onetime_SVC_JB1,,,Jambi,IN704635,DSC
LGEID,INDONESIA,36209,9,Onetime_SVC_JB1,,,Jambi,IN704635,DSC
LGEID,INDONESIA,36210,9,Onetime_SVC_JB1,,,Jambi,IN704635,DSC
LGEID,INDONESIA,36211,9,Onetime_SVC_JB1,,,Jambi,IN704635,DSC
LGEID,INDONESIA,36212,9,Onetime_SVC_JB1,,,Jambi,IN704635,DSC
LGEID,INDONESIA,36213,9,Onetime_SVC_JB1,,,Jambi,IN704635,DSC
LGEID,INDONESIA,36214,9,Onetime_SVC_JB1,,,Jambi,IN704635,DSC
LGEID,INDONESIA,36215,9,Onetime_SVC_JB1,,,Jambi,IN704635,DSC
LGEID,INDONESIA,36216,9,Onetime_SVC_JB1,,,Jambi,IN704635,DSC
LGEID,INDONESIA,36217,9,Onetime_SVC_JB1,,,Jambi,IN704635,DSC
LGEID,INDONESIA,36218,9,Onetime_SVC_JB1,,,Jambi,IN704635,DSC
LGEID,INDONESIA,36219,9,Onetime_SVC_JB1,,,Jambi,IN704635,DSC
LGEID,INDONESIA,36220,9,Onetime_SVC_JB1,,,Jambi,IN704635,DSC
LGEID,INDONESIA,36221,9,Onetime_SVC_JB1,,,Jambi,IN704635,DSC
LGEID,INDONESIA,36222,9,Onetime_SVC_JB1,,,Jambi,IN704635,DSC
LGEID,INDONESIA,36223,9,Onetime_SVC_JB1,,,Jambi,IN704635,DSC
LGEID,INDONESIA,36224,9,Onetime_SVC_JB1,,,Jambi,IN704635,DSC
LGEID,INDONESIA,36225,9,Onetime_SVC_JB1,,,Jambi,IN704635,DSC
LGEID,INDONESIA,36226,9,Onetime_SVC_JB1,,,Jambi,IN704635,DSC
LGEID,INDONESIA,36227,9,Onetime_SVC_JB1,,,Jambi,IN704635,DSC
LGEID,INDONESIA,36228,9,Onetime_SVC_JB1,,,Jambi,IN704635,DSC
LGEID,INDONESIA,36229,9,Onetime_SVC_JB1,,,Jambi,IN704635,DSC
LGEID,INDONESIA,36230,9,Onetime_SVC_JB1,,,Jambi,IN704635,DSC
LGEID,INDONESIA,36231,9,Onetime_SVC_JB1,,,Jambi,IN704635,DSC
LGEID,INDONESIA,36232,9,Onetime_SVC_JB1,,,Jambi,IN704635,DSC
LGEID,INDONESIA,36233,9,Onetime_SVC_JB1,,,Jambi,IN704635,DSC
LGEID,INDONESIA,36234,9,Onetime_SVC_JB1,,,Jambi,IN704635,DSC
LGEID,INDONESIA,36235,9,Onetime_SVC_JB1,,,Jambi,IN704635,DSC
LGEID,INDONESIA,36236,9,Onetime_SVC_JB1,,,Jambi,IN704635,DSC
LGEID,INDONESIA,36237,9,Onetime_SVC_JB1,,,Jambi,IN704635,DSC
LGEID,INDONESIA,36238,9,Onetime_SVC_JB1,,,Jambi,IN704635,DSC
LGEID,INDONESIA,36239,9,Onetime_SVC_JB1,,,Jambi,IN704635,DSC
LGEID,INDONESIA,36240,9,Onetime_SVC_JB1,,,Jambi,IN704635,DSC
LGEID,INDONESIA,36241,9,Onetime_SVC_JB1,,,Jambi,IN704635,DSC
LGEID,INDONESIA,36242,9,Onetime_SVC_JB1,,,Jambi,IN704635,DSC
LGEID,INDONESIA,36243,9,Onetime_SVC_JB1,,,Jambi,IN704635,DSC
LGEID,INDONESIA,36244,9,Onetime_SVC_JB1,,,Jambi,IN704635,DSC
LGEID,INDONESIA,36245,9,Onetime_SVC_JB1,,,Jambi,IN704635,DSC
LGEID,INDONESIA,36246,9,Onetime_SVC_JB1,,,Jambi,IN704635,DSC
LGEID,INDONESIA,36247,9,Onetime_SVC_JB1,,,Jambi,IN704635,DSC
LGEID,INDONESIA,36248,9,Onetime_SVC_JB1,,,Jambi,IN704635,DSC
LGEID,INDONESIA,36249,9,Onetime_SVC_JB1,,,Jambi,IN704635,DSC
LGEID,INDONESIA,36250,9,Onetime_SVC_JB1,,,Jambi,IN704635,DSC
LGEID,INDONESIA,36251,9,Onetime_SVC_JB1,,,Jambi,IN704635,DSC
LGEID,INDONESIA,36252,9,Onetime_SVC_JB1,,,Jambi,IN704635,DSC
LGEID,INDONESIA,36253,9,Onetime_SVC_JB1,,,Jambi,IN704635,DSC
LGEID,INDONESIA,36254,9,Onetime_SVC_JB1,,,Jambi,IN704635,DSC
LGEID,INDONESIA,36255,9,Onetime_SVC_JB1,-1.5677,103.6214,Jambi,IN704635,DSC
LGEID,INDONESIA,36256,9,Onetime_SVC_JB1,,,Jambi,IN704635,DSC
LGEID,INDONESIA,36257,9,Onetime_SVC_JB1,,,Jambi,IN704635,DSC
LGEID,INDONESIA,36258,9,Onetime_SVC_JB1,,,Jambi,IN704635,DSC
LGEID,INDONESIA,36259,9,Onetime_SVC_JB1,,,Jambi,IN704635,DSC
LGEID,INDONESIA,36260,9,Onetime_SVC_JB1,,,Jambi,IN704635,DSC
LGEID,INDONESIA,36261,9,Onetime_SVC_JB1,,,Jambi,IN704635,DSC
LGEID,INDONESIA,36262,9,Onetime_SVC_JB1,,,Jambi,IN704635,DSC
LGEID,INDONESIA,36263,9,Onetime_SVC_JB1,,,Jambi,IN704635,DSC
LGEID,INDONESIA,36264,9,Onetime_SVC_JB1,,,Jambi,IN704635,DSC
LGEID,INDONESIA,36265,9,Onetime_SVC_JB1,,,Jambi,IN704635,DSC
LGEID,INDONESIA,36361,9,Onetime_SVC_JB1,-1.5915875000000002,103.5212075,Jambi,IN704635,DSC
LGEID,INDONESIA,36362,9,Onetime_SVC_JB1,,,Jambi,IN704635,DSC
LGEID,INDONESIA,36363,9,Onetime_SVC_JB1,,,Jambi,IN704635,DSC
LGEID,INDONESIA,36364,9,Onetime_SVC_JB1,-1.71913,103.57393,Jambi,IN704635,DSC
LGEID,INDONESIA,36365,9,Onetime_SVC_JB1,,,Jambi,IN704635,DSC
LGEID,INDONESIA,36511,9,Onetime_SVC_JB1,,,Jambi,IN704635,DSC
LGEID,INDONESIA,36512,9,Onetime_SVC_JB1,,,Jambi,IN704635,DSC
LGEID,INDONESIA,36513,9,Onetime_SVC_JB1,,,Jambi,IN704635,DSC
LGEID,INDONESIA,36514,9,Onetime_SVC_JB1,,,Jambi,IN704635,DSC
LGEID,INDONESIA,40111,2,Onetime_SVC_BDG,-6.935316060606061,107.63506363636364,Bandung,IN704710,DSC
LGEID,INDONESIA,40112,2,Onetime_SVC_BDG,-6.86107,107.57753,Bandung,IN704710,DSC
LGEID,INDONESIA,40113,2,Onetime_SVC_BDG,,,Bandung,IN704710,DSC
LGEID,INDONESIA,40114,2,Onetime_SVC_BDG,-6.91156,107.63126,Bandung,IN704710,DSC
LGEID,INDONESIA,40115,2,Onetime_SVC_BDG,,,Bandung,IN704710,DSC
LGEID,INDONESIA,40116,2,Onetime_SVC_BDG,,,Bandung,IN704710,DSC
LGEID,INDONESIA,40117,2,Onetime_SVC_BDG,-6.86989,107.47467,Bandung,IN704710,DSC
LGEID,INDONESIA,40121,2,Onetime_SVC_BDG,,,Bandung,IN704460,DSC
LGEID,INDONESIA,40122,2,Onetime_SVC_BDG,-6.90056,107.63271,Bandung,IN704460,DSC
LGEID,INDONESIA,40123,2,Onetime_SVC_BDG,,,Bandung,IN704710,DSC
LGEID,INDONESIA,40124,2,Onetime_SVC_BDG,-6.9111,107.6272,Bandung,IN704460,DSC
LGEID,INDONESIA,40125,2,Onetime_SVC_BDG,-6.92414,107.5941,Bandung,IN704460,DSC
LGEID,INDONESIA,40131,2,Onetime_SVC_BDG,,,Bandung,IN704710,DSC
LGEID,INDONESIA,40132,2,Onetime_SVC_BDG,,,Bandung,IN704710,DSC
LGEID,INDONESIA,40133,2,Onetime_SVC_BDG,,,Bandung,IN704710,DSC
LGEID,INDONESIA,40134,2,Onetime_SVC_BDG,-6.88697,107.62339,Bandung,IN704710,DSC
LGEID,INDONESIA,40135,2,Onetime_SVC_BDG,-6.66401,107.35556000000001,Bandung,IN704710,DSC
LGEID,INDONESIA,40141,2,Onetime_SVC_BDG,-6.87086,107.59715,Bandung,IN704710,DSC
LGEID,INDONESIA,40142,2,Onetime_SVC_BDG,-6.87273,107.60690500000001,Bandung,IN704710,DSC
LGEID,INDONESIA,40143,2,Onetime_SVC_BDG,,,Bandung,IN704710,DSC
LGEID,INDONESIA,40151,2,Onetime_SVC_BDG,-6.869574999999999,107.57824,Bandung,IN704710,DSC
LGEID,INDONESIA,40152,2,Onetime_SVC_BDG,-6.87772,107.58697,Bandung,IN704710,DSC
LGEID,INDONESIA,40153,2,Onetime_SVC_BDG,-6.864635,107.58547999999999,Bandung,IN704710,DSC
LGEID,INDONESIA,40154,2,Onetime_SVC_BDG,,,Bandung,IN704710,DSC
LGEID,INDONESIA,40161,2,Onetime_SVC_BDG,-6.88518,107.59787,Bandung,IN704710,DSC
LGEID,INDONESIA,40162,2,Onetime_SVC_BDG,,,Bandung,IN704710,DSC
LGEID,INDONESIA,40163,2,Onetime_SVC_BDG,-6.88938,107.58224,Bandung,IN704710,DSC
LGEID,INDONESIA,40164,2,Onetime_SVC_BDG,-6.88853,107.57927,Bandung,IN704710,DSC
LGEID,INDONESIA,40171,2,Onetime_SVC_BDG,-6.9078599999999994,107.59808000000001,Bandung,IN704710,DSC
LGEID,INDONESIA,40172,2,Onetime_SVC_BDG,-6.90938,107.58875,Bandung,IN704710,DSC
LGEID,INDONESIA,40173,2,Onetime_SVC_BDG,,,Bandung,IN704710,DSC
LGEID,INDONESIA,40174,2,Onetime_SVC_BDG,,,Bandung,IN704710,DSC
LGEID,INDONESIA,40175,2,Onetime_SVC_BDG,-6.8918800000000005,107.56344,Bandung,IN704710,DSC
LGEID,INDONESIA,40181,2,Onetime_SVC_BDG,-6.91701,107.59883,Bandung,IN704710,DSC
LGEID,INDONESIA,40182,2,Onetime_SVC_BDG,,,Bandung,IN704710,DSC
LGEID,INDONESIA,40183,2,Onetime_SVC_BDG,,,Bandung,IN704710,DSC
LGEID,INDONESIA,40184,2,Onetime_SVC_BDG,-6.90904,107.57502,Bandung,IN704710,DSC
LGEID,INDONESIA,40191,2,Onetime_SVC_BDG,-6.8969,107.65489,Bandung,IN704460,DSC
LGEID,INDONESIA,40192,2,Onetime_SVC_BDG,,,Bandung,IN704460,DSC
LGEID,INDONESIA,40193,2,Onetime_SVC_BDG,,,Bandung,IN704460,DSC
LGEID,INDONESIA,40194,2,Onetime_SVC_BDG,-6.89881,107.67023,Bandung,IN704460,DSC
LGEID,INDONESIA,40195,2,Onetime_SVC_BDG,,,Bandung,IN704460,DSC
LGEID,INDONESIA,40196,2,Onetime_SVC_BDG,,,Bandung,IN704460,DSC
LGEID,INDONESIA,40197,2,Onetime_SVC_BDG,-6.868395,107.65697,Bandung,IN704460,DSC
LGEID,INDONESIA,40198,2,Onetime_SVC_BDG,,,Bandung,IN704460,DSC
LGEID,INDONESIA,40211,2,Onetime_SVC_BDG,-6.91871,107.60574,Bandung,IN704459,DSC
LGEID,INDONESIA,40212,2,Onetime_SVC_BDG,,,Bandung,IN500280,DSC
LGEID,INDONESIA,40213,2,Onetime_SVC_BDG,,,Bandung,IN500280,DSC
LGEID,INDONESIA,40214,2,Onetime_SVC_BDG,-6.949955,107.66763499999999,Bandung,IN500280,DSC
LGEID,INDONESIA,40215,2,Onetime_SVC_BDG,-6.928766666666667,107.55429666666667,Bandung,IN500280,DSC
LGEID,INDONESIA,40216,2,Onetime_SVC_BDG,,,Bandung,IN500280,DSC
LGEID,INDONESIA,40217,2,Onetime_SVC_BDG,,,Bandung,IN500280,DSC
LGEID,INDONESIA,40218,2,Onetime_SVC_BDG,-6.95896,107.5719,Bandung,IN500280,DSC
LGEID,INDONESIA,40221,2,Onetime_SVC_BDG,-6.91803,107.60939,Bandung,IN500280,DSC
LGEID,INDONESIA,40222,2,Onetime_SVC_BDG,,,Bandung,IN500280,DSC
LGEID,INDONESIA,40223,2,Onetime_SVC_BDG,,,Bandung,IN500280,DSC
LGEID,INDONESIA,40224,2,Onetime_SVC_BDG,-6.970806666666667,107.57587000000001,Bandung,IN500280,DSC
LGEID,INDONESIA,40225,2,Onetime_SVC_BDG,-6.95606,107.60317,Bandung,IN500280,DSC
LGEID,INDONESIA,40226,2,Onetime_SVC_BDG,-6.97355,107.56678,Bandung,IN500280,DSC
LGEID,INDONESIA,40227,2,Onetime_SVC_BDG,,,Bandung,IN500280,DSC
LGEID,INDONESIA,40228,2,Onetime_SVC_BDG,,,Bandung,IN500280,DSC
LGEID,INDONESIA,40229,2,Onetime_SVC_BDG,,,Bandung,IN500280,DSC
LGEID,INDONESIA,40231,2,Onetime_SVC_BDG,-6.9310849999999995,107.58439,Bandung,IN500280,DSC
LGEID,INDONESIA,40232,2,Onetime_SVC_BDG,-6.93472,107.59352,Bandung,IN500280,DSC
LGEID,INDONESIA,40233,2,Onetime_SVC_BDG,-6.877213,107.58723,Bandung,IN500280,DSC
LGEID,INDONESIA,40234,2,Onetime_SVC_BDG,,,Bandung,IN500280,DSC
LGEID,INDONESIA,40235,2,Onetime_SVC_BDG,,,Bandung,IN500280,DSC
LGEID,INDONESIA,40236,2,Onetime_SVC_BDG,-6.97389,107.5755,Bandung,IN500280,DSC
LGEID,INDONESIA,40237,2,Onetime_SVC_BDG,-6.9553650000000005,107.59864,Bandung,IN500280,DSC
LGEID,INDONESIA,40238,2,Onetime_SVC_BDG,-7.04392,107.55793,Bandung,IN500280,DSC
LGEID,INDONESIA,40239,2,Onetime_SVC_BDG,-6.97285,107.59054,Bandung,IN500280,DSC
LGEID,INDONESIA,40241,2,Onetime_SVC_BDG,-6.92208,107.60023,Bandung,IN704710,DSC
LGEID,INDONESIA,40242,2,Onetime_SVC_BDG,,,Bandung,IN704710,DSC
LGEID,INDONESIA,40243,2,Onetime_SVC_BDG,,,Bandung,IN704710,DSC
LGEID,INDONESIA,40251,2,Onetime_SVC_BDG,,,Bandung,IN704710,DSC
LGEID,INDONESIA,40252,2,Onetime_SVC_BDG,,,Bandung,IN704710,DSC
LGEID,INDONESIA,40253,2,Onetime_SVC_BDG,-6.94076,107.60905,Bandung,IN704460,DSC
LGEID,INDONESIA,40254,2,Onetime_SVC_BDG,-6.936640000000001,107.615485,Bandung,IN704460,DSC
LGEID,INDONESIA,40255,2,Onetime_SVC_BDG,,,Bandung,IN704460,DSC
LGEID,INDONESIA,40256,2,Onetime_SVC_BDG,-6.962315,107.607895,Bandung,IN704460,DSC
LGEID,INDONESIA,40257,2,Onetime_SVC_BDG,,,Bandung,IN704460,DSC
LGEID,INDONESIA,40258,2,Onetime_SVC_BDG,-6.9744725,107.5996425,Bandung,IN500280,DSC
LGEID,INDONESIA,40261,2,Onetime_SVC_BDG,-6.92693,107.5641,Bandung,IN704460,DSC
LGEID,INDONESIA,40262,2,Onetime_SVC_BDG,-6.92077,107.62149,Bandung,IN704460,DSC
LGEID,INDONESIA,40263,2,Onetime_SVC_BDG,,,Bandung,IN704460,DSC
LGEID,INDONESIA,40264,2,Onetime_SVC_BDG,-6.94027,107.63464,Bandung,IN704460,DSC
LGEID,INDONESIA,40265,2,Onetime_SVC_BDG,,,Bandung,IN704460,DSC
LGEID,INDONESIA,40266,2,Onetime_SVC_BDG,-6.950329999999999,107.63452000000001,Bandung,IN704459,DSC
LGEID,INDONESIA,40267,2,Onetime_SVC_BDG,,,Bandung,IN704459,DSC
LGEID,INDONESIA,40271,2,Onetime_SVC_BDG,,,Bandung,IN704460,DSC
LGEID,INDONESIA,40272,2,Onetime_SVC_BDG,,,Bandung,IN704460,DSC
LGEID,INDONESIA,40273,2,Onetime_SVC_BDG,-6.99161,107.59028,Bandung,IN704460,DSC
LGEID,INDONESIA,40274,2,Onetime_SVC_BDG,,,Bandung,IN704460,DSC
LGEID,INDONESIA,40275,2,Onetime_SVC_BDG,,,Bandung,IN704460,DSC
LGEID,INDONESIA,40281,2,Onetime_SVC_BDG,,,Bandung,IN704460,DSC
LGEID,INDONESIA,40282,2,Onetime_SVC_BDG,-6.91023,107.6508,Bandung,IN704460,DSC
LGEID,INDONESIA,40283,2,Onetime_SVC_BDG,,,Bandung,IN704460,DSC
LGEID,INDONESIA,40284,2,Onetime_SVC_BDG,,,Bandung,IN704460,DSC
LGEID,INDONESIA,40285,2,Onetime_SVC_BDG,-7.03496,107.78006,Bandung,IN704460,DSC
LGEID,INDONESIA,40286,2,Onetime_SVC_BDG,-6.947406666666667,107.65499333333332,Bandung,IN704460,DSC
LGEID,INDONESIA,40287,2,Onetime_SVC_BDG,-6.976761428571429,107.64189,Bandung,IN704459,DSC
LGEID,INDONESIA,40288,2,Onetime_SVC_BDG,-6.924334,107.62790600000001,Bandung,IN704459,DSC
LGEID,INDONESIA,40291,2,Onetime_SVC_BDG,-6.91982,107.657028,Bandung,IN704460,DSC
LGEID,INDONESIA,40292,2,Onetime_SVC_BDG,-6.95733,107.67872,Bandung,IN704459,DSC
LGEID,INDONESIA,40293,2,Onetime_SVC_BDG,-6.919866666666667,107.68088333333333,Bandung,IN704460,DSC
LGEID,INDONESIA,40294,2,Onetime_SVC_BDG,-6.9162,107.68905,Bandung,IN704459,DSC
LGEID,INDONESIA,40295,2,Onetime_SVC_BDG,-6.94194,107.69165,Bandung,IN704459,DSC
LGEID,INDONESIA,40296,2,Onetime_SVC_BDG,-6.96063,107.66391,Bandung,IN704460,DSC
LGEID,INDONESIA,40297,2,Onetime_SVC_BDG,-6.953665,107.663015,Bandung,IN704459,DSC
LGEID,INDONESIA,40511,2,Onetime_SVC_BDG,-6.8684537500000005,107.97904,Bandung,IN702772,DSC
LGEID,INDONESIA,40512,2,Onetime_SVC_BDG,-6.8653,107.49489,Bandung,IN702772,DSC
LGEID,INDONESIA,40513,2,Onetime_SVC_BDG,-6.8748249999999995,107.556645,Bandung,IN702772,DSC
LGEID,INDONESIA,40514,2,Onetime_SVC_BDG,,,Bandung,IN704710,DSC
LGEID,INDONESIA,40521,2,Onetime_SVC_BDG,,,Bandung,IN702772,DSC
LGEID,INDONESIA,40522,2,Onetime_SVC_BDG,-6.88828,107.54962,Bandung,IN702772,DSC
LGEID,INDONESIA,40523,2,Onetime_SVC_BDG,,,Bandung,IN702772,DSC
LGEID,INDONESIA,40524,2,Onetime_SVC_BDG,,,Bandung,IN702772,DSC
LGEID,INDONESIA,40525,2,Onetime_SVC_BDG,-6.876774444444444,107.52970555555555,Bandung,IN702772,DSC
LGEID,INDONESIA,40526,2,Onetime_SVC_BDG,-6.86861,107.53162,Bandung,IN702772,DSC
LGEID,INDONESIA,40531,2,Onetime_SVC_BDG,-6.895065000000001,107.519465,Bandung,IN702772,DSC
LGEID,INDONESIA,40532,2,Onetime_SVC_BDG,-6.84706,107.49114,Bandung,IN702772,DSC
LGEID,INDONESIA,40533,2,Onetime_SVC_BDG,,,Bandung,IN702772,DSC
LGEID,INDONESIA,40534,2,Onetime_SVC_BDG,-6.92095,107.55782500000001,Bandung,IN702772,DSC
LGEID,INDONESIA,40535,2,Onetime_SVC_BDG,-6.86461,107.50314,Bandung,IN702772,DSC
LGEID,INDONESIA,40611,2,Onetime_SVC_BDG,,,Bandung,IN704460,DSC
LGEID,INDONESIA,40612,2,Onetime_SVC_BDG,-7.05739,107.54375,Bandung,IN704460,DSC
LGEID,INDONESIA,40613,2,Onetime_SVC_BDG,,,Bandung,IN704460,DSC
LGEID,INDONESIA,40614,2,Onetime_SVC_BDG,,,Bandung,IN704460,DSC
LGEID,INDONESIA,40615,2,Onetime_SVC_BDG,-6.90285,107.69792,Bandung,IN704460,DSC
LGEID,INDONESIA,40616,2,Onetime_SVC_BDG,-6.91368,107.71931,Bandung,IN704460,DSC
LGEID,INDONESIA,40617,2,Onetime_SVC_BDG,,,Bandung,IN704460,DSC
LGEID,INDONESIA,40618,2,Onetime_SVC_BDG,,,Bandung,IN704460,DSC
LGEID,INDONESIA,40619,2,Onetime_SVC_BDG,,,Bandung,IN704460,DSC
LGEID,INDONESIA,40621,2,Onetime_SVC_BDG,-2.0858,106.10453,Bandung,IN704459,DSC
LGEID,INDONESIA,40622,2,Onetime_SVC_BDG,,,Bandung,IN704459,DSC
LGEID,INDONESIA,40623,2,Onetime_SVC_BDG,-6.94203,107.70746,Bandung,IN704459,DSC
LGEID,INDONESIA,40624,2,Onetime_SVC_BDG,,,Bandung,IN704459,DSC
LGEID,INDONESIA,40625,2,Onetime_SVC_BDG,,,Bandung,IN704459,DSC
LGEID,INDONESIA,40626,2,Onetime_SVC_BDG,,,Bandung,IN704459,DSC
LGEID,INDONESIA,40911,2,Onetime_SVC_BDG,-7.02428,107.51199,Bandung,IN500280,DSC
LGEID,INDONESIA,40912,2,Onetime_SVC_BDG,,,Bandung,IN500280,DSC
LGEID,INDONESIA,40913,2,Onetime_SVC_BDG,,,Bandung,IN500280,DSC
LGEID,INDONESIA,40914,2,Onetime_SVC_BDG,,,Bandung,IN500280,DSC
LGEID,INDONESIA,40915,2,Onetime_SVC_BDG,,,Bandung,IN500280,DSC
LGEID,INDONESIA,40916,2,Onetime_SVC_BDG,,,Bandung,IN500280,DSC
LGEID,INDONESIA,40921,2,Onetime_SVC_BDG,,,Bandung,IN500280,DSC
LGEID,INDONESIA,40922,2,Onetime_SVC_BDG,,,Bandung,IN500280,DSC
LGEID,INDONESIA,40923,2,Onetime_SVC_BDG,,,Bandung,IN500280,DSC
LGEID,INDONESIA,45111,7,Onetime_SVC_CR1,-6.626393921568628,108.58757235294118,Cirebon,ID000032,DSC
LGEID,INDONESIA,45112,7,Onetime_SVC_CR1,-6.71474,108.49994,Cirebon,ID000032,DSC
LGEID,INDONESIA,45113,7,Onetime_SVC_CR1,-6.716085,108.513485,Cirebon,ID000032,DSC
LGEID,INDONESIA,45114,7,Onetime_SVC_CR1,-6.5894475,108.0397425,Cirebon,ID000032,DSC
LGEID,INDONESIA,45115,7,Onetime_SVC_CR1,-6.737756666666667,108.57607,Cirebon,ID000032,DSC
LGEID,INDONESIA,45116,7,Onetime_SVC_CR1,-6.74453,108.657055,Cirebon,ID000032,DSC
LGEID,INDONESIA,45117,7,Onetime_SVC_CR1,-6.7139766666666665,108.54912666666667,Cirebon,ID000032,DSC
LGEID,INDONESIA,45118,7,Onetime_SVC_CR1,-6.71752,108.560705,Cirebon,ID000032,DSC
LGEID,INDONESIA,45121,7,Onetime_SVC_CR1,,,Cirebon,ID000032,DSC
LGEID,INDONESIA,45122,7,Onetime_SVC_CR1,,,Cirebon,ID000032,DSC
LGEID,INDONESIA,45123,7,Onetime_SVC_CR1,-6.6380300000000005,108.12394400000001,Cirebon,ID000032,DSC
LGEID,INDONESIA,45124,7,Onetime_SVC_CR1,-6.70802,108.56113,Cirebon,ID000032,DSC
LGEID,INDONESIA,45131,7,Onetime_SVC_CR1,-6.7188225,108.5536425,Cirebon,ID000032,DSC
LGEID,INDONESIA,45132,7,Onetime_SVC_CR1,-6.732060000000001,108.5445,Cirebon,ID000032,DSC
LGEID,INDONESIA,45133,7,Onetime_SVC_CR1,-7.93282,112.61524,Cirebon,ID000032,DSC
LGEID,INDONESIA,45134,7,Onetime_SVC_CR1,-6.66755125,108.32063625,Cirebon,ID000032,DSC
LGEID,INDONESIA,45135,7,Onetime_SVC_CR1,-6.7405,108.52916,Cirebon,ID000032,DSC
LGEID,INDONESIA,45141,7,Onetime_SVC_CR1,-6.745755,108.56560999999999,Cirebon,ID000032,DSC
LGEID,INDONESIA,45142,7,Onetime_SVC_CR1,-6.74564,108.56325,Cirebon,ID000032,DSC
LGEID,INDONESIA,45143,7,Onetime_SVC_CR1,-6.747671666666666,108.54312166666666,Cirebon,ID000032,DSC
LGEID,INDONESIA,45144,7,Onetime_SVC_CR1,-6.7592,108.5576,Cirebon,ID000032,DSC
LGEID,INDONESIA,45145,7,Onetime_SVC_CR1,,,Cirebon,ID000032,DSC
LGEID,INDONESIA,45151,7,Onetime_SVC_CR1,-5.2748925,109.79415,Cirebon,IN704606,DSC
LGEID,INDONESIA,45152,7,Onetime_SVC_CR1,,,Cirebon,IN704606,DSC
LGEID,INDONESIA,45153,7,Onetime_SVC_CR1,,,Cirebon,ID000032,DSC
LGEID,INDONESIA,45154,7,Onetime_SVC_CR1,-6.71024,108.50259,Cirebon,ID000032,DSC
LGEID,INDONESIA,45155,7,Onetime_SVC_CR1,,,Cirebon,ID000032,DSC
LGEID,INDONESIA,45156,7,Onetime_SVC_CR1,,,Cirebon,ID000032,DSC
LGEID,INDONESIA,45161,7,Onetime_SVC_CR1,-6.69359,108.4206875,Cirebon,IN704606,DSC
LGEID,INDONESIA,45162,7,Onetime_SVC_CR1,-6.65974,108.40772,Cirebon,IN704606,DSC
LGEID,INDONESIA,45163,7,Onetime_SVC_CR1,-6.6379649999999994,108.43297,Cirebon,IN704606,DSC
LGEID,INDONESIA,45164,7,Onetime_SVC_CR1,,,Cirebon,IN704606,DSC
LGEID,INDONESIA,45165,7,Onetime_SVC_CR1,,,Cirebon,IN704606,DSC
LGEID,INDONESIA,45166,7,Onetime_SVC_CR1,-6.58259,108.35642,Cirebon,IN704606,DSC
LGEID,INDONESIA,45167,7,Onetime_SVC_CR1,-6.69431,108.37145,Cirebon,IN704606,DSC
LGEID,INDONESIA,45171,7,Onetime_SVC_CR1,-7.645465000000001,112.57018,Cirebon,ID000032,DSC
LGEID,INDONESIA,45172,7,Onetime_SVC_CR1,-6.82178,108.52455,Cirebon,ID000032,DSC
LGEID,INDONESIA,45173,7,Onetime_SVC_CR1,-6.778765,108.5836,Cirebon,IN704606,DSC
LGEID,INDONESIA,45181,7,Onetime_SVC_CR1,-6.819155,108.620915,Cirebon,IN704606,DSC
LGEID,INDONESIA,45182,7,Onetime_SVC_CR1,-6.80912,108.68508,Cirebon,IN704606,DSC
LGEID,INDONESIA,45183,7,Onetime_SVC_CR1,,,Cirebon,IN704606,DSC
LGEID,INDONESIA,45185,7,Onetime_SVC_CR1,,,Cirebon,IN704606,DSC
LGEID,INDONESIA,45186,7,Onetime_SVC_CR1,-6.85504,108.64538,Cirebon,IN704606,DSC
LGEID,INDONESIA,45187,7,Onetime_SVC_CR1,,,Cirebon,IN704606,DSC
LGEID,INDONESIA,45188,7,Onetime_SVC_CR1,,,Cirebon,IN704606,DSC
LGEID,INDONESIA,45189,7,Onetime_SVC_CR1,-6.88398,108.56381,Cirebon,IN704606,DSC
LGEID,INDONESIA,45191,7,Onetime_SVC_CR1,-6.80119,108.6933175,Cirebon,IN704606,DSC
LGEID,INDONESIA,45192,7,Onetime_SVC_CR1,-6.832893333333334,108.79379,Cirebon,IN704606,DSC
LGEID,INDONESIA,45193,7,Onetime_SVC_CR1,-6.8569825,108.7644675,Cirebon,IN704606,DSC
LGEID,INDONESIA,45511,7,Onetime_SVC_CR1,-6.672782857142857,108.02413571428572,Cirebon,IN704606,DSC
LGEID,INDONESIA,45512,7,Onetime_SVC_CR1,,,Cirebon,IN704606,DSC
LGEID,INDONESIA,45513,7,Onetime_SVC_CR1,,,Cirebon,IN704606,DSC
LGEID,INDONESIA,45514,7,Onetime_SVC_CR1,,,Cirebon,IN704606,DSC
LGEID,INDONESIA,45515,7,Onetime_SVC_CR1,,,Cirebon,IN704606,DSC
LGEID,INDONESIA,45516,7,Onetime_SVC_CR1,,,Cirebon,IN704606,DSC
LGEID,INDONESIA,45517,7,Onetime_SVC_CR1,,,Cirebon,IN704606,DSC
LGEID,INDONESIA,45518,7,Onetime_SVC_CR1,,,Cirebon,IN704606,DSC
LGEID,INDONESIA,45521,7,Onetime_SVC_CR1,,,Cirebon,IN704606,DSC
LGEID,INDONESIA,45552,7,Onetime_SVC_CR1,,,Cirebon,IN704606,DSC
LGEID,INDONESIA,45553,7,Onetime_SVC_CR1,,,Cirebon,IN704606,DSC
LGEID,INDONESIA,45554,7,Onetime_SVC_CR1,,,Cirebon,IN704606,DSC
LGEID,INDONESIA,45555,7,Onetime_SVC_CR1,,,Cirebon,IN704606,DSC
LGEID,INDONESIA,45556,7,Onetime_SVC_CR1,,,Cirebon,IN704606,DSC
LGEID,INDONESIA,45557,7,Onetime_SVC_CR1,,,Cirebon,IN704606,DSC
LGEID,INDONESIA,45558,7,Onetime_SVC_CR1,-6.81168,108.47198,Cirebon,IN704606,DSC
LGEID,INDONESIA,45559,7,Onetime_SVC_CR1,,,Cirebon,IN704606,DSC
LGEID,INDONESIA,45561,7,Onetime_SVC_CR1,,,Cirebon,IN704606,DSC
LGEID,INDONESIA,45562,7,Onetime_SVC_CR1,,,Cirebon,IN704606,DSC
LGEID,INDONESIA,45563,7,Onetime_SVC_CR1,,,Cirebon,IN704606,DSC
LGEID,INDONESIA,45564,7,Onetime_SVC_CR1,,,Cirebon,IN704606,DSC
LGEID,INDONESIA,45565,7,Onetime_SVC_CR1,,,Cirebon,IN704606,DSC
LGEID,INDONESIA,45566,7,Onetime_SVC_CR1,,,Cirebon,IN704606,DSC
LGEID,INDONESIA,45571,7,Onetime_SVC_CR1,,,Cirebon,IN704606,DSC
LGEID,INDONESIA,45572,7,Onetime_SVC_CR1,,,Cirebon,IN704606,DSC
LGEID,INDONESIA,45573,7,Onetime_SVC_CR1,,,Cirebon,IN704606,DSC
LGEID,INDONESIA,45574,7,Onetime_SVC_CR1,,,Cirebon,IN704606,DSC
LGEID,INDONESIA,45575,7,Onetime_SVC_CR1,,,Cirebon,IN704606,DSC
LGEID,INDONESIA,45576,7,Onetime_SVC_CR1,,,Cirebon,IN704606,DSC
LGEID,INDONESIA,45581,7,Onetime_SVC_CR1,,,Cirebon,IN704606,DSC
LGEID,INDONESIA,45582,7,Onetime_SVC_CR1,,,Cirebon,IN704606,DSC
LGEID,INDONESIA,45583,7,Onetime_SVC_CR1,,,Cirebon,IN704606,DSC
LGEID,INDONESIA,45584,7,Onetime_SVC_CR1,,,Cirebon,IN704606,DSC
LGEID,INDONESIA,45585,7,Onetime_SVC_CR1,,,Cirebon,IN704606,DSC
LGEID,INDONESIA,45586,7,Onetime_SVC_CR1,,,Cirebon,IN704606,DSC
LGEID,INDONESIA,45587,7,Onetime_SVC_CR1,,,Cirebon,IN704606,DSC
LGEID,INDONESIA,45588,7,Onetime_SVC_CR1,,,Cirebon,IN704606,DSC
LGEID,INDONESIA,45591,7,Onetime_SVC_CR1,,,Cirebon,IN704606,DSC
LGEID,INDONESIA,45592,7,Onetime_SVC_CR1,-6.95185,108.54732,Cirebon,IN704606,DSC
LGEID,INDONESIA,45593,7,Onetime_SVC_CR1,,,Cirebon,IN704606,DSC
LGEID,INDONESIA,45594,7,Onetime_SVC_CR1,,,Cirebon,IN704606,DSC
LGEID,INDONESIA,45595,7,Onetime_SVC_CR1,,,Cirebon,IN704606,DSC
LGEID,INDONESIA,50111,24,Onetime_SVC_SMR,-7.0266459999999995,110.466906,Semarang,ID000138,DSC
LGEID,INDONESIA,50112,24,Onetime_SVC_SMR,,,Semarang,ID000138,DSC
LGEID,INDONESIA,50113,24,Onetime_SVC_SMR,,,Semarang,ID000138,DSC
LGEID,INDONESIA,50114,24,Onetime_SVC_SMR,,,Semarang,ID000138,DSC
LGEID,INDONESIA,50115,24,Onetime_SVC_SMR,-6.98298,110.47599,Semarang,ID000138,DSC
LGEID,INDONESIA,50116,24,Onetime_SVC_SMR,,,Semarang,ID000138,DSC
LGEID,INDONESIA,50117,24,Onetime_SVC_SMR,-6.96436,110.47404166666666,Semarang,ID000138,DSC
LGEID,INDONESIA,50118,24,Onetime_SVC_SMR,,,Semarang,ID000138,DSC
LGEID,INDONESIA,50119,24,Onetime_SVC_SMR,,,Semarang,ID000138,DSC
LGEID,INDONESIA,50121,24,Onetime_SVC_SMR,-6.96992,110.43742,Semarang,ID000138,DSC
LGEID,INDONESIA,50122,24,Onetime_SVC_SMR,-6.96957,110.4366,Semarang,ID000138,DSC
LGEID,INDONESIA,50123,24,Onetime_SVC_SMR,,,Semarang,ID000138,DSC
LGEID,INDONESIA,50124,24,Onetime_SVC_SMR,-7.012543333333333,110.41721,Semarang,ID000138,DSC
LGEID,INDONESIA,50125,24,Onetime_SVC_SMR,-6.99317,110.43648,Semarang,ID000138,DSC
LGEID,INDONESIA,50126,24,Onetime_SVC_SMR,,,Semarang,ID000138,DSC
LGEID,INDONESIA,50127,24,Onetime_SVC_SMR,-6.96894,110.432,Semarang,ID000138,DSC
LGEID,INDONESIA,50128,24,Onetime_SVC_SMR,-6.9539,110.43643,Semarang,ID000138,DSC
LGEID,INDONESIA,50129,24,Onetime_SVC_SMR,,,Semarang,ID000138,DSC
LGEID,INDONESIA,50131,24,Onetime_SVC_SMR,-6.97665,110.42259,Semarang,ID000138,DSC
LGEID,INDONESIA,50132,24,Onetime_SVC_SMR,-6.97681,110.41356,Semarang,ID000138,DSC
LGEID,INDONESIA,50133,24,Onetime_SVC_SMR,,,Semarang,ID000138,DSC
LGEID,INDONESIA,50134,24,Onetime_SVC_SMR,-6.975796666666667,110.41269666666666,Semarang,ID000138,DSC
LGEID,INDONESIA,50135,24,Onetime_SVC_SMR,-6.979380000000001,110.42716,Semarang,ID000138,DSC
LGEID,INDONESIA,50136,24,Onetime_SVC_SMR,-6.97717,110.42929,Semarang,ID000138,DSC
LGEID,INDONESIA,50137,24,Onetime_SVC_SMR,,,Semarang,ID000138,DSC
LGEID,INDONESIA,50138,24,Onetime_SVC_SMR,,,Semarang,ID000138,DSC
LGEID,INDONESIA,50139,24,Onetime_SVC_SMR,-7.00297,110.42579,Semarang,ID000138,DSC
LGEID,INDONESIA,50141,24,Onetime_SVC_SMR,-6.984203333333333,110.39851666666668,Semarang,ID000116,DSC
LGEID,INDONESIA,50142,24,Onetime_SVC_SMR,,,Semarang,ID000116,DSC
LGEID,INDONESIA,50143,24,Onetime_SVC_SMR,,,Semarang,ID000116,DSC
LGEID,INDONESIA,50144,24,Onetime_SVC_SMR,-6.969063333333334,110.38715333333334,Semarang,ID000116,DSC
LGEID,INDONESIA,50145,24,Onetime_SVC_SMR,-6.98208,110.43721,Semarang,ID000116,DSC
LGEID,INDONESIA,50146,24,Onetime_SVC_SMR,-6.983795,110.36683,Semarang,ID000116,DSC
LGEID,INDONESIA,50147,24,Onetime_SVC_SMR,-6.99838,110.38406,Semarang,ID000116,DSC
LGEID,INDONESIA,50148,24,Onetime_SVC_SMR,-6.98661,110.39382,Semarang,ID000116,DSC
LGEID,INDONESIA,50149,24,Onetime_SVC_SMR,,,Semarang,ID000116,DSC
LGEID,INDONESIA,50151,24,Onetime_SVC_SMR,-6.975905,110.35797,Semarang,ID000116,DSC
LGEID,INDONESIA,50152,24,Onetime_SVC_SMR,,,Semarang,ID000116,DSC
LGEID,INDONESIA,50153,24,Onetime_SVC_SMR,,,Semarang,ID000116,DSC
LGEID,INDONESIA,50154,24,Onetime_SVC_SMR,,,Semarang,ID000116,DSC
LGEID,INDONESIA,50155,24,Onetime_SVC_SMR,,,Semarang,ID000116,DSC
LGEID,INDONESIA,50156,24,Onetime_SVC_SMR,,,Semarang,ID000116,DSC
LGEID,INDONESIA,50161,24,Onetime_SVC_SMR,-6.997389999999999,110.45421999999999,Semarang,IN704749,DSC
LGEID,INDONESIA,50162,24,Onetime_SVC_SMR,,,Semarang,IN704749,DSC
LGEID,INDONESIA,50163,24,Onetime_SVC_SMR,-6.97362,110.44667,Semarang,IN704749,DSC
LGEID,INDONESIA,50164,24,Onetime_SVC_SMR,-6.99005,110.45698999999999,Semarang,IN704749,DSC
LGEID,INDONESIA,50165,24,Onetime_SVC_SMR,-6.9585799999999995,110.445015,Semarang,IN704749,DSC
LGEID,INDONESIA,50166,24,Onetime_SVC_SMR,,,Semarang,IN704749,DSC
LGEID,INDONESIA,50167,24,Onetime_SVC_SMR,-6.99575,110.44534,Semarang,IN704749,DSC
LGEID,INDONESIA,50168,24,Onetime_SVC_SMR,,,Semarang,IN704749,DSC
LGEID,INDONESIA,50169,24,Onetime_SVC_SMR,,,Semarang,IN704749,DSC
LGEID,INDONESIA,50171,24,Onetime_SVC_SMR,,,Semarang,ID000138,DSC
LGEID,INDONESIA,50172,24,Onetime_SVC_SMR,,,Semarang,ID000138,DSC
LGEID,INDONESIA,50173,24,Onetime_SVC_SMR,,,Semarang,ID000138,DSC
LGEID,INDONESIA,50174,24,Onetime_SVC_SMR,-6.949695,110.4382225,Semarang,ID000138,DSC
LGEID,INDONESIA,50175,24,Onetime_SVC_SMR,,,Semarang,ID000138,DSC
LGEID,INDONESIA,50176,24,Onetime_SVC_SMR,,,Semarang,ID000138,DSC
LGEID,INDONESIA,50177,24,Onetime_SVC_SMR,-6.960910000000001,110.40569333333333,Semarang,ID000138,DSC
LGEID,INDONESIA,50178,24,Onetime_SVC_SMR,-6.966305,110.40488500000001,Semarang,ID000138,DSC
LGEID,INDONESIA,50179,24,Onetime_SVC_SMR,-6.9697,110.40399,Semarang,ID000138,DSC
LGEID,INDONESIA,50181,24,Onetime_SVC_SMR,-7.00631625,110.38341125,Semarang,ID000116,DSC
LGEID,INDONESIA,50182,24,Onetime_SVC_SMR,,,Semarang,ID000116,DSC
LGEID,INDONESIA,50183,24,Onetime_SVC_SMR,,,Semarang,ID000116,DSC
LGEID,INDONESIA,50184,24,Onetime_SVC_SMR,,,Semarang,ID000116,DSC
LGEID,INDONESIA,50185,24,Onetime_SVC_SMR,,,Semarang,ID000116,DSC
LGEID,INDONESIA,50186,24,Onetime_SVC_SMR,,,Semarang,ID000116,DSC
LGEID,INDONESIA,50187,24,Onetime_SVC_SMR,,,Semarang,ID000116,DSC
LGEID,INDONESIA,50188,24,Onetime_SVC_SMR,,,Semarang,ID000116,DSC
LGEID,INDONESIA,50189,24,Onetime_SVC_SMR,,,Semarang,ID000116,DSC
LGEID,INDONESIA,50191,24,Onetime_SVC_SMR,-7.000598888888889,110.47279555555555,Semarang,IN704749,DSC
LGEID,INDONESIA,50192,24,Onetime_SVC_SMR,-7.02158,110.47776,Semarang,IN704749,DSC
LGEID,INDONESIA,50193,24,Onetime_SVC_SMR,,,Semarang,IN704749,DSC
LGEID,INDONESIA,50194,24,Onetime_SVC_SMR,,,Semarang,IN704749,DSC
LGEID,INDONESIA,50195,24,Onetime_SVC_SMR,,,Semarang,IN704749,DSC
LGEID,INDONESIA,50196,24,Onetime_SVC_SMR,-6.98653,110.45985,Semarang,IN704749,DSC
LGEID,INDONESIA,50197,24,Onetime_SVC_SMR,-6.97633,110.46029,Semarang,IN704749,DSC
LGEID,INDONESIA,50198,24,Onetime_SVC_SMR,,,Semarang,IN704749,DSC
LGEID,INDONESIA,50199,24,Onetime_SVC_SMR,-7.00164,110.46519,Semarang,IN704749,DSC
LGEID,INDONESIA,50221,24,Onetime_SVC_SMR,-7.03335,110.39181,Semarang,ID000013,DSC
LGEID,INDONESIA,50222,24,Onetime_SVC_SMR,,,Semarang,ID000013,DSC
LGEID,INDONESIA,50223,24,Onetime_SVC_SMR,,,Semarang,ID000013,DSC
LGEID,INDONESIA,50224,24,Onetime_SVC_SMR,,,Semarang,ID000013,DSC
LGEID,INDONESIA,50225,24,Onetime_SVC_SMR,,,Semarang,ID000013,DSC
LGEID,INDONESIA,50226,24,Onetime_SVC_SMR,,,Semarang,ID000013,DSC
LGEID,INDONESIA,50227,24,Onetime_SVC_SMR,-7.07888,110.39237,Semarang,ID000013,DSC
LGEID,INDONESIA,50228,24,Onetime_SVC_SMR,,,Semarang,ID000013,DSC
LGEID,INDONESIA,50229,24,Onetime_SVC_SMR,,,Semarang,ID000013,DSC
LGEID,INDONESIA,50231,24,Onetime_SVC_SMR,-6.99965,110.42704499999999,Semarang,ID000116,DSC
LGEID,INDONESIA,50232,24,Onetime_SVC_SMR,-7.050147142857143,110.74648714285715,Semarang,ID000116,DSC
LGEID,INDONESIA,50233,24,Onetime_SVC_SMR,,,Semarang,ID000116,DSC
LGEID,INDONESIA,50234,24,Onetime_SVC_SMR,,,Semarang,ID000116,DSC
LGEID,INDONESIA,50235,24,Onetime_SVC_SMR,,,Semarang,ID000116,DSC
LGEID,INDONESIA,50236,24,Onetime_SVC_SMR,,,Semarang,ID000116,DSC
LGEID,INDONESIA,50237,24,Onetime_SVC_SMR,,,Semarang,ID000116,DSC
LGEID,INDONESIA,50238,24,Onetime_SVC_SMR,,,Semarang,ID000116,DSC
LGEID,INDONESIA,50239,24,Onetime_SVC_SMR,,,Semarang,ID000116,DSC
LGEID,INDONESIA,50241,24,Onetime_SVC_SMR,-6.99713,110.42385,Semarang,ID000138,DSC
LGEID,INDONESIA,50242,24,Onetime_SVC_SMR,-6.99923,110.42969,Semarang,ID000138,DSC
LGEID,INDONESIA,50243,24,Onetime_SVC_SMR,,,Semarang,ID000138,DSC
LGEID,INDONESIA,50244,24,Onetime_SVC_SMR,-6.99126,110.41024333333333,Semarang,ID000138,DSC
LGEID,INDONESIA,50245,24,Onetime_SVC_SMR,,,Semarang,ID000138,DSC
LGEID,INDONESIA,50246,24,Onetime_SVC_SMR,,,Semarang,ID000138,DSC
LGEID,INDONESIA,50247,24,Onetime_SVC_SMR,,,Semarang,ID000138,DSC
LGEID,INDONESIA,50248,24,Onetime_SVC_SMR,-7.00018,110.43951,Semarang,ID000138,DSC
LGEID,INDONESIA,50249,24,Onetime_SVC_SMR,-7.00087,110.44074,Semarang,ID000138,DSC
LGEID,INDONESIA,50251,24,Onetime_SVC_SMR,-7.018515,110.42471,Semarang,ID000138,DSC
LGEID,INDONESIA,50252,24,Onetime_SVC_SMR,,,Semarang,ID000138,DSC
LGEID,INDONESIA,50253,24,Onetime_SVC_SMR,,,Semarang,ID000138,DSC
LGEID,INDONESIA,50254,24,Onetime_SVC_SMR,,,Semarang,ID000138,DSC
LGEID,INDONESIA,50255,24,Onetime_SVC_SMR,-7.021363333333333,110.43165666666665,Semarang,ID000138,DSC
LGEID,INDONESIA,50256,24,Onetime_SVC_SMR,,,Semarang,ID000138,DSC
LGEID,INDONESIA,50257,24,Onetime_SVC_SMR,-7.01428,110.43103,Semarang,ID000138,DSC
LGEID,INDONESIA,50258,24,Onetime_SVC_SMR,,,Semarang,ID000138,DSC
LGEID,INDONESIA,50259,24,Onetime_SVC_SMR,,,Semarang,ID000138,DSC
LGEID,INDONESIA,50261,24,Onetime_SVC_SMR,-7.04528,110.429,Semarang,ID000013,DSC
LGEID,INDONESIA,50262,24,Onetime_SVC_SMR,-7.03251,110.41564,Semarang,ID000013,DSC
LGEID,INDONESIA,50263,24,Onetime_SVC_SMR,,,Semarang,ID000013,DSC
LGEID,INDONESIA,50264,24,Onetime_SVC_SMR,-6.565114166666667,110.6791625,Semarang,ID000013,DSC
LGEID,INDONESIA,50265,24,Onetime_SVC_SMR,-7.0844439999999995,110.41452,Semarang,ID000013,DSC
LGEID,INDONESIA,50266,24,Onetime_SVC_SMR,,,Semarang,ID000013,DSC
LGEID,INDONESIA,50267,24,Onetime_SVC_SMR,-7.07877,110.42144,Semarang,ID000013,DSC
LGEID,INDONESIA,50268,24,Onetime_SVC_SMR,,,Semarang,ID000013,DSC
LGEID,INDONESIA,50269,24,Onetime_SVC_SMR,,,Semarang,ID000013,DSC
LGEID,INDONESIA,50271,24,Onetime_SVC_SMR,-7.06235,110.46416,Semarang,ID000013,DSC
LGEID,INDONESIA,50272,24,Onetime_SVC_SMR,-7.0427325000000005,110.473485,Semarang,ID000013,DSC
LGEID,INDONESIA,50273,24,Onetime_SVC_SMR,-7.00986,110.45477,Semarang,ID000013,DSC
LGEID,INDONESIA,50274,24,Onetime_SVC_SMR,-7.0313475,110.4555975,Semarang,ID000013,DSC
LGEID,INDONESIA,50275,24,Onetime_SVC_SMR,-7.0370550000000005,110.448835,Semarang,ID000013,DSC
LGEID,INDONESIA,50276,24,Onetime_SVC_SMR,,,Semarang,ID000013,DSC
LGEID,INDONESIA,50277,24,Onetime_SVC_SMR,,,Semarang,ID000013,DSC
LGEID,INDONESIA,50511,24,Onetime_SVC_SMR,-7.10185,110.396815,Semarang,ID000013,DSC
LGEID,INDONESIA,50512,24,Onetime_SVC_SMR,,,Semarang,ID000013,DSC
LGEID,INDONESIA,50513,24,Onetime_SVC_SMR,,,Semarang,ID000013,DSC
LGEID,INDONESIA,50514,24,Onetime_SVC_SMR,-5.6033,105.50818,Semarang,ID000013,DSC
LGEID,INDONESIA,50515,24,Onetime_SVC_SMR,,,Semarang,ID000013,DSC
LGEID,INDONESIA,50516,24,Onetime_SVC_SMR,,,Semarang,ID000013,DSC
LGEID,INDONESIA,50517,24,Onetime_SVC_SMR,-7.11737,110.41245,Semarang,ID000013,DSC
LGEID,INDONESIA,50518,24,Onetime_SVC_SMR,,,Semarang,ID000013,DSC
LGEID,INDONESIA,50519,24,Onetime_SVC_SMR,-7.087809999999999,110.384905,Semarang,ID000013,DSC
LGEID,INDONESIA,55111,11,Onetime_SVC_JGJ,-7.768955,110.33712,Yogyakarta,IN704468,DSC
LGEID,INDONESIA,55112,11,Onetime_SVC_JGJ,,,Yogyakarta,IN704468,DSC
LGEID,INDONESIA,55121,11,Onetime_SVC_JGJ,,,Yogyakarta,IN704468,DSC
LGEID,INDONESIA,55122,11,Onetime_SVC_JGJ,,,Yogyakarta,IN704468,DSC
LGEID,INDONESIA,55131,11,Onetime_SVC_JGJ,,,Yogyakarta,IN702775,DSC
LGEID,INDONESIA,55132,11,Onetime_SVC_JGJ,,,Yogyakarta,IN702775,DSC
LGEID,INDONESIA,55133,11,Onetime_SVC_JGJ,,,Yogyakarta,IN702775,DSC
LGEID,INDONESIA,55141,11,Onetime_SVC_JGJ,,,Yogyakarta,IN702775,DSC
LGEID,INDONESIA,55142,11,Onetime_SVC_JGJ,,,Yogyakarta,IN702775,DSC
LGEID,INDONESIA,55143,11,Onetime_SVC_JGJ,,,Yogyakarta,IN702775,DSC
LGEID,INDONESIA,55151,11,Onetime_SVC_JGJ,,,Yogyakarta,IN704468,DSC
LGEID,INDONESIA,55152,11,Onetime_SVC_JGJ,,,Yogyakarta,IN704468,DSC
LGEID,INDONESIA,55153,11,Onetime_SVC_JGJ,-7.818655,110.370465,Yogyakarta,IN704468,DSC
LGEID,INDONESIA,55161,11,Onetime_SVC_JGJ,,,Yogyakarta,IN704468,DSC
LGEID,INDONESIA,55162,11,Onetime_SVC_JGJ,-7.82063,110.38099,Yogyakarta,IN704468,DSC
LGEID,INDONESIA,55163,11,Onetime_SVC_JGJ,,,Yogyakarta,IN704468,DSC
LGEID,INDONESIA,55164,11,Onetime_SVC_JGJ,,,Yogyakarta,IN704468,DSC
LGEID,INDONESIA,55165,11,Onetime_SVC_JGJ,,,Yogyakarta,IN704468,DSC
LGEID,INDONESIA,55166,11,Onetime_SVC_JGJ,,,Yogyakarta,IN704468,DSC
LGEID,INDONESIA,55167,11,Onetime_SVC_JGJ,,,Yogyakarta,IN704468,DSC
LGEID,INDONESIA,55171,11,Onetime_SVC_JGJ,,,Yogyakarta,IN704468,DSC
LGEID,INDONESIA,55172,11,Onetime_SVC_JGJ,,,Yogyakarta,IN704468,DSC
LGEID,INDONESIA,55173,11,Onetime_SVC_JGJ,,,Yogyakarta,IN704468,DSC
LGEID,INDONESIA,55181,11,Onetime_SVC_JGJ,,,Yogyakarta,IN702775,DSC
LGEID,INDONESIA,55182,11,Onetime_SVC_JGJ,,,Yogyakarta,IN702775,DSC
LGEID,INDONESIA,55183,11,Onetime_SVC_JGJ,,,Yogyakarta,IN702775,DSC
LGEID,INDONESIA,55184,11,Onetime_SVC_JGJ,,,Yogyakarta,IN702775,DSC
LGEID,INDONESIA,55185,11,Onetime_SVC_JGJ,-7.85442,110.33424,Yogyakarta,IN702775,DSC
LGEID,INDONESIA,55186,11,Onetime_SVC_JGJ,,,Yogyakarta,IN702775,DSC
LGEID,INDONESIA,55187,11,Onetime_SVC_JGJ,,,Yogyakarta,IN702775,DSC
LGEID,INDONESIA,55188,11,Onetime_SVC_JGJ,,,Yogyakarta,IN702775,DSC
LGEID,INDONESIA,55191,11,Onetime_SVC_JGJ,-7.85199,110.38414,Yogyakarta,IN704468,DSC
LGEID,INDONESIA,55192,11,Onetime_SVC_JGJ,,,Yogyakarta,IN704468,DSC
LGEID,INDONESIA,55193,11,Onetime_SVC_JGJ,,,Yogyakarta,IN704468,DSC
LGEID,INDONESIA,55194,11,Onetime_SVC_JGJ,,,Yogyakarta,IN704468,DSC
LGEID,INDONESIA,55195,11,Onetime_SVC_JGJ,,,Yogyakarta,IN704468,DSC
LGEID,INDONESIA,55196,11,Onetime_SVC_JGJ,-7.86282,110.37573,Yogyakarta,IN704468,DSC
LGEID,INDONESIA,55197,11,Onetime_SVC_JGJ,-7.79358,110.39843,Yogyakarta,IN704468,DSC
LGEID,INDONESIA,55198,11,Onetime_SVC_JGJ,-7.82097,110.40328,Yogyakarta,IN704468,DSC
LGEID,INDONESIA,55211,11,Onetime_SVC_JGJ,,,Yogyakarta,IN704468,DSC
LGEID,INDONESIA,55212,11,Onetime_SVC_JGJ,,,Yogyakarta,IN704468,DSC
LGEID,INDONESIA,55213,11,Onetime_SVC_JGJ,-7.739905,110.382865,Yogyakarta,IN704468,DSC
LGEID,INDONESIA,55221,11,Onetime_SVC_JGJ,,,Yogyakarta,IN704468,DSC
LGEID,INDONESIA,55222,11,Onetime_SVC_JGJ,,,Yogyakarta,IN704468,DSC
LGEID,INDONESIA,55223,11,Onetime_SVC_JGJ,,,Yogyakarta,IN704468,DSC
LGEID,INDONESIA,55224,11,Onetime_SVC_JGJ,,,Yogyakarta,IN704468,DSC
LGEID,INDONESIA,55225,11,Onetime_SVC_JGJ,,,Yogyakarta,IN704468,DSC
LGEID,INDONESIA,55231,11,Onetime_SVC_JGJ,,,Yogyakarta,IN704468,DSC
LGEID,INDONESIA,55232,11,Onetime_SVC_JGJ,,,Yogyakarta,IN704468,DSC
LGEID,INDONESIA,55233,11,Onetime_SVC_JGJ,,,Yogyakarta,IN704468,DSC
LGEID,INDONESIA,55241,11,Onetime_SVC_JGJ,,,Yogyakarta,IN702775,DSC
LGEID,INDONESIA,55242,11,Onetime_SVC_JGJ,,,Yogyakarta,IN702775,DSC
LGEID,INDONESIA,55243,11,Onetime_SVC_JGJ,,,Yogyakarta,IN702775,DSC
LGEID,INDONESIA,55244,11,Onetime_SVC_JGJ,,,Yogyakarta,IN702775,DSC
LGEID,INDONESIA,55251,11,Onetime_SVC_JGJ,,,Yogyakarta,IN702775,DSC
LGEID,INDONESIA,55252,11,Onetime_SVC_JGJ,-7.8088,110.348,Yogyakarta,IN702775,DSC
LGEID,INDONESIA,55253,11,Onetime_SVC_JGJ,,,Yogyakarta,IN702775,DSC
LGEID,INDONESIA,55261,11,Onetime_SVC_JGJ,,,Yogyakarta,IN702775,DSC
LGEID,INDONESIA,55262,11,Onetime_SVC_JGJ,,,Yogyakarta,IN702775,DSC
LGEID,INDONESIA,55264,11,Onetime_SVC_JGJ,-7.77299,110.31479,Yogyakarta,IN702775,DSC
LGEID,INDONESIA,55271,11,Onetime_SVC_JGJ,,,Yogyakarta,IN702775,DSC
LGEID,INDONESIA,55272,11,Onetime_SVC_JGJ,,,Yogyakarta,IN702775,DSC
LGEID,INDONESIA,55281,11,Onetime_SVC_JGJ,-7.7648399999999995,110.433135,Yogyakarta,IN704468,DSC
LGEID,INDONESIA,55282,11,Onetime_SVC_JGJ,,,Yogyakarta,IN704468,DSC
LGEID,INDONESIA,55283,11,Onetime_SVC_JGJ,-7.75284,110.38940500000001,Yogyakarta,IN704468,DSC
LGEID,INDONESIA,55284,11,Onetime_SVC_JGJ,-7.757755,110.38104200000001,Yogyakarta,IN702775,DSC
LGEID,INDONESIA,55285,11,Onetime_SVC_JGJ,,,Yogyakarta,IN702775,DSC
LGEID,INDONESIA,55286,11,Onetime_SVC_JGJ,-7.7224,110.34132,Yogyakarta,IN702775,DSC
LGEID,INDONESIA,55287,11,Onetime_SVC_JGJ,-7.73529,110.32925,Yogyakarta,IN702775,DSC
LGEID,INDONESIA,55288,11,Onetime_SVC_JGJ,,,Yogyakarta,IN702775,DSC
LGEID,INDONESIA,55291,11,Onetime_SVC_JGJ,-7.75434,110.3432,Yogyakarta,IN702775,DSC
LGEID,INDONESIA,55293,11,Onetime_SVC_JGJ,,,Yogyakarta,IN702775,DSC
LGEID,INDONESIA,55294,11,Onetime_SVC_JGJ,,,Yogyakarta,IN702775,DSC
LGEID,INDONESIA,55295,11,Onetime_SVC_JGJ,,,Yogyakarta,IN702775,DSC
LGEID,INDONESIA,55511,11,Onetime_SVC_JGJ,-7.72083,110.35761,Yogyakarta,IN702775,DSC
LGEID,INDONESIA,55512,11,Onetime_SVC_JGJ,,,Yogyakarta,IN702775,DSC
LGEID,INDONESIA,55513,11,Onetime_SVC_JGJ,-7.68147,110.35555,Yogyakarta,IN702775,DSC
LGEID,INDONESIA,55514,11,Onetime_SVC_JGJ,-7.69009,110.34287,Yogyakarta,IN702775,DSC
LGEID,INDONESIA,55515,11,Onetime_SVC_JGJ,,,Yogyakarta,IN702775,DSC
LGEID,INDONESIA,55551,11,Onetime_SVC_JGJ,,,Yogyakarta,IN702775,DSC
LGEID,INDONESIA,55552,11,Onetime_SVC_JGJ,,,Yogyakarta,IN702775,DSC
LGEID,INDONESIA,55561,11,Onetime_SVC_JGJ,,,Yogyakarta,IN702775,DSC
LGEID,INDONESIA,55562,11,Onetime_SVC_JGJ,,,Yogyakarta,IN702775,DSC
LGEID,INDONESIA,55563,11,Onetime_SVC_JGJ,-7.77035,110.22708,Yogyakarta,IN702775,DSC
LGEID,INDONESIA,55571,11,Onetime_SVC_JGJ,-7.7283,110.47213,Yogyakarta,IN704468,DSC
LGEID,INDONESIA,55572,11,Onetime_SVC_JGJ,-7.79681,110.49889,Yogyakarta,IN704468,DSC
LGEID,INDONESIA,55573,11,Onetime_SVC_JGJ,,,Yogyakarta,IN704468,DSC
LGEID,INDONESIA,55581,11,Onetime_SVC_JGJ,-7.70354,110.41313,Yogyakarta,IN704468,DSC
LGEID,INDONESIA,55582,11,Onetime_SVC_JGJ,-7.63964,110.42566,Yogyakarta,IN704468,DSC
LGEID,INDONESIA,55583,11,Onetime_SVC_JGJ,,,Yogyakarta,IN704468,DSC
LGEID,INDONESIA,55584,11,Onetime_SVC_JGJ,,,Yogyakarta,IN704468,DSC
LGEID,INDONESIA,55592,11,Onetime_SVC_JGJ,,,Yogyakarta,IN702775,DSC
LGEID,INDONESIA,55711,11,Onetime_SVC_JGJ,-7.84849,110.341796,Yogyakarta,IN702775,DSC
LGEID,INDONESIA,55712,11,Onetime_SVC_JGJ,,,Yogyakarta,IN702775,DSC
LGEID,INDONESIA,55713,11,Onetime_SVC_JGJ,,,Yogyakarta,IN702775,DSC
LGEID,INDONESIA,55714,11,Onetime_SVC_JGJ,,,Yogyakarta,IN702775,DSC
LGEID,INDONESIA,55715,11,Onetime_SVC_JGJ,,,Yogyakarta,IN702775,DSC
LGEID,INDONESIA,55751,11,Onetime_SVC_JGJ,,,Yogyakarta,IN702775,DSC
LGEID,INDONESIA,55752,11,Onetime_SVC_JGJ,,,Yogyakarta,IN702775,DSC
LGEID,INDONESIA,55761,11,Onetime_SVC_JGJ,,,Yogyakarta,IN704468,DSC
LGEID,INDONESIA,55762,11,Onetime_SVC_JGJ,,,Yogyakarta,IN704468,DSC
LGEID,INDONESIA,55763,11,Onetime_SVC_JGJ,,,Yogyakarta,IN704468,DSC
LGEID,INDONESIA,55764,11,Onetime_SVC_JGJ,,,Yogyakarta,IN704468,DSC
LGEID,INDONESIA,55771,11,Onetime_SVC_JGJ,,,Yogyakarta,IN704468,DSC
LGEID,INDONESIA,55772,11,Onetime_SVC_JGJ,,,Yogyakarta,IN704468,DSC
LGEID,INDONESIA,55781,11,Onetime_SVC_JGJ,,,Yogyakarta,IN704468,DSC
LGEID,INDONESIA,55782,11,Onetime_SVC_JGJ,,,Yogyakarta,IN704468,DSC
LGEID,INDONESIA,55783,11,Onetime_SVC_JGJ,,,Yogyakarta,IN704468,DSC
LGEID,INDONESIA,55791,11,Onetime_SVC_JGJ,,,Yogyakarta,IN704468,DSC
LGEID,INDONESIA,55792,11,Onetime_SVC_JGJ,,,Yogyakarta,IN704468,DSC
LGEID,INDONESIA,59567,24,Onetime_SVC_SMR,-7.029285,110.502655,Semarang,ID000013,DSC
LGEID,INDONESIA,68111,10,Onetime_SVC_JBR,-7.835954545454545,112.40731545454545,Jember,IN704618,DSC
LGEID,INDONESIA,68112,10,Onetime_SVC_JBR,-6.26461,106.93667,Jember,IN704618,DSC
LGEID,INDONESIA,68113,10,Onetime_SVC_JBR,-8.38067,113.70713,Jember,IN704618,DSC
LGEID,INDONESIA,68114,10,Onetime_SVC_JBR,,,Jember,IN704618,DSC
LGEID,INDONESIA,68115,10,Onetime_SVC_JBR,,,Jember,IN704618,DSC
LGEID,INDONESIA,68117,10,Onetime_SVC_JBR,-8.1598,113.68529,Jember,IN704618,DSC
LGEID,INDONESIA,68121,10,Onetime_SVC_JBR,-8.167843333333332,113.72173,Jember,IN704618,DSC
LGEID,INDONESIA,68122,10,Onetime_SVC_JBR,,,Jember,IN704618,DSC
LGEID,INDONESIA,68123,10,Onetime_SVC_JBR,,,Jember,IN704618,DSC
LGEID,INDONESIA,68124,10,Onetime_SVC_JBR,,,Jember,IN704618,DSC
LGEID,INDONESIA,68125,10,Onetime_SVC_JBR,-8.14641,113.75655,Jember,IN704618,DSC
LGEID,INDONESIA,68126,10,Onetime_SVC_JBR,,,Jember,IN704618,DSC
LGEID,INDONESIA,68131,10,Onetime_SVC_JBR,-8.1806,113.6872,Jember,IN704618,DSC
LGEID,INDONESIA,68132,10,Onetime_SVC_JBR,-8.19911,113.69392,Jember,IN704618,DSC
LGEID,INDONESIA,68133,10,Onetime_SVC_JBR,-8.183778571428572,113.67939571428572,Jember,IN704618,DSC
LGEID,INDONESIA,68134,10,Onetime_SVC_JBR,,,Jember,IN704618,DSC
LGEID,INDONESIA,68135,10,Onetime_SVC_JBR,,,Jember,IN704618,DSC
LGEID,INDONESIA,68136,10,Onetime_SVC_JBR,-8.19556,113.65366,Jember,IN704618,DSC
LGEID,INDONESIA,68137,10,Onetime_SVC_JBR,,,Jember,IN704618,DSC
LGEID,INDONESIA,68151,10,Onetime_SVC_JBR,,,Jember,IN704618,DSC
LGEID,INDONESIA,68152,10,Onetime_SVC_JBR,,,Jember,IN704618,DSC
LGEID,INDONESIA,68153,10,Onetime_SVC_JBR,,,Jember,IN704618,DSC
LGEID,INDONESIA,68154,10,Onetime_SVC_JBR,,,Jember,IN704618,DSC
LGEID,INDONESIA,68155,10,Onetime_SVC_JBR,-8.18697,113.4864,Jember,IN704618,DSC
LGEID,INDONESIA,68156,10,Onetime_SVC_JBR,,,Jember,IN704618,DSC
LGEID,INDONESIA,68157,10,Onetime_SVC_JBR,,,Jember,IN704618,DSC
LGEID,INDONESIA,68161,10,Onetime_SVC_JBR,,,Jember,IN704618,DSC
LGEID,INDONESIA,68162,10,Onetime_SVC_JBR,,,Jember,IN704618,DSC
LGEID,INDONESIA,68163,10,Onetime_SVC_JBR,,,Jember,IN704618,DSC
LGEID,INDONESIA,68164,10,Onetime_SVC_JBR,-8.31245,113.48775499999999,Jember,IN704618,DSC
LGEID,INDONESIA,68165,10,Onetime_SVC_JBR,,,Jember,IN704618,DSC
LGEID,INDONESIA,68166,10,Onetime_SVC_JBR,,,Jember,IN704618,DSC
LGEID,INDONESIA,68167,10,Onetime_SVC_JBR,-8.296215,113.348555,Jember,IN704618,DSC
LGEID,INDONESIA,68168,10,Onetime_SVC_JBR,-8.22885,113.32587,Jember,IN704618,DSC
LGEID,INDONESIA,68171,10,Onetime_SVC_JBR,-8.30992,113.624005,Jember,IN704618,DSC
LGEID,INDONESIA,68172,10,Onetime_SVC_JBR,-8.35332,113.60356,Jember,IN704618,DSC
LGEID,INDONESIA,68173,10,Onetime_SVC_JBR,-8.29918,113.67932,Jember,IN704618,DSC
LGEID,INDONESIA,68174,10,Onetime_SVC_JBR,,,Jember,IN704618,DSC
LGEID,INDONESIA,68175,10,Onetime_SVC_JBR,,,Jember,IN704618,DSC
LGEID,INDONESIA,68181,10,Onetime_SVC_JBR,,,Jember,IN704618,DSC
LGEID,INDONESIA,68182,10,Onetime_SVC_JBR,-8.17504,113.79734,Jember,IN704618,DSC
LGEID,INDONESIA,68184,10,Onetime_SVC_JBR,,,Jember,IN704618,DSC
LGEID,INDONESIA,68191,10,Onetime_SVC_JBR,,,Jember,IN704618,DSC
LGEID,INDONESIA,68192,10,Onetime_SVC_JBR,,,Jember,IN704618,DSC
LGEID,INDONESIA,68193,10,Onetime_SVC_JBR,-8.17054,113.70088,Jember,IN704618,DSC
LGEID,INDONESIA,68194,10,Onetime_SVC_JBR,,,Jember,IN704618,DSC
LGEID,INDONESIA,68195,10,Onetime_SVC_JBR,,,Jember,IN704618,DSC
LGEID,INDONESIA,68196,10,Onetime_SVC_JBR,,,Jember,IN704618,DSC
LGEID,INDONESIA,70111,3,Onetime_SVC_BJM,-3.10760724137931,114.46109344827586,Banjarmasin,IN700925,DSC
LGEID,INDONESIA,70112,3,Onetime_SVC_BJM,-3.2273380000000005,114.80333800000001,Banjarmasin,IN700925,DSC
LGEID,INDONESIA,70113,3,Onetime_SVC_BJM,-3.329321666666667,114.59168833333332,Banjarmasin,IN700925,DSC
LGEID,INDONESIA,70114,3,Onetime_SVC_BJM,,,Banjarmasin,IN700925,DSC
LGEID,INDONESIA,70115,3,Onetime_SVC_BJM,,,Banjarmasin,IN700925,DSC
LGEID,INDONESIA,70116,3,Onetime_SVC_BJM,-3.3089399999999998,114.58092500000001,Banjarmasin,IN700925,DSC
LGEID,INDONESIA,70117,3,Onetime_SVC_BJM,,,Banjarmasin,IN700925,DSC
LGEID,INDONESIA,70118,3,Onetime_SVC_BJM,-3.322425,114.566475,Banjarmasin,IN700925,DSC
LGEID,INDONESIA,70119,3,Onetime_SVC_BJM,,,Banjarmasin,IN700925,DSC
LGEID,INDONESIA,70120,3,Onetime_SVC_BJM,,,Banjarmasin,IN700925,DSC
LGEID,INDONESIA,70121,3,Onetime_SVC_BJM,,,Banjarmasin,IN700925,DSC
LGEID,INDONESIA,70122,3,Onetime_SVC_BJM,-3.29958,114.59987,Banjarmasin,IN700925,DSC
LGEID,INDONESIA,70123,3,Onetime_SVC_BJM,-3.2935133333333333,114.59155333333335,Banjarmasin,IN700925,DSC
LGEID,INDONESIA,70124,3,Onetime_SVC_BJM,,,Banjarmasin,IN700925,DSC
LGEID,INDONESIA,70125,3,Onetime_SVC_BJM,,,Banjarmasin,IN700925,DSC
LGEID,INDONESIA,70126,3,Onetime_SVC_BJM,,,Banjarmasin,IN700925,DSC
LGEID,INDONESIA,70127,3,Onetime_SVC_BJM,-3.28627,114.58312,Banjarmasin,IN700925,DSC
LGEID,INDONESIA,70128,3,Onetime_SVC_BJM,,,Banjarmasin,IN700925,DSC
LGEID,INDONESIA,70129,3,Onetime_SVC_BJM,,,Banjarmasin,IN700925,DSC
LGEID,INDONESIA,70233,3,Onetime_SVC_BJM,-3.32577,114.59874,Banjarmasin,IN704511,DSC
LGEID,INDONESIA,70234,3,Onetime_SVC_BJM,-3.32175,114.62383,Banjarmasin,IN704511,DSC
LGEID,INDONESIA,70235,3,Onetime_SVC_BJM,-3.32278,114.60742,Banjarmasin,IN704511,DSC
LGEID,INDONESIA,70236,3,Onetime_SVC_BJM,-3.32765,114.61888,Banjarmasin,IN704511,DSC
LGEID,INDONESIA,70237,3,Onetime_SVC_BJM,,,Banjarmasin,IN704512,DSC
LGEID,INDONESIA,70238,3,Onetime_SVC_BJM,-3.3187,114.62917,Banjarmasin,IN704512,DSC
LGEID,INDONESIA,70239,3,Onetime_SVC_BJM,-3.313345,114.61397500000001,Banjarmasin,IN704512,DSC
LGEID,INDONESIA,70240,3,Onetime_SVC_BJM,,,Banjarmasin,IN704512,DSC
LGEID,INDONESIA,70241,3,Onetime_SVC_BJM,,,Banjarmasin,IN704512,DSC
LGEID,INDONESIA,70242,3,Onetime_SVC_BJM,,,Banjarmasin,IN704512,DSC
LGEID,INDONESIA,70243,3,Onetime_SVC_BJM,-3.33325,114.58574,Banjarmasin,IN704512,DSC
LGEID,INDONESIA,70244,3,Onetime_SVC_BJM,,,Banjarmasin,IN704512,DSC
LGEID,INDONESIA,70245,3,Onetime_SVC_BJM,-3.331565,114.57224500000001,Banjarmasin,IN704512,DSC
LGEID,INDONESIA,70246,3,Onetime_SVC_BJM,,,Banjarmasin,IN704512,DSC
LGEID,INDONESIA,70247,3,Onetime_SVC_BJM,,,Banjarmasin,IN704512,DSC
LGEID,INDONESIA,70248,3,Onetime_SVC_BJM,-3.339195,114.614175,Banjarmasin,IN704512,DSC
LGEID,INDONESIA,70249,3,Onetime_SVC_BJM,-3.345276666666667,114.62133666666666,Banjarmasin,IN704512,DSC
LGEID,INDONESIA,75111,23,Onetime_SVC_SMD,-0.5206151315789473,117.0003502631579,Samarinda,IN704771,DSC
LGEID,INDONESIA,75112,23,Onetime_SVC_SMD,-0.502876875,117.1494825,Samarinda,IN704771,DSC
LGEID,INDONESIA,75113,23,Onetime_SVC_SMD,-0.51721,117.12953,Samarinda,IN704771,DSC
LGEID,INDONESIA,75114,23,Onetime_SVC_SMD,-1.0043914285714286,116.86067714285714,Samarinda,IN704771,DSC
LGEID,INDONESIA,75115,23,Onetime_SVC_SMD,-0.489225,117.14338,Samarinda,IN704771,DSC
LGEID,INDONESIA,75116,23,Onetime_SVC_SMD,-0.49515,117.16293,Samarinda,IN704771,DSC
LGEID,INDONESIA,75117,23,Onetime_SVC_SMD,-0.47761125,117.16202375,Samarinda,IN704513,DSC
LGEID,INDONESIA,75118,23,Onetime_SVC_SMD,,,Samarinda,IN704513,DSC
LGEID,INDONESIA,75119,23,Onetime_SVC_SMD,-0.4908370588235294,117.14927470588236,Samarinda,IN704513,DSC
LGEID,INDONESIA,75121,23,Onetime_SVC_SMD,,,Samarinda,IN704771,DSC
LGEID,INDONESIA,75122,23,Onetime_SVC_SMD,-0.49205444444444446,117.13698888888888,Samarinda,IN704771,DSC
LGEID,INDONESIA,75123,23,Onetime_SVC_SMD,-0.482565,117.13172,Samarinda,IN704513,DSC
LGEID,INDONESIA,75124,23,Onetime_SVC_SMD,-0.47569,117.126484,Samarinda,IN704513,DSC
LGEID,INDONESIA,75125,23,Onetime_SVC_SMD,-0.4998133333333334,117.10878666666667,Samarinda,ID000134,DSC
LGEID,INDONESIA,75126,23,Onetime_SVC_SMD,-0.52069,117.11625,Samarinda,ID000134,DSC
LGEID,INDONESIA,75127,23,Onetime_SVC_SMD,,,Samarinda,ID000134,DSC
LGEID,INDONESIA,75128,23,Onetime_SVC_SMD,-0.50038,117.12634,Samarinda,ID000134,DSC
LGEID,INDONESIA,75131,23,Onetime_SVC_SMD,-0.545324,117.11338,Samarinda,ID000134,DSC
LGEID,INDONESIA,75132,23,Onetime_SVC_SMD,-0.51257,117.14258,Samarinda,ID000134,DSC
LGEID,INDONESIA,75133,23,Onetime_SVC_SMD,-0.51849,117.14624,Samarinda,ID000134,DSC
LGEID,INDONESIA,75242,23,Onetime_SVC_SMD,,,Samarinda,ID000134,DSC
LGEID,INDONESIA,75243,23,Onetime_SVC_SMD,-0.5319050000000001,117.15322499999999,Samarinda,ID000134,DSC
LGEID,INDONESIA,78111,22,Onetime_SVC_PTK,0.02785083333333333,109.30460833333333,Pontianak,IN500917,DSC
LGEID,INDONESIA,78112,22,Onetime_SVC_PTK,-0.02051,109.32320999999999,Pontianak,IN500917,DSC
LGEID,INDONESIA,78113,22,Onetime_SVC_PTK,-0.03788333333333333,109.32799666666666,Pontianak,IN500917,DSC
LGEID,INDONESIA,78114,22,Onetime_SVC_PTK,-0.053195,109.35773,Pontianak,IN500917,DSC
LGEID,INDONESIA,78115,22,Onetime_SVC_PTK,-0.033729999999999996,109.324945,Pontianak,IN500917,DSC
LGEID,INDONESIA,78116,22,Onetime_SVC_PTK,-0.0527,109.322585,Pontianak,IN500917,DSC
LGEID,INDONESIA,78117,22,Onetime_SVC_PTK,,,Pontianak,IN500917,DSC
LGEID,INDONESIA,78121,22,Onetime_SVC_PTK,-0.036408805970149255,109.31962746268657,Pontianak,IN500917,DSC
LGEID,INDONESIA,78122,22,Onetime_SVC_PTK,-0.091095,109.37441000000001,Pontianak,IN500917,DSC
LGEID,INDONESIA,78123,22,Onetime_SVC_PTK,,,Pontianak,IN500917,DSC
LGEID,INDONESIA,78124,22,Onetime_SVC_PTK,-0.0644,109.35040000000001,Pontianak,IN500917,DSC
LGEID,INDONESIA,78231,22,Onetime_SVC_PTK,,,Pontianak,IN500917,DSC
LGEID,INDONESIA,78232,22,Onetime_SVC_PTK,,,Pontianak,IN500917,DSC
LGEID,INDONESIA,78233,22,Onetime_SVC_PTK,-0.02268,109.31125,Pontianak,IN500917,DSC
LGEID,INDONESIA,78234,22,Onetime_SVC_PTK,0.01163,109.32341,Pontianak,IN500917,DSC
LGEID,INDONESIA,78235,22,Onetime_SVC_PTK,,,Pontianak,IN500917,DSC
LGEID,INDONESIA,78236,22,Onetime_SVC_PTK,,,Pontianak,IN500917,DSC
LGEID,INDONESIA,78237,22,Onetime_SVC_PTK,,,Pontianak,IN500917,DSC
LGEID,INDONESIA,78241,22,Onetime_SVC_PTK,-0.008239999999999999,109.36185,Pontianak,IN500917,DSC
LGEID,INDONESIA,78242,22,Onetime_SVC_PTK,-0.0167,109.34796,Pontianak,IN500917,DSC
LGEID,INDONESIA,78243,22,Onetime_SVC_PTK,,,Pontianak,IN500917,DSC
LGEID,INDONESIA,78244,22,Onetime_SVC_PTK,,,Pontianak,IN500917,DSC
LGEID,INDONESIA,79111,22,Onetime_SVC_PTK,,,Pontianak,IN500917,DSC
LGEID,INDONESIA,79112,22,Onetime_SVC_PTK,,,Pontianak,IN500917,DSC
LGEID,INDONESIA,79113,22,Onetime_SVC_PTK,,,Pontianak,IN500917,DSC
LGEID,INDONESIA,79114,22,Onetime_SVC_PTK,,,Pontianak,IN500917,DSC
LGEID,INDONESIA,79115,22,Onetime_SVC_PTK,,,Pontianak,IN500917,DSC
LGEID,INDONESIA,79116,22,Onetime_SVC_PTK,,,Pontianak,IN500917,DSC
LGEID,INDONESIA,79121,22,Onetime_SVC_PTK,,,Pontianak,IN500917,DSC
LGEID,INDONESIA,79122,22,Onetime_SVC_PTK,,,Pontianak,IN500917,DSC
LGEID,INDONESIA,79123,22,Onetime_SVC_PTK,,,Pontianak,IN500917,DSC
LGEID,INDONESIA,79124,22,Onetime_SVC_PTK,,,Pontianak,IN500917,DSC
LGEID,INDONESIA,79151,22,Onetime_SVC_PTK,,,Pontianak,IN500917,DSC
LGEID,INDONESIA,79163,22,Onetime_SVC_PTK,0.90148,108.97383,Pontianak,IN500917,DSC
LGEID,INDONESIA,80111,8,Onetime_SVC_DPS,-8.456335909090908,114.42662454545456,Denpasar,IN704494,DSC
LGEID,INDONESIA,80112,8,Onetime_SVC_DPS,,,Denpasar,IN704490,DSC
LGEID,INDONESIA,80113,8,Onetime_SVC_DPS,-8.68099,115.21752,Denpasar,IN704490,DSC
LGEID,INDONESIA,80114,8,Onetime_SVC_DPS,,,Denpasar,IN704490,DSC
LGEID,INDONESIA,80115,8,Onetime_SVC_DPS,-8.614755,115.21887000000001,Denpasar,IN704494,DSC
LGEID,INDONESIA,80116,8,Onetime_SVC_DPS,-8.628558571428572,115.25353857142856,Denpasar,ID000033,DSC
LGEID,INDONESIA,80117,8,Onetime_SVC_DPS,-8.648997142857143,115.18329428571428,Denpasar,ID000033,DSC
LGEID,INDONESIA,80118,8,Onetime_SVC_DPS,-8.64626,115.21173,Denpasar,IN704491,DSC
LGEID,INDONESIA,80119,8,Onetime_SVC_DPS,-8.675080000000001,115.18988,Denpasar,IN704490,DSC
LGEID,INDONESIA,80221,8,Onetime_SVC_DPS,-8.70995,115.20539333333333,Denpasar,IN704490,DSC
LGEID,INDONESIA,80222,8,Onetime_SVC_DPS,-8.70222,115.21298,Denpasar,IN704490,DSC
LGEID,INDONESIA,80223,8,Onetime_SVC_DPS,-8.68632,115.21511,Denpasar,IN704490,DSC
LGEID,INDONESIA,80224,8,Onetime_SVC_DPS,-8.70535,115.23913,Denpasar,IN704490,DSC
LGEID,INDONESIA,80225,8,Onetime_SVC_DPS,-8.6778375,115.2268575,Denpasar,IN704490,DSC
LGEID,INDONESIA,80226,8,Onetime_SVC_DPS,-8.69325,115.24188,Denpasar,IN704490,DSC
LGEID,INDONESIA,80227,8,Onetime_SVC_DPS,-8.68381,115.25479,Denpasar,IN704490,DSC
LGEID,INDONESIA,80228,8,Onetime_SVC_DPS,-8.69217,115.25611799999999,Denpasar,IN704490,DSC
LGEID,INDONESIA,80229,8,Onetime_SVC_DPS,,,Denpasar,IN704490,DSC
LGEID,INDONESIA,80231,8,Onetime_SVC_DPS,,,Denpasar,IN704494,DSC
LGEID,INDONESIA,80232,8,Onetime_SVC_DPS,-8.66506,115.22729,Denpasar,IN704494,DSC
LGEID,INDONESIA,80233,8,Onetime_SVC_DPS,,,Denpasar,IN704494,DSC
LGEID,INDONESIA,80234,8,Onetime_SVC_DPS,-8.66307,115.22618,Denpasar,IN704490,DSC
LGEID,INDONESIA,80235,8,Onetime_SVC_DPS,,,Denpasar,IN704494,DSC
LGEID,INDONESIA,80236,8,Onetime_SVC_DPS,,,Denpasar,IN704494,DSC
LGEID,INDONESIA,80237,8,Onetime_SVC_DPS,-8.651358,115.24589,Denpasar,IN704494,DSC
LGEID,INDONESIA,80238,8,Onetime_SVC_DPS,,,Denpasar,IN704494,DSC
LGEID,INDONESIA,80239,8,Onetime_SVC_DPS,-8.64346,115.22715,Denpasar,IN704494,DSC
LGEID,INDONESIA,80351,8,Onetime_SVC_DPS,-8.615139285714287,115.15753428571429,Denpasar,ID000033,DSC
LGEID,INDONESIA,80352,8,Onetime_SVC_DPS,,,Denpasar,IN704494,DSC
LGEID,INDONESIA,80353,8,Onetime_SVC_DPS,,,Denpasar,IN704494,DSC
LGEID,INDONESIA,80361,8,Onetime_SVC_DPS,-8.642466475409837,115.13747262295082,Denpasar,IN704491,DSC
LGEID,INDONESIA,80362,8,Onetime_SVC_DPS,,,Denpasar,IN704496,DSC
LGEID,INDONESIA,80363,8,Onetime_SVC_DPS,,,Denpasar,ID000033,DSC
LGEID,INDONESIA,83111,13,Onetime_SVC_LBK,-8.60458875,116.2195655357143,Lombok,ID000117,DSC
LGEID,INDONESIA,83112,13,Onetime_SVC_LBK,-8.601364,116.182276,Lombok,ID000117,DSC
LGEID,INDONESIA,83113,13,Onetime_SVC_LBK,,,Lombok,ID000117,DSC
LGEID,INDONESIA,83114,13,Onetime_SVC_LBK,-8.608184999999999,116.119255,Lombok,ID000117,DSC
LGEID,INDONESIA,83115,13,Onetime_SVC_LBK,,,Lombok,ID000117,DSC
LGEID,INDONESIA,83116,13,Onetime_SVC_LBK,-8.594859999999999,116.09399,Lombok,ID000117,DSC
LGEID,INDONESIA,83122,13,Onetime_SVC_LBK,-8.57561,116.10671,Lombok,ID000117,DSC
LGEID,INDONESIA,83123,13,Onetime_SVC_LBK,,,Lombok,ID000117,DSC
LGEID,INDONESIA,83124,13,Onetime_SVC_LBK,-8.55879,116.113515,Lombok,ID000117,DSC
LGEID,INDONESIA,83125,13,Onetime_SVC_LBK,,,Lombok,ID000117,DSC
LGEID,INDONESIA,83126,13,Onetime_SVC_LBK,,,Lombok,ID000117,DSC
LGEID,INDONESIA,83131,13,Onetime_SVC_LBK,,,Lombok,ID000117,DSC
LGEID,INDONESIA,83132,13,Onetime_SVC_LBK,,,Lombok,ID000117,DSC
LGEID,INDONESIA,83133,13,Onetime_SVC_LBK,,,Lombok,ID000117,DSC
LGEID,INDONESIA,83134,13,Onetime_SVC_LBK,,,Lombok,ID000117,DSC
LGEID,INDONESIA,83135,13,Onetime_SVC_LBK,,,Lombok,ID000117,DSC
LGEID,INDONESIA,83136,13,Onetime_SVC_LBK,,,Lombok,ID000117,DSC
LGEID,INDONESIA,83137,13,Onetime_SVC_LBK,,,Lombok,ID000117,DSC
LGEID,INDONESIA,83231,13,Onetime_SVC_LBK,-8.54822,116.11109,Lombok,ID000117,DSC
LGEID,INDONESIA,83234,13,Onetime_SVC_LBK,-8.590075,116.121055,Lombok,ID000117,DSC
LGEID,INDONESIA,83235,13,Onetime_SVC_LBK,,,Lombok,ID000117,DSC
LGEID,INDONESIA,83238,13,Onetime_SVC_LBK,,,Lombok,ID000117,DSC
LGEID,INDONESIA,83239,13,Onetime_SVC_LBK,-8.58682,116.12213,Lombok,ID000117,DSC
LGEID,INDONESIA,83242,13,Onetime_SVC_LBK,,,Lombok,ID000117,DSC
LGEID,INDONESIA,83243,13,Onetime_SVC_LBK,,,Lombok,ID000117,DSC
LGEID,INDONESIA,83246,13,Onetime_SVC_LBK,,,Lombok,ID000117,DSC
LGEID,INDONESIA,83247,13,Onetime_SVC_LBK,,,Lombok,ID000117,DSC
LGEID,INDONESIA,83311,13,Onetime_SVC_LBK,,,Lombok,ID000117,DSC
LGEID,INDONESIA,83351,13,Onetime_SVC_LBK,,,Lombok,ID000117,DSC
LGEID,INDONESIA,83355,13,Onetime_SVC_LBK,,,Lombok,ID000117,DSC
LGEID,INDONESIA,83361,13,Onetime_SVC_LBK,,,Lombok,ID000117,DSC
LGEID,INDONESIA,83362,13,Onetime_SVC_LBK,,,Lombok,ID000117,DSC
LGEID,INDONESIA,83364,13,Onetime_SVC_LBK,,,Lombok,ID000117,DSC
LGEID,INDONESIA,83365,13,Onetime_SVC_LBK,,,Lombok,ID000117,DSC
LGEID,INDONESIA,83371,13,Onetime_SVC_LBK,,,Lombok,ID000117,DSC
LGEID,INDONESIA,83372,13,Onetime_SVC_LBK,,,Lombok,ID000117,DSC
LGEID,INDONESIA,83373,13,Onetime_SVC_LBK,,,Lombok,ID000117,DSC
LGEID,INDONESIA,83511,13,Onetime_SVC_LBK,-8.741576,116.278754,Lombok,ID000065,DSC
LGEID,INDONESIA,83512,13,Onetime_SVC_LBK,,,Lombok,ID000065,DSC
LGEID,INDONESIA,83514,13,Onetime_SVC_LBK,,,Lombok,ID000065,DSC
LGEID,INDONESIA,83515,13,Onetime_SVC_LBK,,,Lombok,ID000065,DSC
LGEID,INDONESIA,83516,13,Onetime_SVC_LBK,,,Lombok,ID000065,DSC
LGEID,INDONESIA,83518,13,Onetime_SVC_LBK,,,Lombok,ID000065,DSC
LGEID,INDONESIA,83519,13,Onetime_SVC_LBK,,,Lombok,ID000065,DSC
LGEID,INDONESIA,83552,13,Onetime_SVC_LBK,,,Lombok,ID000065,DSC
LGEID,INDONESIA,83553,13,Onetime_SVC_LBK,,,Lombok,ID000065,DSC
LGEID,INDONESIA,83554,13,Onetime_SVC_LBK,,,Lombok,ID000065,DSC
LGEID,INDONESIA,83555,13,Onetime_SVC_LBK,,,Lombok,ID000065,DSC
LGEID,INDONESIA,83561,13,Onetime_SVC_LBK,,,Lombok,ID000065,DSC
LGEID,INDONESIA,83562,13,Onetime_SVC_LBK,,,Lombok,ID000065,DSC
LGEID,INDONESIA,83571,13,Onetime_SVC_LBK,,,Lombok,ID000065,DSC
LGEID,INDONESIA,83572,13,Onetime_SVC_LBK,,,Lombok,ID000065,DSC
LGEID,INDONESIA,83573,13,Onetime_SVC_LBK,,,Lombok,ID000065,DSC
LGEID,INDONESIA,83581,13,Onetime_SVC_LBK,,,Lombok,ID000065,DSC
LGEID,INDONESIA,83582,13,Onetime_SVC_LBK,,,Lombok,ID000065,DSC
LGEID,INDONESIA,83611,13,Onetime_SVC_LBK,-8.475885,116.469645,Lombok,ID000065,DSC
LGEID,INDONESIA,83612,13,Onetime_SVC_LBK,-8.61107,116.12772,Lombok,ID000065,DSC
LGEID,INDONESIA,83618,13,Onetime_SVC_LBK,,,Lombok,ID000065,DSC
LGEID,INDONESIA,83619,13,Onetime_SVC_LBK,,,Lombok,ID000065,DSC
LGEID,INDONESIA,83652,13,Onetime_SVC_LBK,,,Lombok,ID000065,DSC
LGEID,INDONESIA,83653,13,Onetime_SVC_LBK,,,Lombok,ID000065,DSC
LGEID,INDONESIA,83654,13,Onetime_SVC_LBK,,,Lombok,ID000065,DSC
LGEID,INDONESIA,83656,13,Onetime_SVC_LBK,,,Lombok,ID000065,DSC
LGEID,INDONESIA,83657,13,Onetime_SVC_LBK,,,Lombok,ID000065,DSC
LGEID,INDONESIA,83658,13,Onetime_SVC_LBK,,,Lombok,ID000065,DSC
LGEID,INDONESIA,83659,13,Onetime_SVC_LBK,,,Lombok,ID000065,DSC
LGEID,INDONESIA,83661,13,Onetime_SVC_LBK,,,Lombok,ID000065,DSC
LGEID,INDONESIA,83662,13,Onetime_SVC_LBK,,,Lombok,ID000065,DSC
LGEID,INDONESIA,83663,13,Onetime_SVC_LBK,,,Lombok,ID000065,DSC
LGEID,INDONESIA,83664,13,Onetime_SVC_LBK,,,Lombok,ID000065,DSC
LGEID,INDONESIA,83665,13,Onetime_SVC_LBK,,,Lombok,ID000065,DSC
LGEID,INDONESIA,83666,13,Onetime_SVC_LBK,,,Lombok,ID000065,DSC
LGEID,INDONESIA,83671,13,Onetime_SVC_LBK,,,Lombok,ID000065,DSC
LGEID,INDONESIA,83672,13,Onetime_SVC_LBK,,,Lombok,ID000065,DSC
LGEID,INDONESIA,83673,13,Onetime_SVC_LBK,,,Lombok,ID000065,DSC
LGEID,INDONESIA,83674,13,Onetime_SVC_LBK,,,Lombok,ID000065,DSC
LGEID,INDONESIA,83675,13,Onetime_SVC_LBK,,,Lombok,ID000065,DSC
LGEID,INDONESIA,83676,13,Onetime_SVC_LBK,,,Lombok,ID000065,DSC
LGEID,INDONESIA,83711,13,Onetime_SVC_LBK,,,Lombok,ID000065,DSC
LGEID,INDONESIA,83712,13,Onetime_SVC_LBK,,,Lombok,ID000065,DSC
LGEID,INDONESIA,83713,13,Onetime_SVC_LBK,,,Lombok,ID000065,DSC
LGEID,INDONESIA,83714,13,Onetime_SVC_LBK,,,Lombok,ID000065,DSC
LGEID,INDONESIA,83715,13,Onetime_SVC_LBK,,,Lombok,ID000065,DSC
LGEID,INDONESIA,83716,13,Onetime_SVC_LBK,,,Lombok,ID000065,DSC
LGEID,INDONESIA,83717,13,Onetime_SVC_LBK,,,Lombok,ID000065,DSC
LGEID,INDONESIA,83718,13,Onetime_SVC_LBK,,,Lombok,ID000065,DSC
LGEID,INDONESIA,83753,13,Onetime_SVC_LBK,,,Lombok,ID000065,DSC
LGEID,INDONESIA,83754,13,Onetime_SVC_LBK,,,Lombok,ID000065,DSC
LGEID,INDONESIA,83756,13,Onetime_SVC_LBK,,,Lombok,ID000065,DSC
LGEID,INDONESIA,90111,16,Onetime_SVC_MKS,-5.145952222222222,119.44046333333333,Makassar,IN704498,DSC
LGEID,INDONESIA,90112,16,Onetime_SVC_MKS,-5.13836,119.40665,Makassar,IN704498,DSC
LGEID,INDONESIA,90113,16,Onetime_SVC_MKS,-5.1392,119.42426333333333,Makassar,IN704498,DSC
LGEID,INDONESIA,90114,16,Onetime_SVC_MKS,,,Makassar,IN704498,DSC
LGEID,INDONESIA,90115,16,Onetime_SVC_MKS,-5.1335,119.41461,Makassar,IN704498,DSC
LGEID,INDONESIA,90121,16,Onetime_SVC_MKS,,,Makassar,IN704498,DSC
LGEID,INDONESIA,90122,16,Onetime_SVC_MKS,,,Makassar,IN704498,DSC
LGEID,INDONESIA,90123,16,Onetime_SVC_MKS,-5.148854,119.417128,Makassar,IN704498,DSC
LGEID,INDONESIA,90124,16,Onetime_SVC_MKS,-5.1422975,119.4252875,Makassar,IN704498,DSC
LGEID,INDONESIA,90125,16,Onetime_SVC_MKS,-5.158844285714286,119.4281442857143,Makassar,IN704498,DSC
LGEID,INDONESIA,90126,16,Onetime_SVC_MKS,-5.14381,119.42377,Makassar,IN704498,DSC
LGEID,INDONESIA,90131,16,Onetime_SVC_MKS,,,Makassar,IN704498,DSC
LGEID,INDONESIA,90132,16,Onetime_SVC_MKS,-5.168036666666667,119.41456333333333,Makassar,IN704498,DSC
LGEID,INDONESIA,90133,16,Onetime_SVC_MKS,-5.08979,119.47306,Makassar,IN704498,DSC
LGEID,INDONESIA,90134,16,Onetime_SVC_MKS,-5.17157,119.4089125,Makassar,IN704498,DSC
LGEID,INDONESIA,90135,16,Onetime_SVC_MKS,,,Makassar,IN704498,DSC
LGEID,INDONESIA,90141,16,Onetime_SVC_MKS,-5.13955,119.42190500000001,Makassar,IN704503,DSC
LGEID,INDONESIA,90142,16,Onetime_SVC_MKS,,,Makassar,IN704503,DSC
LGEID,INDONESIA,90143,16,Onetime_SVC_MKS,,,Makassar,IN704503,DSC
LGEID,INDONESIA,90144,16,Onetime_SVC_MKS,-5.13898,119.42717,Makassar,IN704503,DSC
LGEID,INDONESIA,90145,16,Onetime_SVC_MKS,-5.14786,119.42225,Makassar,IN704503,DSC
LGEID,INDONESIA,90151,16,Onetime_SVC_MKS,-5.12597,119.410015,Makassar,IN704498,DSC
LGEID,INDONESIA,90152,16,Onetime_SVC_MKS,,,Makassar,IN704498,DSC
LGEID,INDONESIA,90153,16,Onetime_SVC_MKS,,,Makassar,IN704498,DSC
LGEID,INDONESIA,90154,16,Onetime_SVC_MKS,,,Makassar,IN704498,DSC
LGEID,INDONESIA,90155,16,Onetime_SVC_MKS,,,Makassar,IN704498,DSC
LGEID,INDONESIA,90156,16,Onetime_SVC_MKS,-5.1284,119.42247,Makassar,IN704498,DSC
LGEID,INDONESIA,90157,16,Onetime_SVC_MKS,,,Makassar,IN704498,DSC
LGEID,INDONESIA,90161,16,Onetime_SVC_MKS,,,Makassar,IN704503,DSC
LGEID,INDONESIA,90162,16,Onetime_SVC_MKS,,,Makassar,IN704503,DSC
LGEID,INDONESIA,90163,16,Onetime_SVC_MKS,,,Makassar,IN704503,DSC
LGEID,INDONESIA,90164,16,Onetime_SVC_MKS,,,Makassar,IN704503,DSC
LGEID,INDONESIA,90165,16,Onetime_SVC_MKS,-5.11995,119.41842,Makassar,IN704503,DSC
LGEID,INDONESIA,90166,16,Onetime_SVC_MKS,,,Makassar,IN704503,DSC
LGEID,INDONESIA,90167,16,Onetime_SVC_MKS,,,Makassar,IN704503,DSC
LGEID,INDONESIA,90168,16,Onetime_SVC_MKS,,,Makassar,IN704503,DSC
LGEID,INDONESIA,90171,16,Onetime_SVC_MKS,,,Makassar,IN704503,DSC
LGEID,INDONESIA,90172,16,Onetime_SVC_MKS,,,Makassar,IN704503,DSC
LGEID,INDONESIA,90173,16,Onetime_SVC_MKS,,,Makassar,IN704503,DSC
LGEID,INDONESIA,90174,16,Onetime_SVC_MKS,,,Makassar,IN704503,DSC
LGEID,INDONESIA,90211,16,Onetime_SVC_MKS,-5.13225125,119.43319625,Makassar,IN704503,DSC
LGEID,INDONESIA,90212,16,Onetime_SVC_MKS,-4.872048,119.577268,Makassar,IN704503,DSC
LGEID,INDONESIA,90213,16,Onetime_SVC_MKS,-5.1913277777777775,119.44273666666666,Makassar,IN704503,DSC
LGEID,INDONESIA,90214,16,Onetime_SVC_MKS,,,Makassar,IN704503,DSC
LGEID,INDONESIA,90215,16,Onetime_SVC_MKS,,,Makassar,IN704503,DSC
LGEID,INDONESIA,90216,16,Onetime_SVC_MKS,-5.12731,119.441485,Makassar,IN704503,DSC
LGEID,INDONESIA,90217,16,Onetime_SVC_MKS,,,Makassar,IN704503,DSC
LGEID,INDONESIA,90221,16,Onetime_SVC_MKS,-5.1715158695652175,119.43411739130434,Makassar,IN704498,DSC
LGEID,INDONESIA,90222,16,Onetime_SVC_MKS,-5.143788000000001,119.45661792307692,Makassar,IN704498,DSC
LGEID,INDONESIA,90223,16,Onetime_SVC_MKS,-5.16899,119.41866,Makassar,IN704498,DSC
LGEID,INDONESIA,90224,16,Onetime_SVC_MKS,-5.17403,119.41292200000001,Makassar,IN704498,DSC
LGEID,INDONESIA,90225,16,Onetime_SVC_MKS,-5.17847,119.39804799999999,Makassar,IN704498,DSC
LGEID,INDONESIA,90231,16,Onetime_SVC_MKS,-5.147299333333334,119.44778133333332,Makassar,IN704503,DSC
LGEID,INDONESIA,90232,16,Onetime_SVC_MKS,-5.137605000000001,119.431975,Makassar,IN704503,DSC
LGEID,INDONESIA,90233,16,Onetime_SVC_MKS,-5.150462,119.44999600000001,Makassar,ID000115,DSC
LGEID,INDONESIA,90234,16,Onetime_SVC_MKS,-5.16096,119.47132066666667,Makassar,ID000115,DSC
LGEID,INDONESIA,90235,16,Onetime_SVC_MKS,-5.17855,119.48581,Makassar,ID000115,DSC
LGEID,INDONESIA,90241,16,Onetime_SVC_MKS,-5.125566,119.4912,Makassar,IN704507,DSC
LGEID,INDONESIA,90242,16,Onetime_SVC_MKS,-5.08327,119.52521,Makassar,IN704507,DSC
LGEID,INDONESIA,90243,16,Onetime_SVC_MKS,,,Makassar,IN704507,DSC
LGEID,INDONESIA,90244,16,Onetime_SVC_MKS,,,Makassar,IN704507,DSC
LGEID,INDONESIA,90245,16,Onetime_SVC_MKS,-5.117893846153846,119.51882384615384,Makassar,IN704507,DSC
LGEID,INDONESIA,92111,16,Onetime_SVC_MKS,-5.222689333333333,119.45584833333334,Makassar,ID000115,DSC
LGEID,INDONESIA,92112,16,Onetime_SVC_MKS,-5.187068571428571,119.48466809523809,Makassar,ID000115,DSC
LGEID,INDONESIA,92113,16,Onetime_SVC_MKS,-5.189306666666667,119.47020777777779,Makassar,ID000115,DSC
LGEID,INDONESIA,92114,16,Onetime_SVC_MKS,-5.12874,119.43103,Makassar,ID000115,DSC
LGEID,INDONESIA,92115,16,Onetime_SVC_MKS,,,Makassar,ID000115,DSC
LGEID,INDONESIA,92116,16,Onetime_SVC_MKS,,,Makassar,ID000115,DSC
LGEID,INDONESIA,92117,16,Onetime_SVC_MKS,-5.2153,119.47294,Makassar,ID000115,DSC
LGEID,INDONESIA,92118,16,Onetime_SVC_MKS,-5.20552,119.50238,Makassar,ID000115,DSC
LGEID,INDONESIA,92119,16,Onetime_SVC_MKS,-7.94353,112.65741,Makassar,ID000115,DSC
LGEID,INDONESIA,Carry In,8,Onetime_SVC_DPS,,,Denpasar,IN500528,DSC
LGEID,INDONESIA,Carry-In,19,Onetime_SVC_PIS,,,Jakarta,ID000090,DSC
LGEID,INDONESIA,carry-in,3,Onetime_SVC_BJM,,,Banjarmasin,ID000041,DSC
