STRATEGIC_CITY_NAME,candidate_region_count,POSTAL_CODE,region_id,region_seq,AREA_NAME,new_region_name,area_type,service_count,relevant_calls,dms_calls,dms2_calls,asc_calls,dms_share_zip,dms_fit_score,density_raw,dms_avg_distance_km,distance_to_density_center_km,nearest_dms_home_distance_km,nearest_dms_home_code,is_dms_home_anchor,density_center_latitude,density_center_longitude,density_center_postal_code,latitude,longitude
"Los Angeles, CA - Area Type Clusters",3,90008,los_angeles_ca_r01,1,DMS Region 1,DMS Region 1,DMS_CORE,7,7,6,1,0,0.8571428571428571,0.773530624031228,8.71651287713255,51.95338637029435,12.961792115706707,5.278843087040867,AI103452,False,33.990042807834335,-118.19152470308715,90270,34.00775471924415,-118.33049678557772
"Los Angeles, CA - Area Type Clusters",3,90010,los_angeles_ca_r01,1,DMS Region 1,DMS Region 1,DMS_CORE,4,4,3,1,0,0.75,0.6853818100987331,7.666288527891342,51.07073399726129,13.28029793831782,1.9348141333797424,AI103452,False,33.990042807834335,-118.19152470308715,90270,34.0617130036565,-118.3067993643975
"Los Angeles, CA - Area Type Clusters",3,90016,los_angeles_ca_r01,1,DMS Region 1,DMS Region 1,DMS_CORE,10,10,7,3,0,0.7,0.6813647712452149,10.409688004308864,52.95388369097631,14.747900152708969,4.736116440029887,AI103452,False,33.990042807834335,-118.19152470308715,90270,34.0294909162355,-118.3442839422698
"Los Angeles, CA - Area Type Clusters",3,90018,los_angeles_ca_r01,1,DMS Region 1,DMS Region 1,DMS_CORE,13,13,7,6,0,0.5384615384615384,0.5879460770821123,12.321448511581384,51.33385110341128,12.503045045571788,2.877575722997674,AI103452,True,33.990042807834335,-118.19152470308715,90270,34.028041857820696,-118.31918883986972
"Los Angeles, CA - Area Type Clusters",3,90019,los_angeles_ca_r01,1,DMS Region 1,DMS Region 1,DMS_CORE,11,11,8,3,0,0.7272727272727273,0.6808817798094807,7.468737637249245,52.349899688700376,14.40122690236005,3.214922993428182,AI103452,False,33.990042807834335,-118.19152470308715,90270,34.04685585221427,-118.33194334420892
"Los Angeles, CA - Area Type Clusters",3,90022,los_angeles_ca_r01,1,DMS Region 1,DMS Region 1,DMS_CORE,11,11,9,2,0,0.8181818181818182,0.7679570075245942,10.56164506587875,42.55835301618759,4.882689045071525,0.5410507036921265,AI102692,True,33.990042807834335,-118.19152470308715,90270,34.01910040593563,-118.15181190938192
"Los Angeles, CA - Area Type Clusters",3,90032,los_angeles_ca_r01,1,DMS Region 1,DMS Region 1,DMS_CORE,11,11,9,2,0,0.8181818181818182,0.73956329628116,6.702606740992295,44.98108488409192,10.189998651059003,5.780163062347195,AI103266,False,33.990042807834335,-118.19152470308715,90270,34.08044448701955,-118.17340139111435
"Los Angeles, CA - Area Type Clusters",3,90037,los_angeles_ca_r01,1,DMS Region 1,DMS Region 1,DMS_CORE,6,6,4,2,0,0.6666666666666666,0.6206875642595843,6.265195594190748,49.13980768267872,8.69300568154168,4.487533147321767,AI105087,False,33.990042807834335,-118.19152470308715,90270,34.00139859870484,-118.2848195505252
"Los Angeles, CA - Area Type Clusters",3,90043,los_angeles_ca_r01,1,DMS Region 1,DMS Region 1,DMS_CORE,14,14,8,6,0,0.5714285714285714,0.5975473535931216,10.23585293043839,52.43924635916031,13.482452546157448,4.998749700764312,AI105087,True,33.990042807834335,-118.19152470308715,90270,33.98928583948321,-118.33775853313088
"Los Angeles, CA - Area Type Clusters",3,90047,los_angeles_ca_r01,1,DMS Region 1,DMS Region 1,DMS_CORE,15,15,8,7,0,0.5333333333333333,0.5524199928660697,7.438292888781918,51.075703583947565,11.928770807886687,2.092125804737863,AI105087,False,33.990042807834335,-118.19152470308715,90270,33.948616666909665,-118.31084491759266
"Los Angeles, CA - Area Type Clusters",3,90056,los_angeles_ca_r01,1,DMS Region 1,DMS Region 1,DMS_CORE,8,8,3,5,0,0.375,0.4420955854507533,9.32298754032614,54.43991808573328,16.221940846644767,7.266677433130049,AI105087,False,33.990042807834335,-118.19152470308715,90270,33.987181319844126,-118.367439071113
"Los Angeles, CA - Area Type Clusters",3,90062,los_angeles_ca_r01,1,DMS Region 1,DMS Region 1,DMS_CORE,7,7,5,2,0,0.7142857142857143,0.6865564852870554,10.485017358015712,50.68537960844484,11.189126557682272,4.129521970010775,AI103452,False,33.990042807834335,-118.19152470308715,90270,34.010816943917,-118.31028753701884
"Los Angeles, CA - Area Type Clusters",3,90201,los_angeles_ca_r01,1,DMS Region 1,DMS Region 1,DMS_CORE,14,14,11,3,0,0.7857142857142857,0.7515036303791746,10.671745909757124,43.54508297785737,2.8467956400245025,6.395684839434924,AI102692,False,33.990042807834335,-118.19152470308715,90270,33.96903346829015,-118.17388101135312
"Los Angeles, CA - Area Type Clusters",3,90230,los_angeles_ca_r01,1,DMS Region 1,DMS Region 1,DMS_CORE,10,10,4,6,0,0.4,0.4549604503156236,8.204812522624453,56.42646203877328,18.902918333574203,9.96916566805162,AI105087,False,33.990042807834335,-118.19152470308715,90270,33.99215885777949,-118.3965417652465
"Los Angeles, CA - Area Type Clusters",3,90240,los_angeles_ca_r01,1,DMS Region 1,DMS Region 1,DMS_CORE,5,5,4,1,0,0.8,0.7223400949915951,7.561826860887957,41.066597505723934,8.792459681438018,4.308292564865587,AI105047,False,33.990042807834335,-118.19152470308715,90270,33.9521771204482,-118.1078218947028
"Los Angeles, CA - Area Type Clusters",3,90241,los_angeles_ca_r01,1,DMS Region 1,DMS Region 1,DMS_CORE,9,9,9,0,0,1.0,0.8711291515654782,7.764424291196757,42.1938197698407,8.436765796303954,7.067262701037013,AI105047,False,33.990042807834335,-118.19152470308715,90270,33.93415787833045,-118.12965002720878
"Los Angeles, CA - Area Type Clusters",3,90242,los_angeles_ca_r01,1,DMS Region 1,DMS Region 1,DMS_CORE,9,9,6,3,0,0.6666666666666666,0.6248524011756482,6.00011867038481,42.865960144581074,9.352914373412,8.930067304910988,AI105047,False,33.990042807834335,-118.19152470308715,90270,33.918633761774664,-118.13793864387088
"Los Angeles, CA - Area Type Clusters",3,90301,los_angeles_ca_r01,1,DMS Region 1,DMS Region 1,DMS_CORE,10,10,4,6,0,0.4,0.484572444765717,12.22969149305055,53.92177027007015,15.579248274569,5.667881105677646,AI105087,False,33.990042807834335,-118.19152470308715,90270,33.958278058221005,-118.3560740363735
"Los Angeles, CA - Area Type Clusters",3,90302,los_angeles_ca_r01,1,DMS Region 1,DMS Region 1,DMS_CORE,7,7,7,0,0,1.0,0.8651273847280301,7.58229331623012,53.33259995516893,14.699542023565016,5.393281111020657,AI105087,False,33.990042807834335,-118.19152470308715,90270,33.97733979136628,-118.35021351693312
"Los Angeles, CA - Area Type Clusters",3,90305,los_angeles_ca_r01,1,DMS Region 1,DMS Region 1,DMS_CORE,9,9,4,5,0,0.4444444444444444,0.5021081214775172,10.600386857927374,51.90222574949441,12.848986573465858,2.9127976707221666,AI105087,False,33.990042807834335,-118.19152470308715,90270,33.960792178283555,-118.32632893008233
"Los Angeles, CA - Area Type Clusters",3,90603,los_angeles_ca_r01,1,DMS Region 1,DMS Region 1,DMS_CORE,8,8,7,1,0,0.875,0.7792503187709376,7.37436957448573,38.4923071331893,19.67303095950449,2.2890633678189785,AI105051,False,33.990042807834335,-118.19152470308715,90270,33.9436808363065,-117.98565397159425
"Los Angeles, CA - Area Type Clusters",3,90604,los_angeles_ca_r01,1,DMS Region 1,DMS Region 1,DMS_CORE,18,18,11,7,0,0.6111111111111112,0.6492420782943444,12.336208165796176,38.971584037072645,17.685897832933527,0.7092163714937807,AI105051,True,33.990042807834335,-118.19152470308715,90270,33.9307940054285,-118.01356308110338
"Los Angeles, CA - Area Type Clusters",3,90605,los_angeles_ca_r01,1,DMS Region 1,DMS Region 1,DMS_CORE,11,11,7,4,0,0.6363636363636364,0.6098764585525734,6.30101324298524,39.01091909605792,15.794617419166425,2.668214903427213,AI105051,False,33.990042807834335,-118.19152470308715,90270,33.947243550414726,-118.02821127178753
"Los Angeles, CA - Area Type Clusters",3,90620,los_angeles_ca_r01,1,DMS Region 1,DMS Region 1,DMS_CORE,16,16,7,9,0,0.4375,0.5047063251347872,9.724666070662536,41.63859844534922,23.59318414343471,2.684898504447452,AI105122,False,33.990042807834335,-118.19152470308715,90270,33.84138408836063,-118.00909091526064
"Los Angeles, CA - Area Type Clusters",3,90621,los_angeles_ca_r01,1,DMS Region 1,DMS Region 1,DMS_CORE,7,7,2,5,0,0.2857142857142857,0.3527776762100208,5.734678196074529,40.17082569374476,22.27437816185056,4.050439390975432,AI105122,False,33.990042807834335,-118.19152470308715,90270,33.874550526466,-117.9942564091816
"Los Angeles, CA - Area Type Clusters",3,90630,los_angeles_ca_r01,1,DMS Region 1,DMS Region 1,DMS_CORE,13,13,6,7,0,0.4615384615384615,0.5092997345816026,8.830133143790599,43.30768366719256,23.784550519434493,3.774428915165828,AI103410,False,33.990042807834335,-118.19152470308715,90270,33.81932266464061,-118.03625294026254
"Los Angeles, CA - Area Type Clusters",3,90631,los_angeles_ca_r01,1,DMS Region 1,DMS Region 1,DMS_CORE,12,12,11,1,0,0.9166666666666666,0.8046878661286498,5.848794071893758,38.43478698014504,22.808135851723275,4.898725876295528,AI105051,False,33.990042807834335,-118.19152470308715,90270,33.935615023836,-117.9530809177344
"Los Angeles, CA - Area Type Clusters",3,90638,los_angeles_ca_r01,1,DMS Region 1,DMS Region 1,DMS_CORE,20,20,7,13,0,0.35,0.4674015422635165,11.961664414025096,39.32957232743366,19.330636178492348,2.4904820892389354,AI105051,False,33.990042807834335,-118.19152470308715,90270,33.909487389867,-118.00581151472925
"Los Angeles, CA - Area Type Clusters",3,90640,los_angeles_ca_r01,1,DMS Region 1,DMS Region 1,DMS_CORE,8,8,2,6,0,0.25,0.3302773837303631,5.836860559174367,41.303180365929215,7.767691363150275,3.390269142208224,AI102692,False,33.990042807834335,-118.19152470308715,90270,34.02149629303787,-118.11628214505735
"Los Angeles, CA - Area Type Clusters",3,90660,los_angeles_ca_r01,1,DMS Region 1,DMS Region 1,DMS_CORE,9,9,5,4,0,0.5555555555555556,0.5550806709620334,7.061657695804698,39.94923247338734,10.085496095045572,0.9861454212624016,AI105047,True,33.990042807834335,-118.19152470308715,90270,33.99478388839922,-118.08227894308834
"Los Angeles, CA - Area Type Clusters",3,90713,los_angeles_ca_r01,1,DMS Region 1,DMS Region 1,DMS_CORE,19,19,6,13,0,0.3157894736842105,0.5038454216655689,20.54595012909923,44.50037937680459,17.971230631984053,9.316540530207632,AI102841,True,33.990042807834335,-118.19152470308715,90270,33.84259472432258,-118.11177606978588
"Los Angeles, CA - Area Type Clusters",3,90720,los_angeles_ca_r01,1,DMS Region 1,DMS Region 1,DMS_CORE,9,9,4,5,0,0.4444444444444444,0.4668077304601559,5.687152341383758,45.2074725060666,24.60835386151059,6.507687287149174,AI103410,False,33.990042807834335,-118.19152470308715,90270,33.79686165342133,-118.06144808693443
"Los Angeles, CA - Area Type Clusters",3,90755,los_angeles_ca_r01,1,DMS Region 1,DMS Region 1,DMS_CORE,6,6,3,3,0,0.5,0.5513754679496452,12.74462988091691,48.746102429135696,21.582567309400925,5.0086615521004285,AI102841,False,33.990042807834335,-118.19152470308715,90270,33.797251610459,-118.16445279960664
"Los Angeles, CA - Area Type Clusters",3,90804,los_angeles_ca_r01,1,DMS Region 1,DMS Region 1,DMS_CORE,3,3,2,1,0,0.6666666666666666,0.637785905516396,9.36048650426843,48.58184168485468,23.44255253070084,7.705443043778965,AI102841,False,33.990042807834335,-118.19152470308715,90270,33.783538391235666,-118.14038115678834
"Los Angeles, CA - Area Type Clusters",3,90807,los_angeles_ca_r01,1,DMS Region 1,DMS Region 1,DMS_CORE,8,8,1,7,0,0.125,0.2562996891149978,7.770371475874279,48.18990032193219,18.32938582766841,2.234899911249539,AI102841,False,33.990042807834335,-118.19152470308715,90270,33.8252738927995,-118.18569649189762
"Los Angeles, CA - Area Type Clusters",3,90815,los_angeles_ca_r01,1,DMS Region 1,DMS Region 1,DMS_CORE,11,11,4,7,0,0.3636363636363636,0.472265226639546,13.690094268409878,46.67279223607627,22.47023693962062,9.387412204990817,AI102841,False,33.990042807834335,-118.19152470308715,90270,33.79908528811399,-118.1118731234492
"Los Angeles, CA - Area Type Clusters",3,91006,los_angeles_ca_r01,1,DMS Region 1,DMS Region 1,DMS_CORE,9,9,4,5,0,0.4444444444444444,0.4771460277413227,7.084149792060912,43.64472670380153,22.26090832249791,3.816207354263539,AI103642,False,33.990042807834335,-118.19152470308715,90270,34.13611842456267,-118.02627450956432
"Los Angeles, CA - Area Type Clusters",3,91107,los_angeles_ca_r01,1,DMS Region 1,DMS Region 1,DMS_CORE,10,10,9,1,0,0.9,0.8184339679553797,9.920350415980364,45.55540745910069,20.00547400158954,3.6793602846196913,AI103642,True,33.990042807834335,-118.19152470308715,90270,34.149697736737394,-118.0913980647038
"Los Angeles, CA - Area Type Clusters",3,91108,los_angeles_ca_r01,1,DMS Region 1,DMS Region 1,DMS_CORE,9,9,8,1,0,0.8888888888888888,0.778233308639035,5.724958866544466,44.7660336822237,15.911700969586953,5.109644545035033,AI103642,False,33.990042807834335,-118.19152470308715,90270,34.120527363465335,-118.12062326977632
"Los Angeles, CA - Area Type Clusters",3,91303,los_angeles_ca_r01,1,DMS Region 1,DMS Region 1,DMS_CORE,5,5,0,5,0,0.0,0.1495887467586785,6.20747519472858,73.98240804152888,44.1906508185055,3.9165860333672335,AI105028,False,33.990042807834335,-118.19152470308715,90270,34.1993511241222,-118.599477497855
"Los Angeles, CA - Area Type Clusters",3,91304,los_angeles_ca_r01,1,DMS Region 1,DMS Region 1,DMS_CORE,9,9,4,5,0,0.4444444444444444,0.4771674711204421,7.473404727607609,76.11230635728035,46.73328410858175,3.8506750495757465,AI103301,False,33.990042807834335,-118.19152470308715,90270,34.215936846816106,-118.619545005201
"Los Angeles, CA - Area Type Clusters",3,91306,los_angeles_ca_r01,1,DMS Region 1,DMS Region 1,DMS_CORE,12,12,0,12,0,0.0,0.1972904297753316,10.952298147506896,72.9868745909314,43.37218644396492,6.362164901302564,AI105028,True,33.990042807834335,-118.19152470308715,90270,34.21279463375975,-118.57821202929384
"Los Angeles, CA - Area Type Clusters",3,91307,los_angeles_ca_r01,1,DMS Region 1,DMS Region 1,DMS_CORE,15,15,9,6,0,0.6,0.6157538369497413,10.029663385871922,77.0606121676246,47.47355075098998,0.9718235523248177,AI103301,True,33.990042807834335,-118.19152470308715,90270,34.197197814244,-118.64232216412118
"Los Angeles, CA - Area Type Clusters",3,91311,los_angeles_ca_r01,1,DMS Region 1,DMS Region 1,DMS_CORE,22,22,2,20,0,0.0909090909090909,0.2847120794803567,11.71100866535237,76.14253017641121,47.42590027816683,8.888156318233376,AI103301,False,33.990042807834335,-118.19152470308715,90270,34.25744596305233,-118.59290813629087
"Los Angeles, CA - Area Type Clusters",3,91316,los_angeles_ca_r01,1,DMS Region 1,DMS Region 1,DMS_CORE,8,8,7,1,0,0.875,0.7801769093451999,7.843904720887255,67.29064256562059,35.92404048092982,7.578933018302534,AI104062,False,33.990042807834335,-118.19152470308715,90270,34.16155660707612,-118.52206574468076
"Los Angeles, CA - Area Type Clusters",3,91325,los_angeles_ca_r01,1,DMS Region 1,DMS Region 1,DMS_CORE,10,10,2,8,0,0.2,0.2975632351682151,5.973834402211977,69.13133449213133,39.82308960409397,2.5556111423324874,AI104062,False,33.990042807834335,-118.19152470308715,90270,34.231608459372204,-118.51086870637629
"Los Angeles, CA - Area Type Clusters",3,91331,los_angeles_ca_r01,1,DMS Region 1,DMS Region 1,DMS_CORE,19,19,8,11,0,0.4210526315789473,0.4961224063046049,9.647280036065627,65.3579913989439,36.76754645660728,2.8561012177317258,AI103544,True,33.990042807834335,-118.19152470308715,90270,34.26044672202401,-118.42141554441842
"Los Angeles, CA - Area Type Clusters",3,91335,los_angeles_ca_r01,1,DMS Region 1,DMS Region 1,DMS_CORE,20,20,5,15,0,0.25,0.4041293055985627,13.24499584717894,69.76332332937076,39.74267345548352,5.282356658812518,AI104062,True,33.990042807834335,-118.19152470308715,90270,34.20334209366246,-118.53785056055494
"Los Angeles, CA - Area Type Clusters",3,91340,los_angeles_ca_r01,1,DMS Region 1,DMS Region 1,DMS_CORE,9,9,4,5,0,0.4444444444444444,0.4911139107791298,9.281914629745485,67.61264157738415,39.78520600216891,5.496437209756764,AI103544,False,33.990042807834335,-118.19152470308715,90270,34.28849610999333,-118.42995468528812
"Los Angeles, CA - Area Type Clusters",3,91342,los_angeles_ca_r01,1,DMS Region 1,DMS Region 1,DMS_CORE,24,24,0,24,0,0.0,0.2161259733547839,10.4446320158964,69.29413645914534,41.78958029221485,7.024422480179747,AI103544,False,33.990042807834335,-118.19152470308715,90270,34.30284848652688,-118.44323298822027
"Los Angeles, CA - Area Type Clusters",3,91345,los_angeles_ca_r01,1,DMS Region 1,DMS Region 1,DMS_CORE,6,6,1,5,0,0.1666666666666666,0.2919308726457412,9.389577849885232,67.2595824073055,38.56294505069863,2.622466119331353,AI103544,False,33.990042807834335,-118.19152470308715,90270,34.255744625692,-118.4607583008065
"Los Angeles, CA - Area Type Clusters",3,91364,los_angeles_ca_r01,1,DMS Region 1,DMS Region 1,DMS_CORE,9,9,3,6,0,0.3333333333333333,0.3928054716175537,6.533297168914812,72.87243877438813,42.09502039371659,4.239104220961484,AI105028,False,33.990042807834335,-118.19152470308715,90270,34.15796838874645,-118.60113639751232
"Los Angeles, CA - Area Type Clusters",3,91377,los_angeles_ca_r01,1,DMS Region 1,DMS Region 1,DMS_CORE,7,7,5,2,0,0.7142857142857143,0.6502469666738573,5.943867823822758,86.87481172151391,56.77241405042842,10.254661045554258,AI103301,False,33.990042807834335,-118.19152470308715,90270,34.18195083979886,-118.76279892903786
"Los Angeles, CA - Area Type Clusters",3,91402,los_angeles_ca_r01,1,DMS Region 1,DMS Region 1,DMS_CORE,12,12,2,10,0,0.1666666666666666,0.3037529611508175,9.454100925141434,64.50052514931343,34.777083924182016,1.887781629258615,AI103544,False,33.990042807834335,-118.19152470308715,90270,34.22304083445658,-118.44350251850744
"Los Angeles, CA - Area Type Clusters",3,91405,los_angeles_ca_r01,1,DMS Region 1,DMS Region 1,DMS_CORE,6,6,1,5,0,0.1666666666666666,0.2732082583187389,6.788997806344482,64.1542759859693,33.59312274811101,3.825204328153764,AI104062,False,33.990042807834335,-118.19152470308715,90270,34.19880574638366,-118.45522845251634
"Los Angeles, CA - Area Type Clusters",3,91406,los_angeles_ca_r01,1,DMS Region 1,DMS Region 1,DMS_CORE,13,13,4,9,0,0.3076923076923077,0.4128379550959797,10.65158884515544,67.1502580818976,36.90919748826842,2.828003343453437,AI104062,False,33.990042807834335,-118.19152470308715,90270,34.20078663911523,-118.50120632468862
"Los Angeles, CA - Area Type Clusters",3,91411,los_angeles_ca_r01,1,DMS Region 1,DMS Region 1,DMS_CORE,4,4,1,3,0,0.25,0.3279057016080243,6.792029859415047,63.62871272202114,32.17721729126521,5.832046103344708,AI104062,False,33.990042807834335,-118.19152470308715,90270,34.17406519709925,-118.46116530913577
"Los Angeles, CA - Area Type Clusters",3,91605,los_angeles_ca_r01,1,DMS Region 1,DMS Region 1,DMS_CORE,12,12,3,9,0,0.25,0.3570845088655586,8.7407322942603,62.1061951032093,31.591165092575707,4.406940927094737,AI103544,False,33.990042807834335,-118.19152470308715,90270,34.20639380823825,-118.41389810173143
"Los Angeles, CA - Area Type Clusters",3,91701,los_angeles_ca_r01,1,DMS Region 1,DMS Region 1,DMS_CORE,12,12,1,11,0,0.0833333333333333,0.2362189195282252,8.025549113244448,50.32015901983266,57.193734448342106,6.404926889524017,AI103568,False,33.990042807834335,-118.19152470308715,90270,34.131210503922,-117.5944974062166
"Los Angeles, CA - Area Type Clusters",3,91706,los_angeles_ca_r01,1,DMS Region 1,DMS Region 1,DMS_CORE,10,10,7,3,0,0.7,0.6523241885546482,6.288707664554387,40.80617471948704,23.50866892214049,7.168337127878955,AI103559,False,33.990042807834335,-118.19152470308715,90270,34.0873422316757,-117.9650168040321
"Los Angeles, CA - Area Type Clusters",3,91708,los_angeles_ca_r01,1,DMS Region 1,DMS Region 1,DMS_CORE,3,3,3,0,0,1.0,0.8811553201970227,10.696686083449505,45.387277660722845,52.78853156816272,6.939977593465668,AI103583,False,33.990042807834335,-118.19152470308715,90270,33.96559417094333,-117.61979556086366
"Los Angeles, CA - Area Type Clusters",3,91722,los_angeles_ca_r01,1,DMS Region 1,DMS Region 1,DMS_CORE,12,12,7,5,0,0.5833333333333334,0.5822427500547226,7.37304545941984,41.238525213231256,28.50890259671706,4.510219050887644,AI103559,False,33.990042807834335,-118.19152470308715,90270,34.09615682085825,-117.90985484033467
"Los Angeles, CA - Area Type Clusters",3,91744,los_angeles_ca_r01,1,DMS Region 1,DMS Region 1,DMS_CORE,15,15,12,3,0,0.8,0.7420786627176301,7.702026204459856,38.80933007691888,23.984777456976524,4.680723551871013,AI103559,True,33.990042807834335,-118.19152470308715,90270,34.031082890081734,-117.93606442855192
"Los Angeles, CA - Area Type Clusters",3,91745,los_angeles_ca_r01,1,DMS Region 1,DMS Region 1,DMS_CORE,21,21,14,7,0,0.6666666666666666,0.694041427655363,12.37758674546494,38.36500155137014,21.037450358922584,8.03548285073984,AI103741,True,33.990042807834335,-118.19152470308715,90270,33.99952091229777,-117.96361591823027
"Los Angeles, CA - Area Type Clusters",3,91746,los_angeles_ca_r01,1,DMS Region 1,DMS Region 1,DMS_CORE,8,8,6,2,0,0.75,0.6884498159860889,6.934967327578322,39.54500809545087,20.52151031665253,7.877670199495354,AI103559,False,33.990042807834335,-118.19152470308715,90270,34.051153822998245,-117.98141967329288
"Los Angeles, CA - Area Type Clusters",3,91761,los_angeles_ca_r01,1,DMS Region 1,DMS Region 1,DMS_CORE,24,24,18,6,0,0.75,0.7338556215566466,9.17568641267902,46.313433051770765,53.85240739237471,6.16243124513425,AI103568,True,33.990042807834335,-118.19152470308715,90270,34.024866521022375,-117.608806694546
"Los Angeles, CA - Area Type Clusters",3,91764,los_angeles_ca_r01,1,DMS Region 1,DMS Region 1,DMS_CORE,9,9,2,7,0,0.2222222222222222,0.3122267654094372,5.84423095898823,47.19349367032539,53.64191831832659,3.578835917123232,AI103568,False,33.990042807834335,-118.19152470308715,90270,34.07637566695078,-117.61879894107668
"Los Angeles, CA - Area Type Clusters",3,91776,los_angeles_ca_r01,1,DMS Region 1,DMS Region 1,DMS_CORE,4,4,0,4,0,0.0,0.1676771999095714,8.570381622120617,43.09982338947688,14.669723714089493,2.893304454358389,AI103266,False,33.990042807834335,-118.19152470308715,90270,34.098123940895,-118.10022293287976
"Los Angeles, CA - Area Type Clusters",3,91786,los_angeles_ca_r01,1,DMS Region 1,DMS Region 1,DMS_CORE,11,11,4,7,0,0.3636363636363636,0.4262861391699656,7.396905114696461,46.89037594658047,50.89593981942245,7.573373281993522,AI103568,False,33.990042807834335,-118.19152470308715,90270,34.101418604190634,-117.65572232909766
"Los Angeles, CA - Area Type Clusters",3,91789,los_angeles_ca_r01,1,DMS Region 1,DMS Region 1,DMS_CORE,15,15,9,6,0,0.6,0.5981233264537107,7.161803298700387,38.92441816559351,30.46341600314985,1.4859466586860428,AI102123,True,33.990042807834335,-118.19152470308715,90270,34.01664564447347,-117.8626133271002
"Los Angeles, CA - Area Type Clusters",3,91790,los_angeles_ca_r01,1,DMS Region 1,DMS Region 1,DMS_CORE,11,11,9,2,0,0.8181818181818182,0.7367753491048427,6.262426201343136,40.06997605427604,25.23350489315827,3.948951440559055,AI103559,False,33.990042807834335,-118.19152470308715,90270,34.071005487827186,-117.93571928464183
"Los Angeles, CA - Area Type Clusters",3,91801,los_angeles_ca_r01,1,DMS Region 1,DMS Region 1,DMS_CORE,10,10,8,2,0,0.8,0.7430138524161293,9.15796319092733,43.855450094089086,12.837431533540151,2.874612177619875,AI103266,True,33.990042807834335,-118.19152470308715,90270,34.09390566569169,-118.13068967175325
"Los Angeles, CA - Area Type Clusters",3,91803,los_angeles_ca_r01,1,DMS Region 1,DMS Region 1,DMS_CORE,8,8,5,3,0,0.625,0.5968402594253849,6.423869086311751,43.882574773372085,10.198172957628303,3.653485047350495,AI103266,False,33.990042807834335,-118.19152470308715,90270,34.07531792943725,-118.15078854450176
"Los Angeles, CA - Area Type Clusters",3,92316,los_angeles_ca_r01,1,DMS Region 1,DMS Region 1,DMS_CORE,6,6,4,2,0,0.6666666666666666,0.6156672233849354,5.67660186675496,57.44552755108753,73.74492560392163,2.5021593694762974,AI103127,False,33.990042807834335,-118.19152470308715,90270,34.07518547961067,-117.39786996418184
"Los Angeles, CA - Area Type Clusters",3,92336,los_angeles_ca_r01,1,DMS Region 1,DMS Region 1,DMS_CORE,28,28,10,18,0,0.3571428571428571,0.4649680730922998,9.115292093934627,56.1398065512026,68.96541758774889,6.156940894838745,AI103364,True,33.990042807834335,-118.19152470308715,90270,34.13498935165032,-117.46358270253698
"Los Angeles, CA - Area Type Clusters",3,92337,los_angeles_ca_r01,1,DMS Region 1,DMS Region 1,DMS_CORE,14,14,12,2,0,0.8571428571428571,0.7645405883071743,5.724477636600194,53.12350824985954,67.29639809321688,5.564196555567208,AI103364,False,33.990042807834335,-118.19152470308715,90270,34.043905144865,-117.46425916061943
"Los Angeles, CA - Area Type Clusters",3,92376,los_angeles_ca_r01,1,DMS Region 1,DMS Region 1,DMS_CORE,16,16,7,9,0,0.4375,0.4945547976840896,8.550103130857243,59.7462043475686,75.94807070005984,4.986952398084696,AI103127,True,33.990042807834335,-118.19152470308715,90270,34.11240534884112,-117.3804948322164
"Los Angeles, CA - Area Type Clusters",3,92404,los_angeles_ca_r01,1,DMS Region 1,DMS Region 1,DMS_CORE,12,12,0,12,0,0.0,0.1667449368886563,6.720980043404077,68.88423451928877,87.80636229501998,1.2411597577234277,AI103363,True,33.990042807834335,-118.19152470308715,90270,34.140164392546914,-117.2556710817384
"Los Angeles, CA - Area Type Clusters",3,92505,los_angeles_ca_r01,1,DMS Region 1,DMS Region 1,DMS_CORE,14,14,6,8,0,0.4285714285714285,0.4709572636103779,6.581708337861458,51.32620946714697,65.12773372379829,8.479342984772659,AI102299,True,33.990042807834335,-118.19152470308715,90270,33.922683517241936,-117.49008074660752
"Los Angeles, CA - Area Type Clusters",3,92509,los_angeles_ca_r01,1,DMS Region 1,DMS Region 1,DMS_CORE,16,16,14,2,0,0.875,0.789023224362203,6.861429471523503,53.40442696097997,68.55526961242487,10.39679820370308,AI103127,False,33.990042807834335,-118.19152470308715,90270,33.99317248428325,-117.4479347494318
"Los Angeles, CA - Area Type Clusters",3,92562,los_angeles_ca_r01,1,DMS Region 1,DMS Region 1,DMS_CORE,20,20,18,2,0,0.9,0.8299514134861641,9.345842832745891,77.83889121432686,101.0399310090467,2.605891766751404,AI103377,True,33.990042807834335,-118.19152470308715,90270,33.583930353747945,-117.2134629346488
"Los Angeles, CA - Area Type Clusters",3,92563,los_angeles_ca_r01,1,DMS Region 1,DMS Region 1,DMS_CORE,24,24,15,9,0,0.625,0.6245924246493078,6.619057042962029,81.89238188975156,106.75107096149908,2.692171192327239,AI102798,True,33.990042807834335,-118.19152470308715,90270,33.58482843999567,-117.14432586391511
"Los Angeles, CA - Area Type Clusters",3,92584,los_angeles_ca_r01,1,DMS Region 1,DMS Region 1,DMS_CORE,25,25,22,3,0,0.88,0.8268032068011577,9.539614888850547,75.7975721307395,100.53246352514893,2.9000008863367848,AI101186,True,33.990042807834335,-118.19152470308715,90270,33.67042817946108,-117.17341285704332
"Los Angeles, CA - Area Type Clusters",3,92602,los_angeles_ca_r01,1,DMS Region 1,DMS Region 1,DMS_CORE,12,12,9,3,0,0.75,0.7225907657736,10.696876953614252,48.06417049297215,48.52106417343804,4.144295413129298,AI103803,False,33.990042807834335,-118.19152470308715,90270,33.73347406169108,-117.76646465970914
"Los Angeles, CA - Area Type Clusters",3,92701,los_angeles_ca_r01,1,DMS Region 1,DMS Region 1,DMS_CORE,10,10,1,9,0,0.1,0.2436890464210156,7.907214777490308,46.04639793399824,40.60050654144719,5.74803259069492,AI103803,False,33.990042807834335,-118.19152470308715,90270,33.7477172133227,-117.86258270575269
"Los Angeles, CA - Area Type Clusters",3,92705,los_angeles_ca_r01,1,DMS Region 1,DMS Region 1,DMS_CORE,15,15,2,13,0,0.1333333333333333,0.2665326041948619,6.564099230142052,45.35643908903153,42.51051724393405,4.943099856570678,AI103803,False,33.990042807834335,-118.19152470308715,90270,33.7652489120702,-117.81905654448308
"Los Angeles, CA - Area Type Clusters",3,92707,los_angeles_ca_r01,1,DMS Region 1,DMS Region 1,DMS_CORE,8,8,6,2,0,0.75,0.7138675301552351,10.508493767293722,47.374107088293286,42.13280583939324,5.041373115844605,AI103803,False,33.990042807834335,-118.19152470308715,90270,33.72703548813412,-117.8630594715966
"Los Angeles, CA - Area Type Clusters",3,92780,los_angeles_ca_r01,1,DMS Region 1,DMS Region 1,DMS_CORE,15,15,7,8,0,0.4666666666666667,0.5358081792848102,11.505550140907276,47.03629193554215,44.341096119140126,1.9710888257357928,AI103803,True,33.990042807834335,-118.19152470308715,90270,33.7360107962602,-117.8213492373132
"Los Angeles, CA - Area Type Clusters",3,92805,los_angeles_ca_r01,1,DMS Region 1,DMS Region 1,DMS_CORE,11,11,5,6,0,0.4545454545454545,0.5114923867927549,10.28489774497788,41.38496545257342,31.90589146088116,7.219434263149308,AI105122,False,33.990042807834335,-118.19152470308715,90270,33.83268425331091,-117.90240717206972
"Los Angeles, CA - Area Type Clusters",3,92808,los_angeles_ca_r01,1,DMS Region 1,DMS Region 1,DMS_CORE,10,10,8,2,0,0.8,0.7594406237261927,11.400012936448643,43.24877189227474,44.8479220727026,9.24240687158951,AI103104,True,33.990042807834335,-118.19152470308715,90270,33.8574571138162,-117.7324738839795
"Los Angeles, CA - Area Type Clusters",3,92821,los_angeles_ca_r01,1,DMS Region 1,DMS Region 1,DMS_CORE,11,11,7,4,0,0.6363636363636364,0.6246738768627415,8.324692442403657,38.80192274246768,28.96857020220012,7.559164446711648,AI103741,False,33.990042807834335,-118.19152470308715,90270,33.924132865329454,-117.88765677533117
"Los Angeles, CA - Area Type Clusters",3,92823,los_angeles_ca_r01,1,DMS Region 1,DMS Region 1,DMS_CORE,3,3,3,0,0,1.0,0.8781524919166118,10.215775674656468,39.52590193353182,33.0623760461571,9.480804806696623,AI103741,False,33.990042807834335,-118.19152470308715,90270,33.910172721407335,-117.84625597532968
"Los Angeles, CA - Area Type Clusters",3,92833,los_angeles_ca_r01,1,DMS Region 1,DMS Region 1,DMS_CORE,15,15,10,5,0,0.6666666666666666,0.6777777353983301,11.690261984356978,39.89481768909841,24.699265055211672,4.046712679696321,AI105122,True,33.990042807834335,-118.19152470308715,90270,33.873753157781195,-117.96342765348966
"Los Angeles, CA - Area Type Clusters",3,92845,los_angeles_ca_r01,1,DMS Region 1,DMS Region 1,DMS_CORE,11,11,5,6,0,0.4545454545454545,0.5531506429891233,16.037140722014662,45.42773557813335,27.315891458762785,5.419076408509802,AI103410,True,33.990042807834335,-118.19152470308715,90270,33.781474075196,-118.03517391412282
"Los Angeles, CA - Area Type Clusters",3,92861,los_angeles_ca_r01,1,DMS Region 1,DMS Region 1,DMS_CORE,5,5,3,2,0,0.6,0.5940385863182437,9.185846021045036,42.93067755744965,40.36263635035594,1.243215753348612,AI103104,False,33.990042807834335,-118.19152470308715,90270,33.8166776063422,-117.8072815512466
"Los Angeles, CA - Area Type Clusters",3,92879,los_angeles_ca_r01,1,DMS Region 1,DMS Region 1,DMS_CORE,11,11,8,3,0,0.7272727272727273,0.6677477147552072,5.638613198434556,49.684339846757176,61.43613250096272,11.749108494842895,AI102299,False,33.990042807834335,-118.19152470308715,90270,33.883248375778905,-117.53813373970836
"Los Angeles, CA - Area Type Clusters",3,92880,los_angeles_ca_r01,1,DMS Region 1,DMS Region 1,DMS_CORE,24,24,15,9,0,0.625,0.6563966607827529,10.555354261524435,46.715040055004685,55.81164895053267,9.975834997072347,AI103583,False,33.990042807834335,-118.19152470308715,90270,33.95625217760362,-117.587656602764
"Los Angeles, CA - Area Type Clusters",3,92882,los_angeles_ca_r01,1,DMS Region 1,DMS Region 1,DMS_CORE,22,22,12,10,0,0.5454545454545454,0.6354798856592919,15.83798175241757,47.993992981596975,57.20589212477695,15.297984697735188,AI103583,True,33.990042807834335,-118.19152470308715,90270,33.85945480529668,-117.59182271120284
"Los Angeles, CA - Area Type Clusters",3,92887,los_angeles_ca_r01,1,DMS Region 1,DMS Region 1,DMS_CORE,14,14,12,2,0,0.8571428571428571,0.7724134225094084,6.6752885148259065,42.43379562087523,43.47392212819438,10.217834675126293,AI103104,False,33.990042807834335,-118.19152470308715,90270,33.88034992452835,-117.73921586168032
"Los Angeles, CA - Area Type Clusters",3,93063,los_angeles_ca_r01,1,DMS Region 1,DMS Region 1,DMS_CORE,16,16,11,5,0,0.6875,0.6566339431109491,7.090637782202231,85.7785423557831,57.185721911919536,10.662826269730935,AI103301,False,33.990042807834335,-118.19152470308715,90270,34.279948516282246,-118.70472574898294
"Los Angeles, CA - Area Type Clusters",3,93065,los_angeles_ca_r01,1,DMS Region 1,DMS Region 1,DMS_CORE,24,24,13,11,0,0.5416666666666666,0.5703229590784239,7.277561221075659,90.4691043371109,61.35172361409375,13.245071862439428,AI103301,False,33.990042807834335,-118.19152470308715,90270,34.25784228240384,-118.7742580909517
"Los Angeles, CA - Area Type Clusters",3,90001,los_angeles_ca_r02,2,Overlap Region 1,Overlap Region 1,OVERLAP,7,7,6,1,0,0.8571428571428571,0.7620757765248863,7.093132591596771,47.339189556713386,6.029317119169859,4.156665059478756,AI105087,False,33.990042807834335,-118.19152470308715,90270,33.965667383595004,-118.24993277099556
"Los Angeles, CA - Area Type Clusters",3,90002,los_angeles_ca_r02,2,Overlap Region 1,Overlap Region 1,OVERLAP,3,3,3,0,0,1.0,0.8351819824263096,4.429193421371876,47.698317887954346,7.068653143629973,3.909107824246421,AI105087,False,33.990042807834335,-118.19152470308715,90270,33.952957401409,-118.253782493277
"Los Angeles, CA - Area Type Clusters",3,90003,los_angeles_ca_r02,2,Overlap Region 1,Overlap Region 1,OVERLAP,9,9,6,3,0,0.6666666666666666,0.6242013248922282,5.980426407418606,48.70342427846988,8.251315531693361,1.883261997387808,AI105087,False,33.990042807834335,-118.19152470308715,90270,33.96196349481599,-118.274354064437
"Los Angeles, CA - Area Type Clusters",3,90004,los_angeles_ca_r02,2,Overlap Region 1,Overlap Region 1,OVERLAP,10,10,4,6,0,0.4,0.475818393303686,11.007055485206129,51.9072407191941,14.903585365723195,3.761514763049816,AI103452,False,33.990042807834335,-118.19152470308715,90270,34.0767386481416,-118.31486815801593
"Los Angeles, CA - Area Type Clusters",3,90005,los_angeles_ca_r02,2,Overlap Region 1,Overlap Region 1,OVERLAP,1,1,1,0,0,1.0,0.8280471364903574,4.0,51.11237992528276,13.177504890974229,1.6705829521485824,AI103452,False,33.990042807834335,-118.19152470308715,90270,34.057602969022,-118.309000001656
"Los Angeles, CA - Area Type Clusters",3,90006,los_angeles_ca_r02,2,Overlap Region 1,Overlap Region 1,OVERLAP,4,4,3,1,0,0.75,0.675709340612529,6.3282975889830295,49.93036485596433,11.426788395699232,0.8115703525127913,AI103452,False,33.990042807834335,-118.19152470308715,90270,34.0515084723485,-118.29088673690626
"Los Angeles, CA - Area Type Clusters",3,90007,los_angeles_ca_r02,2,Overlap Region 1,Overlap Region 1,OVERLAP,3,3,0,3,0,0.0,0.143061759759878,5.5317676225453,49.683425409946224,10.13497651128284,2.199109854533161,AI103452,False,33.990042807834335,-118.19152470308715,90270,34.026960853826665,-118.292054310859
"Los Angeles, CA - Area Type Clusters",3,90014,los_angeles_ca_r02,2,Overlap Region 1,Overlap Region 1,OVERLAP,1,1,1,0,0,1.0,0.8283265462805489,4.0,47.89698144594565,8.335950652774452,3.852317712517335,AI103452,False,33.990042807834335,-118.19152470308715,90270,34.043097592413,-118.255423770118
"Los Angeles, CA - Area Type Clusters",3,90020,los_angeles_ca_r02,2,Overlap Region 1,Overlap Region 1,OVERLAP,9,9,2,7,0,0.2222222222222222,0.3337654730794686,8.846489876900318,51.65019319362188,14.161418697752667,2.734440399847037,AI103452,False,33.990042807834335,-118.19152470308715,90270,34.06592604712711,-118.31493866963666
"Los Angeles, CA - Area Type Clusters",3,90021,los_angeles_ca_r02,2,Overlap Region 1,Overlap Region 1,OVERLAP,1,1,1,0,0,1.0,0.8284347903270739,4.0,46.651328090867175,6.379926469257825,5.981094087005237,AI103452,False,33.990042807834335,-118.19152470308715,90270,34.035721593994,-118.233410476311
"Los Angeles, CA - Area Type Clusters",3,90023,los_angeles_ca_r02,2,Overlap Region 1,Overlap Region 1,OVERLAP,5,5,3,2,0,0.6,0.5580587182028539,4.279269197497984,44.61476246519835,4.12692481623898,3.853495073272257,AI102692,False,33.990042807834335,-118.19152470308715,90270,34.0270698312486,-118.1945929265248
"Los Angeles, CA - Area Type Clusters",3,90025,los_angeles_ca_r02,2,Overlap Region 1,Overlap Region 1,OVERLAP,7,7,3,4,0,0.4285714285714285,0.4534321716062051,6.0589968960880665,59.89588626793965,24.12977161293057,13.605948615276503,AI103452,False,33.990042807834335,-118.19152470308715,90270,34.04523407362114,-118.44472410245156
"Los Angeles, CA - Area Type Clusters",3,90026,los_angeles_ca_r02,2,Overlap Region 1,Overlap Region 1,OVERLAP,5,5,2,3,0,0.4,0.4153980501190302,3.970586090807288,49.29045253676221,12.355085295365518,5.215512788003006,AI103452,False,33.990042807834335,-118.19152470308715,90270,34.0839226336894,-118.26324641930998
"Los Angeles, CA - Area Type Clusters",3,90027,los_angeles_ca_r02,2,Overlap Region 1,Overlap Region 1,OVERLAP,6,6,4,2,0,0.6666666666666666,0.6224450031680202,6.537454843590528,51.79713094857591,15.978904218684178,6.25552580633628,AI103452,False,33.990042807834335,-118.19152470308715,90270,34.10252056340017,-118.29946350214614
"Los Angeles, CA - Area Type Clusters",3,90028,los_angeles_ca_r02,2,Overlap Region 1,Overlap Region 1,OVERLAP,6,6,0,6,0,0.0,0.1658101974242134,7.931749834205684,53.53367639858951,17.838318671772264,6.860851443688309,AI103452,False,33.990042807834335,-118.19152470308715,90270,34.10113741116683,-118.33119692900485
"Los Angeles, CA - Area Type Clusters",3,90029,los_angeles_ca_r02,2,Overlap Region 1,Overlap Region 1,OVERLAP,1,1,0,1,0,0.0,0.1281006556356096,4.0,50.49649106132693,13.645402485135458,4.390393450879316,AI103452,False,33.990042807834335,-118.19152470308715,90270,34.084668543187,-118.285814674148
"Los Angeles, CA - Area Type Clusters",3,90031,los_angeles_ca_r02,2,Overlap Region 1,Overlap Region 1,OVERLAP,6,6,4,2,0,0.6666666666666666,0.6096500893232669,4.729819262484486,47.118721193593046,10.633725795853968,8.208823989548153,AI103452,False,33.990042807834335,-118.19152470308715,90270,34.082801482020166,-118.21959698465716
"Los Angeles, CA - Area Type Clusters",3,90033,los_angeles_ca_r02,2,Overlap Region 1,Overlap Region 1,OVERLAP,3,3,2,1,0,0.6666666666666666,0.5943747487742833,3.38180280063957,45.68027053272199,6.649465819834618,5.83312652068991,AI102692,False,33.990042807834335,-118.19152470308715,90270,34.048031447412335,-118.20914760242766
"Los Angeles, CA - Area Type Clusters",3,90034,los_angeles_ca_r02,2,Overlap Region 1,Overlap Region 1,OVERLAP,10,10,7,3,0,0.7,0.6596684750369253,7.480313021848277,56.43610607148933,19.519937394621056,9.139335729860957,AI103452,False,33.990042807834335,-118.19152470308715,90270,34.0369570789414,-118.39560320932678
"Los Angeles, CA - Area Type Clusters",3,90035,los_angeles_ca_r02,2,Overlap Region 1,Overlap Region 1,OVERLAP,7,7,3,4,0,0.4285714285714285,0.4490641688567673,5.40939322125429,55.56712492112849,18.720907321084866,7.709253017226966,AI103452,False,33.990042807834335,-118.19152470308715,90270,34.051870788336856,-118.38046181194514
"Los Angeles, CA - Area Type Clusters",3,90036,los_angeles_ca_r02,2,Overlap Region 1,Overlap Region 1,OVERLAP,2,2,1,1,0,0.5,0.4889881364022439,5.273150802239905,53.51611706054521,16.788095246424227,5.234195853280732,AI103452,False,33.990042807834335,-118.19152470308715,90270,34.074652107434005,-118.342411826874
"Los Angeles, CA - Area Type Clusters",3,90038,los_angeles_ca_r02,2,Overlap Region 1,Overlap Region 1,OVERLAP,2,2,1,1,0,0.5,0.4790890677038491,3.912257260021146,53.05859671326504,16.65589534492951,5.373778608661337,AI103452,False,33.990042807834335,-118.19152470308715,90270,34.085995572871,-118.3303285516095
"Los Angeles, CA - Area Type Clusters",3,90039,los_angeles_ca_r02,2,Overlap Region 1,Overlap Region 1,OVERLAP,5,5,0,5,0,0.0,0.1461217736678225,5.44458734594425,49.763958432462765,14.362922575084127,7.732717069374873,AI103452,False,33.990042807834335,-118.19152470308715,90270,34.107335214204205,-118.2568211507416
"Los Angeles, CA - Area Type Clusters",3,90040,los_angeles_ca_r02,2,Overlap Region 1,Overlap Region 1,OVERLAP,2,2,2,0,0,1.0,0.8232757580976188,3.001082091081326,43.37878795732105,2.947649533985748,2.2571654099848533,AI102692,False,33.990042807834335,-118.19152470308715,90270,34.0109077092435,-118.1718010651595
"Los Angeles, CA - Area Type Clusters",3,90041,los_angeles_ca_r02,2,Overlap Region 1,Overlap Region 1,OVERLAP,7,7,4,3,0,0.5714285714285714,0.5612759544221854,7.004010786776641,49.05329274848336,16.420113004528645,11.798567266474508,AI103266,False,33.990042807834335,-118.19152470308715,90270,34.13647967153129,-118.214507634576
"Los Angeles, CA - Area Type Clusters",3,90042,los_angeles_ca_r02,2,Overlap Region 1,Overlap Region 1,OVERLAP,9,9,6,3,0,0.6666666666666666,0.6407933099875661,8.236994786025834,47.41569174353933,14.19350583436981,9.223233231543702,AI103266,False,33.990042807834335,-118.19152470308715,90270,34.11763021002967,-118.1961560263368
"Los Angeles, CA - Area Type Clusters",3,90044,los_angeles_ca_r02,2,Overlap Region 1,Overlap Region 1,OVERLAP,10,10,7,3,0,0.7,0.6426618341260872,5.074903534374816,49.986497053227865,10.638819074271064,2.273306343970728,AI105087,False,33.990042807834335,-118.19152470308715,90270,33.941682989624994,-118.2910647894666
"Los Angeles, CA - Area Type Clusters",3,90045,los_angeles_ca_r02,2,Overlap Region 1,Overlap Region 1,OVERLAP,13,13,4,9,0,0.3076923076923077,0.3907366745344257,7.502878672937361,56.85927230783903,19.398479704571823,9.692247331304523,AI105087,False,33.990042807834335,-118.19152470308715,90270,33.965367763811145,-118.39978469625215
"Los Angeles, CA - Area Type Clusters",3,90046,los_angeles_ca_r02,2,Overlap Region 1,Overlap Region 1,OVERLAP,4,4,1,3,0,0.25,0.3012924025170938,3.048624924332636,55.2810107570251,19.9177942465272,8.49975897948607,AI103452,False,33.990042807834335,-118.19152470308715,90270,34.101934220455746,-118.36034020927876
"Los Angeles, CA - Area Type Clusters",3,90048,los_angeles_ca_r02,2,Overlap Region 1,Overlap Region 1,OVERLAP,7,7,3,4,0,0.4285714285714285,0.4760123774990862,9.098180725696148,55.47050705961623,19.28089012725748,7.752210034249884,AI103452,False,33.990042807834335,-118.19152470308715,90270,34.07642884160914,-118.37294599836972
"Los Angeles, CA - Area Type Clusters",3,90057,los_angeles_ca_r02,2,Overlap Region 1,Overlap Region 1,OVERLAP,4,4,1,3,0,0.25,0.3472556790956638,9.276249498556318,49.73509940182037,11.769535601843716,2.515565687400743,AI103452,False,33.990042807834335,-118.19152470308715,90270,34.0650019412805,-118.28169376846324
"Los Angeles, CA - Area Type Clusters",3,90058,los_angeles_ca_r02,2,Overlap Region 1,Overlap Region 1,OVERLAP,1,1,1,0,0,1.0,0.8286879574401033,4.0,43.7379257018706,1.380232900094169,3.799233735006754,AI102692,False,33.990042807834335,-118.19152470308715,90270,33.998517518758,-118.180585715632
"Los Angeles, CA - Area Type Clusters",3,90061,los_angeles_ca_r02,2,Overlap Region 1,Overlap Region 1,OVERLAP,2,2,0,2,0,0.0,0.1277077736010934,3.681343447859912,49.54748066626649,11.361311676918046,5.836570316364984,AI105087,False,33.990042807834335,-118.19152470308715,90270,33.9128519203825,-118.272225103927
"Los Angeles, CA - Area Type Clusters",3,90063,los_angeles_ca_r02,2,Overlap Region 1,Overlap Region 1,OVERLAP,2,2,2,0,0,1.0,0.8128171736808851,1.580468448331552,44.34098947119571,6.4097638789909785,3.645203243015848,AI102692,False,33.990042807834335,-118.19152470308715,90270,34.047019396658,-118.1809698866605
"Los Angeles, CA - Area Type Clusters",3,90064,los_angeles_ca_r02,2,Overlap Region 1,Overlap Region 1,OVERLAP,10,10,4,6,0,0.4,0.4395680584841506,6.123584963073299,58.645743041932114,22.30503897070703,12.157138996356805,AI103452,False,33.990042807834335,-118.19152470308715,90270,34.0327276316329,-118.42797475632833
"Los Angeles, CA - Area Type Clusters",3,90065,los_angeles_ca_r02,2,Overlap Region 1,Overlap Region 1,OVERLAP,6,6,2,4,0,0.3333333333333333,0.3796976489299395,5.214835968555264,48.974503227487965,14.5947505938752,9.852449873194724,AI103452,False,33.990042807834335,-118.19152470308715,90270,34.116862091533,-118.2323549771175
"Los Angeles, CA - Area Type Clusters",3,90066,los_angeles_ca_r02,2,Overlap Region 1,Overlap Region 1,OVERLAP,10,10,7,3,0,0.7,0.6693699055049039,8.842673015454901,59.29125794528734,22.791772719789137,13.611579115612358,AI103452,False,33.990042807834335,-118.19152470308715,90270,34.008935005409604,-118.4377106163768
"Los Angeles, CA - Area Type Clusters",3,90068,los_angeles_ca_r02,2,Overlap Region 1,Overlap Region 1,OVERLAP,6,6,2,4,0,0.3333333333333333,0.3923064530731054,7.003865512796919,54.23091411717554,19.41126099398757,8.758219620914074,AI103452,False,33.990042807834335,-118.19152470308715,90270,34.119064738463166,-118.33345730904034
"Los Angeles, CA - Area Type Clusters",3,90069,los_angeles_ca_r02,2,Overlap Region 1,Overlap Region 1,OVERLAP,1,1,0,1,0,0.0,0.1276387167347586,4.0,55.81240228378255,19.997028517693227,8.4343960168681,AI103452,False,33.990042807834335,-118.19152470308715,90270,34.085639383219,-118.375343306389
"Los Angeles, CA - Area Type Clusters",3,90077,los_angeles_ca_r02,2,Overlap Region 1,Overlap Region 1,OVERLAP,4,4,3,1,0,0.75,0.6495122009393337,2.8837699292675514,61.91226546572744,28.489339602014148,11.642964361306074,AI104062,False,33.990042807834335,-118.19152470308715,90270,34.12036245481125,-118.45777940006576
"Los Angeles, CA - Area Type Clusters",3,90211,los_angeles_ca_r02,2,Overlap Region 1,Overlap Region 1,OVERLAP,2,2,2,0,0,1.0,0.8509732007637918,6.9467064144835495,56.245581974669264,20.02056788860262,8.655185147030343,AI103452,False,33.990042807834335,-118.19152470308715,90270,34.068325907993,-118.387168319308
"Los Angeles, CA - Area Type Clusters",3,90212,los_angeles_ca_r02,2,Overlap Region 1,Overlap Region 1,OVERLAP,2,2,2,0,0,1.0,0.8184949772053877,2.509126343966288,57.0494877650385,20.92715234601905,9.715827830239853,AI103452,False,33.990042807834335,-118.19152470308715,90270,34.06403326785,-118.4003243320755
"Los Angeles, CA - Area Type Clusters",3,90221,los_angeles_ca_r02,2,Overlap Region 1,Overlap Region 1,OVERLAP,3,3,1,2,0,0.3333333333333333,0.3521818533797878,2.1790557910352115,46.55147928478701,10.833136599929972,7.918601953968592,AI102841,False,33.990042807834335,-118.19152470308715,90270,33.89331965100433,-118.20559138228566
"Los Angeles, CA - Area Type Clusters",3,90232,los_angeles_ca_r02,2,Overlap Region 1,Overlap Region 1,OVERLAP,2,2,2,0,0,1.0,0.8183286106349147,2.481716421043984,56.66037905908173,19.42009599030646,10.214676488339991,AI103452,False,33.990042807834335,-118.19152470308715,90270,34.013004251595,-118.400364505273
"Los Angeles, CA - Area Type Clusters",3,90245,los_angeles_ca_r02,2,Overlap Region 1,Overlap Region 1,OVERLAP,6,6,0,6,0,0.0,0.1879004223712088,11.016089421658464,58.54195913988956,21.799089336988864,11.780973667943176,AI105087,False,33.990042807834335,-118.19152470308715,90270,33.92490809911583,-118.41445132483383
"Los Angeles, CA - Area Type Clusters",3,90247,los_angeles_ca_r02,2,Overlap Region 1,Overlap Region 1,OVERLAP,8,8,0,8,0,0.0,0.1613710026514634,6.792815682648736,51.52070307629836,14.520214923062028,7.74071688832266,AI105087,False,33.990042807834335,-118.19152470308715,90270,33.8922867064435,-118.29588430550876
"Los Angeles, CA - Area Type Clusters",3,90249,los_angeles_ca_r02,2,Overlap Region 1,Overlap Region 1,OVERLAP,11,11,0,11,0,0.0,0.1855921093408184,9.366864573391322,53.0529117605078,15.84818835426667,7.469824540500785,AI105087,False,33.990042807834335,-118.19152470308715,90270,33.899225331910266,-118.32393506613543
"Los Angeles, CA - Area Type Clusters",3,90250,los_angeles_ca_r02,2,Overlap Region 1,Overlap Region 1,OVERLAP,9,9,0,9,0,0.0,0.1503239826478171,5.051057877325396,53.57522242996513,15.9480103558523,6.652720173816143,AI105087,False,33.990042807834335,-118.19152470308715,90270,33.914155154702776,-118.33824142383054
"Los Angeles, CA - Area Type Clusters",3,90255,los_angeles_ca_r02,2,Overlap Region 1,Overlap Region 1,OVERLAP,7,7,4,3,0,0.5714285714285714,0.5512110063120572,5.584325668659044,45.563633679636936,2.895820566222256,7.3137856487361,AI105087,False,33.990042807834335,-118.19152470308715,90270,33.97482720011414,-118.21701340644914
"Los Angeles, CA - Area Type Clusters",3,90262,los_angeles_ca_r02,2,Overlap Region 1,Overlap Region 1,OVERLAP,7,7,6,1,0,0.8571428571428571,0.758398799381506,6.570828906512301,45.756964067823255,7.47462739986527,9.244395991629409,AI105087,False,33.990042807834335,-118.19152470308715,90270,33.923853346327,-118.20566670755886
"Los Angeles, CA - Area Type Clusters",3,90270,los_angeles_ca_r02,2,Overlap Region 1,Overlap Region 1,OVERLAP,6,6,5,1,0,0.8333333333333334,0.738736545189604,6.3963390896567205,44.25413752272343,0.0,5.175822158100462,AI102692,False,33.990042807834335,-118.19152470308715,90270,33.990042807834335,-118.19152470308715
"Los Angeles, CA - Area Type Clusters",3,90280,los_angeles_ca_r02,2,Overlap Region 1,Overlap Region 1,OVERLAP,16,16,13,3,0,0.8125,0.7656305971614293,9.551000135810687,45.17630485819662,4.828780719370052,8.609203997515541,AI105087,False,33.990042807834335,-118.19152470308715,90270,33.94767606359312,-118.20302040830418
"Los Angeles, CA - Area Type Clusters",3,90291,los_angeles_ca_r02,2,Overlap Region 1,Overlap Region 1,OVERLAP,6,6,2,4,0,0.3333333333333333,0.4048182106558139,8.803677562672078,61.51031915858131,25.41032555556177,16.13378043191336,AI105087,False,33.990042807834335,-118.19152470308715,90270,33.98695376668851,-118.46710749798883
"Los Angeles, CA - Area Type Clusters",3,90292,los_angeles_ca_r02,2,Overlap Region 1,Overlap Region 1,OVERLAP,4,4,2,2,0,0.5,0.4796324838371277,3.57111133218999,60.75553049497685,24.40827216178321,14.962843634720262,AI105087,False,33.990042807834335,-118.19152470308715,90270,33.97805720396925,-118.45585532984325
"Los Angeles, CA - Area Type Clusters",3,90293,los_angeles_ca_r02,2,Overlap Region 1,Overlap Region 1,OVERLAP,1,1,1,0,0,1.0,0.8272651893459436,4.0,60.11088945262224,23.55435217594733,13.787630588933904,AI105087,False,33.990042807834335,-118.19152470308715,90270,33.959172335669,-118.444233447475
"Los Angeles, CA - Area Type Clusters",3,90303,los_angeles_ca_r02,2,Overlap Region 1,Overlap Region 1,OVERLAP,2,2,2,0,0,1.0,0.8198594338922585,2.6415915897489115,52.4804039585437,14.03737776183796,4.2913953361047765,AI105087,False,33.990042807834335,-118.19152470308715,90270,33.935639945538,-118.32887358676
"Los Angeles, CA - Area Type Clusters",3,90304,los_angeles_ca_r02,2,Overlap Region 1,Overlap Region 1,OVERLAP,3,3,0,3,0,0.0,0.1214511897778981,2.6309696471035684,54.580837153273,16.754875452543587,6.794013219909023,AI105087,False,33.990042807834335,-118.19152470308715,90270,33.93301609678633,-118.35968216216934
"Los Angeles, CA - Area Type Clusters",3,90405,los_angeles_ca_r02,2,Overlap Region 1,Overlap Region 1,OVERLAP,7,7,3,4,0,0.4285714285714285,0.4453257063478049,4.969482081893763,61.61701987661596,25.795541132873527,16.36450737841471,AI103452,False,33.990042807834335,-118.19152470308715,90270,34.01287276355772,-118.46999518509617
"Los Angeles, CA - Area Type Clusters",3,90601,los_angeles_ca_r02,2,Overlap Region 1,Overlap Region 1,OVERLAP,4,4,2,2,0,0.5,0.4675935940558857,1.664930090618913,39.09480745964848,14.930606612699004,2.857617657502857,AI103347,False,33.990042807834335,-118.19152470308715,90270,34.00942343479975,-118.03125747152252
"Los Angeles, CA - Area Type Clusters",3,90602,los_angeles_ca_r02,2,Overlap Region 1,Overlap Region 1,OVERLAP,3,3,3,0,0,1.0,0.8213956182995183,2.437257530112332,38.94010005032031,14.62040246008526,3.4864147988331102,AI103347,True,33.990042807834335,-118.19152470308715,90270,33.97158997830599,-118.034531110575
"Los Angeles, CA - Area Type Clusters",3,90623,los_angeles_ca_r02,2,Overlap Region 1,Overlap Region 1,OVERLAP,3,3,2,1,0,0.6666666666666666,0.614623700261744,6.112829785526063,42.18397590593757,20.83121237108122,5.656829617418356,AI103410,False,33.990042807834335,-118.19152470308715,90270,33.847985254084335,-118.04434966474066
"Los Angeles, CA - Area Type Clusters",3,90650,los_angeles_ca_r02,2,Overlap Region 1,Overlap Region 1,OVERLAP,14,14,10,4,0,0.7142857142857143,0.6699569540490972,6.323758641392259,41.158600376608405,13.944439094340812,7.405103909102888,AI105051,False,33.990042807834335,-118.19152470308715,90270,33.905621090979146,-118.0797369178412
"Los Angeles, CA - Area Type Clusters",3,90670,los_angeles_ca_r02,2,Overlap Region 1,Overlap Region 1,OVERLAP,5,5,1,4,0,0.2,0.2608528618092018,1.871338944272296,40.245836040828834,13.324835672555263,5.700830051110345,AI105051,False,33.990042807834335,-118.19152470308715,90270,33.928392152832,-118.0676360049346
"Los Angeles, CA - Area Type Clusters",3,90680,los_angeles_ca_r02,2,Overlap Region 1,Overlap Region 1,OVERLAP,5,5,3,2,0,0.6,0.5564259916258217,4.041480537409064,43.419300625207626,27.46102047455829,1.7219273474992332,AI103410,False,33.990042807834335,-118.19152470308715,90270,33.8020674622438,-117.9985553066072
"Los Angeles, CA - Area Type Clusters",3,90701,los_angeles_ca_r02,2,Overlap Region 1,Overlap Region 1,OVERLAP,3,3,1,2,0,0.3333333333333333,0.3576823567456867,2.8819447764985027,42.325907588850846,17.48158180209522,9.13105730332729,AI103410,False,33.990042807834335,-118.19152470308715,90270,33.86601045765266,-118.07509564286032
"Los Angeles, CA - Area Type Clusters",3,90703,los_angeles_ca_r02,2,Overlap Region 1,Overlap Region 1,OVERLAP,24,24,3,21,0,0.125,0.3230452132309486,12.777658891315792,41.89669512785837,18.10658545525003,8.184730501369687,AI105122,False,33.990042807834335,-118.19152470308715,90270,33.86746445510875,-118.0623356748345
"Los Angeles, CA - Area Type Clusters",3,90706,los_angeles_ca_r02,2,Overlap Region 1,Overlap Region 1,OVERLAP,5,5,1,4,0,0.2,0.2766231677472012,4.063264618094755,42.98104300604712,11.842577527650953,10.508433564874371,AI105047,False,33.990042807834335,-118.19152470308715,90270,33.8981688495886,-118.126588126917
"Los Angeles, CA - Area Type Clusters",3,90712,los_angeles_ca_r02,2,Overlap Region 1,Overlap Region 1,OVERLAP,8,8,4,4,0,0.5,0.5022237843658599,5.46893778558501,45.52194535702782,16.193644428260647,6.534832516220787,AI102841,False,33.990042807834335,-118.19152470308715,90270,33.849222143094,-118.14678335504476
"Los Angeles, CA - Area Type Clusters",3,90715,los_angeles_ca_r02,2,Overlap Region 1,Overlap Region 1,OVERLAP,5,5,1,4,0,0.2,0.3039932839128098,7.813147351938506,43.16384470956923,19.860094641903224,7.46743717381735,AI103410,False,33.990042807834335,-118.19152470308715,90270,33.842354531847604,-118.0704911318386
"Los Angeles, CA - Area Type Clusters",3,90716,los_angeles_ca_r02,2,Overlap Region 1,Overlap Region 1,OVERLAP,3,3,2,1,0,0.6666666666666666,0.6145261776817271,6.116691246238011,43.63077918384224,21.25335373159006,6.689547245981489,AI103410,False,33.990042807834335,-118.19152470308715,90270,33.829595963167,-118.066363377215
"Los Angeles, CA - Area Type Clusters",3,90723,los_angeles_ca_r02,2,Overlap Region 1,Overlap Region 1,OVERLAP,4,4,4,0,0,1.0,0.8291314820254839,3.316316030739236,45.10708246556206,11.25584323515282,8.294778524676175,AI102841,False,33.990042807834335,-118.19152470308715,90270,33.890071648558504,-118.17237152945276
"Los Angeles, CA - Area Type Clusters",3,90740,los_angeles_ca_r02,2,Overlap Region 1,Overlap Region 1,OVERLAP,9,9,6,3,0,0.6666666666666666,0.6100363863597723,4.0298897309286,47.781108597703046,27.10490432411236,9.94219021181406,AI103410,False,33.990042807834335,-118.19152470308715,90270,33.76395468445256,-118.08177125469986
"Los Angeles, CA - Area Type Clusters",3,90802,los_angeles_ca_r02,2,Overlap Region 1,Overlap Region 1,OVERLAP,2,2,0,2,0,0.0,0.1292001597875297,3.905130222814829,51.18118751512468,24.404599897524324,6.1399573091905095,AI102841,False,33.990042807834335,-118.19152470308715,90270,33.770618030055005,-118.185839388402
"Los Angeles, CA - Area Type Clusters",3,90803,los_angeles_ca_r02,2,Overlap Region 1,Overlap Region 1,OVERLAP,7,7,2,5,0,0.2857142857142857,0.3749206896133853,8.878217812980202,49.547005747232085,26.33639883202349,10.361725265985784,AI102841,False,33.990042807834335,-118.19152470308715,90270,33.759376388621284,-118.12677228709484
"Los Angeles, CA - Area Type Clusters",3,90805,los_angeles_ca_r02,2,Overlap Region 1,Overlap Region 1,OVERLAP,9,9,2,7,0,0.2222222222222222,0.3095728588605441,5.4698413144586,46.26916593298475,14.281367139166536,5.368181106142849,AI102841,False,33.990042807834335,-118.19152470308715,90270,33.862171530351446,-118.1770351564178
"Los Angeles, CA - Area Type Clusters",3,90806,los_angeles_ca_r02,2,Overlap Region 1,Overlap Region 1,OVERLAP,6,6,4,2,0,0.6666666666666666,0.6208111165731891,6.290168557350532,49.8168046670422,20.995579598100484,2.6995618190445354,AI102841,False,33.990042807834335,-118.19152470308715,90270,33.80124503221533,-118.19481451587866
"Los Angeles, CA - Area Type Clusters",3,90808,los_angeles_ca_r02,2,Overlap Region 1,Overlap Region 1,OVERLAP,9,9,1,8,0,0.1111111111111111,0.2181109353573753,3.5838235502479496,45.23636666359696,20.464520911474075,9.784968727541091,AI102841,False,33.990042807834335,-118.19152470308715,90270,33.82105522711344,-118.10368806092704
"Los Angeles, CA - Area Type Clusters",3,90810,los_angeles_ca_r02,2,Overlap Region 1,Overlap Region 1,OVERLAP,2,2,2,0,0,1.0,0.8446121707303927,5.998398183410465,49.74805066297791,19.28736614626296,0.5718922064867737,AI102841,False,33.990042807834335,-118.19152470308715,90270,33.817415788013,-118.2119228123685
"Los Angeles, CA - Area Type Clusters",3,90813,los_angeles_ca_r02,2,Overlap Region 1,Overlap Region 1,OVERLAP,2,2,1,1,0,0.5,0.4814307905727622,4.203873613151929,50.61892213763189,23.01544675233013,4.719233222405586,AI102841,False,33.990042807834335,-118.19152470308715,90270,33.783065200886,-118.189792950706
"Los Angeles, CA - Area Type Clusters",3,90814,los_angeles_ca_r02,2,Overlap Region 1,Overlap Region 1,OVERLAP,2,2,0,2,0,0.0,0.111406901176736,1.4510497258694688,49.69335408050331,24.80823496220084,8.12576755939709,AI102841,False,33.990042807834335,-118.19152470308715,90270,33.769852327315505,-118.1482252602205
"Los Angeles, CA - Area Type Clusters",3,91001,los_angeles_ca_r02,2,Overlap Region 1,Overlap Region 1,OVERLAP,9,9,6,3,0,0.6666666666666666,0.614941177795276,4.72506874364822,49.76291142724238,22.687405953569584,10.831682929111649,AI103642,False,33.990042807834335,-118.19152470308715,90270,34.19131305014267,-118.15112208038164
"Los Angeles, CA - Area Type Clusters",3,91007,los_angeles_ca_r02,2,Overlap Region 1,Overlap Region 1,OVERLAP,4,4,2,2,0,0.5,0.4754699404562699,2.796479071559396,43.55453939025926,20.233817953632112,1.4903815887964056,AI103642,False,33.990042807834335,-118.19152470308715,90270,34.1293263436965,-118.05017905747576
"Los Angeles, CA - Area Type Clusters",3,91008,los_angeles_ca_r02,2,Overlap Region 1,Overlap Region 1,OVERLAP,2,2,2,0,0,1.0,0.8206353182589432,2.648996761831902,44.17402036843594,27.46169602459456,9.606224448399006,AI103642,False,33.990042807834335,-118.19152470308715,90270,34.151854056711,-117.9662848032915
"Los Angeles, CA - Area Type Clusters",3,91010,los_angeles_ca_r02,2,Overlap Region 1,Overlap Region 1,OVERLAP,13,13,11,2,0,0.8461538461538461,0.763796611968633,6.812692383961934,43.30992895668528,26.3604007474154,9.158483652346051,AI103642,False,33.990042807834335,-118.19152470308715,90270,34.13698367878338,-117.96696123359106
"Los Angeles, CA - Area Type Clusters",3,91016,los_angeles_ca_r02,2,Overlap Region 1,Overlap Region 1,OVERLAP,10,10,8,2,0,0.8,0.7244649350329325,6.618488729134966,43.88679676222937,24.396826661954588,6.146468692408721,AI103642,False,33.990042807834335,-118.19152470308715,90270,34.1439702145399,-118.002783886684
"Los Angeles, CA - Area Type Clusters",3,91024,los_angeles_ca_r02,2,Overlap Region 1,Overlap Region 1,OVERLAP,1,1,1,0,0,1.0,0.8284921633171505,4.0,45.9910898618465,23.749189537922827,5.139130551939991,AI103642,False,33.990042807834335,-118.19152470308715,90270,34.169379192275,-118.051474671042
"Los Angeles, CA - Area Type Clusters",3,91030,los_angeles_ca_r02,2,Overlap Region 1,Overlap Region 1,OVERLAP,5,5,5,0,0,1.0,0.8466204624789522,5.465578074683612,45.78927000011598,13.958784616144852,6.31268999526066,AI103266,False,33.990042807834335,-118.19152470308715,90270,34.1129566635512,-118.1607292994366
"Los Angeles, CA - Area Type Clusters",3,91101,los_angeles_ca_r02,2,Overlap Region 1,Overlap Region 1,OVERLAP,4,4,2,2,0,0.5,0.5006479400586348,6.283745713664779,46.8926561478365,18.19798858738965,7.455698515196487,AI103642,False,33.990042807834335,-118.19152470308715,90270,34.148285898434,-118.141122923537
"Los Angeles, CA - Area Type Clusters",3,91103,los_angeles_ca_r02,2,Overlap Region 1,Overlap Region 1,OVERLAP,2,2,2,0,0,1.0,0.8302958102503181,4.020424522403832,48.262371846899065,19.557610459346808,9.442584922974966,AI103642,False,33.990042807834335,-118.19152470308715,90270,34.163523694115,-118.1565310548045
"Los Angeles, CA - Area Type Clusters",3,91104,los_angeles_ca_r02,2,Overlap Region 1,Overlap Region 1,OVERLAP,6,6,5,1,0,0.8333333333333334,0.726041368091183,4.702273521260297,47.97279601860061,20.710699996694693,8.167659247297223,AI103642,False,33.990042807834335,-118.19152470308715,90270,34.17028443166134,-118.13484197102716
"Los Angeles, CA - Area Type Clusters",3,91105,los_angeles_ca_r02,2,Overlap Region 1,Overlap Region 1,OVERLAP,5,5,3,2,0,0.6,0.5663726374855947,5.450329661094407,47.35966620814045,16.816748964887175,9.008682507680808,AI103266,False,33.990042807834335,-118.19152470308715,90270,34.1399661101866,-118.1675190380394
"Los Angeles, CA - Area Type Clusters",3,91106,los_angeles_ca_r02,2,Overlap Region 1,Overlap Region 1,OVERLAP,6,6,6,0,0,1.0,0.8491213480521386,5.555431244082103,45.8718792862328,16.620854791231586,6.582374463334425,AI103642,False,33.990042807834335,-118.19152470308715,90270,34.132326832364335,-118.136235925422
"Los Angeles, CA - Area Type Clusters",3,91324,los_angeles_ca_r02,2,Overlap Region 1,Overlap Region 1,OVERLAP,6,6,1,5,0,0.1666666666666666,0.2580549306881164,4.806132993972893,71.88919773456998,42.75076330934458,5.884985239281649,AI104062,False,33.990042807834335,-118.19152470308715,90270,34.237802969335,-118.54661670697216
"Los Angeles, CA - Area Type Clusters",3,91326,los_angeles_ca_r02,2,Overlap Region 1,Overlap Region 1,OVERLAP,19,19,3,16,0,0.1578947368421052,0.3124126448213042,9.82647684007727,74.65560439890355,46.291930645486495,8.87806106378893,AI104062,False,33.990042807834335,-118.19152470308715,90270,34.275554853899415,-118.55756353274316
"Los Angeles, CA - Area Type Clusters",3,91344,los_angeles_ca_r02,2,Overlap Region 1,Overlap Region 1,OVERLAP,20,20,4,16,1,0.2,0.3513051907294184,10.825300875845508,71.52045810373686,43.41077965077097,6.949369438389819,AI104062,False,33.990042807834335,-118.19152470308715,90270,34.28336683157865,-118.50278890582558
"Los Angeles, CA - Area Type Clusters",3,91352,los_angeles_ca_r02,2,Overlap Region 1,Overlap Region 1,OVERLAP,8,8,3,5,0,0.375,0.4107537398825895,5.11031159935156,61.06831650938803,31.139546664726005,6.00144251796197,AI103544,False,33.990042807834335,-118.19152470308715,90270,34.22403540483113,-118.37734572239152
"Los Angeles, CA - Area Type Clusters",3,91356,los_angeles_ca_r02,2,Overlap Region 1,Overlap Region 1,OVERLAP,6,6,4,2,0,0.6666666666666666,0.6023575449093859,3.992757540051164,69.09478818315048,38.01415377366249,8.510764256711603,AI105028,False,33.990042807834335,-118.19152470308715,90270,34.16401247046217,-118.54683048172384
"Los Angeles, CA - Area Type Clusters",3,91362,los_angeles_ca_r02,2,Overlap Region 1,Overlap Region 1,OVERLAP,9,9,4,5,0,0.4444444444444444,0.4463716137246105,3.449534888688698,92.32549459709568,62.230908452697314,15.679055874428572,AI103301,False,33.990042807834335,-118.19152470308715,90270,34.189973791254225,-118.82271651818822
"Los Angeles, CA - Area Type Clusters",3,91367,los_angeles_ca_r02,2,Overlap Region 1,Overlap Region 1,OVERLAP,10,10,6,4,0,0.6,0.5638967670335785,4.175011308659965,75.22324973357685,45.18398751534466,1.0583828345487454,AI105028,False,33.990042807834335,-118.19152470308715,90270,34.1791266302396,-118.6258057750191
"Los Angeles, CA - Area Type Clusters",3,91401,los_angeles_ca_r02,2,Overlap Region 1,Overlap Region 1,OVERLAP,8,8,2,6,0,0.25,0.3528958616675839,9.180925693969735,62.06066449936432,30.563470315383697,6.808289693856834,AI103544,False,33.990042807834335,-118.19152470308715,90270,34.1787874736155,-118.4327835647315
"Los Angeles, CA - Area Type Clusters",3,91403,los_angeles_ca_r02,2,Overlap Region 1,Overlap Region 1,OVERLAP,6,6,3,3,0,0.5,0.4896437556247408,4.46295782175442,63.12305023074522,30.7627359077906,8.46959125558513,AI104062,False,33.990042807834335,-118.19152470308715,90270,34.148163059603,-118.46557894700167
"Los Angeles, CA - Area Type Clusters",3,91423,los_angeles_ca_r02,2,Overlap Region 1,Overlap Region 1,OVERLAP,7,7,4,3,0,0.5714285714285714,0.5625975719582325,7.327115454775474,60.99919815538018,28.42514903118338,9.332465411575136,AI104062,False,33.990042807834335,-118.19152470308715,90270,34.15209603371786,-118.43019951004958
"Los Angeles, CA - Area Type Clusters",3,91436,los_angeles_ca_r02,2,Overlap Region 1,Overlap Region 1,OVERLAP,7,7,4,3,0,0.5714285714285714,0.5496495362706181,5.5966135937681525,64.56547512918631,32.45721120948744,8.183118592129572,AI104062,False,33.990042807834335,-118.19152470308715,90270,34.14898348185957,-118.487081564379
"Los Angeles, CA - Area Type Clusters",3,91504,los_angeles_ca_r02,2,Overlap Region 1,Overlap Region 1,OVERLAP,4,4,1,3,0,0.25,0.3054793362743559,3.649293019657444,57.58076479888128,26.671598728128995,10.8521513205219,AI103544,False,33.990042807834335,-118.19152470308715,90270,34.199744614325255,-118.332140383167
"Los Angeles, CA - Area Type Clusters",3,91505,los_angeles_ca_r02,2,Overlap Region 1,Overlap Region 1,OVERLAP,2,2,2,0,0,1.0,0.8540528178516877,7.390513173773705,58.1049651971892,26.50011218312425,9.762504857865553,AI103544,False,33.990042807834335,-118.19152470308715,90270,34.185311222543,-118.3564980427465
"Los Angeles, CA - Area Type Clusters",3,91601,los_angeles_ca_r02,2,Overlap Region 1,Overlap Region 1,OVERLAP,2,2,0,2,0,0.0,0.1584616184309449,8.0,58.5926720568962,26.01780335160233,10.119953889463208,AI103544,False,33.990042807834335,-118.19152470308715,90270,34.1612872967585,-118.384025177383
"Los Angeles, CA - Area Type Clusters",3,91602,los_angeles_ca_r02,2,Overlap Region 1,Overlap Region 1,OVERLAP,5,5,3,2,0,0.6,0.5522480954830722,3.633857656447916,57.23973833731301,24.173597116235367,11.841003769907251,AI103544,False,33.990042807834335,-118.19152470308715,90270,34.152630107682604,-118.3657486458914
"Los Angeles, CA - Area Type Clusters",3,91604,los_angeles_ca_r02,2,Overlap Region 1,Overlap Region 1,OVERLAP,10,10,7,3,0,0.7,0.6492639542259446,6.076875861961122,58.21972486371146,24.841263945395028,11.842637131572571,AI103544,False,33.990042807834335,-118.19152470308715,90270,34.1416753316297,-118.3895728427878
"Los Angeles, CA - Area Type Clusters",3,91606,los_angeles_ca_r02,2,Overlap Region 1,Overlap Region 1,OVERLAP,3,3,2,1,0,0.6666666666666666,0.5844938264598499,2.19598479596284,59.72788533841554,28.22424158692389,7.738796799342709,AI103544,False,33.990042807834335,-118.19152470308715,90270,34.18567717495467,-118.38680289906137
"Los Angeles, CA - Area Type Clusters",3,91607,los_angeles_ca_r02,2,Overlap Region 1,Overlap Region 1,OVERLAP,11,11,5,6,0,0.4545454545454545,0.5058488690364561,9.730177210961225,59.70891637970045,27.553963305864272,8.74425662663169,AI103544,False,33.990042807834335,-118.19152470308715,90270,34.16884143394636,-118.39866557783316
"Los Angeles, CA - Area Type Clusters",3,91710,los_angeles_ca_r02,2,Overlap Region 1,Overlap Region 1,OVERLAP,18,18,14,4,0,0.7777777777777778,0.7319248285401809,7.736416626421325,43.46991794866351,47.009421597666005,5.227387143012924,AI103583,False,33.990042807834335,-118.19152470308715,90270,34.01293676623628,-117.6823164134051
"Los Angeles, CA - Area Type Clusters",3,91711,los_angeles_ca_r02,2,Overlap Region 1,Overlap Region 1,OVERLAP,8,8,0,8,0,0.0,0.1428578906196919,4.180640167135987,45.029957249647246,44.94536402483309,13.679600544422204,AI103568,False,33.990042807834335,-118.19152470308715,90270,34.105261867903,-117.72393276355838
"Los Angeles, CA - Area Type Clusters",3,91723,los_angeles_ca_r02,2,Overlap Region 1,Overlap Region 1,OVERLAP,6,6,5,1,0,0.8333333333333334,0.7315392504431298,5.370713682342221,40.88218679618829,29.650546636768585,3.226869322689125,AI103559,False,33.990042807834335,-118.19152470308715,90270,34.08592656485266,-117.8912615715185
"Los Angeles, CA - Area Type Clusters",3,91724,los_angeles_ca_r02,2,Overlap Region 1,Overlap Region 1,OVERLAP,9,9,7,2,0,0.7777777777777778,0.7003935786616615,5.677096141640278,41.45641783584889,32.96560725942836,5.218297582886394,AI103559,False,33.990042807834335,-118.19152470308715,90270,34.08857912840078,-117.85409507156
"Los Angeles, CA - Area Type Clusters",3,91730,los_angeles_ca_r02,2,Overlap Region 1,Overlap Region 1,OVERLAP,10,10,3,7,0,0.3,0.3512291790944583,3.5087091627313285,49.92301738440685,58.03081974756059,3.775011070143678,AI103568,False,33.990042807834335,-118.19152470308715,90270,34.108793635777594,-117.57817499843672
"Los Angeles, CA - Area Type Clusters",3,91731,los_angeles_ca_r02,2,Overlap Region 1,Overlap Region 1,OVERLAP,2,2,1,1,0,0.5,0.4728617573731373,2.917791958749619,41.14304107638377,17.58545912853739,5.521240487155424,AI103642,False,33.990042807834335,-118.19152470308715,90270,34.081414531379,-118.035756458242
"Los Angeles, CA - Area Type Clusters",3,91732,los_angeles_ca_r02,2,Overlap Region 1,Overlap Region 1,OVERLAP,3,3,2,1,0,0.6666666666666666,0.5830688010377744,1.768048891919697,40.16159586374608,18.173839976227743,8.303129148041474,AI103347,False,33.990042807834335,-118.19152470308715,90270,34.06156778407333,-118.01420534351234
"Los Angeles, CA - Area Type Clusters",3,91733,los_angeles_ca_r02,2,Overlap Region 1,Overlap Region 1,OVERLAP,4,4,2,2,0,0.5,0.4731572600286258,2.4412501221078498,40.31377359414834,15.165310717814508,6.434581430817683,AI103347,False,33.990042807834335,-118.19152470308715,90270,34.05323483848,-118.045701910984
"Los Angeles, CA - Area Type Clusters",3,91737,los_angeles_ca_r02,2,Overlap Region 1,Overlap Region 1,OVERLAP,7,7,2,5,0,0.2857142857142857,0.3396839091482978,4.085090378607989,52.21445279262696,59.94139968605287,8.491088514872452,AI103568,False,33.990042807834335,-118.19152470308715,90270,34.15082360238029,-117.57037276538873
"Los Angeles, CA - Area Type Clusters",3,91739,los_angeles_ca_r02,2,Overlap Region 1,Overlap Region 1,OVERLAP,7,7,3,4,0,0.4285714285714285,0.4400281015546062,4.142930744876095,53.11465410538033,63.034506242039626,8.167952447695853,AI103568,False,33.990042807834335,-118.19152470308715,90270,34.13567644528258,-117.53019958422544
"Los Angeles, CA - Area Type Clusters",3,91740,los_angeles_ca_r02,2,Overlap Region 1,Overlap Region 1,OVERLAP,8,8,7,1,0,0.875,0.7616043468984115,5.01410052424872,43.193766051016674,34.84055810389817,8.478278343364584,AI103559,False,33.990042807834335,-118.19152470308715,90270,34.1225655963365,-117.8488239755585
"Los Angeles, CA - Area Type Clusters",3,91741,los_angeles_ca_r02,2,Overlap Region 1,Overlap Region 1,OVERLAP,11,11,11,0,0,1.0,0.8613066902992681,5.933998519941054,44.01515142040872,35.46022585532215,9.937264278664616,AI103559,False,33.990042807834335,-118.19152470308715,90270,34.138203908606094,-117.85063852417126
"Los Angeles, CA - Area Type Clusters",3,91748,los_angeles_ca_r02,2,Overlap Region 1,Overlap Region 1,OVERLAP,8,8,6,2,0,0.75,0.6749115066423416,5.0661543888772,38.27990323564395,27.84537706995622,1.4411649162455746,AI103741,False,33.990042807834335,-118.19152470308715,90270,33.98388225830563,-117.889602274746
"Los Angeles, CA - Area Type Clusters",3,91752,los_angeles_ca_r02,2,Overlap Region 1,Overlap Region 1,OVERLAP,7,7,6,1,0,0.8571428571428571,0.743876993902687,4.624714331742075,49.31305902452403,61.03169433722497,10.714896030407184,AI103568,False,33.990042807834335,-118.19152470308715,90270,33.98805002528243,-117.52955586974144
"Los Angeles, CA - Area Type Clusters",3,91754,los_angeles_ca_r02,2,Overlap Region 1,Overlap Region 1,OVERLAP,4,4,3,1,0,0.75,0.6578940986530039,3.808917605769584,43.20751469066035,8.700269835636027,3.671138874233292,AI103266,False,33.990042807834335,-118.19152470308715,90270,34.05895009666325,-118.14680357042124
"Los Angeles, CA - Area Type Clusters",3,91755,los_angeles_ca_r02,2,Overlap Region 1,Overlap Region 1,OVERLAP,4,4,4,0,0,1.0,0.8308252864049016,3.5115475500465343,42.02302078901904,9.429663053270948,2.679929758076197,AI103266,False,33.990042807834335,-118.19152470308715,90270,34.05081346279425,-118.12016245349524
"Los Angeles, CA - Area Type Clusters",3,91762,los_angeles_ca_r02,2,Overlap Region 1,Overlap Region 1,OVERLAP,13,13,12,1,0,0.9230769230769232,0.7861975404353249,2.533660347288868,45.551205601695976,51.809876946144485,6.890408955315982,AI103568,False,33.990042807834335,-118.19152470308715,90270,34.02995586728077,-117.63150259243092
"Los Angeles, CA - Area Type Clusters",3,91763,los_angeles_ca_r02,2,Overlap Region 1,Overlap Region 1,OVERLAP,6,6,5,1,0,0.8333333333333334,0.7299686249892532,5.197262818674117,44.379249651255016,46.41725985558121,10.77394861542506,AI103568,False,33.990042807834335,-118.19152470308715,90270,34.0677895802485,-117.69664227903098
"Los Angeles, CA - Area Type Clusters",3,91765,los_angeles_ca_r02,2,Overlap Region 1,Overlap Region 1,OVERLAP,11,11,8,3,0,0.7272727272727273,0.6605588096296738,4.536805497775914,39.81321645184359,34.93249571401958,6.084776845919632,AI102123,False,33.990042807834335,-118.19152470308715,90270,34.009334175128,-117.81330154876908
"Los Angeles, CA - Area Type Clusters",3,91767,los_angeles_ca_r02,2,Overlap Region 1,Overlap Region 1,OVERLAP,6,6,2,4,0,0.3333333333333333,0.3748607324374361,4.491720916231147,43.86376507139713,43.39886541324224,13.44620670491553,AI103583,False,33.990042807834335,-118.19152470308715,90270,34.083590949081334,-117.73426830653484
"Los Angeles, CA - Area Type Clusters",3,91770,los_angeles_ca_r02,2,Overlap Region 1,Overlap Region 1,OVERLAP,9,9,6,3,0,0.6666666666666666,0.6208352803612733,5.43256199194537,41.39482805871561,13.945366224846556,3.356782461619406,AI103266,False,33.990042807834335,-118.19152470308715,90270,34.07005595973078,-118.07499471408792
"Los Angeles, CA - Area Type Clusters",3,91775,los_angeles_ca_r02,2,Overlap Region 1,Overlap Region 1,OVERLAP,7,7,3,4,0,0.4285714285714285,0.4506217785478867,5.479637878127481,43.54603456259758,16.719496172313185,2.465993223319636,AI103642,False,33.990042807834335,-118.19152470308715,90270,34.114050458667286,-118.08889217032672
"Los Angeles, CA - Area Type Clusters",3,91780,los_angeles_ca_r02,2,Overlap Region 1,Overlap Region 1,OVERLAP,5,5,3,2,0,0.6,0.5497245373460719,3.1095630843745954,42.21684968588275,18.37460457743396,2.934482315720353,AI103642,False,33.990042807834335,-118.19152470308715,90270,34.1033816443674,-118.0463937010244
"Los Angeles, CA - Area Type Clusters",3,91784,los_angeles_ca_r02,2,Overlap Region 1,Overlap Region 1,OVERLAP,4,4,0,4,0,0.0,0.1277345083298604,3.16371374363128,48.35797887555593,52.09972004322922,9.204273891155056,AI103568,False,33.990042807834335,-118.19152470308715,90270,34.13186830170575,-117.6524844312305
"Los Angeles, CA - Area Type Clusters",3,91791,los_angeles_ca_r02,2,Overlap Region 1,Overlap Region 1,OVERLAP,8,8,6,2,0,0.75,0.6693176371672274,4.318326612120886,39.803102412290926,28.85889657675129,0.670740743702593,AI103559,False,33.990042807834335,-118.19152470308715,90270,34.06052048401612,-117.89014398434776
"Los Angeles, CA - Area Type Clusters",3,91792,los_angeles_ca_r02,2,Overlap Region 1,Overlap Region 1,OVERLAP,1,1,1,0,0,1.0,0.8291362924808954,4.0,38.57856529646589,28.94063160215264,0.7031229279763188,AI102123,False,33.990042807834335,-118.19152470308715,90270,34.010265319311,-117.878531953523
"Los Angeles, CA - Area Type Clusters",3,92324,los_angeles_ca_r02,2,Overlap Region 1,Overlap Region 1,OVERLAP,11,11,3,8,0,0.2727272727272727,0.3434339248729804,4.930952015777087,60.7756653792702,78.62120412587983,7.47390731988029,AI103127,False,33.990042807834335,-118.19152470308715,90270,34.06898241192418,-117.34369521963109
"Los Angeles, CA - Area Type Clusters",3,92335,los_angeles_ca_r02,2,Overlap Region 1,Overlap Region 1,OVERLAP,13,13,12,1,0,0.9230769230769232,0.8045433191061621,5.15547825567844,54.777974592819874,68.98966193535004,1.890398613140058,AI103364,False,33.990042807834335,-118.19152470308715,90270,34.08857639249886,-117.45229503454246
"Los Angeles, CA - Area Type Clusters",3,92346,los_angeles_ca_r02,2,Overlap Region 1,Overlap Region 1,OVERLAP,13,13,4,9,0,0.3076923076923077,0.3686431637478654,4.674763161525291,73.42276996623583,93.87420297828314,8.142972129954671,AI103363,False,33.990042807834335,-118.19152470308715,90270,34.11931193447046,-117.18455495925232
"Los Angeles, CA - Area Type Clusters",3,92377,los_angeles_ca_r02,2,Overlap Region 1,Overlap Region 1,OVERLAP,11,11,8,3,0,0.7272727272727273,0.6620042982843743,4.977697894959995,60.23292766353244,75.0009673131752,7.674884227991953,AI103127,False,33.990042807834335,-118.19152470308715,90270,34.150889921376,-117.40074482484256
"Los Angeles, CA - Area Type Clusters",3,92405,los_angeles_ca_r02,2,Overlap Region 1,Overlap Region 1,OVERLAP,3,3,2,1,0,0.6666666666666666,0.5960899177189524,3.86145361200464,66.25394132600226,84.46675234903314,2.658336532168876,AI103363,False,33.990042807834335,-118.19152470308715,90270,34.13420300168,-117.291238322653
"Los Angeles, CA - Area Type Clusters",3,92410,los_angeles_ca_r02,2,Overlap Region 1,Overlap Region 1,OVERLAP,7,7,1,6,0,0.1428571428571428,0.2224614655551208,1.866038341538246,63.910394848753086,82.04374985893162,6.15427358084783,AI103363,False,33.990042807834335,-118.19152470308715,90270,34.10614839415557,-117.312120275422
"Los Angeles, CA - Area Type Clusters",3,92411,los_angeles_ca_r02,2,Overlap Region 1,Overlap Region 1,OVERLAP,3,3,1,2,0,0.3333333333333333,0.3532541094293064,2.53276882750853,63.93942694825024,81.58692594523882,5.611729116426481,AI103363,False,33.990042807834335,-118.19152470308715,90270,34.123271236603,-117.32061687066066
"Los Angeles, CA - Area Type Clusters",3,92504,los_angeles_ca_r02,2,Overlap Region 1,Overlap Region 1,OVERLAP,10,10,6,4,0,0.6,0.5519019899262662,2.2988483865885123,55.57773040870608,72.61439317460685,4.439024422000176,AI102299,False,33.990042807834335,-118.19152470308715,90270,33.9239228355585,-117.4082633647548
"Los Angeles, CA - Area Type Clusters",3,92543,los_angeles_ca_r02,2,Overlap Region 1,Overlap Region 1,OVERLAP,9,9,7,2,0,0.7777777777777778,0.6915477846766888,5.038215597759017,89.55849600113092,116.25055220206964,18.99056013129201,AI103428,True,33.990042807834335,-118.19152470308715,90270,33.73173259263111,-116.97154894170887
"Los Angeles, CA - Area Type Clusters",3,92585,los_angeles_ca_r02,2,Overlap Region 1,Overlap Region 1,OVERLAP,8,8,8,0,0,1.0,0.8469937963732054,5.110338435683888,75.56977913731713,100.4885392134074,3.730862561064674,AI101186,False,33.990042807834335,-118.19152470308715,90270,33.723211168644625,-117.15179309970652
"Los Angeles, CA - Area Type Clusters",3,92586,los_angeles_ca_r02,2,Overlap Region 1,Overlap Region 1,OVERLAP,4,4,4,0,0,1.0,0.8161686882736884,1.8679564032421867,72.55541277922137,96.4551321199896,2.9024950842643946,AI101186,False,33.990042807834335,-118.19152470308715,90270,33.70965113584625,-117.203109656573
"Los Angeles, CA - Area Type Clusters",3,92591,los_angeles_ca_r02,2,Overlap Region 1,Overlap Region 1,OVERLAP,7,7,6,1,0,0.8571428571428571,0.7283647792094528,2.9400969498966267,86.24374688943733,110.4866348348659,7.217860819922151,AI103377,False,33.990042807834335,-118.19152470308715,90270,33.53283076471886,-117.13037360714672
"Los Angeles, CA - Area Type Clusters",3,92595,los_angeles_ca_r02,2,Overlap Region 1,Overlap Region 1,OVERLAP,8,8,8,0,0,1.0,0.8373843230827213,3.760823225574212,72.73592085045746,94.34185570984415,9.262181897982252,AI103377,False,33.990042807834335,-118.19152470308715,90270,33.61950805522288,-117.27298070779938
"Los Angeles, CA - Area Type Clusters",3,92604,los_angeles_ca_r02,2,Overlap Region 1,Overlap Region 1,OVERLAP,4,4,4,0,1,1.0,0.8409485268949144,4.998552449654792,50.49965135256454,50.32890727169036,4.15621218283867,AI103803,False,33.990042807834335,-118.19152470308715,90270,33.69219355393,-117.7812024873025
"Los Angeles, CA - Area Type Clusters",3,92606,los_angeles_ca_r02,2,Overlap Region 1,Overlap Region 1,OVERLAP,5,5,4,1,0,0.8,0.6888622930593787,3.077989754530662,49.48587146060592,48.120682293700845,2.23739302160762,AI103803,False,33.990042807834335,-118.19152470308715,90270,33.702223569006605,-117.802410364905
"Los Angeles, CA - Area Type Clusters",3,92614,los_angeles_ca_r02,2,Overlap Region 1,Overlap Region 1,OVERLAP,3,3,3,0,0,1.0,0.8434842332273864,5.6125090215070585,51.60746499465073,49.88290993131009,5.529173592015208,AI103803,False,33.990042807834335,-118.19152470308715,90270,33.67189609497433,-117.81078047868368
"Los Angeles, CA - Area Type Clusters",3,92620,los_angeles_ca_r02,2,Overlap Region 1,Overlap Region 1,OVERLAP,14,14,11,3,0,0.7857142857142857,0.7521108476364556,10.8258795603609,49.511265213826576,50.499959597513005,4.788475182639897,AI103803,False,33.990042807834335,-118.19152470308715,90270,33.7129826805515,-117.75821561935057
"Los Angeles, CA - Area Type Clusters",3,92626,los_angeles_ca_r02,2,Overlap Region 1,Overlap Region 1,OVERLAP,5,5,4,1,1,0.8,0.6880392221043601,2.98118139115313,50.821513069331054,43.04646387205458,10.682845974008575,AI103803,False,33.990042807834335,-118.19152470308715,90270,33.6797291278182,-117.9128784738856
"Los Angeles, CA - Area Type Clusters",3,92649,los_angeles_ca_r02,2,Overlap Region 1,Overlap Region 1,OVERLAP,11,11,7,4,1,0.6363636363636364,0.6119217361273581,6.708460483844499,49.71751751140236,32.859379954711464,11.714420478700246,AI103410,False,33.990042807834335,-118.19152470308715,90270,33.72055279268628,-118.04551683125172
"Los Angeles, CA - Area Type Clusters",3,92655,los_angeles_ca_r02,2,Overlap Region 1,Overlap Region 1,OVERLAP,1,1,1,0,0,1.0,0.8283709828465649,4.0,47.385613298477466,33.952813109771114,8.963571395034743,AI103410,False,33.990042807834335,-118.19152470308715,90270,33.737160067405,-117.985434031289
"Los Angeles, CA - Area Type Clusters",3,92683,los_angeles_ca_r02,2,Overlap Region 1,Overlap Region 1,OVERLAP,13,13,3,10,0,0.2307692307692307,0.3165731059384669,4.598028014070048,46.53468051677382,32.30191674353226,7.357391981109323,AI103410,False,33.990042807834335,-118.19152470308715,90270,33.75122372280224,-117.99232892610353
"Los Angeles, CA - Area Type Clusters",3,92694,los_angeles_ca_r02,2,Overlap Region 1,Overlap Region 1,OVERLAP,13,13,9,4,1,0.6923076923076923,0.6062252968937053,0.0873429310256524,52.086838605987495,17.701065224199894,9.136242947291509,AI103452,False,33.990042807834335,-118.19152470308715,90270,34.128062132381615,-118.28727034405108
"Los Angeles, CA - Area Type Clusters",3,92703,los_angeles_ca_r02,2,Overlap Region 1,Overlap Region 1,OVERLAP,7,7,4,3,0,0.5714285714285714,0.5449886418265785,4.738128633928684,46.05214584418904,38.23748987743783,8.75817245439483,AI103803,False,33.990042807834335,-118.19152470308715,90270,33.74692966097914,-117.898620834057
"Los Angeles, CA - Area Type Clusters",3,92704,los_angeles_ca_r02,2,Overlap Region 1,Overlap Region 1,OVERLAP,12,12,10,2,0,0.8333333333333334,0.7411250641752191,5.239060500569506,47.37044555880034,39.633720404989575,8.605237437649643,AI103803,False,33.990042807834335,-118.19152470308715,90270,33.72709315224717,-117.9017534611798
"Los Angeles, CA - Area Type Clusters",3,92706,los_angeles_ca_r02,2,Overlap Region 1,Overlap Region 1,OVERLAP,5,5,2,3,0,0.4,0.4129126254257064,3.576672927323974,44.78644056522951,38.22591112800622,7.552927382742664,AI103104,False,33.990042807834335,-118.19152470308715,90270,33.767836110255004,-117.875575716376
"Los Angeles, CA - Area Type Clusters",3,92782,los_angeles_ca_r02,2,Overlap Region 1,Overlap Region 1,OVERLAP,6,6,5,1,0,0.8333333333333334,0.7127570334117931,2.8743593270714496,47.2222691511395,46.32508919953385,2.6848975059338347,AI103803,False,33.990042807834335,-118.19152470308715,90270,33.7400281333725,-117.79018487954647
"Los Angeles, CA - Area Type Clusters",3,92801,los_angeles_ca_r02,2,Overlap Region 1,Overlap Region 1,OVERLAP,9,9,5,4,0,0.5555555555555556,0.5359166285566086,4.451117025397225,41.08667643442035,27.23967239128005,2.0109238183030897,AI105122,False,33.990042807834335,-118.19152470308715,90270,33.83988131746933,-117.95829061102732
"Los Angeles, CA - Area Type Clusters",3,92802,los_angeles_ca_r02,2,Overlap Region 1,Overlap Region 1,OVERLAP,4,4,2,2,0,0.5,0.4698414333849207,2.0147312384552025,42.625581725344304,31.86098518896563,6.200739781032179,AI105122,False,33.990042807834335,-118.19152470308715,90270,33.806089346220006,-117.926852463961
"Los Angeles, CA - Area Type Clusters",3,92804,los_angeles_ca_r02,2,Overlap Region 1,Overlap Region 1,OVERLAP,17,17,7,10,0,0.4117647058823529,0.483504429559025,9.040639830556744,42.13904016917659,27.530164204545567,1.9011283389949825,AI103410,False,33.990042807834335,-118.19152470308715,90270,33.819670544408886,-117.97507898547612
"Los Angeles, CA - Area Type Clusters",3,92806,los_angeles_ca_r02,2,Overlap Region 1,Overlap Region 1,OVERLAP,9,9,1,8,0,0.1111111111111111,0.2385745682455372,6.33640181665677,41.08080150136346,33.191608815968266,6.018100139815471,AI103104,False,33.990042807834335,-118.19152470308715,90270,33.843108374994216,-117.87841939425422
"Los Angeles, CA - Area Type Clusters",3,92807,los_angeles_ca_r02,2,Overlap Region 1,Overlap Region 1,OVERLAP,13,13,10,3,0,0.7692307692307693,0.7006623143422033,5.522106982202224,41.73093467291498,39.52632178340613,5.048933184628925,AI103104,False,33.990042807834335,-118.19152470308715,90270,33.85773601725953,-117.7939148741194
"Los Angeles, CA - Area Type Clusters",3,92831,los_angeles_ca_r02,2,Overlap Region 1,Overlap Region 1,OVERLAP,6,6,6,0,0,1.0,0.8462610332316283,5.090839537246392,39.74196464201189,29.610803855541675,8.59464284215153,AI105122,False,33.990042807834335,-118.19152470308715,90270,33.8791235060545,-117.8997285099165
"Los Angeles, CA - Area Type Clusters",3,92832,los_angeles_ca_r02,2,Overlap Region 1,Overlap Region 1,OVERLAP,3,3,2,1,0,0.6666666666666666,0.5947657026148946,3.3687922314414736,40.08778909462903,28.14578084083097,5.719901865670742,AI105122,False,33.990042807834335,-118.19152470308715,90270,33.865306411061,-117.92607840121134
"Los Angeles, CA - Area Type Clusters",3,92835,los_angeles_ca_r02,2,Overlap Region 1,Overlap Region 1,OVERLAP,8,8,5,3,0,0.625,0.5839696429416212,4.603833035852729,39.0331587903174,26.71594746250981,8.425198706177458,AI105051,False,33.990042807834335,-118.19152470308715,90270,33.9031742471515,-117.92149149861824
"Los Angeles, CA - Area Type Clusters",3,92840,los_angeles_ca_r02,2,Overlap Region 1,Overlap Region 1,OVERLAP,11,11,2,9,0,0.1818181818181818,0.326366041605672,11.10315371822992,43.60724377926575,32.868180980424384,6.756851083610768,AI103410,False,33.990042807834335,-118.19152470308715,90270,33.7883903653121,-117.9311698907171
"Los Angeles, CA - Area Type Clusters",3,92841,los_angeles_ca_r02,2,Overlap Region 1,Overlap Region 1,OVERLAP,6,6,2,4,0,0.3333333333333333,0.3852251351681102,5.91453994685154,44.17073826428632,31.16917936705413,4.813700345651325,AI103410,False,33.990042807834335,-118.19152470308715,90270,33.782447543765834,-117.96462824324485
"Los Angeles, CA - Area Type Clusters",3,92843,los_angeles_ca_r02,2,Overlap Region 1,Overlap Region 1,OVERLAP,5,5,1,4,0,0.2,0.2661288506217862,2.65051664802238,45.015508858974655,34.75122569533336,8.372376685900633,AI103410,False,33.990042807834335,-118.19152470308715,90270,33.764850498085,-117.93050912950662
"Los Angeles, CA - Area Type Clusters",3,92844,los_angeles_ca_r02,2,Overlap Region 1,Overlap Region 1,OVERLAP,3,3,2,1,0,0.6666666666666666,0.5944575822956704,3.389501707243068,45.374080048798646,32.179210387188526,6.214972051966605,AI103410,False,33.990042807834335,-118.19152470308715,90270,33.764718458102,-117.972792467542
"Los Angeles, CA - Area Type Clusters",3,92860,los_angeles_ca_r02,2,Overlap Region 1,Overlap Region 1,OVERLAP,5,5,4,1,0,0.8,0.6881662108556976,2.962208988126565,47.76564185479601,57.94664208375254,12.711284287375474,AI103583,False,33.990042807834335,-118.19152470308715,90270,33.9213897084392,-117.5687352774958
"Los Angeles, CA - Area Type Clusters",3,92865,los_angeles_ca_r02,2,Overlap Region 1,Overlap Region 1,OVERLAP,5,5,1,4,0,0.2,0.288780013494728,5.7119108111516015,41.64020337951063,35.900367232879546,3.3145126078718907,AI103104,False,33.990042807834335,-118.19152470308715,90270,33.8344510833692,-117.8506435144428
"Los Angeles, CA - Area Type Clusters",3,92867,los_angeles_ca_r02,2,Overlap Region 1,Overlap Region 1,OVERLAP,11,11,4,7,0,0.3636363636363636,0.4162608155478907,5.97160550894387,42.47286409442547,39.203971976754055,0.6617882677528247,AI103104,False,33.990042807834335,-118.19152470308715,90270,33.823345066764915,-117.81719694317373
"Los Angeles, CA - Area Type Clusters",3,92868,los_angeles_ca_r02,2,Overlap Region 1,Overlap Region 1,OVERLAP,1,1,0,1,0,0.0,0.1286336241965001,4.0,44.36318306575826,38.68893327073848,5.946980802334679,AI103104,False,33.990042807834335,-118.19152470308715,90270,33.77633,-117.86079
"Los Angeles, CA - Area Type Clusters",3,92869,los_angeles_ca_r02,2,Overlap Region 1,Overlap Region 1,OVERLAP,8,8,4,4,0,0.5,0.493863911521252,4.307549686102146,44.118766392557056,42.44306150240291,3.387088065557436,AI103104,False,33.990042807834335,-118.19152470308715,90270,33.79579057619175,-117.79569156954288
"Los Angeles, CA - Area Type Clusters",3,92870,los_angeles_ca_r02,2,Overlap Region 1,Overlap Region 1,OVERLAP,7,7,5,2,0,0.7142857142857143,0.6475066129252008,5.011144458154984,40.02098428553443,33.69952321047948,8.020377956132085,AI103104,False,33.990042807834335,-118.19152470308715,90270,33.88651751966429,-117.8481985966794
"Los Angeles, CA - Area Type Clusters",3,92878,los_angeles_ca_r02,2,Overlap Region 1,Overlap Region 1,OVERLAP,4,4,2,2,0,0.5,0.4823545600871933,3.783532102394501,47.28294264773149,56.71436109862106,12.19654121177089,AI103583,False,33.990042807834335,-118.19152470308715,90270,33.906280909663,-117.58502252774926
"Los Angeles, CA - Area Type Clusters",3,92881,los_angeles_ca_r02,2,Overlap Region 1,Overlap Region 1,OVERLAP,9,9,8,1,0,0.8888888888888888,0.7767326512474892,5.585297902017538,50.297737752846885,61.51587836444454,13.956637519928044,AI102299,False,33.990042807834335,-118.19152470308715,90270,33.83690811503433,-117.550939415708
"Los Angeles, CA - Area Type Clusters",3,92886,los_angeles_ca_r02,2,Overlap Region 1,Overlap Region 1,OVERLAP,9,9,4,5,0,0.4444444444444444,0.4600053863307973,4.70452116846606,40.90388572452718,38.79297742949908,9.208769039460028,AI103104,False,33.990042807834335,-118.19152470308715,90270,33.895957569535,-117.78657047023412
"Los Angeles, CA - Area Type Clusters",3,90011,los_angeles_ca_r03,3,DMS2 Region 1,DMS2 Region 1,DMS2_EXCLUSIVE,9,9,8,1,0,0.8888888888888888,0.7084017649364306,0.0123039934071578,368.2635992168308,397.2239302828277,292.18429326760526,AI102798,False,33.990042807834335,-118.19152470308715,90270,33.09851360077945,-114.04064091984831
"Los Angeles, CA - Area Type Clusters",3,90024,los_angeles_ca_r03,3,DMS2 Region 1,DMS2 Region 1,DMS2_EXCLUSIVE,8,8,5,3,0,0.625,0.6070407142006602,8.004140501788802,59.30908119936702,23.72980012494307,12.742927992204184,AI103452,False,33.990042807834335,-118.19152470308715,90270,34.0615022980775,-118.43415341053776
"Los Angeles, CA - Area Type Clusters",3,90049,los_angeles_ca_r03,3,DMS2 Region 1,DMS2 Region 1,DMS2_EXCLUSIVE,15,15,9,6,0,0.6,0.6113077375177837,9.241837112628216,62.013863011556005,27.18680751154164,16.281387673638307,AI103452,False,33.990042807834335,-118.19152470308715,90270,34.06495426636,-118.4723481010838
"Los Angeles, CA - Area Type Clusters",3,90210,los_angeles_ca_r03,3,DMS2 Region 1,DMS2 Region 1,DMS2_EXCLUSIVE,5,5,2,3,0,0.4,0.4004484344320608,2.030572594903915,58.28246776018501,23.261152393571635,11.736542154722398,AI103452,False,33.990042807834335,-118.19152470308715,90270,34.092574753214194,-118.4115760947452
"Los Angeles, CA - Area Type Clusters",3,90220,los_angeles_ca_r03,3,DMS2 Region 1,DMS2 Region 1,DMS2_EXCLUSIVE,8,8,0,8,0,0.0,0.1997573782207654,12.01465840725586,48.63900476592679,11.6850978527799,8.551858303223769,AI105087,False,33.990042807834335,-118.19152470308715,90270,33.895758233135496,-118.2474637673235
"Los Angeles, CA - Area Type Clusters",3,90222,los_angeles_ca_r03,3,DMS2 Region 1,DMS2 Region 1,DMS2_EXCLUSIVE,6,6,0,6,0,0.0,0.170417992805474,8.49046083298216,47.4640081133566,9.530573174382978,7.922413452680013,AI105087,False,33.990042807834335,-118.19152470308715,90270,33.91180035633467,-118.23370745190935
"Los Angeles, CA - Area Type Clusters",3,90248,los_angeles_ca_r03,3,DMS2 Region 1,DMS2 Region 1,DMS2_EXCLUSIVE,1,1,0,1,0,0.0,0.1280449552597377,4.0,51.13748114171871,14.744282843300413,8.95544879276599,AI105087,False,33.990042807834335,-118.19152470308715,90270,33.881859665237,-118.283939290761
"Los Angeles, CA - Area Type Clusters",3,90254,los_angeles_ca_r03,3,DMS2 Region 1,DMS2 Region 1,DMS2_EXCLUSIVE,4,4,0,4,0,0.0,0.2205356126349495,16.0,59.225667426362726,24.07652240003328,15.052663878020828,AI105087,False,33.990042807834335,-118.19152470308715,90270,33.85611426609575,-118.39656043287602
"Los Angeles, CA - Area Type Clusters",3,90260,los_angeles_ca_r03,3,DMS2 Region 1,DMS2 Region 1,DMS2_EXCLUSIVE,5,5,0,5,0,0.0,0.149217446670055,5.9296712416637725,54.90764795020167,18.3520858047841,9.59911143004937,AI105087,False,33.990042807834335,-118.19152470308715,90270,33.8873670647492,-118.347277243718
"Los Angeles, CA - Area Type Clusters",3,90265,los_angeles_ca_r03,3,DMS2 Region 1,DMS2 Region 1,DMS2_EXCLUSIVE,5,5,3,2,0,0.6,0.5375339946522754,1.991615983972321,88.54727577322723,56.560495955565486,23.267495194961683,AI105028,False,33.990042807834335,-118.19152470308715,90270,34.0251645143972,-118.8036710021158
"Los Angeles, CA - Area Type Clusters",3,90266,los_angeles_ca_r03,3,DMS2 Region 1,DMS2 Region 1,DMS2_EXCLUSIVE,6,6,0,6,0,0.0,0.1465572364754199,5.352089166965921,58.28964271459526,22.259270529717067,12.755154246966214,AI105087,False,33.990042807834335,-118.19152470308715,90270,33.883780784586335,-118.39600848319331
"Los Angeles, CA - Area Type Clusters",3,90274,los_angeles_ca_r03,3,DMS2 Region 1,DMS2 Region 1,DMS2_EXCLUSIVE,5,5,4,1,0,0.8,0.6823054146649918,2.3308800259641167,62.15155434803991,30.005033606396434,17.399008592769444,AI102841,False,33.990042807834335,-118.19152470308715,90270,33.776045926611395,-118.3895269401576
"Los Angeles, CA - Area Type Clusters",3,90275,los_angeles_ca_r03,3,DMS2 Region 1,DMS2 Region 1,DMS2_EXCLUSIVE,9,9,8,1,0,0.8888888888888888,0.7639487425140529,3.9797832457439792,62.47963259803716,31.307087854163463,17.232437224878726,AI102841,False,33.990042807834335,-118.19152470308715,90270,33.75454224335366,-118.37737321483168
"Los Angeles, CA - Area Type Clusters",3,90277,los_angeles_ca_r03,3,DMS2 Region 1,DMS2 Region 1,DMS2_EXCLUSIVE,9,9,6,3,0,0.6666666666666666,0.6327523081965757,7.275017276529008,59.10216451074629,24.603414444023272,16.142439192518896,AI105087,False,33.990042807834335,-118.19152470308715,90270,33.83717016658067,-118.38427679035168
"Los Angeles, CA - Area Type Clusters",3,90278,los_angeles_ca_r03,3,DMS2 Region 1,DMS2 Region 1,DMS2_EXCLUSIVE,12,12,0,12,0,0.0,0.2161640354124643,13.349546282575254,57.26587492651619,21.507545043012566,12.560694288671057,AI105087,False,33.990042807834335,-118.19152470308715,90270,33.8705237346145,-118.37481150276052
"Los Angeles, CA - Area Type Clusters",3,90402,los_angeles_ca_r03,3,DMS2 Region 1,DMS2 Region 1,DMS2_EXCLUSIVE,5,5,3,2,0,0.6,0.5604951539067952,4.84097545943091,63.7844499469219,28.81814271237452,18.678376394001187,AI103452,False,33.990042807834335,-118.19152470308715,90270,34.0354466090438,-118.49934871286362
"Los Angeles, CA - Area Type Clusters",3,90403,los_angeles_ca_r03,3,DMS2 Region 1,DMS2 Region 1,DMS2_EXCLUSIVE,6,6,4,2,0,0.6666666666666666,0.6350699301919485,8.404290265600208,63.40708068342418,28.24222216601682,18.29386829033274,AI103452,False,33.990042807834335,-118.19152470308715,90270,34.0283886880845,-118.49441095245784
"Los Angeles, CA - Area Type Clusters",3,90501,los_angeles_ca_r03,3,DMS2 Region 1,DMS2 Region 1,DMS2_EXCLUSIVE,9,9,4,5,0,0.4444444444444444,0.4671324536973174,5.856346218029766,55.69026006659466,22.222142492762103,10.253981029964711,AI102841,False,33.990042807834335,-118.19152470308715,90270,33.82133151041434,-118.32059810422422
"Los Angeles, CA - Area Type Clusters",3,90502,los_angeles_ca_r03,3,DMS2 Region 1,DMS2 Region 1,DMS2_EXCLUSIVE,3,3,3,0,0,1.0,0.8899101649182267,12.0,54.17313215793083,21.44304623820913,7.560249770868605,AI102841,False,33.990042807834335,-118.19152470308715,90270,33.81580016421767,-118.291078752652
"Los Angeles, CA - Area Type Clusters",3,90503,los_angeles_ca_r03,3,DMS2 Region 1,DMS2 Region 1,DMS2_EXCLUSIVE,8,8,5,3,0,0.625,0.5843446013636384,4.864061185595515,56.5886874419531,22.038282326264163,12.88278188996839,AI102841,False,33.990042807834335,-118.19152470308715,90270,33.83990600069825,-118.34743369428026
"Los Angeles, CA - Area Type Clusters",3,90504,los_angeles_ca_r03,3,DMS2 Region 1,DMS2 Region 1,DMS2_EXCLUSIVE,4,4,0,4,0,0.0,0.148767526149341,6.105229230282746,53.52897739352839,17.44327637047888,9.995177526894723,AI105087,False,33.990042807834335,-118.19152470308715,90270,33.8743141873755,-118.319164652019
"Los Angeles, CA - Area Type Clusters",3,90505,los_angeles_ca_r03,3,DMS2 Region 1,DMS2 Region 1,DMS2_EXCLUSIVE,10,10,9,1,0,0.9,0.8118112028487207,9.163616478070344,58.17045077019417,24.64083649997701,13.567240704887151,AI102841,False,33.990042807834335,-118.19152470308715,90270,33.81564777420719,-118.35625346757368
"Los Angeles, CA - Area Type Clusters",3,90606,los_angeles_ca_r03,3,DMS2 Region 1,DMS2 Region 1,DMS2_EXCLUSIVE,8,8,4,4,0,0.5,0.4524909371595989,0.0270953865653086,160.48729163132705,180.4600401914005,99.20599930641868,AI103363,False,33.990042807834335,-118.19152470308715,90270,34.71490725704088,-116.43266610629036
"Los Angeles, CA - Area Type Clusters",3,90710,los_angeles_ca_r03,3,DMS2 Region 1,DMS2 Region 1,DMS2_EXCLUSIVE,2,2,2,0,0,1.0,0.8260915486315135,3.537819284712989,56.08443927389312,24.450562966894687,9.285606924763446,AI102841,False,33.990042807834335,-118.19152470308715,90270,33.7903945583745,-118.3025350753415
"Los Angeles, CA - Area Type Clusters",3,90717,los_angeles_ca_r03,3,DMS2 Region 1,DMS2 Region 1,DMS2_EXCLUSIVE,6,6,2,4,0,0.3333333333333333,0.3768155251081902,4.913950751839986,56.85402873640791,24.905064659457658,10.45439751604001,AI102841,False,33.990042807834335,-118.19152470308715,90270,33.79158026009801,-118.31659047829132
"Los Angeles, CA - Area Type Clusters",3,90731,los_angeles_ca_r03,3,DMS2 Region 1,DMS2 Region 1,DMS2_EXCLUSIVE,10,10,7,3,0,0.7,0.6808246769306182,10.409075772786558,59.11773952218549,30.460386562666784,12.999311440902677,AI102841,False,33.990042807834335,-118.19152470308715,90270,33.7304086386218,-118.2967239625328
"Los Angeles, CA - Area Type Clusters",3,90732,los_angeles_ca_r03,3,DMS2 Region 1,DMS2 Region 1,DMS2_EXCLUSIVE,2,2,2,0,0,1.0,0.8093080097828635,1.2695995903503756,58.59732121587907,28.37650411085136,12.139602575906006,AI102841,False,33.990042807834335,-118.19152470308715,90270,33.7560132205655,-118.3140860968355
"Los Angeles, CA - Area Type Clusters",3,90744,los_angeles_ca_r03,3,DMS2 Region 1,DMS2 Region 1,DMS2_EXCLUSIVE,6,6,5,1,0,0.8333333333333334,0.7234212916850864,4.417477934522113,54.18895496510116,23.487801294537217,6.522182681872157,AI102841,False,33.990042807834335,-118.19152470308715,90270,33.78839656528,-118.26730432246616
"Los Angeles, CA - Area Type Clusters",3,90745,los_angeles_ca_r03,3,DMS2 Region 1,DMS2 Region 1,DMS2_EXCLUSIVE,12,12,10,2,0,0.8333333333333334,0.763519321765784,8.369100854635397,52.7208266487736,20.12640209768992,5.610586736075144,AI102841,False,33.990042807834335,-118.19152470308715,90270,33.82127153074891,-118.27032767589374
"Los Angeles, CA - Area Type Clusters",3,90746,los_angeles_ca_r03,3,DMS2 Region 1,DMS2 Region 1,DMS2_EXCLUSIVE,3,3,0,3,0,0.0,0.12935599902088,3.658407507498497,49.963161004716056,14.407572640191123,7.209074440290452,AI102841,False,33.990042807834335,-118.19152470308715,90270,33.87289275432833,-118.25824261378534
"Los Angeles, CA - Area Type Clusters",3,91011,los_angeles_ca_r03,3,DMS2 Region 1,DMS2 Region 1,DMS2_EXCLUSIVE,8,8,6,2,0,0.75,0.6668897022972345,4.1383091693008325,52.61405221734827,24.28310148905397,15.834824494781998,AI103642,False,33.990042807834335,-118.19152470308715,90270,34.2081524046845,-118.20471413662052
"Los Angeles, CA - Area Type Clusters",3,91020,los_angeles_ca_r03,3,DMS2 Region 1,DMS2 Region 1,DMS2_EXCLUSIVE,2,2,0,2,0,0.0,0.1505542967980154,6.858674123703346,53.66771314536231,24.64591447512515,17.911660421539516,AI103642,False,33.990042807834335,-118.19152470308715,90270,34.2092696488925,-118.230961459047
"Los Angeles, CA - Area Type Clusters",3,91023,los_angeles_ca_r03,3,DMS2 Region 1,DMS2 Region 1,DMS2_EXCLUSIVE,1,1,1,0,0,1.0,0.8281330288379192,4.0,50.12394597116967,28.751133899579,11.354440549477236,AI103642,False,33.990042807834335,-118.19152470308715,90270,34.22672,-118.06578
"Los Angeles, CA - Area Type Clusters",3,91040,los_angeles_ca_r03,3,DMS2 Region 1,DMS2 Region 1,DMS2_EXCLUSIVE,3,3,0,3,0,0.0,0.133557227474433,4.354733676793948,60.13785332552487,31.873880482587488,11.668329836944086,AI103544,False,33.990042807834335,-118.19152470308715,90270,34.25791880594134,-118.31477306025933
"Los Angeles, CA - Area Type Clusters",3,91042,los_angeles_ca_r03,3,DMS2 Region 1,DMS2 Region 1,DMS2_EXCLUSIVE,4,4,0,4,0,0.0,0.126559584841014,3.125959428154838,58.70578599041543,30.67965700703528,14.246793969893757,AI103544,False,33.990042807834335,-118.19152470308715,90270,34.2546685494795,-118.285859315775
"Los Angeles, CA - Area Type Clusters",3,91201,los_angeles_ca_r03,3,DMS2 Region 1,DMS2 Region 1,DMS2_EXCLUSIVE,6,6,2,4,0,0.3333333333333333,0.3849421177607047,5.996087743145719,54.28121459304407,22.393331073469707,14.228376542259126,AI103452,False,33.990042807834335,-118.19152470308715,90270,34.17412874780133,-118.29012771765169
"Los Angeles, CA - Area Type Clusters",3,91202,los_angeles_ca_r03,3,DMS2 Region 1,DMS2 Region 1,DMS2_EXCLUSIVE,5,5,3,2,0,0.6,0.5984111236102373,9.8991019520068,52.55681442985736,20.37184255248435,13.293245913975252,AI103452,False,33.990042807834335,-118.19152470308715,90270,34.1628573190456,-118.2649659063748
"Los Angeles, CA - Area Type Clusters",3,91203,los_angeles_ca_r03,3,DMS2 Region 1,DMS2 Region 1,DMS2_EXCLUSIVE,4,4,0,4,0,0.0,0.1669276848034381,8.573872265179988,52.01847660454757,19.1919451022321,12.067999897383302,AI103452,False,33.990042807834335,-118.19152470308715,90270,34.1515405723665,-118.26503892208
"Los Angeles, CA - Area Type Clusters",3,91204,los_angeles_ca_r03,3,DMS2 Region 1,DMS2 Region 1,DMS2_EXCLUSIVE,1,1,0,1,0,0.0,0.1280315269424187,4.0,51.29201184394629,17.764420427687273,10.78017001058659,AI103452,False,33.990042807834335,-118.19152470308715,90270,34.138777745085,-118.261921188379
"Los Angeles, CA - Area Type Clusters",3,91205,los_angeles_ca_r03,3,DMS2 Region 1,DMS2 Region 1,DMS2_EXCLUSIVE,6,6,4,2,0,0.6666666666666666,0.6550270684540559,10.985690831445751,50.69379347484468,17.48410297602127,11.39343683042947,AI103452,False,33.990042807834335,-118.19152470308715,90270,34.140245254060666,-118.24766727574684
"Los Angeles, CA - Area Type Clusters",3,91206,los_angeles_ca_r03,3,DMS2 Region 1,DMS2 Region 1,DMS2_EXCLUSIVE,10,10,7,3,0,0.7,0.6568999826699574,7.034422217343274,50.82120410322072,18.98305476914434,13.741075819204063,AI103452,False,33.990042807834335,-118.19152470308715,90270,34.1574599153257,-118.2318610224329
"Los Angeles, CA - Area Type Clusters",3,91207,los_angeles_ca_r03,3,DMS2 Region 1,DMS2 Region 1,DMS2_EXCLUSIVE,8,8,5,3,0,0.625,0.6250351394605673,10.379855590339076,51.89582137438099,20.182134785609268,14.040063853471048,AI103452,False,33.990042807834335,-118.19152470308715,90270,34.16560452252637,-118.247128309451
"Los Angeles, CA - Area Type Clusters",3,91208,los_angeles_ca_r03,3,DMS2 Region 1,DMS2 Region 1,DMS2_EXCLUSIVE,7,7,5,2,0,0.7142857142857143,0.6466903148381402,5.041277783266542,51.947308428188165,21.7649693431026,16.10378923049137,AI103642,False,33.990042807834335,-118.19152470308715,90270,34.18379941155185,-118.225057960489
"Los Angeles, CA - Area Type Clusters",3,91214,los_angeles_ca_r03,3,DMS2 Region 1,DMS2 Region 1,DMS2_EXCLUSIVE,8,8,6,2,0,0.75,0.6749579387287913,5.282317344064587,55.912661813241584,27.76095843451704,17.742382909742545,AI103544,False,33.990042807834335,-118.19152470308715,90270,34.235462490161375,-118.24686462766024
"Los Angeles, CA - Area Type Clusters",3,91343,los_angeles_ca_r03,3,DMS2 Region 1,DMS2 Region 1,DMS2_EXCLUSIVE,15,15,4,11,0,0.2666666666666666,0.3021044977917572,0.0418596407331153,161.91305037481405,181.8285957767933,100.72623695262298,AI103363,False,33.990042807834335,-118.19152470308715,90270,34.726942526532,-116.42317495228252
"Los Angeles, CA - Area Type Clusters",3,91360,los_angeles_ca_r03,3,DMS2 Region 1,DMS2 Region 1,DMS2_EXCLUSIVE,17,17,10,7,0,0.5882352941176471,0.5964140654106491,8.24226381737389,97.25123170534994,67.380404138701,20.209667489181854,AI103301,False,33.990042807834335,-118.19152470308715,90270,34.216077951733055,-118.87052378051918
"Los Angeles, CA - Area Type Clusters",3,91381,los_angeles_ca_r03,3,DMS2 Region 1,DMS2 Region 1,DMS2_EXCLUSIVE,2,2,0,2,0,0.0,0.1034174411002498,0.7821572633134025,85.41858636815131,59.04721459798942,22.414334014881337,AI104062,False,33.990042807834335,-118.19152470308715,90270,34.401847331161,-118.596868005364
"Los Angeles, CA - Area Type Clusters",3,91501,los_angeles_ca_r03,3,DMS2 Region 1,DMS2 Region 1,DMS2_EXCLUSIVE,6,6,1,5,0,0.1666666666666666,0.3012278843809878,10.521302431350804,55.38530685181157,24.02545850627689,14.112568853147664,AI103544,False,33.990042807834335,-118.19152470308715,90270,34.186326715608004,-118.300579595113
"Los Angeles, CA - Area Type Clusters",3,91506,los_angeles_ca_r03,3,DMS2 Region 1,DMS2 Region 1,DMS2_EXCLUSIVE,8,8,2,6,0,0.25,0.3322520468137647,6.283069313445576,56.08005102915153,23.906903745553105,12.681754404319811,AI103544,False,33.990042807834335,-118.19152470308715,90270,34.172898064759124,-118.32806424131688
"Los Angeles, CA - Area Type Clusters",3,91702,los_angeles_ca_r03,3,DMS2 Region 1,DMS2 Region 1,DMS2_EXCLUSIVE,11,11,10,1,0,0.9090909090909092,0.6730817409891927,0.0069014816581241,979.6246079445456,1006.7505707188292,919.962341787388,AI103363,False,33.990042807834335,-118.19152470308715,90270,35.8982358787641,-107.38787615968936
"Los Angeles, CA - Area Type Clusters",3,91709,los_angeles_ca_r03,3,DMS2 Region 1,DMS2 Region 1,DMS2_EXCLUSIVE,16,16,12,4,0,0.75,0.6819084528198632,4.038861859741909,41.90929640822547,43.715193309130186,2.1766566293024607,AI103583,False,33.990042807834335,-118.19152470308715,90270,33.971869231149064,-117.71792529049026
"Los Angeles, CA - Area Type Clusters",3,91750,los_angeles_ca_r03,3,DMS2 Region 1,DMS2 Region 1,DMS2_EXCLUSIVE,7,7,6,1,0,0.8571428571428571,0.7548445074895773,6.071026691860251,44.65400066801652,41.251914419605626,13.485704452471428,AI103559,False,33.990042807834335,-118.19152470308715,90270,34.123850813029,-117.773873975094
"Los Angeles, CA - Area Type Clusters",3,91766,los_angeles_ca_r03,3,DMS2 Region 1,DMS2 Region 1,DMS2_EXCLUSIVE,19,19,16,3,0,0.8421052631578947,0.8105611756072056,12.065804433747564,41.89294515450282,40.60829950591248,9.794105641409294,AI103583,False,33.990042807834335,-118.19152470308715,90270,34.0398023581989,-117.75504659103206
"Los Angeles, CA - Area Type Clusters",3,91768,los_angeles_ca_r03,3,DMS2 Region 1,DMS2 Region 1,DMS2_EXCLUSIVE,3,3,2,1,0,0.6666666666666666,0.5893546065370159,2.6478690690778093,41.768822218548166,37.86563020774533,9.742803226049256,AI102123,False,33.990042807834335,-118.19152470308715,90270,34.065201416928,-117.79076596374432
"Los Angeles, CA - Area Type Clusters",3,91773,los_angeles_ca_r03,3,DMS2 Region 1,DMS2 Region 1,DMS2_EXCLUSIVE,5,5,3,2,0,0.6,0.5398497885594812,1.768354396505019,43.13384410285872,37.43201466279504,9.693077396980014,AI103559,False,33.990042807834335,-118.19152470308715,90270,34.108716983991194,-117.8113182615614
"Los Angeles, CA - Area Type Clusters",3,92028,los_angeles_ca_r03,3,DMS2 Region 1,DMS2 Region 1,DMS2_EXCLUSIVE,15,15,14,1,0,0.9333333333333332,0.8094809549269804,4.803633699110164,93.62812419140538,113.0040547736852,23.97452791209989,AI103377,False,33.990042807834335,-118.19152470308715,90270,33.3653395185516,-117.22825683034112
"Los Angeles, CA - Area Type Clusters",3,92223,los_angeles_ca_r03,3,DMS2 Region 1,DMS2 Region 1,DMS2_EXCLUSIVE,11,11,7,4,0,0.6363636363636364,0.584095139071822,3.32526926320795,85.60585454266592,110.62640524714504,32.1286619808471,AI101186,False,33.990042807834335,-118.19152470308715,90270,33.94225640140328,-116.99333108023592
"Los Angeles, CA - Area Type Clusters",3,92313,los_angeles_ca_r03,3,DMS2 Region 1,DMS2 Region 1,DMS2_EXCLUSIVE,3,3,3,0,0,1.0,0.8241643046029122,3.0919542075114053,62.10154612537677,81.18125933037355,12.03046018570472,AI103127,False,33.990042807834335,-118.19152470308715,90270,34.02701553053367,-117.31192849346932
"Los Angeles, CA - Area Type Clusters",3,92320,los_angeles_ca_r03,3,DMS2 Region 1,DMS2 Region 1,DMS2_EXCLUSIVE,8,8,1,7,0,0.125,0.242570230689899,6.284914677624123,81.34309620269362,105.3856813015758,27.221533086597645,AI103363,False,33.990042807834335,-118.19152470308715,90270,33.98146060188088,-117.04855836885676
"Los Angeles, CA - Area Type Clusters",3,92325,los_angeles_ca_r03,3,DMS2 Region 1,DMS2 Region 1,DMS2_EXCLUSIVE,4,4,4,0,0,1.0,0.829115472234118,3.6505138070889673,73.3784703541618,89.95182507794671,10.586040376461526,AI103363,False,33.990042807834335,-118.19152470308715,90270,34.24184806805325,-117.26295002930053
"Los Angeles, CA - Area Type Clusters",3,92354,los_angeles_ca_r03,3,DMS2 Region 1,DMS2 Region 1,DMS2_EXCLUSIVE,5,5,2,3,0,0.4,0.4056432861835361,2.839196825823361,66.4606406741177,86.60686114701832,11.11669670495631,AI103363,False,33.990042807834335,-118.19152470308715,90270,34.0472349048088,-117.2543611211588
"Los Angeles, CA - Area Type Clusters",3,92359,los_angeles_ca_r03,3,DMS2 Region 1,DMS2 Region 1,DMS2_EXCLUSIVE,3,3,1,2,0,0.3333333333333333,0.3372451306907961,0.5324225311741649,80.05182535177755,102.44809888970656,18.242685116512924,AI103363,False,33.990042807834335,-118.19152470308715,90270,34.08081147655833,-117.08513102336532
"Los Angeles, CA - Area Type Clusters",3,92373,los_angeles_ca_r03,3,DMS2 Region 1,DMS2 Region 1,DMS2_EXCLUSIVE,8,8,5,3,0,0.625,0.5727493577394056,3.4591626256071035,71.95211273065736,93.60491655959969,14.716413124010677,AI103363,False,33.990042807834335,-118.19152470308715,90270,34.0368156583285,-117.1775247277185
"Los Angeles, CA - Area Type Clusters",3,92374,los_angeles_ca_r03,3,DMS2 Region 1,DMS2 Region 1,DMS2_EXCLUSIVE,13,13,7,6,0,0.5384615384615384,0.5372507030326281,5.6342009417276255,72.70757958292339,93.99709422735772,12.04160960272033,AI103363,False,33.990042807834335,-118.19152470308715,90270,34.068654939917,-117.1759296977207
"Los Angeles, CA - Area Type Clusters",3,92399,los_angeles_ca_r03,3,DMS2 Region 1,DMS2 Region 1,DMS2_EXCLUSIVE,11,11,6,5,0,0.5454545454545454,0.5338778739498388,5.128733574932475,82.7506893767862,106.41134390011187,25.028511665349992,AI103363,False,33.990042807834335,-118.19152470308715,90270,34.02514172348654,-117.03786698685454
"Los Angeles, CA - Area Type Clusters",3,92407,los_angeles_ca_r03,3,DMS2 Region 1,DMS2 Region 1,DMS2_EXCLUSIVE,19,19,7,12,0,0.3684210526315789,0.420498594763319,4.328371014627441,64.63129453911614,80.16991238657867,8.920280312160722,AI103363,False,33.990042807834335,-118.19152470308715,90270,34.183358932336525,-117.3528444178269
"Los Angeles, CA - Area Type Clusters",3,92408,los_angeles_ca_r03,3,DMS2 Region 1,DMS2 Region 1,DMS2_EXCLUSIVE,1,1,0,1,0,0.0,0.1268887624437533,4.0,64.44274370889276,83.90508813015067,10.645245869524937,AI103363,False,33.990042807834335,-118.19152470308715,90270,34.05207284322,-117.284194658858
"Los Angeles, CA - Area Type Clusters",3,92501,los_angeles_ca_r03,3,DMS2 Region 1,DMS2 Region 1,DMS2_EXCLUSIVE,5,5,0,5,0,0.0,0.1389049382472249,4.560332183680885,58.49812819102496,76.42770921779507,10.41038864582517,AI103127,False,33.990042807834335,-118.19152470308715,90270,34.0049916789036,-117.36267304691322
"Los Angeles, CA - Area Type Clusters",3,92503,los_angeles_ca_r03,3,DMS2 Region 1,DMS2 Region 1,DMS2_EXCLUSIVE,20,20,12,8,0,0.6,0.5330684331352205,0.0425584510381976,295.79231307381434,322.60611687898364,235.65000719574928,AI103363,False,33.990042807834335,-118.19152470308715,90270,34.52725751894254,-114.741752364413
"Los Angeles, CA - Area Type Clusters",3,92506,los_angeles_ca_r03,3,DMS2 Region 1,DMS2 Region 1,DMS2_EXCLUSIVE,9,9,5,4,0,0.5555555555555556,0.5229441424446144,2.865928053791191,57.14692805273998,74.96131977396489,7.399603426397305,AI102299,False,33.990042807834335,-118.19152470308715,90270,33.94562968285711,-117.3804334506088
"Los Angeles, CA - Area Type Clusters",3,92507,los_angeles_ca_r03,3,DMS2 Region 1,DMS2 Region 1,DMS2_EXCLUSIVE,5,5,4,1,0,0.8,0.6750836799173867,1.3232400106105005,60.57241008213625,79.65533265803161,13.20480079113238,AI102299,False,33.990042807834335,-118.19152470308715,90270,33.980690263619394,-117.3276623576056
"Los Angeles, CA - Area Type Clusters",3,92508,los_angeles_ca_r03,3,DMS2 Region 1,DMS2 Region 1,DMS2_EXCLUSIVE,7,7,4,3,0,0.5714285714285714,0.5402590993142642,4.277437169723466,61.760763120312575,81.8687863483282,9.185188663149615,AI102299,False,33.990042807834335,-118.19152470308715,90270,33.89247203333385,-117.31186925717384
"Los Angeles, CA - Area Type Clusters",3,92530,los_angeles_ca_r03,3,DMS2 Region 1,DMS2 Region 1,DMS2_EXCLUSIVE,16,16,15,1,0,0.9375,0.8116191069185789,4.120414134931979,66.47775540828144,85.39518099355443,17.055345207823997,AI101186,False,33.990042807834335,-118.19152470308715,90270,33.66195036988687,-117.3556724163682
"Los Angeles, CA - Area Type Clusters",3,92532,los_angeles_ca_r03,3,DMS2 Region 1,DMS2 Region 1,DMS2_EXCLUSIVE,7,7,6,1,0,0.8571428571428571,0.7358539904518644,3.761489634993269,69.09194186281388,90.49821829955545,10.382339756998002,AI101186,False,33.990042807834335,-118.19152470308715,90270,33.67870927841529,-117.28624465991514
"Los Angeles, CA - Area Type Clusters",3,92544,los_angeles_ca_r03,3,DMS2 Region 1,DMS2 Region 1,DMS2_EXCLUSIVE,10,10,6,4,0,0.6,0.561258363122797,4.032460821396924,93.60509405145577,120.54099773268044,23.61401989021613,AI103428,False,33.990042807834335,-118.19152470308715,90270,33.7415260655534,-116.92074249284042
"Los Angeles, CA - Area Type Clusters",3,92545,los_angeles_ca_r03,3,DMS2 Region 1,DMS2 Region 1,DMS2_EXCLUSIVE,4,4,4,0,0,1.0,0.8222427386306389,2.856517575392048,85.73845344306535,112.11317895742027,15.4769862103762,AI101186,False,33.990042807834335,-118.19152470308715,90270,33.73721088958525,-117.01608074524428
"Los Angeles, CA - Area Type Clusters",3,92548,los_angeles_ca_r03,3,DMS2 Region 1,DMS2 Region 1,DMS2_EXCLUSIVE,1,1,1,0,0,1.0,0.8258083290353493,4.0,76.87618040424361,101.99517586604492,8.212594693209509,AI101186,False,33.990042807834335,-118.19152470308715,90270,33.755857217511,-117.123360867957
"Los Angeles, CA - Area Type Clusters",3,92551,los_angeles_ca_r03,3,DMS2 Region 1,DMS2 Region 1,DMS2_EXCLUSIVE,10,10,8,2,0,0.8,0.7389564683839098,8.879951441694637,67.18202858689939,89.18758675717768,16.598380305616836,AI102299,False,33.990042807834335,-118.19152470308715,90270,33.894910080254306,-117.231513943635
"Los Angeles, CA - Area Type Clusters",3,92553,los_angeles_ca_r03,3,DMS2 Region 1,DMS2 Region 1,DMS2_EXCLUSIVE,10,10,7,3,0,0.7,0.6449502310174436,5.591798783402962,67.09371476521511,88.91395995856655,17.024481536068958,AI102299,False,33.990042807834335,-118.19152470308715,90270,33.9191717065104,-117.2313120636014
"Los Angeles, CA - Area Type Clusters",3,92555,los_angeles_ca_r03,3,DMS2 Region 1,DMS2 Region 1,DMS2_EXCLUSIVE,12,12,8,4,0,0.6666666666666666,0.6148710433041209,4.203073605204397,70.6320609302179,93.45499539031394,21.279562325982067,AI102299,False,33.990042807834335,-118.19152470308715,90270,33.91177220842158,-117.18273115857885
"Los Angeles, CA - Area Type Clusters",3,92557,los_angeles_ca_r03,3,DMS2 Region 1,DMS2 Region 1,DMS2_EXCLUSIVE,15,15,8,7,0,0.5333333333333333,0.5473331061615779,6.924476227083074,66.4317472504279,87.701347887761,17.821342901697804,AI102299,False,33.990042807834335,-118.19152470308715,90270,33.9605057219118,-117.2411017068302
"Los Angeles, CA - Area Type Clusters",3,92567,los_angeles_ca_r03,3,DMS2 Region 1,DMS2 Region 1,DMS2_EXCLUSIVE,1,1,1,0,0,1.0,0.82587586764381,4.0,76.09895803564864,100.7586748777006,14.824016606017093,AI101186,False,33.990042807834335,-118.19152470308715,90270,33.820970228275,-117.11889880239
"Los Angeles, CA - Area Type Clusters",3,92570,los_angeles_ca_r03,3,DMS2 Region 1,DMS2 Region 1,DMS2_EXCLUSIVE,10,10,9,1,1,0.9,0.7554882421092014,1.520054103668383,63.93341114078657,84.52662206664047,14.264190142621151,AI102299,False,33.990042807834335,-118.19152470308715,90270,33.787781902731304,-117.30880181722448
"Los Angeles, CA - Area Type Clusters",3,92571,los_angeles_ca_r03,3,DMS2 Region 1,DMS2 Region 1,DMS2_EXCLUSIVE,12,12,9,3,1,0.75,0.681947026199804,5.3880775195529855,69.6150687651318,92.66244615532868,13.395740896723886,AI101186,False,33.990042807834335,-118.19152470308715,90270,33.813475884074414,-117.21029516761055
"Los Angeles, CA - Area Type Clusters",3,92582,los_angeles_ca_r03,3,DMS2 Region 1,DMS2 Region 1,DMS2_EXCLUSIVE,5,5,3,2,0,0.6,0.5552976434396903,4.389715008011925,85.67097503375605,111.90412106549688,18.19259955095801,AI101186,False,33.990042807834335,-118.19152470308715,90270,33.7789804842872,-117.0062130454664
"Los Angeles, CA - Area Type Clusters",3,92583,los_angeles_ca_r03,3,DMS2 Region 1,DMS2 Region 1,DMS2_EXCLUSIVE,10,10,9,1,0,0.9,0.7760038016261671,4.636290195513347,89.74335911859559,116.29003012839657,22.783206854073484,AI101186,False,33.990042807834335,-118.19152470308715,90270,33.7877106879865,-116.95547727845698
"Los Angeles, CA - Area Type Clusters",3,92587,los_angeles_ca_r03,3,DMS2 Region 1,DMS2 Region 1,DMS2_EXCLUSIVE,1,1,1,0,0,1.0,0.8263831666693295,4.0,70.2610505159914,93.13798651752973,6.164779103676787,AI101186,False,33.990042807834335,-118.19152470308715,90270,33.714676498897,-117.23899137267
"Los Angeles, CA - Area Type Clusters",3,92592,los_angeles_ca_r03,3,DMS2 Region 1,DMS2 Region 1,DMS2_EXCLUSIVE,18,18,13,5,0,0.7222222222222222,0.6900182962397985,7.903888982846102,92.27138755184444,116.30018459729548,13.711428368668802,AI103377,False,33.990042807834335,-118.19152470308715,90270,33.48371774763678,-117.09099472022676
"Los Angeles, CA - Area Type Clusters",3,92596,los_angeles_ca_r03,3,DMS2 Region 1,DMS2 Region 1,DMS2_EXCLUSIVE,17,17,13,4,0,0.7647058823529411,0.6472663077925085,0.0438828291407756,244.58663762631963,273.4724154511303,172.38478559156974,AI102798,False,33.990042807834335,-118.19152470308715,90270,33.61592968175853,-115.266140343829
"Los Angeles, CA - Area Type Clusters",3,92603,los_angeles_ca_r03,3,DMS2 Region 1,DMS2 Region 1,DMS2_EXCLUSIVE,5,5,4,1,2,0.8,0.6992301111598636,4.556028732810264,54.39441872404459,53.90353737843317,9.445294097938218,AI103803,False,33.990042807834335,-118.19152470308715,90270,33.6380811365162,-117.79030933951098
"Los Angeles, CA - Area Type Clusters",3,92610,los_angeles_ca_r03,3,DMS2 Region 1,DMS2 Region 1,DMS2_EXCLUSIVE,1,1,1,0,1,1.0,0.827794715495138,4.0,54.017196122400456,60.42373141703226,15.164531677324913,AI103803,False,33.990042807834335,-118.19152470308715,90270,33.683094725899,-117.651681402375
"Los Angeles, CA - Area Type Clusters",3,92612,los_angeles_ca_r03,3,DMS2 Region 1,DMS2 Region 1,DMS2_EXCLUSIVE,4,4,4,0,1,1.0,0.8244399288656294,2.7562695464090785,52.02838158548916,49.96777302832343,6.2825712473978506,AI103803,False,33.990042807834335,-118.19152470308715,90270,33.665530050434995,-117.817332319837
"Los Angeles, CA - Area Type Clusters",3,92617,los_angeles_ca_r03,3,DMS2 Region 1,DMS2 Region 1,DMS2_EXCLUSIVE,2,2,1,1,0,0.5,0.4940678987683746,5.976939494068162,54.207972892998754,51.37223095677906,9.812618206733177,AI103803,False,33.990042807834335,-118.19152470308715,90270,33.6359288359585,-117.8343875931585
"Los Angeles, CA - Area Type Clusters",3,92618,los_angeles_ca_r03,3,DMS2 Region 1,DMS2 Region 1,DMS2_EXCLUSIVE,19,19,14,5,0,0.7368421052631579,0.5491500413222786,0.0106305930569783,1189.0622280545315,1218.453467388267,1118.267274756186,AI102798,False,33.990042807834335,-118.19152470308715,90270,32.675955456393055,-105.16160930325232
"Los Angeles, CA - Area Type Clusters",3,92624,los_angeles_ca_r03,3,DMS2 Region 1,DMS2 Region 1,DMS2_EXCLUSIVE,4,4,4,0,0,1.0,0.8371835418059862,4.728485431983926,71.12905751655886,76.904500499125,32.35776974924886,AI103803,False,33.990042807834335,-118.19152470308715,90270,33.4586601669005,-117.6592691957355
"Los Angeles, CA - Area Type Clusters",3,92625,los_angeles_ca_r03,3,DMS2 Region 1,DMS2 Region 1,DMS2_EXCLUSIVE,1,1,0,1,1,0.0,0.1274699289987368,4.0,57.75478171638322,53.9930108273265,15.17475772165234,AI103803,False,33.990042807834335,-118.19152470308715,90270,33.591374011359,-117.857975227345
"Los Angeles, CA - Area Type Clusters",3,92627,los_angeles_ca_r03,3,DMS2 Region 1,DMS2 Region 1,DMS2_EXCLUSIVE,15,15,14,1,0,0.9333333333333332,0.8520242915041651,10.148197711762029,53.22277963904925,45.61700294181592,12.868471063159287,AI103803,False,33.990042807834335,-118.19152470308715,90270,33.648935135869266,-117.91719110621852
"Los Angeles, CA - Area Type Clusters",3,92629,los_angeles_ca_r03,3,DMS2 Region 1,DMS2 Region 1,DMS2_EXCLUSIVE,9,9,7,2,0,0.7777777777777778,0.7056187940360961,6.717739215958547,68.78484666911727,72.90453194706187,28.93442731002742,AI103803,False,33.990042807834335,-118.19152470308715,90270,33.47798414983566,-117.69914531352268
"Los Angeles, CA - Area Type Clusters",3,92630,los_angeles_ca_r03,3,DMS2 Region 1,DMS2 Region 1,DMS2_EXCLUSIVE,15,15,12,3,0,0.8,0.7363064398506591,7.112724304954872,55.70805775881701,60.61821520616392,14.403955606097576,AI103803,False,33.990042807834335,-118.19152470308715,90270,33.646003523522204,-117.68252461904856
"Los Angeles, CA - Area Type Clusters",3,92637,los_angeles_ca_r03,3,DMS2 Region 1,DMS2 Region 1,DMS2_EXCLUSIVE,7,7,3,4,1,0.4285714285714285,0.4450887414067909,4.889975173351444,57.66193185067538,60.6407431258963,14.90182757717626,AI103803,False,33.990042807834335,-118.19152470308715,90270,33.60842810744271,-117.722694771702
"Los Angeles, CA - Area Type Clusters",3,92646,los_angeles_ca_r03,3,DMS2 Region 1,DMS2 Region 1,DMS2_EXCLUSIVE,16,16,14,2,0,0.875,0.803711462080207,8.86212834025572,52.52051419556982,41.75426576715368,16.014102808758075,AI103803,False,33.990042807834335,-118.19152470308715,90270,33.663885012215935,-117.96752928517306
"Los Angeles, CA - Area Type Clusters",3,92647,los_angeles_ca_r03,3,DMS2 Region 1,DMS2 Region 1,DMS2_EXCLUSIVE,11,11,5,6,0,0.4545454545454545,0.4815189523513254,6.270175295038736,48.90263426231938,34.952508191510056,10.95677534453409,AI103410,False,33.990042807834335,-118.19152470308715,90270,33.718877135541824,-118.00008315052644
"Los Angeles, CA - Area Type Clusters",3,92648,los_angeles_ca_r03,3,DMS2 Region 1,DMS2 Region 1,DMS2_EXCLUSIVE,8,8,7,1,1,0.875,0.7575192657973855,4.557622386795564,51.84013803284315,38.65538271686553,15.322119306650452,AI103410,False,33.990042807834335,-118.19152470308715,90270,33.679685471385,-118.00297551321236
"Los Angeles, CA - Area Type Clusters",3,92651,los_angeles_ca_r03,3,DMS2 Region 1,DMS2 Region 1,DMS2_EXCLUSIVE,7,7,6,1,3,0.8571428571428571,0.7269874120970061,2.485658874623513,63.90167884512697,65.69511233626041,22.328328507169385,AI103803,False,33.990042807834335,-118.19152470308715,90270,33.52678227303529,-117.75049018694672
"Los Angeles, CA - Area Type Clusters",3,92653,los_angeles_ca_r03,3,DMS2 Region 1,DMS2 Region 1,DMS2_EXCLUSIVE,10,10,7,3,0,0.7,0.6585562138169452,7.366715622788888,59.68868885320929,64.15590977772884,18.249612779188872,AI103803,False,33.990042807834335,-118.19152470308715,90270,33.589698637999,-117.691607265803
"Los Angeles, CA - Area Type Clusters",3,92656,los_angeles_ca_r03,3,DMS2 Region 1,DMS2 Region 1,DMS2_EXCLUSIVE,19,19,16,3,0,0.8421052631578947,0.752551381796536,4.325395520111789,58.92836046225696,60.635579641618506,15.94297186273563,AI103803,False,33.990042807834335,-118.19152470308715,90270,33.587013570256,-117.74954434497351
"Los Angeles, CA - Area Type Clusters",3,92657,los_angeles_ca_r03,3,DMS2 Region 1,DMS2 Region 1,DMS2_EXCLUSIVE,1,1,1,0,0,1.0,0.8275713197278416,4.0,56.5879951268397,54.76458698277262,12.735865601440535,AI103803,False,33.990042807834335,-118.19152470308715,90270,33.607336475359,-117.818475031074
"Los Angeles, CA - Area Type Clusters",3,92660,los_angeles_ca_r03,3,DMS2 Region 1,DMS2 Region 1,DMS2_EXCLUSIVE,10,10,9,1,1,0.9,0.7892040117527322,6.021821907208663,54.28260533231422,49.29688080790243,11.456090492379658,AI103803,False,33.990042807834335,-118.19152470308715,90270,33.6338535703059,-117.8738272608758
"Los Angeles, CA - Area Type Clusters",3,92663,los_angeles_ca_r03,3,DMS2 Region 1,DMS2 Region 1,DMS2_EXCLUSIVE,4,4,4,0,0,1.0,0.8346199235751481,4.194716258244259,55.77089468121076,48.41601746583478,15.502701455290511,AI103803,False,33.990042807834335,-118.19152470308715,90270,33.617472111339495,-117.92034120158448
"Los Angeles, CA - Area Type Clusters",3,92673,los_angeles_ca_r03,3,DMS2 Region 1,DMS2 Region 1,DMS2_EXCLUSIVE,15,15,13,2,0,0.8666666666666667,0.7851024040449365,7.593827203709354,71.63804852071833,79.10093449168517,33.82791310933095,AI103803,False,33.990042807834335,-118.19152470308715,90270,33.46221697045613,-117.6180975030556
"Los Angeles, CA - Area Type Clusters",3,92675,los_angeles_ca_r03,3,DMS2 Region 1,DMS2 Region 1,DMS2_EXCLUSIVE,16,16,13,3,0,0.8125,0.747840758839996,7.387911658468449,68.10509846084082,73.98577801057219,28.898391493267063,AI103803,False,33.990042807834335,-118.19152470308715,90270,33.49408476838244,-117.6581095454413
"Los Angeles, CA - Area Type Clusters",3,92676,los_angeles_ca_r03,3,DMS2 Region 1,DMS2 Region 1,DMS2_EXCLUSIVE,1,1,1,0,0,1.0,0.827807176712994,4.0,53.87379462985556,61.42327844188888,16.968459740486328,AI103803,False,33.990042807834335,-118.19152470308715,90270,33.696723,-117.627951
"Los Angeles, CA - Area Type Clusters",3,92677,los_angeles_ca_r03,3,DMS2 Region 1,DMS2 Region 1,DMS2_EXCLUSIVE,18,18,13,5,0,0.7222222222222222,0.6983869285073872,8.718358837038934,64.4175418837806,68.27674051866214,23.570500595976007,AI103803,False,33.990042807834335,-118.19152470308715,90270,33.52812899564133,-117.70491605520428
"Los Angeles, CA - Area Type Clusters",3,92679,los_angeles_ca_r03,3,DMS2 Region 1,DMS2 Region 1,DMS2_EXCLUSIVE,11,11,10,1,0,0.9090909090909092,0.7732993368157016,2.7759895083265715,59.0620719431872,68.4960910859341,22.81738532299429,AI103803,False,33.990042807834335,-118.19152470308715,90270,33.635925587410185,-117.58487207948345
"Los Angeles, CA - Area Type Clusters",3,92688,los_angeles_ca_r03,3,DMS2 Region 1,DMS2 Region 1,DMS2_EXCLUSIVE,11,11,9,2,0,0.8181818181818182,0.723093589028534,4.607835460205238,58.45965963224096,66.61029348655879,20.656186930001777,AI103803,False,33.990042807834335,-118.19152470308715,90270,33.63244276247409,-117.61310223722164
"Los Angeles, CA - Area Type Clusters",3,92691,los_angeles_ca_r03,3,DMS2 Region 1,DMS2 Region 1,DMS2_EXCLUSIVE,11,11,8,3,0,0.7272727272727273,0.6624127994861958,5.005739182716831,57.888655938667554,63.5294134343854,17.27926550829007,AI103803,False,33.990042807834335,-118.19152470308715,90270,33.620693853294,-117.66693900530564
"Los Angeles, CA - Area Type Clusters",3,92692,los_angeles_ca_r03,3,DMS2 Region 1,DMS2 Region 1,DMS2_EXCLUSIVE,22,22,17,5,0,0.7727272727272727,0.7462081313216974,9.343390136462734,58.71478015908841,65.53925413722138,19.317578332929216,AI103803,False,33.990042807834335,-118.19152470308715,90270,33.617916399788406,-117.6414479350831
"Los Angeles, CA - Area Type Clusters",3,92708,los_angeles_ca_r03,3,DMS2 Region 1,DMS2 Region 1,DMS2_EXCLUSIVE,14,14,12,2,2,0.8571428571428571,0.7815571074517623,8.01000214436397,49.38388728673874,38.591008075379165,13.17063128753445,AI103410,False,33.990042807834335,-118.19152470308715,90270,33.703649659971,-117.9554950449403
"Los Angeles, CA - Area Type Clusters",3,92883,los_angeles_ca_r03,3,DMS2 Region 1,DMS2 Region 1,DMS2_EXCLUSIVE,13,13,10,3,0,0.7692307692307693,0.6851587676775283,3.556625676722184,54.95708588455173,68.86943099617504,13.881586626165038,AI102299,False,33.990042807834335,-118.19152470308715,90270,33.778173695298456,-117.4904685911243
"Los Angeles, CA - Area Type Clusters",3,93015,los_angeles_ca_r03,3,DMS2 Region 1,DMS2 Region 1,DMS2_EXCLUSIVE,2,2,2,0,0,1.0,0.8077576569758921,1.6474162884543753,108.19154407915896,80.15409675833315,32.74254541801868,AI103301,False,33.990042807834335,-118.19152470308715,90270,34.397406104377495,-118.910511850668
"Los Angeles, CA - Area Type Clusters",3,93021,los_angeles_ca_r03,3,DMS2 Region 1,DMS2 Region 1,DMS2_EXCLUSIVE,15,15,11,4,0,0.7333333333333333,0.6858873309184426,7.130380843828651,100.37441738357022,71.19633508627675,23.08661834141088,AI103301,False,33.990042807834335,-118.19152470308715,90270,34.28135638393181,-118.88038481211991
"Los Angeles, CA - Area Type Clusters",3,93022,los_angeles_ca_r03,3,DMS2 Region 1,DMS2 Region 1,DMS2_EXCLUSIVE,1,1,0,1,0,0.0,0.1202830755774804,4.0,140.45982059884372,111.4429419288596,63.43748912210813,AI103301,False,33.990042807834335,-118.19152470308715,90270,34.410882839932,-119.291303679814
"Los Angeles, CA - Area Type Clusters",3,93023,los_angeles_ca_r03,3,DMS2 Region 1,DMS2 Region 1,DMS2_EXCLUSIVE,2,2,1,1,0,0.5,0.4614899267819838,2.551184910053339,141.19711888333134,112.43901025382684,64.32521633258682,AI103301,False,33.990042807834335,-118.19152470308715,90270,34.444830381949004,-119.2837276427615
"Los Angeles, CA - Area Type Clusters",3,93060,los_angeles_ca_r03,3,DMS2 Region 1,DMS2 Region 1,DMS2_EXCLUSIVE,4,4,0,4,0,0.0,0.1357225356887121,5.103976975442575,119.49968033796225,90.58027407956212,42.46160070397791,AI103301,False,33.990042807834335,-118.19152470308715,90270,34.36054963506975,-119.068421585835
