STRATEGIC_CITY_NAME,candidate_region_count,POSTAL_CODE,region_id,region_seq,AREA_NAME,new_region_name,area_type,service_count,relevant_calls,dms_calls,dms2_calls,asc_calls,dms_share_zip,dms_fit_score,density_raw,dms_avg_distance_km,distance_to_density_center_km,nearest_dms_home_distance_km,nearest_dms_home_code,is_dms_home_anchor,density_center_latitude,density_center_longitude,density_center_postal_code,latitude,longitude
"North Jersey, NJ",3,07470,north_jersey_nj_r01,1,DMS Region 1,DMS Region 1,DMS_CORE,17,17,15,2,0,0.8823529411764706,0.7763949781090986,6.371227471176867,45.96330972636536,35.586161505676785,6.063106282678842,AI105012,True,40.72509005935567,-73.95270338260443,11222,40.94894824195206,-74.25500377754223
"North Jersey, NJ",3,07501,north_jersey_nj_r01,1,DMS Region 1,DMS Region 1,DMS_CORE,5,5,3,2,1,0.6,0.5465386915660352,4.555751094699318,43.018987691686675,27.98114136295756,10.033342604889144,AI105012,False,40.72509005935567,-73.95270338260443,11222,40.9132147680494,-74.1735459514434
"North Jersey, NJ",3,07506,north_jersey_nj_r01,1,DMS Region 1,DMS Region 1,DMS_CORE,5,5,5,0,0,1.0,0.8495974808179226,10.19604784876586,44.846398615509806,30.461618259362755,7.458381263282565,AI105012,False,40.72509005935567,-73.95270338260443,11222,40.954820039911006,-74.1499652955978
"North Jersey, NJ",3,07512,north_jersey_nj_r01,1,DMS Region 1,DMS Region 1,DMS_CORE,6,6,5,1,0,0.8333333333333334,0.773796968945745,19.57562128952871,43.04743814046953,29.357844671281878,10.418770677763344,AI105012,False,40.72509005935567,-73.95270338260443,11222,40.903032454401,-74.21041897127317
"North Jersey, NJ",3,07631,north_jersey_nj_r01,1,DMS Region 1,DMS Region 1,DMS_CORE,16,16,10,6,0,0.625,0.6232163094015339,13.36066248932707,42.94363102165726,18.689792874583873,4.109018052498506,AI104065,False,40.72509005935567,-73.95270338260443,11222,40.89251167994137,-73.97235589452256
"North Jersey, NJ",3,07650,north_jersey_nj_r01,1,DMS Region 1,DMS Region 1,DMS_CORE,5,5,4,1,0,0.8,0.7140426587296186,11.180597770221274,40.514792915998015,14.266704050324302,1.623962521960381,AI104065,False,40.72509005935567,-73.95270338260443,11222,40.8487217659614,-73.9980142001602
"North Jersey, NJ",3,07666,north_jersey_nj_r01,1,DMS Region 1,DMS Region 1,DMS_CORE,18,18,17,1,0,0.9444444444444444,0.8548646025096011,14.285339231173802,42.244388930881065,18.97050978045597,4.389915938614686,AI104065,True,40.72509005935567,-73.95270338260443,11222,40.89071163270328,-74.00678731753801
"North Jersey, NJ",3,07670,north_jersey_nj_r01,1,DMS Region 1,DMS Region 1,DMS_CORE,6,6,5,1,0,0.8333333333333334,0.7221946484234574,7.0806076293945495,44.7545409978948,22.164174737794482,7.6363097511243065,AI104065,False,40.72509005935567,-73.95270338260443,11222,40.924091878475664,-73.96774206532366
"North Jersey, NJ",3,07801,north_jersey_nj_r01,1,DMS Region 1,DMS Region 1,DMS_CORE,4,4,2,2,0,0.5,0.4772081393759755,5.4580806461652855,53.67416974281517,53.52374987510722,0.17339977501083628,AI105140,True,40.72509005935567,-73.95270338260443,11222,40.8922438385715,-74.54908153220299
"North Jersey, NJ",3,07885,north_jersey_nj_r01,1,DMS Region 1,DMS Region 1,DMS_CORE,4,4,3,1,0,0.75,0.6634791641399946,8.347291717223897,60.59579461601745,60.59592353278378,10.35290556177269,AI105140,False,40.72509005935567,-73.95270338260443,11222,40.978271877081,-74.5906807750175
"North Jersey, NJ",3,08048,north_jersey_nj_r01,1,DMS Region 1,DMS Region 1,DMS_CORE,6,6,4,2,0,0.6666666666666666,0.5913824840208488,4.831685974030811,98.83654248706529,110.6342383104429,12.32709646917454,AI103541,False,40.72509005935567,-73.95270338260443,11222,39.96864080974451,-74.80075316243999
"North Jersey, NJ",3,08505,north_jersey_nj_r01,1,DMS Region 1,DMS Region 1,DMS_CORE,10,10,8,2,0,0.8,0.69263261966149,4.376191918016011,82.68625558883751,93.17374068465547,13.457352075989661,AI103541,False,40.72509005935567,-73.95270338260443,11222,40.1292715348809,-74.72669436658751
"North Jersey, NJ",3,10301,north_jersey_nj_r01,1,DMS Region 1,DMS Region 1,DMS_CORE,10,10,9,1,0,0.9,0.7807750541334129,7.786079393875758,37.275488155016234,16.40235718161386,5.010919558593234,AI103306,False,40.72509005935567,-73.95270338260443,11222,40.62599814193929,-74.09678059366891
"North Jersey, NJ",3,10304,north_jersey_nj_r01,1,DMS Region 1,DMS Region 1,DMS_CORE,9,9,4,5,0,0.4444444444444444,0.46240674798580317,8.422751313862133,37.47003665911459,16.357511343427536,4.1425709838790326,AI103306,False,40.72509005935567,-73.95270338260443,11222,40.61677462044922,-74.083941244536
"North Jersey, NJ",3,10307,north_jersey_nj_r01,1,DMS Region 1,DMS Region 1,DMS_CORE,2,2,0,2,0,0.0,0.13159758194204083,7.249810649527827,40.62655350617567,34.75530579889443,1.2293004174422228,AI102166,False,40.72509005935567,-73.95270338260443,11222,40.5037661751315,-74.243446158487
"North Jersey, NJ",3,10309,north_jersey_nj_r01,1,DMS Region 1,DMS Region 1,DMS_CORE,13,13,9,4,0,0.6923076923076923,0.6669061963642668,13.961125827098002,39.045985751433754,29.824151617750253,4.114812557367464,AI102166,False,40.72509005935567,-73.95270338260443,11222,40.54180480366569,-74.21073866402563
"North Jersey, NJ",3,10312,north_jersey_nj_r01,1,DMS Region 1,DMS Region 1,DMS_CORE,21,21,12,9,0,0.5714285714285714,0.6041026565720137,15.205579513681865,38.811847349451504,27.285970847184508,6.812730209896452,AI102166,True,40.72509005935567,-73.95270338260443,11222,40.547507718635664,-74.175869715227
"North Jersey, NJ",3,10977,north_jersey_nj_r01,1,DMS Region 1,DMS Region 1,DMS_CORE,14,14,14,0,3,1.0,0.8477548731158024,5.443979303235569,56.204013617050826,42.98868964826825,6.351931310048467,AI103382,True,40.72509005935567,-73.95270338260443,11222,41.105045770372065,-74.04718756322173
"North Jersey, NJ",3,10994,north_jersey_nj_r01,1,DMS Region 1,DMS Region 1,DMS_CORE,3,3,3,0,1,1.0,0.823586776539071,5.142667080834055,56.32333999220191,40.922346380571895,9.658262292849393,AI103382,False,40.72509005935567,-73.95270338260443,11222,41.09263577742001,-73.977495838577
"North Jersey, NJ",3,11003,north_jersey_nj_r01,1,DMS Region 1,DMS Region 1,DMS_CORE,6,6,0,6,0,0.0,0.13111400755448321,5.27778922793147,48.34355155852171,20.777949303674188,2.0856818772312398,AI103409,False,40.72509005935567,-73.95270338260443,11222,40.696239468733665,-73.709145873108
"North Jersey, NJ",3,11010,north_jersey_nj_r01,1,DMS Region 1,DMS Region 1,DMS_CORE,7,7,0,7,0,0.0,0.1425918233770514,7.605937269378645,50.4650199073404,23.593209306598144,4.8184049505774675,AI103409,False,40.72509005935567,-73.95270338260443,11222,40.70112210947328,-73.674570549543
"North Jersey, NJ",3,11203,north_jersey_nj_r01,1,DMS Region 1,DMS Region 1,DMS_CORE,7,7,6,1,0,0.8571428571428571,0.7378412871851212,6.211110399681407,39.47665895063502,8.388395497866245,6.0235302467001794,AI103381,False,40.72509005935567,-73.95270338260443,11222,40.65012776257257,-73.94154203164427
"North Jersey, NJ",3,11204,north_jersey_nj_r01,1,DMS Region 1,DMS Region 1,DMS_CORE,20,20,0,20,0,0.0,0.2307489458787673,22.19031408459554,39.14348838638575,12.13963678252111,10.434673858955879,AI103306,False,40.72509005935567,-73.95270338260443,11222,40.618545984465,-73.9841087738294
"North Jersey, NJ",3,11208,north_jersey_nj_r01,1,DMS Region 1,DMS Region 1,DMS_CORE,9,9,4,5,0,0.4444444444444444,0.4726341216090267,10.985856026277341,41.08083362151168,9.18517513840805,0.846870995529797,AI103381,False,40.72509005935567,-73.95270338260443,11222,40.671941110553554,-73.86929684381622
"North Jersey, NJ",3,11210,north_jersey_nj_r01,1,DMS Region 1,DMS Region 1,DMS_CORE,12,12,0,12,0,0.0,0.18536875827794988,15.231738172268637,39.825903199678486,10.75331790964039,7.689119502729603,AI103381,False,40.72509005935567,-73.95270338260443,11222,40.62853971461758,-73.94545343545042
"North Jersey, NJ",3,11212,north_jersey_nj_r01,1,DMS Region 1,DMS Region 1,DMS_CORE,5,5,5,0,0,1.0,0.8326469831952782,5.9713587512155595,39.92456234981403,7.640156872720186,3.339159939408135,AI103381,False,40.72509005935567,-73.95270338260443,11222,40.662843737903,-73.914332694814
"North Jersey, NJ",3,11213,north_jersey_nj_r01,1,DMS Region 1,DMS Region 1,DMS_CORE,14,14,13,1,0,0.9285714285714286,0.8649352583607,21.387912233830196,39.25202795695956,6.1906162224207195,5.1774606623354025,AI103381,False,40.72509005935567,-73.95270338260443,11222,40.670344676354716,-73.93935110001594
"North Jersey, NJ",3,11214,north_jersey_nj_r01,1,DMS Region 1,DMS Region 1,DMS_CORE,4,4,0,4,0,0.0,0.13248442341009067,6.425565519377083,39.364642390024294,14.479637542322395,8.775509328991008,AI103306,False,40.72509005935567,-73.95270338260443,11222,40.59912378471275,-73.99621278812674
"North Jersey, NJ",3,11219,north_jersey_nj_r01,1,DMS Region 1,DMS Region 1,DMS_CORE,19,19,0,19,0,0.0,0.24840207495138295,26.971613664370146,38.59549038255251,11.039249375958137,10.160162995852131,AI103306,True,40.72509005935567,-73.95270338260443,11222,40.63175607979637,-73.99732069038458
"North Jersey, NJ",3,11220,north_jersey_nj_r01,1,DMS Region 1,DMS Region 1,DMS_CORE,4,4,0,4,0,0.0,0.13552826588600675,7.135058570122516,38.00847854316919,11.170427818206523,9.08052268713359,AI103306,False,40.72509005935567,-73.95270338260443,11222,40.639912215185745,-74.02293516445951
"North Jersey, NJ",3,11223,north_jersey_nj_r01,1,DMS Region 1,DMS Region 1,DMS_CORE,12,12,0,12,1,0.0,0.1746659308186785,12.633197612334492,39.86309751740195,13.809816314932378,10.814668051056923,AI103306,False,40.72509005935567,-73.95270338260443,11222,40.601782935084586,-73.97224031144466
"North Jersey, NJ",3,11224,north_jersey_nj_r01,1,DMS Region 1,DMS Region 1,DMS_CORE,8,8,0,8,0,0.0,0.15263297975294363,9.313043388458075,40.18315049118733,16.70125858809352,9.032832412748986,AI103306,False,40.72509005935567,-73.95270338260443,11222,40.5776509931465,-73.99047253598013
"North Jersey, NJ",3,11226,north_jersey_nj_r01,1,DMS Region 1,DMS Region 1,DMS_CORE,8,8,6,2,0,0.75,0.6954661603794631,13.620806095939185,39.12038818927805,8.348106814139216,7.229809307877777,AI103381,False,40.72509005935567,-73.95270338260443,11222,40.6500954805785,-73.95731961915388
"North Jersey, NJ",3,11228,north_jersey_nj_r01,1,DMS Region 1,DMS Region 1,DMS_CORE,10,10,0,10,0,0.0,0.17297495731960938,13.20700653209859,38.61177620436457,12.882396149083826,8.42607998545246,AI103306,False,40.72509005935567,-73.95270338260443,11222,40.617722542288895,-74.0100885868591
"North Jersey, NJ",3,11233,north_jersey_nj_r01,1,DMS Region 1,DMS Region 1,DMS_CORE,6,6,3,3,0,0.5,0.5006727678139026,9.837542070544101,39.66468821972218,6.010443827674413,3.3805212968745852,AI103381,False,40.72509005935567,-73.95270338260443,11222,40.67776097048233,-73.91826364979484
"North Jersey, NJ",3,11234,north_jersey_nj_r01,1,DMS Region 1,DMS Region 1,DMS_CORE,24,24,0,24,0,0.0,0.23568565241286246,21.399491955349525,40.697939263756375,12.166757243753144,7.425072431267013,AI103381,False,40.72509005935567,-73.95270338260443,11222,40.61795391696775,-73.92339390686567
"North Jersey, NJ",3,11235,north_jersey_nj_r01,1,DMS Region 1,DMS Region 1,DMS_CORE,11,11,0,11,0,0.0,0.18412095120151725,15.456679436375794,40.829565082961565,15.678585671041837,11.840360765566558,AI103306,False,40.72509005935567,-73.95270338260443,11222,40.584130579084906,-73.95719783760434
"North Jersey, NJ",3,11236,north_jersey_nj_r01,1,DMS Region 1,DMS Region 1,DMS_CORE,25,25,21,4,0,0.84,0.881743697915577,34.99656157215642,40.8208135154126,10.759881345728113,4.777660958755214,AI103381,True,40.72509005935567,-73.95270338260443,11222,40.636283501964606,-73.90202523468768
"North Jersey, NJ",3,11239,north_jersey_nj_r01,1,DMS Region 1,DMS Region 1,DMS_CORE,2,2,1,1,0,0.5,0.48462904576177135,8.0,41.26233254414689,10.16634165888465,2.1127426135003566,AI103381,False,40.72509005935567,-73.95270338260443,11222,40.656818568472,-73.872501775743
"North Jersey, NJ",3,11411,north_jersey_nj_r01,1,DMS Region 1,DMS Region 1,DMS_CORE,4,4,2,2,0,0.5,0.4843685943362806,7.044811245188039,46.73228687486323,18.387054509914464,1.672941965759742,AI103409,False,40.72509005935567,-73.95270338260443,11222,40.694766150445254,-73.73825776443175
"North Jersey, NJ",3,11412,north_jersey_nj_r01,1,DMS Region 1,DMS Region 1,DMS_CORE,7,7,6,1,0,0.8571428571428571,0.7449692405172613,8.0785820345544,45.69058009481321,16.533977078329528,3.267025865276705,AI103409,False,40.72509005935567,-73.95270338260443,11222,40.697280964038995,-73.76000089219258
"North Jersey, NJ",3,11414,north_jersey_nj_r01,1,DMS Region 1,DMS Region 1,DMS_CORE,5,5,3,2,0,0.6,0.5578717804775009,7.289524138438361,42.16880140681456,11.46980709785265,3.121343053604825,AI103381,False,40.72509005935567,-73.95270338260443,11222,40.6594236395566,-73.84778936069381
"North Jersey, NJ",3,11429,north_jersey_nj_r01,1,DMS Region 1,DMS Region 1,DMS_CORE,6,6,5,1,0,0.8333333333333334,0.7407600103827529,11.63038914177982,46.61782404280598,17.896836333071,3.067295382891394,AI103409,False,40.72509005935567,-73.95270338260443,11222,40.707786871724004,-73.7415842916545
"North Jersey, NJ",3,11563,north_jersey_nj_r01,1,DMS Region 1,DMS Region 1,DMS_CORE,9,9,0,9,0,0.0,0.15491927030917083,9.60016383637735,51.0232626551985,24.7436736628556,5.270842035776343,AI103409,False,40.72509005935567,-73.95270338260443,11222,40.658371304021216,-73.67272506909421
"North Jersey, NJ",3,11580,north_jersey_nj_r01,1,DMS Region 1,DMS Region 1,DMS_CORE,16,16,0,16,0,0.0,0.20338905752523295,17.775380357203108,48.531767222523655,21.33848361952052,1.7414880950335,AI103409,True,40.72509005935567,-73.95270338260443,11222,40.67505754600694,-73.70833428733687
"North Jersey, NJ",3,11581,north_jersey_nj_r01,1,DMS Region 1,DMS Region 1,DMS_CORE,9,9,0,9,0,0.0,0.15369603428970685,9.245077383641073,48.37949123408549,21.319022449437156,3.6937863841305325,AI103409,False,40.72509005935567,-73.95270338260443,11222,40.64985938718233,-73.720136489057
"North Jersey, NJ",3,11729,north_jersey_nj_r01,1,DMS Region 1,DMS Region 1,DMS_CORE,5,5,0,5,1,0.0,0.12291669175538043,4.345956094032831,73.55114658017462,51.98123988801399,11.988555721082891,AI102719,False,40.72509005935567,-73.95270338260443,11222,40.764043906549404,-73.337818831509
"North Jersey, NJ",3,11740,north_jersey_nj_r01,1,DMS Region 1,DMS Region 1,DMS_CORE,7,7,0,7,1,0.0,0.14189532511727276,7.929731106876568,72.93339882139172,51.98053031997308,4.428351546820819,AI102719,False,40.72509005935567,-73.95270338260443,11222,40.862188343951004,-73.36237708832687
"North Jersey, NJ",3,11746,north_jersey_nj_r01,1,DMS Region 1,DMS Region 1,DMS_CORE,23,23,0,23,0,0.0,0.1640178851978738,5.182673261313406,71.82407198886749,50.43383766899002,6.488654152843912,AI102719,True,40.72509005935567,-73.95270338260443,11222,40.81040994165921,-73.36452330456272
"North Jersey, NJ",3,11798,north_jersey_nj_r01,1,DMS Region 1,DMS Region 1,DMS_CORE,4,4,0,4,1,0.0,0.1345395529111767,7.599927325183675,70.14170678759511,48.13243115149495,11.409397605616538,AI102719,False,40.72509005935567,-73.95270338260443,11222,40.755241070265,-73.38278484751424
"North Jersey, NJ",3,07002,north_jersey_nj_r02,2,Overlap Region 1,Overlap Region 1,OVERLAP,7,7,0,7,0,0.0,0.13574672189014664,5.649292930395129,37.05556774497259,16.000804898093868,9.122110254126733,AI103306,False,40.72509005935567,-73.95270338260443,11222,40.66072887210771,-74.12244791838529
"North Jersey, NJ",3,07005,north_jersey_nj_r02,2,Overlap Region 1,Overlap Region 1,OVERLAP,2,2,0,2,0,0.0,0.10218238451736908,0.15956661788149337,43.074966015749226,31.66937840915439,14.800138876851946,AI105012,False,40.72509005935567,-73.95270338260443,11222,40.870439979319,-74.276245758948
"North Jersey, NJ",3,07009,north_jersey_nj_r02,2,Overlap Region 1,Overlap Region 1,OVERLAP,3,3,0,3,0,0.0,0.11376308518696214,2.43793783503874,41.78872866231919,27.759998404628963,14.908213389588326,AI105012,False,40.72509005935567,-73.95270338260443,11222,40.86255044345567,-74.22797667491666
"North Jersey, NJ",3,07011,north_jersey_nj_r02,2,Overlap Region 1,Overlap Region 1,OVERLAP,7,7,6,1,1,0.8571428571428571,0.737350541583309,6.134990465511241,41.43956764053028,23.892091092471397,14.229229079091512,AI105012,False,40.72509005935567,-73.95270338260443,11222,40.880019627598145,-74.14937982347986
"North Jersey, NJ",3,07013,north_jersey_nj_r02,2,Overlap Region 1,Overlap Region 1,OVERLAP,3,3,0,3,1,0.0,0.11748144407108475,3.3228719854279505,40.96236953984501,23.86137564379942,15.50418390597642,AI105012,False,40.72509005935567,-73.95270338260443,11222,40.861960753886,-74.17101085457567
"North Jersey, NJ",3,07020,north_jersey_nj_r02,2,Overlap Region 1,Overlap Region 1,OVERLAP,1,1,1,0,0,1.0,0.8161520950845733,4.0,40.41719555504616,11.90176243959495,2.881972279419951,AI104065,False,40.72509005935567,-73.95270338260443,11222,40.830910566965,-73.97393574468
"North Jersey, NJ",3,07022,north_jersey_nj_r02,2,Overlap Region 1,Overlap Region 1,OVERLAP,3,3,2,1,0,0.6666666666666666,0.6199783846669749,12.0,39.83019089252385,11.359255411134743,3.9580687685770717,AI104065,False,40.72509005935567,-73.95270338260443,11222,40.822106810558665,-73.99495112052733
"North Jersey, NJ",3,07024,north_jersey_nj_r02,2,Overlap Region 1,Overlap Region 1,OVERLAP,6,6,4,2,2,0.6666666666666666,0.5979349429938654,5.148886221744135,40.76051317119905,13.566857290934353,1.2317878156924422,AI104065,False,40.72509005935567,-73.95270338260443,11222,40.845755971797665,-73.9765517922565
"North Jersey, NJ",3,07035,north_jersey_nj_r02,2,Overlap Region 1,Overlap Region 1,OVERLAP,2,2,2,0,0,1.0,0.8092524863801424,1.933543426026863,45.66784410482955,36.509276580138376,11.666577442254885,AI105012,False,40.72509005935567,-73.95270338260443,11222,40.91480388066,-74.3068142870565
"North Jersey, NJ",3,07047,north_jersey_nj_r02,2,Overlap Region 1,Overlap Region 1,OVERLAP,7,7,0,7,4,0.0,0.12732118551865873,3.6441873268051657,38.93223866549394,9.469599121462824,7.458789831007251,AI104065,False,40.72509005935567,-73.95270338260443,11222,40.79483397058458,-74.0172234868827
"North Jersey, NJ",3,07074,north_jersey_nj_r02,2,Overlap Region 1,Overlap Region 1,OVERLAP,1,1,1,0,0,1.0,0.8161965455943754,4.0,39.9251411690956,15.160701242393989,5.639397682722796,AI104065,False,40.72509005935567,-73.95270338260443,11222,40.841829644863,-74.045728299573
"North Jersey, NJ",3,07407,north_jersey_nj_r02,2,Overlap Region 1,Overlap Region 1,OVERLAP,7,7,7,0,0,1.0,0.8473184139153043,8.581545793503489,42.61071328018473,25.094156537523276,12.564161024377267,AI105012,False,40.72509005935567,-73.95270338260443,11222,40.911015258930135,-74.12172497888871
"North Jersey, NJ",3,07410,north_jersey_nj_r02,2,Overlap Region 1,Overlap Region 1,OVERLAP,12,12,12,0,1,1.0,0.8867483722004792,15.648440210100507,43.54702022441328,26.566627812957698,11.542180384663453,AI105012,False,40.72509005935567,-73.95270338260443,11222,40.93092495526874,-74.11301365172974
"North Jersey, NJ",3,07417,north_jersey_nj_r02,2,Overlap Region 1,Overlap Region 1,OVERLAP,2,2,2,0,0,1.0,0.8043219944716583,0.7892728735263708,48.09175890560007,36.85408135310459,3.166596933094672,AI105012,False,40.72509005935567,-73.95270338260443,11222,41.00648283533,-74.1842736804615
"North Jersey, NJ",3,07423,north_jersey_nj_r02,2,Overlap Region 1,Overlap Region 1,OVERLAP,2,2,2,0,0,1.0,0.8197764493046984,4.527999277132774,47.424450094019754,33.170727320305865,6.4119060393776515,AI103382,False,40.72509005935567,-73.95270338260443,11222,40.999641652254,-74.10696606997
"North Jersey, NJ",3,07424,north_jersey_nj_r02,2,Overlap Region 1,Overlap Region 1,OVERLAP,7,7,7,0,0,1.0,0.8266375994600312,3.5559477002463806,42.477427025703406,28.501197747111693,12.180260491583683,AI105012,False,40.72509005935567,-73.95270338260443,11222,40.886983650539854,-74.21523683640184
"North Jersey, NJ",3,07432,north_jersey_nj_r02,2,Overlap Region 1,Overlap Region 1,OVERLAP,2,2,1,1,0,0.5,0.45965232709676296,2.0654717834190253,47.25494330364172,34.01261462753269,6.872715372907516,AI105012,False,40.72509005935567,-73.95270338260443,11222,40.997093672589,-74.13771257700199
"North Jersey, NJ",3,07450,north_jersey_nj_r02,2,Overlap Region 1,Overlap Region 1,OVERLAP,8,8,6,2,0,0.75,0.6580165448604326,4.682248310035538,46.26238985801896,31.360224016358977,8.480100232137561,AI103382,False,40.72509005935567,-73.95270338260443,11222,40.980795452752375,-74.10999677215364
"North Jersey, NJ",3,07452,north_jersey_nj_r02,2,Overlap Region 1,Overlap Region 1,OVERLAP,2,2,2,0,0,1.0,0.8072953416806782,1.4441391440824118,45.026099163264796,29.611693490152287,9.312696262525346,AI105012,False,40.72509005935567,-73.95270338260443,11222,40.959325232087,-74.12017640735701
"North Jersey, NJ",3,07481,north_jersey_nj_r02,2,Overlap Region 1,Overlap Region 1,OVERLAP,1,1,1,0,0,1.0,0.8155687085027559,4.0,46.87511758038628,34.100656849122934,5.330154761583322,AI105012,False,40.72509005935567,-73.95270338260443,11222,40.990148401496,-74.156647551715
"North Jersey, NJ",3,07502,north_jersey_nj_r02,2,Overlap Region 1,Overlap Region 1,OVERLAP,2,2,2,0,0,1.0,0.8157702594918504,3.4685182817666274,43.48126684575208,29.731794316415613,8.987200910007228,AI105012,False,40.72509005935567,-73.95270338260443,11222,40.917253135864,-74.198389680799
"North Jersey, NJ",3,07503,north_jersey_nj_r02,2,Overlap Region 1,Overlap Region 1,OVERLAP,3,3,2,1,0,0.6666666666666666,0.5863624254505254,3.884753950701217,42.06080875048011,25.2533766910856,12.63652075636615,AI105012,False,40.72509005935567,-73.95270338260443,11222,40.89505191174633,-74.15172658305433
"North Jersey, NJ",3,07504,north_jersey_nj_r02,2,Overlap Region 1,Overlap Region 1,OVERLAP,2,2,1,1,0,0.5,0.4699463327729284,4.466506437352057,42.74107941229261,26.16164173280187,11.452516808244054,AI105012,False,40.72509005935567,-73.95270338260443,11222,40.912328850586505,-74.1409576590115
"North Jersey, NJ",3,07508,north_jersey_nj_r02,2,Overlap Region 1,Overlap Region 1,OVERLAP,3,3,3,0,0,1.0,0.8088509429462359,1.3107379589588146,44.78758984709125,31.733229705486334,5.9939509560215365,AI105012,False,40.72509005935567,-73.95270338260443,11222,40.948126059155335,-74.18802827446099
"North Jersey, NJ",3,07513,north_jersey_nj_r02,2,Overlap Region 1,Overlap Region 1,OVERLAP,1,1,1,0,0,1.0,0.8159354888590168,4.0,42.814964304696936,26.882161175849134,10.832228890157873,AI105012,False,40.72509005935567,-73.95270338260443,11222,40.912058562776,-74.155220845087
"North Jersey, NJ",3,07514,north_jersey_nj_r02,2,Overlap Region 1,Overlap Region 1,OVERLAP,3,3,2,1,0,0.6666666666666666,0.5896739227326747,4.715085463018091,43.24953290698497,27.230071956641844,10.384312464555503,AI105012,False,40.72509005935567,-73.95270338260443,11222,40.92321447178801,-74.14290546988167
"North Jersey, NJ",3,07524,north_jersey_nj_r02,2,Overlap Region 1,Overlap Region 1,OVERLAP,1,1,1,0,0,1.0,0.8158536783987782,4.0,43.72058261945504,28.459716989113275,9.156369953883042,AI105012,False,40.72509005935567,-73.95270338260443,11222,40.932227512,-74.151387570118
"North Jersey, NJ",3,07601,north_jersey_nj_r02,2,Overlap Region 1,Overlap Region 1,OVERLAP,2,2,2,0,0,1.0,0.810498155055107,2.1591025902667704,42.15951067791579,20.784384817902616,7.240505756588756,AI104065,False,40.72509005935567,-73.95270338260443,11222,40.897543238931505,-74.0479638954885
"North Jersey, NJ",3,07604,north_jersey_nj_r02,2,Overlap Region 1,Overlap Region 1,OVERLAP,5,5,4,1,0,0.8,0.7422940826784259,18.042045556585567,40.52061312968218,18.32430822055341,7.888261035168226,AI104065,False,40.72509005935567,-73.95270338260443,11222,40.8614304685268,-74.0749716985748
"North Jersey, NJ",3,07605,north_jersey_nj_r02,2,Overlap Region 1,Overlap Region 1,OVERLAP,2,2,2,0,0,1.0,0.8102570011041785,2.07753554093849,41.11123494659687,15.51406783787549,0.8868148863359353,AI104065,False,40.72509005935567,-73.95270338260443,11222,40.861909715239,-73.9887937266745
"North Jersey, NJ",3,07607,north_jersey_nj_r02,2,Overlap Region 1,Overlap Region 1,OVERLAP,1,1,1,0,0,1.0,0.8159825313100204,4.0,42.2942178735474,21.69249023300457,8.415659593340065,AI104065,False,40.72509005935567,-73.95270338260443,11222,40.902122642162,-74.060997318623
"North Jersey, NJ",3,07620,north_jersey_nj_r02,2,Overlap Region 1,Overlap Region 1,OVERLAP,1,1,1,0,0,1.0,0.815598711687375,4.0,46.54299093774364,24.218410555085416,10.247807937676097,AI104065,False,40.72509005935567,-73.95270338260443,11222,40.942650530697,-73.939175607989
"North Jersey, NJ",3,07621,north_jersey_nj_r02,2,Overlap Region 1,Overlap Region 1,OVERLAP,4,4,3,1,1,0.75,0.6456687112623182,3.664275454196267,44.303118847797236,22.574147437358864,7.798075528915239,AI104065,False,40.72509005935567,-73.95270338260443,11222,40.925680336324504,-73.99403521325651
"North Jersey, NJ",3,07626,north_jersey_nj_r02,2,Overlap Region 1,Overlap Region 1,OVERLAP,6,6,5,1,1,0.8333333333333334,0.7376865264492358,10.870435449116442,46.00214231652287,24.618829434502995,10.057404508440015,AI104065,False,40.72509005935567,-73.95270338260443,11222,40.94615258362966,-73.96890574481583
"North Jersey, NJ",3,07628,north_jersey_nj_r02,2,Overlap Region 1,Overlap Region 1,OVERLAP,5,5,4,1,0,0.8,0.7012377731231035,8.176965305698037,45.35730384857758,24.391341223363195,9.638926971740615,AI104065,False,40.72509005935567,-73.95270338260443,11222,40.9426692495184,-73.9895328323822
"North Jersey, NJ",3,07632,north_jersey_nj_r02,2,Overlap Region 1,Overlap Region 1,OVERLAP,2,2,1,1,0,0.5,0.45762041420580657,1.4713163971315686,42.666363690712,17.11830395862637,3.336948228631852,AI104065,False,40.72509005935567,-73.95270338260443,11222,40.879022185827,-73.95565979519199
"North Jersey, NJ",3,07641,north_jersey_nj_r02,2,Overlap Region 1,Overlap Region 1,OVERLAP,1,1,1,0,0,1.0,0.81560108867188,4.0,46.5166784014817,26.106927816618114,11.424816873637612,AI104065,False,40.72509005935567,-73.95270338260443,11222,40.958943344128,-73.980323430094
"North Jersey, NJ",3,07644,north_jersey_nj_r02,2,Overlap Region 1,Overlap Region 1,OVERLAP,1,1,1,0,0,1.0,0.816094147048357,4.0,41.05866368453385,19.579218826040403,8.087570077187147,AI104065,False,40.72509005935567,-73.95270338260443,11222,40.87521142889,-74.074263545328
"North Jersey, NJ",3,07645,north_jersey_nj_r02,2,Overlap Region 1,Overlap Region 1,OVERLAP,1,1,0,1,0,0.0,0.11521890300686707,4.0,50.74736402364305,37.03141815932052,1.209644814830481,AI103382,False,40.72509005935567,-73.95270338260443,11222,41.046024042786,-74.070352152175
"North Jersey, NJ",3,07649,north_jersey_nj_r02,2,Overlap Region 1,Overlap Region 1,OVERLAP,2,2,2,0,0,1.0,0.8071067232885013,1.4045724923173037,45.31062464246079,25.932223067189565,11.23505907948231,AI104065,False,40.72509005935567,-73.95270338260443,11222,40.951979613354,-74.024003618593
"North Jersey, NJ",3,07652,north_jersey_nj_r02,2,Overlap Region 1,Overlap Region 1,OVERLAP,5,5,3,2,1,0.6,0.5388319148474026,2.7312742429991155,45.17215362133322,27.85843830867775,10.58482053373269,AI103382,False,40.72509005935567,-73.95270338260443,11222,40.9587607434476,-74.0721580761214
"North Jersey, NJ",3,07657,north_jersey_nj_r02,2,Overlap Region 1,Overlap Region 1,OVERLAP,5,5,3,2,0,0.6,0.5721369584005056,10.709675370598184,40.14596747940029,12.956493301885313,2.6369018713185324,AI104065,False,40.72509005935567,-73.95270338260443,11222,40.836324131067,-73.9985271498256
"North Jersey, NJ",3,07660,north_jersey_nj_r02,2,Overlap Region 1,Overlap Region 1,OVERLAP,2,2,2,0,0,1.0,0.8141298929689592,3.009224422553682,40.70529473283886,16.16742360295914,3.569394248739887,AI104065,False,40.72509005935567,-73.95270338260443,11222,40.8602365625255,-74.0235355266015
"North Jersey, NJ",3,07661,north_jersey_nj_r02,2,Overlap Region 1,Overlap Region 1,OVERLAP,4,4,2,2,1,0.5,0.4690412059360505,3.2594669456320102,43.86818896713834,23.89416305066049,9.517548333180356,AI104065,False,40.72509005935567,-73.95270338260443,11222,40.9297058251035,-74.03944431398574
"North Jersey, NJ",3,07663,north_jersey_nj_r02,2,Overlap Region 1,Overlap Region 1,OVERLAP,5,5,3,2,1,0.6,0.545081815767776,4.187650858734069,42.36838056219006,23.509382439205154,11.188410184662354,AI104065,False,40.72509005935567,-73.95270338260443,11222,40.906144879601,-74.0969612664212
"North Jersey, NJ",3,07834,north_jersey_nj_r02,2,Overlap Region 1,Overlap Region 1,OVERLAP,4,4,1,3,0,0.25,0.286272604834045,1.5298520374803204,51.02948771859101,48.560702242113464,5.532963722533651,AI105140,False,40.72509005935567,-73.95270338260443,11222,40.89640992573875,-74.48345425987851
"North Jersey, NJ",3,07849,north_jersey_nj_r02,2,Overlap Region 1,Overlap Region 1,OVERLAP,1,1,0,1,0,0.0,0.11414634320785963,4.0,62.62029316768771,63.3864531556597,11.676358874638938,AI105140,False,40.72509005935567,-73.95270338260443,11222,40.97641713397,-74.629124099946
"North Jersey, NJ",3,07866,north_jersey_nj_r02,2,Overlap Region 1,Overlap Region 1,OVERLAP,3,3,1,2,0,0.3333333333333333,0.34176034123732646,1.394697559588221,53.30726100636458,52.32884363471354,2.51742223934963,AI105140,False,40.72509005935567,-73.95270338260443,11222,40.90598259882134,-74.52675220780434
"North Jersey, NJ",3,07869,north_jersey_nj_r02,2,Overlap Region 1,Overlap Region 1,OVERLAP,5,5,2,3,0,0.4,0.3938927343974175,1.7030687784800822,52.98243025857744,52.88634266458522,4.180867015671987,AI105140,False,40.72509005935567,-73.95270338260443,11222,40.85367082559141,-74.55750960687499
"North Jersey, NJ",3,08016,north_jersey_nj_r02,2,Overlap Region 1,Overlap Region 1,OVERLAP,9,9,7,2,0,0.7777777777777778,0.669219087569697,3.1840863830213744,92.27439103756728,105.12147830748542,2.2111976740960566,AI103541,True,40.72509005935567,-73.95270338260443,11222,40.06288856326478,-74.83862351880245
"North Jersey, NJ",3,08022,north_jersey_nj_r02,2,Overlap Region 1,Overlap Region 1,OVERLAP,3,3,2,1,0,0.6666666666666666,0.5706082317151744,1.0085844489733193,85.36100517279442,95.42095092795492,14.613751123776153,AI103541,False,40.72509005935567,-73.95270338260443,11222,40.07756734100733,-74.692200214985
"North Jersey, NJ",3,08036,north_jersey_nj_r02,2,Overlap Region 1,Overlap Region 1,OVERLAP,3,3,2,1,0,0.6666666666666666,0.5790878197220598,3.388752685103713,99.98114441053377,112.35615112880029,10.563455571649408,AI103541,False,40.72509005935567,-73.95270338260443,11222,39.975082855412005,-74.84120697738634
"North Jersey, NJ",3,08060,north_jersey_nj_r02,2,Overlap Region 1,Overlap Region 1,OVERLAP,11,11,7,4,0,0.6363636363636364,0.5768686008088728,3.857997931060938,95.618321005756,107.82444181255363,7.774434478206511,AI103541,False,40.72509005935567,-73.95270338260443,11222,40.010369059105635,-74.81285648903362
"North Jersey, NJ",3,10002,north_jersey_nj_r02,2,Overlap Region 1,Overlap Region 1,OVERLAP,6,6,0,6,0,0.0,0.11428334391064578,0.9580677753980923,37.76366564022282,6.576969590017239,11.971460529163632,AI103381,False,40.72509005935567,-73.95270338260443,11222,40.693095596689,-74.01833105764534
"North Jersey, NJ",3,10009,north_jersey_nj_r02,2,Overlap Region 1,Overlap Region 1,OVERLAP,12,12,0,12,0,0.0,0.27278726739412784,36.433398378173074,38.48798055362584,2.134093465760409,9.99312177781815,AI103381,False,40.72509005935567,-73.95270338260443,11222,40.72394574402251,-73.97798287159108
"North Jersey, NJ",3,10025,north_jersey_nj_r02,2,Overlap Region 1,Overlap Region 1,OVERLAP,8,8,0,8,2,0.0,0.18126475360098204,16.25636671348089,39.71044801068293,8.116073164558049,6.663449780998174,AI104065,False,40.72509005935567,-73.95270338260443,11222,40.79694169085525,-73.96965237573212
"North Jersey, NJ",3,10026,north_jersey_nj_r02,2,Overlap Region 1,Overlap Region 1,OVERLAP,6,6,0,6,0,0.0,0.19601844804514504,20.862960783919203,40.23347714211018,8.706369349366694,6.36680060244231,AI104065,False,40.72509005935567,-73.95270338260443,11222,40.803387282401005,-73.9521996769905
"North Jersey, NJ",3,10027,north_jersey_nj_r02,2,Overlap Region 1,Overlap Region 1,OVERLAP,2,2,0,2,2,0.0,0.12131144247178709,4.746441543513513,40.38899332983753,9.742223872647857,5.330170770849918,AI104065,False,40.72509005935567,-73.95270338260443,11222,40.812688797884505,-73.954848571767
"North Jersey, NJ",3,10030,north_jersey_nj_r02,2,Overlap Region 1,Overlap Region 1,OVERLAP,2,2,0,2,0,0.0,0.13465907952594086,8.0,40.92986739465744,10.470642185748146,5.449245815621362,AI104065,False,40.72509005935567,-73.95270338260443,11222,40.818736282893,-73.93967430446051
"North Jersey, NJ",3,10031,north_jersey_nj_r02,2,Overlap Region 1,Overlap Region 1,OVERLAP,6,6,0,6,0,0.0,0.1641025140416985,13.126697854475578,40.91914369026578,11.31641072297138,4.298067794287732,AI104065,False,40.72509005935567,-73.95270338260443,11222,40.826805035748,-73.94825326358216
"North Jersey, NJ",3,10032,north_jersey_nj_r02,2,Overlap Region 1,Overlap Region 1,OVERLAP,8,8,0,8,1,0.0,0.14493262385269737,7.467317307893588,41.29671176746588,12.256661272864706,3.981233623416521,AI104065,False,40.72509005935567,-73.95270338260443,11222,40.835082071032126,-73.94321036809637
"North Jersey, NJ",3,10033,north_jersey_nj_r02,2,Overlap Region 1,Overlap Region 1,OVERLAP,1,1,0,1,1,0.0,0.11601238883850624,4.0,41.963703602495904,13.726761467972171,4.035129671248973,AI104065,False,40.72509005935567,-73.95270338260443,11222,40.847787908111,-73.934761759045
"North Jersey, NJ",3,10034,north_jersey_nj_r02,2,Overlap Region 1,Overlap Region 1,OVERLAP,1,1,0,1,1,0.0,0.11589772797576053,4.0,43.23296644474913,16.071964177816778,5.404363135941829,AI104065,False,40.72509005935567,-73.95270338260443,11222,40.867341929826,-73.91887683705
"North Jersey, NJ",3,10037,north_jersey_nj_r02,2,Overlap Region 1,Overlap Region 1,OVERLAP,1,1,0,1,0,0.0,0.11612165632713295,4.0,40.75414386380987,9.893208328922192,5.814156805682757,AI104065,False,40.72509005935567,-73.95270338260443,11222,40.81364035791,-73.941283848349
"North Jersey, NJ",3,10039,north_jersey_nj_r02,2,Overlap Region 1,Overlap Region 1,OVERLAP,1,1,0,1,0,0.0,0.11608767676311162,4.0,41.130287885191315,11.051155601374768,5.1663175472726195,AI104065,False,40.72509005935567,-73.95270338260443,11222,40.823798771008,-73.937415913298
"North Jersey, NJ",3,10040,north_jersey_nj_r02,2,Overlap Region 1,Overlap Region 1,OVERLAP,3,3,0,3,0,0.0,0.14066651700484858,8.987597418832154,42.50530197083969,14.846814655402952,4.420897237315868,AI104065,False,40.72509005935567,-73.95270338260443,11222,40.857387439364665,-73.92888766546268
"North Jersey, NJ",3,10302,north_jersey_nj_r02,2,Overlap Region 1,Overlap Region 1,OVERLAP,5,5,4,1,0,0.8,0.6963150929513136,6.801594682504441,37.161332240166146,18.861860426421135,6.370759836028469,AI103306,False,40.72509005935567,-73.95270338260443,11222,40.6294685652932,-74.137447366886
"North Jersey, NJ",3,10303,north_jersey_nj_r02,2,Overlap Region 1,Overlap Region 1,OVERLAP,7,7,6,1,0,0.8571428571428571,0.7475267361954645,8.514889897104025,37.26650673263594,20.82918171321566,7.651709744380983,AI103306,False,40.72509005935567,-73.95270338260443,11222,40.62776998589043,-74.16374738065186
"North Jersey, NJ",3,10305,north_jersey_nj_r02,2,Overlap Region 1,Overlap Region 1,OVERLAP,12,12,8,4,0,0.6666666666666666,0.5894381220225837,0.18464379071493775,46.92188532259639,46.19542644439977,19.06134876644517,AI103916,True,40.72509005935567,-73.95270338260443,11222,40.646289937523086,-74.49062427984957
"North Jersey, NJ",3,10306,north_jersey_nj_r02,2,Overlap Region 1,Overlap Region 1,OVERLAP,15,15,7,8,0,0.4666666666666667,0.48775874691484244,7.779213164595132,38.06552155431472,22.414828837869436,2.5887643885704312,AI103306,False,40.72509005935567,-73.95270338260443,11222,40.57209530825153,-74.1256974751214
"North Jersey, NJ",3,10308,north_jersey_nj_r02,2,Overlap Region 1,Overlap Region 1,OVERLAP,8,8,6,2,0,0.75,0.6869257939469574,11.535658359695452,38.61991902700897,25.113566673669176,5.155279726963326,AI103306,False,40.72509005935567,-73.95270338260443,11222,40.5540308664325,-74.14704537002399
"North Jersey, NJ",3,10310,north_jersey_nj_r02,2,Overlap Region 1,Overlap Region 1,OVERLAP,10,10,4,6,0,0.4,0.45246933675285683,13.052546388533365,37.16864330142198,17.355415606028608,5.620210647242011,AI103306,False,40.72509005935567,-73.95270338260443,11222,40.62957017629,-74.1154673942231
"North Jersey, NJ",3,10453,north_jersey_nj_r02,2,Overlap Region 1,Overlap Region 1,OVERLAP,3,3,0,3,3,0.0,0.12613792086397377,5.4681218843012855,42.91695349169677,14.685638445129719,5.908162270367276,AI104065,False,40.72509005935567,-73.95270338260443,11222,40.85338343584934,-73.911281169875
"North Jersey, NJ",3,10463,north_jersey_nj_r02,2,Overlap Region 1,Overlap Region 1,OVERLAP,6,6,0,6,4,0.0,0.14393128304517602,8.297360253840735,44.090358929883514,17.478196196936036,6.668950559090055,AI104065,False,40.72509005935567,-73.95270338260443,11222,40.878562598264,-73.90784021744984
"North Jersey, NJ",3,10468,north_jersey_nj_r02,2,Overlap Region 1,Overlap Region 1,OVERLAP,3,3,0,3,4,0.0,0.12677274834241842,5.64365767792791,43.89041937667172,16.553888290318632,6.919934682903362,AI104065,False,40.72509005935567,-73.95270338260443,11222,40.868687003217666,-73.90081610775833
"North Jersey, NJ",3,10471,north_jersey_nj_r02,2,Overlap Region 1,Overlap Region 1,OVERLAP,3,3,0,3,3,0.0,0.12814316983935736,6.008603361219499,45.35426805201857,20.268482004621003,8.202328691921736,AI104065,False,40.72509005935567,-73.95270338260443,11222,40.904089014024,-73.90722175318166
"North Jersey, NJ",3,10705,north_jersey_nj_r02,2,Overlap Region 1,Overlap Region 1,OVERLAP,3,3,0,3,0,0.0,0.11958181056828944,3.9510396073433123,46.34344616663973,21.528331815236164,9.851999009432307,AI104065,False,40.72509005935567,-73.95270338260443,11222,40.91309355984767,-73.89158974788933
"North Jersey, NJ",3,10913,north_jersey_nj_r02,2,Overlap Region 1,Overlap Region 1,OVERLAP,1,1,1,0,1,1.0,0.8148300407398731,4.0,55.05195771350872,38.58809169433963,10.440216688022417,AI103382,False,40.72509005935567,-73.95270338260443,11222,41.072093979141,-73.958392806795
"North Jersey, NJ",3,10952,north_jersey_nj_r02,2,Overlap Region 1,Overlap Region 1,OVERLAP,10,10,9,1,1,0.9,0.7642035494843932,4.199939918177429,57.26304516233814,45.05721468893989,7.2943673735395995,AI103382,False,40.72509005935567,-73.95270338260443,11222,41.1192855069661,-74.0768835062756
"North Jersey, NJ",3,10954,north_jersey_nj_r02,2,Overlap Region 1,Overlap Region 1,OVERLAP,3,3,3,0,1,1.0,0.809229404290255,1.6648790012284165,56.73968318667588,42.63629536054815,7.984130484406635,AI103382,False,40.72509005935567,-73.95270338260443,11222,41.105653549472336,-74.01470606956035
"North Jersey, NJ",3,10960,north_jersey_nj_r02,2,Overlap Region 1,Overlap Region 1,OVERLAP,2,2,2,0,0,1.0,0.8235363303828057,5.673771175305338,58.027291714282036,41.32895850551857,14.266827875167062,AI103382,False,40.72509005935567,-73.95270338260443,11222,41.095936295197504,-73.919784612708
"North Jersey, NJ",3,10965,north_jersey_nj_r02,2,Overlap Region 1,Overlap Region 1,OVERLAP,3,3,2,1,0,0.6666666666666666,0.576334456006257,1.68231357118862,52.68154451444235,37.807669715381905,4.771998000929504,AI103382,False,40.72509005935567,-73.95270338260443,11222,41.06075853940866,-74.024369392764
"North Jersey, NJ",3,10989,north_jersey_nj_r02,2,Overlap Region 1,Overlap Region 1,OVERLAP,4,4,4,0,0,1.0,0.8186666996396059,3.5187483225752616,59.83176717878561,44.06220663292952,14.438261832590715,AI103382,False,40.72509005935567,-73.95270338260443,11222,41.1210767342765,-73.9332138228095
"North Jersey, NJ",3,11001,north_jersey_nj_r02,2,Overlap Region 1,Overlap Region 1,OVERLAP,10,10,0,10,0,0.0,0.15361635076122937,8.730316455710495,48.86095021792587,21.05675062805827,5.046731837376147,AI103409,False,40.72509005935567,-73.95270338260443,11222,40.7244896285438,-73.7028304166918
"North Jersey, NJ",3,11004,north_jersey_nj_r02,2,Overlap Region 1,Overlap Region 1,OVERLAP,4,4,4,0,1,1.0,0.8392408280462388,8.268949297570767,48.59358984805355,20.377523850313843,7.446292400250102,AI103409,False,40.72509005935567,-73.95270338260443,11222,40.7489331009905,-73.71290068578824
"North Jersey, NJ",3,11005,north_jersey_nj_r02,2,Overlap Region 1,Overlap Region 1,OVERLAP,2,2,0,2,0,0.0,0.13399374198154962,8.0,48.29496305528193,19.85514414735741,8.231122158078243,AI103409,False,40.72509005935567,-73.95270338260443,11222,40.756647821771,-73.720741096187
"North Jersey, NJ",3,11040,north_jersey_nj_r02,2,Overlap Region 1,Overlap Region 1,OVERLAP,12,12,0,12,0,0.0,0.16600468174561508,10.754628056460803,50.11648309180336,22.686214498550086,7.62707643719941,AI103409,False,40.72509005935567,-73.95270338260443,11222,40.743595132162,-73.68456393938224
"North Jersey, NJ",3,11096,north_jersey_nj_r02,2,Overlap Region 1,Overlap Region 1,OVERLAP,1,1,0,1,0,0.0,0.11545700879381303,4.0,48.111601299912024,21.371523310575714,7.321023944998348,AI103409,False,40.72509005935567,-73.95270338260443,11222,40.618024028287,-73.74225581806
"North Jersey, NJ",3,11201,north_jersey_nj_r02,2,Overlap Region 1,Overlap Region 1,OVERLAP,16,16,12,4,0,0.75,0.7721038358840517,28.164556077981313,38.15456995529988,4.740203213651766,9.75799904358889,AI103381,False,40.72509005935567,-73.95270338260443,11222,40.6941160223335,-73.99134301755637
"North Jersey, NJ",3,11205,north_jersey_nj_r02,2,Overlap Region 1,Overlap Region 1,OVERLAP,12,12,9,3,0,0.75,0.6873718661827527,9.620437588050883,38.63493781540639,4.1981981730273255,7.401325747138455,AI103381,False,40.72509005935567,-73.95270338260443,11222,40.68838502897975,-73.96436880353691
"North Jersey, NJ",3,11206,north_jersey_nj_r02,2,Overlap Region 1,Overlap Region 1,OVERLAP,13,13,0,13,1,0.0,0.24280763692701676,28.655874153928007,38.92055788117489,2.8006106094940257,6.607089782160903,AI103381,False,40.72509005935567,-73.95270338260443,11222,40.70001589572108,-73.94956911959862
"North Jersey, NJ",3,11207,north_jersey_nj_r02,2,Overlap Region 1,Overlap Region 1,OVERLAP,4,4,3,1,0,0.75,0.6421431869362201,2.7169146197706695,40.14948120967848,7.025945161495675,1.6981630494147202,AI103381,False,40.72509005935567,-73.95270338260443,11222,40.67723272019525,-73.8982837159995
"North Jersey, NJ",3,11211,north_jersey_nj_r02,2,Overlap Region 1,Overlap Region 1,OVERLAP,25,25,0,25,1,0.0,0.29420857823158125,35.06606250282067,38.84253561641838,1.7480252857557512,7.472053044089121,AI103381,False,40.72509005935567,-73.95270338260443,11222,40.70943880473344,-73.95464583763676
"North Jersey, NJ",3,11215,north_jersey_nj_r02,2,Overlap Region 1,Overlap Region 1,OVERLAP,16,16,10,6,0,0.625,0.5974987995562752,7.01345403558051,38.32685178344252,5.760426239674765,8.850129530506273,AI103381,False,40.72509005935567,-73.95270338260443,11222,40.678714926006876,-73.98315844023769
"North Jersey, NJ",3,11216,north_jersey_nj_r02,2,Overlap Region 1,Overlap Region 1,OVERLAP,5,5,4,1,0,0.8,0.7144610909058198,11.25026777142768,39.05838873503766,5.635895768046501,5.762820707871963,AI103381,False,40.72509005935567,-73.95270338260443,11222,40.6746143955774,-73.9466370030376
"North Jersey, NJ",3,11217,north_jersey_nj_r02,2,Overlap Region 1,Overlap Region 1,OVERLAP,7,7,5,2,0,0.7142857142857143,0.6647771833897925,12.728434458083553,38.36002554677223,5.155248822822372,8.636568770085995,AI103381,False,40.72509005935567,-73.95270338260443,11222,40.68365244106572,-73.98013263460486
"North Jersey, NJ",3,11218,north_jersey_nj_r02,2,Overlap Region 1,Overlap Region 1,OVERLAP,9,9,0,9,0,0.0,0.16706386667839274,12.283367196959809,38.88498367983935,9.410236384608675,8.906746912927487,AI103381,False,40.72509005935567,-73.95270338260443,11222,40.64207428326767,-73.97438425451288
"North Jersey, NJ",3,11221,north_jersey_nj_r02,2,Overlap Region 1,Overlap Region 1,OVERLAP,4,4,0,4,0,0.0,0.12067833993785221,3.5600253135714834,39.44486872857845,4.429602669372262,4.343784210858449,AI103381,False,40.72509005935567,-73.95270338260443,11222,40.6910212973525,-73.92546762416225
"North Jersey, NJ",3,11222,north_jersey_nj_r02,2,Overlap Region 1,Overlap Region 1,OVERLAP,12,12,0,12,0,0.0,0.16534652777371991,10.350403655793839,38.97773524096056,0.0,8.365541854522887,AI103381,False,40.72509005935567,-73.95270338260443,11222,40.72509005935567,-73.95270338260443
"North Jersey, NJ",3,11229,north_jersey_nj_r02,2,Overlap Region 1,Overlap Region 1,OVERLAP,20,20,0,20,0,0.0,0.21224970813510377,17.730466557113687,40.64737027929467,14.029638217391144,10.20739779570565,AI103381,False,40.72509005935567,-73.95270338260443,11222,40.5990328189239,-73.94562966337934
"North Jersey, NJ",3,11230,north_jersey_nj_r02,2,Overlap Region 1,Overlap Region 1,OVERLAP,13,13,0,13,0,0.0,0.16894298047259396,10.732819459056945,39.658237820583835,11.776427521089916,9.359728854703171,AI103381,False,40.72509005935567,-73.95270338260443,11222,40.61937972922461,-73.96122676278168
"North Jersey, NJ",3,11232,north_jersey_nj_r02,2,Overlap Region 1,Overlap Region 1,OVERLAP,1,1,0,1,0,0.0,0.11636080570388775,4.0,38.10682890041121,9.378073031581557,10.908330293518278,AI103306,False,40.72509005935567,-73.95270338260443,11222,40.652052583936,-74.008321492486
"North Jersey, NJ",3,11237,north_jersey_nj_r02,2,Overlap Region 1,Overlap Region 1,OVERLAP,3,3,0,3,0,0.0,0.1533275576644494,12.0,39.65485035655803,4.117161029566574,4.250708327989253,AI103381,False,40.72509005935567,-73.95270338260443,11222,40.699933991984004,-73.91686054934333
"North Jersey, NJ",3,11238,north_jersey_nj_r02,2,Overlap Region 1,Overlap Region 1,OVERLAP,8,8,7,1,0,0.875,0.7868631659995668,14.557614327593294,38.680852753197904,5.103489747715913,7.2127764273406,AI103381,False,40.72509005935567,-73.95270338260443,11222,40.6799456811095,-73.96362023299713
"North Jersey, NJ",3,11249,north_jersey_nj_r02,2,Overlap Region 1,Overlap Region 1,OVERLAP,8,8,0,8,0,0.0,0.17180434538608488,13.935996877309128,38.67328479549271,1.857870291846283,8.182019240675123,AI103381,False,40.72509005935567,-73.95270338260443,11222,40.71052798107425,-73.96351183878025
"North Jersey, NJ",3,11358,north_jersey_nj_r02,2,Overlap Region 1,Overlap Region 1,OVERLAP,8,8,3,5,1,0.375,0.4061326228862743,7.227480567713942,44.75572409441767,13.912407481369296,9.888263776397626,AI103409,False,40.72509005935567,-73.95270338260443,11222,40.756069700946625,-73.79271189633087
"North Jersey, NJ",3,11361,north_jersey_nj_r02,2,Overlap Region 1,Overlap Region 1,OVERLAP,5,5,4,1,0,0.8,0.6909738473680892,5.688057223853743,45.53296966106124,15.27309173644258,9.809062470529529,AI103409,False,40.72509005935567,-73.95270338260443,11222,40.761789518148,-73.7780023549904
"North Jersey, NJ",3,11362,north_jersey_nj_r02,2,Overlap Region 1,Overlap Region 1,OVERLAP,5,5,3,2,1,0.6,0.5649966412395911,9.145323690295458,47.88494935990249,19.21283882773332,8.21160647454902,AI103409,False,40.72509005935567,-73.95270338260443,11222,40.756575550460795,-73.728473520703
"North Jersey, NJ",3,11364,north_jersey_nj_r02,2,Overlap Region 1,Overlap Region 1,OVERLAP,8,8,4,4,1,0.5,0.5128415910897852,11.923757266493338,46.17163987627159,16.496223867664373,7.56494861916812,AI103409,False,40.72509005935567,-73.95270338260443,11222,40.74614086570513,-73.75889681304888
"North Jersey, NJ",3,11365,north_jersey_nj_r02,2,Overlap Region 1,Overlap Region 1,OVERLAP,4,4,3,1,1,0.75,0.6476128456926827,4.136384437094071,44.30057362024967,13.196267550885588,8.820071188487535,AI103409,False,40.72509005935567,-73.95270338260443,11222,40.74090424343675,-73.79748461643376
"North Jersey, NJ",3,11366,north_jersey_nj_r02,2,Overlap Region 1,Overlap Region 1,OVERLAP,7,7,5,2,2,0.7142857142857143,0.6546189553820582,10.393772524885845,44.39610132415174,13.55098910504169,7.540302167373271,AI103409,False,40.72509005935567,-73.95270338260443,11222,40.72881344908114,-73.79196769160914
"North Jersey, NJ",3,11367,north_jersey_nj_r02,2,Overlap Region 1,Overlap Region 1,OVERLAP,6,6,2,4,3,0.3333333333333333,0.3773901572717206,8.307090354972807,43.14414987248119,11.16602179802238,7.459151467624553,AI103381,False,40.72509005935567,-73.95270338260443,11222,40.7258917071305,-73.82020236840432
"North Jersey, NJ",3,11374,north_jersey_nj_r02,2,Overlap Region 1,Overlap Region 1,OVERLAP,4,4,1,3,0,0.25,0.33043573648219204,12.051879643037836,41.744463258506464,8.052096096430198,6.5108735474795045,AI103381,False,40.72509005935567,-73.95270338260443,11222,40.7316995878365,-73.857545267221
"North Jersey, NJ",3,11375,north_jersey_nj_r02,2,Overlap Region 1,Overlap Region 1,OVERLAP,15,15,6,9,1,0.4,0.47747234146657935,16.702048141136036,42.04432817397941,8.922873981419004,5.908585160902457,AI103381,False,40.72509005935567,-73.95270338260443,11222,40.722790292721136,-73.84686315419847
"North Jersey, NJ",3,11377,north_jersey_nj_r02,2,Overlap Region 1,Overlap Region 1,OVERLAP,8,8,0,8,0,0.0,0.12435691874041666,2.440154037308447,39.928555340716755,3.2410242210366493,7.362840394073358,AI103381,False,40.72509005935567,-73.95270338260443,11222,40.734864025472504,-73.91646713555213
"North Jersey, NJ",3,11378,north_jersey_nj_r02,2,Overlap Region 1,Overlap Region 1,OVERLAP,13,13,0,13,1,0.0,0.21314460453425157,21.482741850076785,40.33443099786476,4.6355490867043425,5.680957004811289,AI103381,False,40.72509005935567,-73.95270338260443,11222,40.72422893785354,-73.89770655684553
"North Jersey, NJ",3,11379,north_jersey_nj_r02,2,Overlap Region 1,Overlap Region 1,OVERLAP,4,4,2,2,0,0.5,0.48138942569122684,6.192798711014956,40.87657116485274,6.224896421943582,5.05716179512268,AI103381,False,40.72509005935567,-73.95270338260443,11222,40.72077789073425,-73.87905592759175
"North Jersey, NJ",3,11385,north_jersey_nj_r02,2,Overlap Region 1,Overlap Region 1,OVERLAP,9,9,6,3,0,0.6666666666666666,0.5992585267312525,3.947497614869724,40.53590258231416,5.921417294425449,3.6745229447950782,AI103381,False,40.72509005935567,-73.95270338260443,11222,40.70779327535378,-73.88625392251465
"North Jersey, NJ",3,11405,north_jersey_nj_r02,2,Overlap Region 1,Overlap Region 1,OVERLAP,1,1,1,0,0,1.0,0.8157146187159191,4.0,45.25993339775838,15.467190649735825,4.8770127441890025,AI103409,False,40.72509005935567,-73.95270338260443,11222,40.711455063633,-73.770060652294
"North Jersey, NJ",3,11416,north_jersey_nj_r02,2,Overlap Region 1,Overlap Region 1,OVERLAP,1,1,0,1,0,0.0,0.1160099101978852,4.0,41.99114144278647,10.11480783061492,3.057129648162541,AI103381,False,40.72509005935567,-73.95270338260443,11222,40.685524661188,-73.844654217482
"North Jersey, NJ",3,11417,north_jersey_nj_r02,2,Overlap Region 1,Overlap Region 1,OVERLAP,3,3,1,2,0,0.3333333333333333,0.3864637499934581,12.0,41.83714469380387,10.337878505472087,2.3596471958598855,AI103381,False,40.72509005935567,-73.95270338260443,11222,40.67383177099067,-73.850395532145
"North Jersey, NJ",3,11418,north_jersey_nj_r02,2,Overlap Region 1,Overlap Region 1,OVERLAP,3,3,2,1,0,0.6666666666666666,0.610682381723149,9.812363846396147,43.02303596075324,11.518930167492961,5.741469445032966,AI103381,False,40.72509005935567,-73.95270338260443,11222,40.701496516401335,-73.819627110093
"North Jersey, NJ",3,11419,north_jersey_nj_r02,2,Overlap Region 1,Overlap Region 1,OVERLAP,5,5,2,3,0,0.4,0.41900459715123045,7.581663996289371,42.94441823900039,11.673627556237903,5.095681447432917,AI103381,False,40.72509005935567,-73.95270338260443,11222,40.691194140967,-73.8216277621644
"North Jersey, NJ",3,11420,north_jersey_nj_r02,2,Overlap Region 1,Overlap Region 1,OVERLAP,17,17,8,9,0,0.47058823529411764,0.5646293213441465,24.88212715485932,43.18288662453643,12.546788320486941,5.064949443700647,AI103381,False,40.72509005935567,-73.95270338260443,11222,40.67665895980635,-73.81827495299892
"North Jersey, NJ",3,11421,north_jersey_nj_r02,2,Overlap Region 1,Overlap Region 1,OVERLAP,4,4,4,0,0,1.0,0.8405196283416637,8.425502865999276,41.57326220300258,9.039363899348636,2.7397954015196286,AI103381,False,40.72509005935567,-73.95270338260443,11222,40.692183127572505,-73.8546410407375
"North Jersey, NJ",3,11426,north_jersey_nj_r02,2,Overlap Region 1,Overlap Region 1,OVERLAP,5,5,3,2,1,0.6,0.5535867250631753,6.375563678783895,47.94532543628868,19.533189802459457,5.798580765025901,AI103409,False,40.72509005935567,-73.95270338260443,11222,40.734749974799,-73.7212417036252
"North Jersey, NJ",3,11427,north_jersey_nj_r02,2,Overlap Region 1,Overlap Region 1,OVERLAP,3,3,1,2,1,0.3333333333333333,0.34775510181195324,2.7056470033351543,46.69932870901879,17.624529986569968,5.321065638151205,AI103409,False,40.72509005935567,-73.95270338260443,11222,40.728770189871,-73.74360798471434
"North Jersey, NJ",3,11432,north_jersey_nj_r02,2,Overlap Region 1,Overlap Region 1,OVERLAP,5,5,1,4,0,0.2,0.26500255492890795,4.2102879330511565,44.27756056084672,13.569232984495628,6.6672598177446885,AI103409,False,40.72509005935567,-73.95270338260443,11222,40.715996684210594,-73.79213927272261
"North Jersey, NJ",3,11433,north_jersey_nj_r02,2,Overlap Region 1,Overlap Region 1,OVERLAP,4,4,2,2,0,0.5,0.47912388458885913,5.719805106880052,44.396675461749616,14.172302149142503,5.508665819307218,AI103409,False,40.72509005935567,-73.95270338260443,11222,40.6985828085495,-73.78823425002625
"North Jersey, NJ",3,11434,north_jersey_nj_r02,2,Overlap Region 1,Overlap Region 1,OVERLAP,6,6,3,3,0,0.5,0.47990816165993555,4.912406972632714,45.03799948952431,15.76743607728058,4.277468894510182,AI103409,False,40.72509005935567,-73.95270338260443,11222,40.67739594323533,-73.77655953126866
"North Jersey, NJ",3,11435,north_jersey_nj_r02,2,Overlap Region 1,Overlap Region 1,OVERLAP,6,6,2,4,0,0.3333333333333333,0.3879134296583668,10.865919848845115,43.284570364394675,11.89088365819887,6.449127273722961,AI103381,False,40.72509005935567,-73.95270338260443,11222,40.706442274707676,-73.81377863244683
"North Jersey, NJ",3,11436,north_jersey_nj_r02,2,Overlap Region 1,Overlap Region 1,OVERLAP,9,9,3,6,0,0.3333333333333333,0.41118026842366523,15.01740040183267,44.135224465433076,14.233794806205006,6.008647784150811,AI103409,False,40.72509005935567,-73.95270338260443,11222,40.675643005742224,-73.79696289476544
"North Jersey, NJ",3,11501,north_jersey_nj_r02,2,Overlap Region 1,Overlap Region 1,OVERLAP,5,5,0,5,0,0.0,0.13529492299870644,6.891038935738426,52.53114015039005,26.07960623982793,9.724835771227676,AI103409,False,40.72509005935567,-73.95270338260443,11222,40.744179143597805,-73.64420546623259
"North Jersey, NJ",3,11510,north_jersey_nj_r02,2,Overlap Region 1,Overlap Region 1,OVERLAP,6,6,0,6,0,0.0,0.11973326978036836,2.669284981780441,55.43087921955712,30.358878493415247,10.728015605602025,AI103409,False,40.72509005935567,-73.95270338260443,11222,40.65174036911917,-73.60587748825033
"North Jersey, NJ",3,11516,north_jersey_nj_r02,2,Overlap Region 1,Overlap Region 1,OVERLAP,3,3,0,3,0,0.0,0.13450583073594877,7.6271225560689135,48.69264302048479,22.071347720022956,6.66630571318879,AI103409,False,40.72509005935567,-73.95270338260443,11222,40.622814132235,-73.72840593278534
"North Jersey, NJ",3,11518,north_jersey_nj_r02,2,Overlap Region 1,Overlap Region 1,OVERLAP,3,3,0,3,0,0.0,0.13892491125635487,8.775527989244965,52.118371069777204,26.305996736776983,7.2004365885550765,AI103409,False,40.72509005935567,-73.95270338260443,11222,40.640937380986664,-73.66113774289933
"North Jersey, NJ",3,11530,north_jersey_nj_r02,2,Overlap Region 1,Overlap Region 1,OVERLAP,10,10,0,10,0,0.0,0.13652535042691394,4.653060332042199,52.21435161922455,25.736762025986252,8.26416438609773,AI103409,False,40.72509005935567,-73.95270338260443,11222,40.7267240295434,-73.64729528457238
"North Jersey, NJ",3,11550,north_jersey_nj_r02,2,Overlap Region 1,Overlap Region 1,OVERLAP,3,3,0,3,0,0.0,0.11401175390550733,2.7712041027985492,54.22612849928405,28.515405842247876,9.708281393421682,AI103409,False,40.72509005935567,-73.95270338260443,11222,40.705937460027336,-73.61531147840833
"North Jersey, NJ",3,11552,north_jersey_nj_r02,2,Overlap Region 1,Overlap Region 1,OVERLAP,6,6,0,6,0,0.0,0.13000395131659592,5.088321196434702,51.995707991606565,25.633512522574996,6.6989659251293645,AI103409,False,40.72509005935567,-73.95270338260443,11222,40.70033067019017,-73.65033244829333
"North Jersey, NJ",3,11557,north_jersey_nj_r02,2,Overlap Region 1,Overlap Region 1,OVERLAP,4,4,0,4,0,0.0,0.12067026884879495,3.797318178181929,50.349890197424806,24.074548647360377,5.8069790310288845,AI103409,False,40.72509005935567,-73.95270338260443,11222,40.637699527959,-73.6914944425385
"North Jersey, NJ",3,11558,north_jersey_nj_r02,2,Overlap Region 1,Overlap Region 1,OVERLAP,1,1,0,1,0,0.0,0.11501143732288172,4.0,53.04394960149,27.911085470558163,10.326047641306351,AI103409,False,40.72509005935567,-73.95270338260443,11222,40.603026104716,-73.663554338728
"North Jersey, NJ",3,11559,north_jersey_nj_r02,2,Overlap Region 1,Overlap Region 1,OVERLAP,2,2,0,2,0,0.0,0.11447765377219063,3.2756289045329146,48.99825061293131,22.56166354772691,7.247613767878615,AI103409,False,40.72509005935567,-73.95270338260443,11222,40.617566618252,-73.7258369370515
"North Jersey, NJ",3,11565,north_jersey_nj_r02,2,Overlap Region 1,Overlap Region 1,OVERLAP,1,1,0,1,0,0.0,0.11526847874299267,4.0,50.19857485326023,23.458049958156437,3.868381271927632,AI103409,False,40.72509005935567,-73.95270338260443,11222,40.681272848191,-73.680492555989
"North Jersey, NJ",3,11570,north_jersey_nj_r02,2,Overlap Region 1,Overlap Region 1,OVERLAP,4,4,0,4,0,0.0,0.12684137655099,5.334638896983876,52.10772266067545,26.08621827884548,6.4535473859767984,AI103409,False,40.72509005935567,-73.95270338260443,11222,40.663426067085496,-73.6541677403595
"North Jersey, NJ",3,11572,north_jersey_nj_r02,2,Overlap Region 1,Overlap Region 1,OVERLAP,12,12,0,12,0,0.0,0.16588682156060425,10.80425000588322,53.68290237719864,28.303991196498476,9.023077292845946,AI103409,False,40.72509005935567,-73.95270338260443,11222,40.63745518707534,-73.637567449323
"North Jersey, NJ",3,11701,north_jersey_nj_r02,2,Overlap Region 1,Overlap Region 1,OVERLAP,8,8,0,8,0,0.0,0.12978358250146194,4.377742011488138,68.1711275163392,45.62053502413156,17.338327172311768,AI102719,False,40.72509005935567,-73.95270338260443,11222,40.69913581083112,-73.41252453491549
"North Jersey, NJ",3,11703,north_jersey_nj_r02,2,Overlap Region 1,Overlap Region 1,OVERLAP,4,4,0,4,0,0.0,0.1170900017460143,3.4533172079327334,74.30304651486419,52.66417881556701,15.159951053135327,AI102719,False,40.72509005935567,-73.95270338260443,11222,40.7354086359475,-73.32784913929824
"North Jersey, NJ",3,11704,north_jersey_nj_r02,2,Overlap Region 1,Overlap Region 1,OVERLAP,10,10,0,10,0,0.0,0.14673662766524542,7.579065496529676,72.54413176826631,50.6351274102772,16.500980891543772,AI102719,False,40.72509005935567,-73.95270338260443,11222,40.71431700904459,-73.3520444302194
"North Jersey, NJ",3,11706,north_jersey_nj_r02,2,Overlap Region 1,Overlap Region 1,OVERLAP,10,10,0,10,2,0.0,0.13103117034412784,3.907216004226954,79.03817851601748,57.79854199101546,18.30379098265019,AI102719,False,40.72509005935567,-73.95270338260443,11222,40.7339806672071,-73.26687512301652
"North Jersey, NJ",3,11731,north_jersey_nj_r02,2,Overlap Region 1,Overlap Region 1,OVERLAP,3,3,0,3,1,0.0,0.1061727525704113,1.3371410481347283,75.63782677508756,54.77535985938016,7.372737988626743,AI102719,False,40.72509005935567,-73.95270338260443,11222,40.859452496511,-73.32671014092433
"North Jersey, NJ",3,11743,north_jersey_nj_r02,2,Overlap Region 1,Overlap Region 1,OVERLAP,8,8,0,8,0,0.0,0.1221602972933234,2.5721404046024308,70.26038955100738,49.1917096719762,1.6293816897044944,AI102719,False,40.72509005935567,-73.95270338260443,11222,40.86170816322587,-73.396918038034
"North Jersey, NJ",3,11747,north_jersey_nj_r02,2,Overlap Region 1,Overlap Region 1,OVERLAP,9,9,0,9,1,0.0,0.12939061792169537,3.7766803435232745,68.18697807859668,46.080597235211656,8.376679983541502,AI102719,False,40.72509005935567,-73.95270338260443,11222,40.77977807471544,-73.41043488151246
"North Jersey, NJ",3,11768,north_jersey_nj_r02,2,Overlap Region 1,Overlap Region 1,OVERLAP,11,11,0,11,0,0.0,0.13616299725416364,4.593043261004617,76.5518545879472,55.855739214189924,8.829129877259026,AI102719,False,40.72509005935567,-73.95270338260443,11222,40.905807759880005,-73.33341421619053
"North Jersey, NJ",3,11804,north_jersey_nj_r02,2,Overlap Region 1,Overlap Region 1,OVERLAP,2,2,0,2,0,0.0,0.11303216822499096,3.2747517592030837,64.9593809611582,42.1696473130756,10.16789186650936,AI102719,False,40.72509005935567,-73.95270338260443,11222,40.7691313404335,-73.45550715947749
"North Jersey, NJ",3,07003,north_jersey_nj_r03,3,DMS2 Region 1,DMS2 Region 1,DMS2_EXCLUSIVE,7,7,0,7,0,0.0,0.12825716779480778,3.8834258811930846,39.475543788587416,22.124510130174535,18.79476650041886,AI104065,False,40.72509005935567,-73.95270338260443,11222,40.80396680649857,-74.19388145106714
"North Jersey, NJ",3,07006,north_jersey_nj_r03,3,DMS2 Region 1,DMS2 Region 1,DMS2_EXCLUSIVE,9,9,3,6,0,0.3333333333333333,0.369732932235416,4.909342008693259,42.225659160683755,30.346202986490038,17.347481389165747,AI105012,False,40.72509005935567,-73.95270338260443,11222,40.84631845031622,-74.27563008720733
"North Jersey, NJ",3,07010,north_jersey_nj_r03,3,DMS2 Region 1,DMS2 Region 1,DMS2_EXCLUSIVE,7,7,6,1,1,0.8571428571428571,0.6969497932892752,0.01769104987421191,209.8411499775739,221.04190374741876,122.96009824295263,AI103541,False,40.72509005935567,-73.95270338260443,11222,39.00281974135872,-75.24615557813429
"North Jersey, NJ",3,07012,north_jersey_nj_r03,3,DMS2 Region 1,DMS2 Region 1,DMS2_EXCLUSIVE,5,5,0,5,2,0.0,0.13521178002826245,6.601189871623532,40.24034979012152,21.590426193029128,14.553596565234018,AI104065,False,40.72509005935567,-73.95270338260443,11222,40.8454978110602,-74.1538819219624
"North Jersey, NJ",3,07014,north_jersey_nj_r03,3,DMS2 Region 1,DMS2 Region 1,DMS2_EXCLUSIVE,4,4,0,4,0,0.0,0.12546458175641104,4.729157845623232,39.75095622685009,19.65491506269459,13.268484502748079,AI104065,False,40.72509005935567,-73.95270338260443,11222,40.8341146867275,-74.13644334601199
"North Jersey, NJ",3,07017,north_jersey_nj_r03,3,DMS2 Region 1,DMS2 Region 1,DMS2_EXCLUSIVE,4,4,0,4,1,0.0,0.12383532939151624,4.315514504013929,38.93267878453052,22.147682994501114,21.303047398045067,AI104065,False,40.72509005935567,-73.95270338260443,11222,40.771393204148495,-74.208413169843
"North Jersey, NJ",3,07018,north_jersey_nj_r03,3,DMS2 Region 1,DMS2 Region 1,DMS2_EXCLUSIVE,3,3,0,3,0,0.0,0.13007624169828533,6.335530427530542,38.8568712812361,23.086623445127298,22.065704416674464,AI103306,False,40.72509005935567,-73.95270338260443,11222,40.754594275068,-74.22394660703632
"North Jersey, NJ",3,07026,north_jersey_nj_r03,3,DMS2 Region 1,DMS2 Region 1,DMS2_EXCLUSIVE,3,3,3,0,0,1.0,0.8235508961706238,4.802613766618411,41.22108438743395,21.093823337348255,10.145077042715414,AI104065,False,40.72509005935567,-73.95270338260443,11222,40.87963711822599,-74.09803027617333
"North Jersey, NJ",3,07028,north_jersey_nj_r03,3,DMS2 Region 1,DMS2 Region 1,DMS2_EXCLUSIVE,4,4,0,4,0,0.0,0.12085025268295885,3.6032549324941514,39.51222597419106,22.881584018866164,20.018868477891576,AI104065,False,40.72509005935567,-73.95270338260443,11222,40.7981884334505,-74.206663879024
"North Jersey, NJ",3,07029,north_jersey_nj_r03,3,DMS2 Region 1,DMS2 Region 1,DMS2_EXCLUSIVE,2,2,0,2,1,0.0,0.12212122269582107,4.889211631143481,37.93233987265619,17.556669439166466,19.147917216126544,AI104065,False,40.72509005935567,-73.95270338260443,11222,40.7483762642035,-74.1588018667375
"North Jersey, NJ",3,07030,north_jersey_nj_r03,3,DMS2 Region 1,DMS2 Region 1,DMS2_EXCLUSIVE,9,9,0,9,2,0.0,0.16826614368492354,12.554225028547148,37.92167163956781,7.0389935118621425,13.36607687335643,AI104065,False,40.72509005935567,-73.95270338260443,11222,40.74251726154023,-74.03301621982456
"North Jersey, NJ",3,07031,north_jersey_nj_r03,3,DMS2 Region 1,DMS2 Region 1,DMS2_EXCLUSIVE,1,1,0,1,0,0.0,0.11631606606241278,4.0,38.60208389099909,17.47194311253059,15.400405408829215,AI104065,False,40.72509005935567,-73.95270338260443,11222,40.78956149248,-74.141873707525
"North Jersey, NJ",3,07032,north_jersey_nj_r03,3,DMS2 Region 1,DMS2 Region 1,DMS2_EXCLUSIVE,1,1,0,1,1,0.0,0.11634091094910229,4.0,38.3270581259747,16.60301458253283,15.688050643797053,AI104065,False,40.72509005935567,-73.95270338260443,11222,40.778304093536,-74.136863881073
"North Jersey, NJ",3,07034,north_jersey_nj_r03,3,DMS2 Region 1,DMS2 Region 1,DMS2_EXCLUSIVE,1,1,1,0,0,1.0,0.8156113556065397,4.0,46.40302638146883,39.65728763163417,14.588041261576794,AI105140,False,40.72509005935567,-73.95270338260443,11222,40.882218852319,-74.375672248638
"North Jersey, NJ",3,07039,north_jersey_nj_r03,3,DMS2 Region 1,DMS2 Region 1,DMS2_EXCLUSIVE,17,17,7,10,0,0.4117647058823529,0.45203442722935294,7.508098168696094,41.865756669499284,31.936991851050923,22.10020883176233,AI105140,False,40.72509005935567,-73.95270338260443,11222,40.79058619375029,-74.32188834407793
"North Jersey, NJ",3,07040,north_jersey_nj_r03,3,DMS2 Region 1,DMS2 Region 1,DMS2_EXCLUSIVE,11,11,0,11,0,0.0,0.15989102679710424,9.536108425070124,39.19153936797577,26.212005406896232,21.51891741847587,AI103306,False,40.72509005935567,-73.95270338260443,11222,40.727614900225916,-74.263743004334
"North Jersey, NJ",3,07041,north_jersey_nj_r03,3,DMS2 Region 1,DMS2 Region 1,DMS2_EXCLUSIVE,2,2,0,2,0,0.0,0.131207819590326,7.139334547123053,39.905671554854244,28.646458099178254,22.45323429646892,AI103916,False,40.72509005935567,-73.95270338260443,11222,40.7296304023795,-74.2926028429155
"North Jersey, NJ",3,07042,north_jersey_nj_r03,3,DMS2 Region 1,DMS2 Region 1,DMS2_EXCLUSIVE,6,6,0,6,0,0.0,0.1392030752003034,7.056802575168097,39.886333529807125,23.747400181310688,20.03339649952586,AI104065,False,40.72509005935567,-73.95270338260443,11222,40.809845057802335,-74.21153122118717
"North Jersey, NJ",3,07043,north_jersey_nj_r03,3,DMS2 Region 1,DMS2 Region 1,DMS2_EXCLUSIVE,1,1,0,1,0,0.0,0.11614057801297502,4.0,40.54468623217321,24.47508284752185,17.75677737856803,AI105012,False,40.72509005935567,-73.95270338260443,11222,40.83728949811,-74.202787449912
"North Jersey, NJ",3,07044,north_jersey_nj_r03,3,DMS2 Region 1,DMS2 Region 1,DMS2_EXCLUSIVE,4,4,2,2,0,0.5,0.47370758292359266,4.330922245330407,41.049071802653515,26.919666401284744,18.081090664404293,AI105012,False,40.72509005935567,-73.95270338260443,11222,40.83445779473875,-74.237931692785
"North Jersey, NJ",3,07045,north_jersey_nj_r03,3,DMS2 Region 1,DMS2 Region 1,DMS2_EXCLUSIVE,7,7,3,4,0,0.42857142857142855,0.42902175425407707,4.23295136920172,46.9429685256556,40.11459278768407,15.12170510094416,AI105140,False,40.72509005935567,-73.95270338260443,11222,40.90028155072529,-74.36938444989927
"North Jersey, NJ",3,07046,north_jersey_nj_r03,3,DMS2 Region 1,DMS2 Region 1,DMS2_EXCLUSIVE,3,3,2,1,0,0.6666666666666666,0.5857276561272297,3.8762558214638947,48.70018297132645,44.22423837176884,9.947024056481235,AI105140,False,40.72509005935567,-73.95270338260443,11222,40.89057644150534,-74.43051023632233
"North Jersey, NJ",3,07050,north_jersey_nj_r03,3,DMS2 Region 1,DMS2 Region 1,DMS2_EXCLUSIVE,2,2,0,2,1,0.0,0.10717021150360954,1.2920373520533328,39.478539201229516,24.759756668590978,23.71586763235591,AI104065,False,40.72509005935567,-73.95270338260443,11222,40.771626134038996,-74.24013371702901
"North Jersey, NJ",3,07052,north_jersey_nj_r03,3,DMS2 Region 1,DMS2 Region 1,DMS2_EXCLUSIVE,11,11,6,5,3,0.5454545454545454,0.5218815191147721,4.746820518085024,40.38529161334356,27.471517351351377,23.810919983328347,AI105012,False,40.72509005935567,-73.95270338260443,11222,40.78560699196272,-74.26891372940901
"North Jersey, NJ",3,07054,north_jersey_nj_r03,3,DMS2 Region 1,DMS2 Region 1,DMS2_EXCLUSIVE,11,11,5,6,0,0.45454545454545453,0.45743222924091426,4.7003474626081765,47.26593571909586,42.31159930624724,11.153297888000573,AI105140,False,40.72509005935567,-73.95270338260443,11222,40.86132023421719,-74.42200517002628
"North Jersey, NJ",3,07055,north_jersey_nj_r03,3,DMS2 Region 1,DMS2 Region 1,DMS2_EXCLUSIVE,6,6,0,6,3,0.0,0.13384854212257313,5.764763476340385,40.26905419245754,20.531029246224932,12.577829893615494,AI104065,False,40.72509005935567,-73.95270338260443,11222,40.85119735002166,-74.13083111665317
"North Jersey, NJ",3,07057,north_jersey_nj_r03,3,DMS2 Region 1,DMS2 Region 1,DMS2_EXCLUSIVE,2,2,2,0,0,1.0,0.8206070229064205,4.568712876919649,40.085941943182846,18.688644492102544,10.237956811901046,AI104065,False,40.72509005935567,-73.95270338260443,11222,40.8489327278285,-74.1027750137585
"North Jersey, NJ",3,07058,north_jersey_nj_r03,3,DMS2 Region 1,DMS2 Region 1,DMS2_EXCLUSIVE,1,1,1,0,0,1.0,0.8157369878049914,4.0,45.01231400178935,36.79592472714314,17.279595803686878,AI105012,False,40.72509005935567,-73.95270338260443,11222,40.872683047426,-74.343948965731
"North Jersey, NJ",3,07070,north_jersey_nj_r03,3,DMS2 Region 1,DMS2 Region 1,DMS2_EXCLUSIVE,5,5,0,5,2,0.0,0.1367332557656484,6.953872660363388,39.47313546191841,17.94479171436424,11.787272185464605,AI104065,False,40.72509005935567,-73.95270338260443,11222,40.828246214853195,-74.11659354362942
"North Jersey, NJ",3,07071,north_jersey_nj_r03,3,DMS2 Region 1,DMS2 Region 1,DMS2_EXCLUSIVE,2,2,0,2,0,0.0,0.12300951096590027,5.125853890002941,38.88526624788735,16.946597805440692,13.204414523612781,AI104065,False,40.72509005935567,-73.95270338260443,11222,40.805700845587495,-74.12347477472849
"North Jersey, NJ",3,07075,north_jersey_nj_r03,3,DMS2 Region 1,DMS2 Region 1,DMS2_EXCLUSIVE,2,2,2,0,1,1.0,0.8168408612213817,3.652572223772967,40.019089307861094,17.931941338823115,9.30764802392332,AI104065,False,40.72509005935567,-73.95270338260443,11222,40.847423441682494,-74.091482550112
"North Jersey, NJ",3,07078,north_jersey_nj_r03,3,DMS2 Region 1,DMS2 Region 1,DMS2_EXCLUSIVE,3,3,0,3,0,0.0,0.11084845505139729,1.7148944954212426,41.096934353626686,31.879428149625006,23.21342752539159,AI103916,False,40.72509005935567,-73.95270338260443,11222,40.737998213594004,-74.330662012376
"North Jersey, NJ",3,07079,north_jersey_nj_r03,3,DMS2 Region 1,DMS2 Region 1,DMS2_EXCLUSIVE,5,5,0,5,0,0.0,0.12951585474302144,5.200012909189677,39.42774106798155,25.915430286905377,23.158593858746933,AI103306,False,40.72509005935567,-73.95270338260443,11222,40.7495015209544,-74.2586000675922
"North Jersey, NJ",3,07081,north_jersey_nj_r03,3,DMS2 Region 1,DMS2 Region 1,DMS2_EXCLUSIVE,4,4,0,4,0,0.0,0.12142881425177281,3.7624975778065597,40.3659066892811,31.368691359499913,18.786303111660434,AI103916,False,40.72509005935567,-73.95270338260443,11222,40.698207966543,-74.323179462214
"North Jersey, NJ",3,07082,north_jersey_nj_r03,3,DMS2 Region 1,DMS2 Region 1,DMS2_EXCLUSIVE,2,2,1,1,0,0.5,0.4006127353181502,0.0034465376791470003,606.8203154088302,622.9035509006565,517.8465986175528,AI103541,False,40.72509005935567,-73.95270338260443,11222,37.330125,-79.692125
"North Jersey, NJ",3,07083,north_jersey_nj_r03,3,DMS2 Region 1,DMS2 Region 1,DMS2_EXCLUSIVE,9,9,0,9,0,0.0,0.14309519930868278,6.468674148383934,39.180776243984724,27.4959204769588,19.575966772914967,AI103916,False,40.72509005935567,-73.95270338260443,11222,40.701471425209114,-74.2774414727911
"North Jersey, NJ",3,07086,north_jersey_nj_r03,3,DMS2 Region 1,DMS2 Region 1,DMS2_EXCLUSIVE,1,1,0,1,6,0.0,0.11633109483075976,4.0,38.435719738742876,7.718326544505436,10.08925719260262,AI104065,False,40.72509005935567,-73.95270338260443,11222,40.77074362808,-74.021719964104
"North Jersey, NJ",3,07087,north_jersey_nj_r03,3,DMS2 Region 1,DMS2 Region 1,DMS2_EXCLUSIVE,2,2,0,2,5,0.0,0.11287432194445744,2.6550074959684395,38.459095055649136,8.22873656873536,9.818724910857672,AI104065,False,40.72509005935567,-73.95270338260443,11222,40.774439401422995,-74.02549642600451
"North Jersey, NJ",3,07088,north_jersey_nj_r03,3,DMS2 Region 1,DMS2 Region 1,DMS2_EXCLUSIVE,2,2,0,2,0,0.0,0.12268689484209588,5.061151326253466,39.507427265877965,27.786550346647175,21.44915399741321,AI103916,False,40.72509005935567,-73.95270338260443,11222,40.7193416312115,-74.28233822320749
"North Jersey, NJ",3,07093,north_jersey_nj_r03,3,DMS2 Region 1,DMS2 Region 1,DMS2_EXCLUSIVE,2,2,0,2,1,0.0,0.11967404173689143,4.315258393256171,38.861461279099416,7.859675857382098,8.313246625915143,AI104065,False,40.72509005935567,-73.95270338260443,11222,40.783605684270995,-74.005045219869
"North Jersey, NJ",3,07094,north_jersey_nj_r03,3,DMS2 Region 1,DMS2 Region 1,DMS2_EXCLUSIVE,2,2,0,2,2,0.0,0.1348743466899224,8.0,38.546921672323535,12.354125751251756,10.129196197201518,AI104065,False,40.72509005935567,-73.95270338260443,11222,40.793291458324504,-74.0684940449345
"North Jersey, NJ",3,07103,north_jersey_nj_r03,3,DMS2 Region 1,DMS2 Region 1,DMS2_EXCLUSIVE,1,1,0,1,0,0.0,0.11632801896060972,4.0,38.46976873851107,21.833959197654405,20.540939844170286,AI103306,False,40.72509005935567,-73.95270338260443,11222,40.744481795616,-74.210572665761
"North Jersey, NJ",3,07104,north_jersey_nj_r03,3,DMS2 Region 1,DMS2 Region 1,DMS2_EXCLUSIVE,4,4,0,4,1,0.0,0.12483044486152121,4.54448931121053,38.35358053307878,18.65949226581141,18.422430481084668,AI104065,False,40.72509005935567,-73.95270338260443,11222,40.768089825221,-74.16680729294825
"North Jersey, NJ",3,07105,north_jersey_nj_r03,3,DMS2 Region 1,DMS2 Region 1,DMS2_EXCLUSIVE,1,1,0,1,0,0.0,0.11640574026722285,4.0,37.609416180775504,16.242667161692125,17.372896948190974,AI103306,False,40.72509005935567,-73.95270338260443,11222,40.73289932016,-74.145186796358
"North Jersey, NJ",3,07106,north_jersey_nj_r03,3,DMS2 Region 1,DMS2 Region 1,DMS2_EXCLUSIVE,5,5,0,5,0,0.0,0.14608032406038995,9.209165860971323,38.798782198900646,23.69818791692568,21.247149160019408,AI103306,False,40.72509005935567,-73.95270338260443,11222,40.741897671346,-74.2330835770156
"North Jersey, NJ",3,07107,north_jersey_nj_r03,3,DMS2 Region 1,DMS2 Region 1,DMS2_EXCLUSIVE,4,4,0,4,3,0.0,0.1355443394851321,7.146206404401429,38.33866050208636,20.199209408251352,20.73502644808409,AI103306,False,40.72509005935567,-73.95270338260443,11222,40.75383264946375,-74.18943412648075
"North Jersey, NJ",3,07108,north_jersey_nj_r03,3,DMS2 Region 1,DMS2 Region 1,DMS2_EXCLUSIVE,4,4,0,4,0,0.0,0.12581513161521193,4.777534206576407,38.07543753382928,21.182691183444305,18.280357193346994,AI103306,False,40.72509005935567,-73.95270338260443,11222,40.72401240285525,-74.20406718154149
"North Jersey, NJ",3,07109,north_jersey_nj_r03,3,DMS2 Region 1,DMS2 Region 1,DMS2_EXCLUSIVE,5,5,0,5,1,0.0,0.12932114660760016,5.140575197855838,38.87396641065849,20.005018305094648,17.920012925297932,AI104065,False,40.72509005935567,-73.95270338260443,11222,40.7887516255416,-74.1748451146362
"North Jersey, NJ",3,07110,north_jersey_nj_r03,3,DMS2 Region 1,DMS2 Region 1,DMS2_EXCLUSIVE,7,7,0,7,0,0.0,0.14085081906714017,6.942918099133466,39.51739281154238,20.200523378066343,15.229501181918186,AI104065,False,40.72509005935567,-73.95270338260443,11222,40.821044834049424,-74.15639850557216
"North Jersey, NJ",3,07111,north_jersey_nj_r03,3,DMS2 Region 1,DMS2 Region 1,DMS2_EXCLUSIVE,3,3,0,3,1,0.0,0.11597037924826413,2.9033614640580137,38.56836713606162,23.68884229325343,19.780106115191508,AI103306,False,40.72509005935567,-73.95270338260443,11222,40.725586554840994,-74.233813435019
"North Jersey, NJ",3,07112,north_jersey_nj_r03,3,DMS2 Region 1,DMS2 Region 1,DMS2_EXCLUSIVE,2,2,0,2,0,0.0,0.11513058256108405,3.195020087959888,38.09641127497505,22.385203835012195,17.511688007071516,AI103306,False,40.72509005935567,-73.95270338260443,11222,40.709348960895994,-74.2174985712445
"North Jersey, NJ",3,07114,north_jersey_nj_r03,3,DMS2 Region 1,DMS2 Region 1,DMS2_EXCLUSIVE,1,1,0,1,0,0.0,0.11639188191590387,4.0,37.762824152448474,19.11960546967726,17.236858516198865,AI103306,False,40.72509005935567,-73.95270338260443,11222,40.72284366879,-74.179567894747
"North Jersey, NJ",3,07201,north_jersey_nj_r03,3,DMS2 Region 1,DMS2 Region 1,DMS2_EXCLUSIVE,3,3,0,3,0,0.0,0.11185032868684598,1.874798700690222,37.2948255191018,19.228826725009093,12.301368376159884,AI103306,False,40.72509005935567,-73.95270338260443,11222,40.676181982403996,-74.17149063350833
"North Jersey, NJ",3,07202,north_jersey_nj_r03,3,DMS2 Region 1,DMS2 Region 1,DMS2_EXCLUSIVE,1,1,0,1,2,0.0,0.11639144874385815,4.0,37.767619242671515,23.520580680356115,13.480314526689241,AI103306,False,40.72509005935567,-73.95270338260443,11222,40.660175436994,-74.218218584662
"North Jersey, NJ",3,07203,north_jersey_nj_r03,3,DMS2 Region 1,DMS2 Region 1,DMS2_EXCLUSIVE,1,1,1,0,0,1.0,0.816341940258512,4.0,38.31566396622603,26.13294191640895,15.66967206490347,AI103306,False,40.72509005935567,-73.95270338260443,11222,40.660379216296,-74.250684818258
"North Jersey, NJ",3,07204,north_jersey_nj_r03,3,DMS2 Region 1,DMS2 Region 1,DMS2_EXCLUSIVE,2,2,0,2,0,0.0,0.13488198605396112,8.0,38.46235610495712,26.586607283120628,16.012933941569553,AI103916,False,40.72509005935567,-73.95270338260443,11222,40.663641595222,-74.257462524938
"North Jersey, NJ",3,07205,north_jersey_nj_r03,3,DMS2 Region 1,DMS2 Region 1,DMS2_EXCLUSIVE,2,2,0,2,0,0.0,0.13491712794444885,8.0,38.07334546318731,23.219119741804803,16.613335014743278,AI103306,False,40.72509005935567,-73.95270338260443,11222,40.6945444274395,-74.2252126134225
"North Jersey, NJ",3,07206,north_jersey_nj_r03,3,DMS2 Region 1,DMS2 Region 1,DMS2_EXCLUSIVE,1,1,0,1,0,0.0,0.1164220165714719,4.0,37.429242164133534,21.883238827072717,11.025875244032688,AI103306,False,40.72509005935567,-73.95270338260443,11222,40.649154542289,-74.192140472329
"North Jersey, NJ",3,07208,north_jersey_nj_r03,3,DMS2 Region 1,DMS2 Region 1,DMS2_EXCLUSIVE,4,4,0,4,1,0.0,0.1251677573211168,4.615775361939504,37.868806971791436,23.234001956800334,14.834053956733582,AI103306,False,40.72509005935567,-73.95270338260443,11222,40.67603794087775,-74.22061192229725
"North Jersey, NJ",3,07302,north_jersey_nj_r03,3,DMS2 Region 1,DMS2 Region 1,DMS2_EXCLUSIVE,9,9,0,9,5,0.0,0.19111176129360763,18.09548363962544,37.59472798189436,7.808975513715156,14.911310080939685,AI103381,False,40.72509005935567,-73.95270338260443,11222,40.71990413507834,-74.04511397019357
"North Jersey, NJ",3,07304,north_jersey_nj_r03,3,DMS2 Region 1,DMS2 Region 1,DMS2_EXCLUSIVE,2,2,0,2,1,0.0,0.1107313986688594,2.1109028504808207,37.380653476527236,10.062389515744536,15.046418174899067,AI103306,False,40.72509005935567,-73.95270338260443,11222,40.714804298794505,-74.0713282742735
"North Jersey, NJ",3,07305,north_jersey_nj_r03,3,DMS2 Region 1,DMS2 Region 1,DMS2_EXCLUSIVE,3,3,0,3,1,0.0,0.11252604630989657,2.036594554290296,37.189390412268665,12.061603198125093,12.889905367956656,AI103306,False,40.72509005935567,-73.95270338260443,11222,40.696752301463334,-74.09083549811167
"North Jersey, NJ",3,07306,north_jersey_nj_r03,3,DMS2 Region 1,DMS2 Region 1,DMS2_EXCLUSIVE,8,8,0,8,0,0.0,0.13226662112407875,4.308751473488098,37.54005224871074,9.549863019168459,15.769898332190332,AI104065,False,40.72509005935567,-73.95270338260443,11222,40.72960666103087,-74.06587627971761
"North Jersey, NJ",3,07307,north_jersey_nj_r03,3,DMS2 Region 1,DMS2 Region 1,DMS2_EXCLUSIVE,9,9,0,9,3,0.0,0.17950093385917854,15.280292938546904,37.80842845167191,8.38993127861551,13.693962338665097,AI104065,False,40.72509005935567,-73.95270338260443,11222,40.74418598229478,-74.04903712237788
"North Jersey, NJ",3,07401,north_jersey_nj_r03,3,DMS2 Region 1,DMS2 Region 1,DMS2_EXCLUSIVE,2,2,2,0,0,1.0,0.833877725126453,8.0,49.57923634368165,37.102835085280425,4.6328500590548956,AI103382,False,40.72509005935567,-73.95270338260443,11222,41.031548917222,-74.127268238257
"North Jersey, NJ",3,07405,north_jersey_nj_r03,3,DMS2 Region 1,DMS2 Region 1,DMS2_EXCLUSIVE,2,2,1,1,0,0.5,0.45485762073964586,1.0283972134842525,53.061684304299035,47.55177753878657,13.517802149857863,AI105012,False,40.72509005935567,-73.95270338260443,11222,41.004937660215006,-74.380291001096
"North Jersey, NJ",3,07430,north_jersey_nj_r03,3,DMS2 Region 1,DMS2 Region 1,DMS2_EXCLUSIVE,3,3,3,0,2,1.0,0.8106061618749834,1.938987015222912,53.99306272966288,43.51679703141986,7.608336360136235,AI103382,False,40.72509005935567,-73.95270338260443,11222,41.082828147636,-74.162665238428
"North Jersey, NJ",3,07438,north_jersey_nj_r03,3,DMS2 Region 1,DMS2 Region 1,DMS2_EXCLUSIVE,6,6,0,6,0,0.0,0.10170416390477309,0.04357520865374413,135.32951529031197,140.16651242264183,89.77827596138336,AI105140,False,40.72509005935567,-73.95270338260443,11222,41.454005591137836,-75.31727976487433
"North Jersey, NJ",3,07446,north_jersey_nj_r03,3,DMS2 Region 1,DMS2 Region 1,DMS2_EXCLUSIVE,5,5,5,0,1,1.0,0.8310102654265868,5.822285032605203,51.247861095273244,39.88606385297329,5.693082968482449,AI103382,False,40.72509005935567,-73.95270338260443,11222,41.0518755483448,-74.148365567897
"North Jersey, NJ",3,07460,north_jersey_nj_r03,3,DMS2 Region 1,DMS2 Region 1,DMS2_EXCLUSIVE,1,1,0,1,0,0.0,0.1140514283401961,4.0,63.670973511598014,60.55486969010314,24.259918079614703,AI105140,False,40.72509005935567,-73.95270338260443,11222,41.101361132577,-74.473663135773
"North Jersey, NJ",3,07463,north_jersey_nj_r03,3,DMS2 Region 1,DMS2 Region 1,DMS2_EXCLUSIVE,1,1,1,0,0,1.0,0.8154271797754946,4.0,48.44179997159217,34.90403961113517,4.950408269455175,AI103382,False,40.72509005935567,-73.95270338260443,11222,41.0154129124,-74.110538872991
"North Jersey, NJ",3,07640,north_jersey_nj_r03,3,DMS2 Region 1,DMS2 Region 1,DMS2_EXCLUSIVE,1,1,1,0,1,1.0,0.8153959416392801,4.0,48.7875971739577,30.293603372388258,10.204116087579262,AI103382,False,40.72509005935567,-73.95270338260443,11222,40.996391029974,-73.985558904552
"North Jersey, NJ",3,07642,north_jersey_nj_r03,3,DMS2 Region 1,DMS2 Region 1,DMS2_EXCLUSIVE,1,1,1,0,0,1.0,0.8154136836790867,4.0,48.59119788536855,32.21278559136935,6.314383149082826,AI103382,False,40.72509005935567,-73.95270338260443,11222,41.007812691053,-74.036249505726
"North Jersey, NJ",3,07647,north_jersey_nj_r03,3,DMS2 Region 1,DMS2 Region 1,DMS2_EXCLUSIVE,2,2,2,0,1,1.0,0.8338033221111437,8.0,50.40285636905324,31.186873488512223,12.579929496412213,AI103382,False,40.72509005935567,-73.95270338260443,11222,41.005497330737995,-73.944866009196
"North Jersey, NJ",3,07648,north_jersey_nj_r03,3,DMS2 Region 1,DMS2 Region 1,DMS2_EXCLUSIVE,1,1,1,0,1,1.0,0.8153059013443114,4.0,49.784317397168024,29.751836692860707,14.00636802661877,AI103382,False,40.72509005935567,-73.95270338260443,11222,40.99231,-73.93476
"North Jersey, NJ",3,07662,north_jersey_nj_r03,3,DMS2 Region 1,DMS2 Region 1,DMS2_EXCLUSIVE,2,2,2,0,0,1.0,0.8344937080081837,8.0,42.7604826336316,23.84089673031679,10.926593083928163,AI104065,False,40.72509005935567,-73.95270338260443,11222,40.914103900238,-74.086444423309
"North Jersey, NJ",3,07675,north_jersey_nj_r03,3,DMS2 Region 1,DMS2 Region 1,DMS2_EXCLUSIVE,7,7,6,1,3,0.8571428571428571,0.7229577227999926,2.803058703504108,48.8963436557126,31.786289106439995,7.546561009983805,AI103382,False,40.72509005935567,-73.95270338260443,11222,41.00700614185586,-74.01528188005258
"North Jersey, NJ",3,07676,north_jersey_nj_r03,3,DMS2 Region 1,DMS2 Region 1,DMS2_EXCLUSIVE,5,5,3,2,1,0.6,0.5660136410691282,9.373040838374317,47.006274126067325,30.351481462908406,7.739755735172058,AI103382,False,40.72509005935567,-73.95270338260443,11222,40.98693924976919,-74.05460675439699
"North Jersey, NJ",3,07677,north_jersey_nj_r03,3,DMS2 Region 1,DMS2 Region 1,DMS2_EXCLUSIVE,5,5,5,0,0,1.0,0.8201366317185763,3.1359580537671765,49.1745754014813,33.69461130989548,4.669050056793002,AI103382,False,40.72509005935567,-73.95270338260443,11222,41.0192907572292,-74.0486939303828
"North Jersey, NJ",3,07821,north_jersey_nj_r03,3,DMS2 Region 1,DMS2 Region 1,DMS2_EXCLUSIVE,2,2,0,2,0,0.0,0.10080971955808009,0.4426275530711762,71.17173319064956,74.31941890205569,20.921065565523335,AI105140,False,40.72509005935567,-73.95270338260443,11222,40.9685514121155,-74.7755540017755
"North Jersey, NJ",3,07828,north_jersey_nj_r03,3,DMS2 Region 1,DMS2 Region 1,DMS2_EXCLUSIVE,6,6,0,6,0,0.0,0.12238469110418074,3.55032792051655,66.23785340880713,69.94082032593981,18.008284012437336,AI105140,False,40.72509005935567,-73.95270338260443,11222,40.8698821698285,-74.76126793535684
"North Jersey, NJ",3,07836,north_jersey_nj_r03,3,DMS2 Region 1,DMS2 Region 1,DMS2_EXCLUSIVE,4,4,0,4,0,0.0,0.11031969757633012,1.5367405058875407,61.89187013138693,64.86615889073403,14.058607677548775,AI105140,False,40.72509005935567,-73.95270338260443,11222,40.847547866753246,-74.70599916771201
"North Jersey, NJ",3,07838,north_jersey_nj_r03,3,DMS2 Region 1,DMS2 Region 1,DMS2_EXCLUSIVE,1,1,0,1,0,0.0,0.11295482235216485,4.0,75.81008706673855,81.5535742959314,30.297925719380196,AI105140,False,40.72509005935567,-73.95270338260443,11222,40.855087152771,-74.906093416503
"North Jersey, NJ",3,07840,north_jersey_nj_r03,3,DMS2 Region 1,DMS2 Region 1,DMS2_EXCLUSIVE,8,8,0,8,0,0.0,0.12048542350842457,2.1762642064784545,70.7569446556959,75.50062014141125,23.94166214293755,AI105140,False,40.72509005935567,-73.95270338260443,11222,40.8622132564315,-74.83110006016513
"North Jersey, NJ",3,07843,north_jersey_nj_r03,3,DMS2 Region 1,DMS2 Region 1,DMS2_EXCLUSIVE,2,2,0,2,0,0.0,0.11628594122879732,4.025714089776013,63.16949313865344,65.07472354730191,11.659721596645323,AI105140,False,40.72509005935567,-73.95270338260443,11222,40.934221860615494,-74.675079049934
"North Jersey, NJ",3,07850,north_jersey_nj_r03,3,DMS2 Region 1,DMS2 Region 1,DMS2_EXCLUSIVE,1,1,0,1,0,0.0,0.11421867543488903,4.0,61.81959617424655,63.90027393064712,10.608237468980217,AI105140,False,40.72509005935567,-73.95270338260443,11222,40.905987327034,-74.673426272759
"North Jersey, NJ",3,07852,north_jersey_nj_r03,3,DMS2 Region 1,DMS2 Region 1,DMS2_EXCLUSIVE,2,2,0,2,0,0.0,0.1103354820045649,2.5195796971870235,60.39060076034064,62.5414958805589,10.08736624103575,AI105140,False,40.72509005935567,-73.95270338260443,11222,40.878151855493,-74.6676834228555
"North Jersey, NJ",3,07853,north_jersey_nj_r03,3,DMS2 Region 1,DMS2 Region 1,DMS2_EXCLUSIVE,2,2,0,2,0,0.0,0.10359287967977224,0.9664669397082949,64.23925740472626,68.6994853418427,22.341593820076213,AI105140,False,40.72509005935567,-73.95270338260443,11222,40.774645147928496,-74.7656223199175
"North Jersey, NJ",3,07856,north_jersey_nj_r03,3,DMS2 Region 1,DMS2 Region 1,DMS2_EXCLUSIVE,2,2,0,2,0,0.0,0.1058312735205841,1.425377652126511,60.37777512774783,61.93886768435753,8.502030969942544,AI105140,False,40.72509005935567,-73.95270338260443,11222,40.913139833946,-74.64554784016451
"North Jersey, NJ",3,07860,north_jersey_nj_r03,3,DMS2 Region 1,DMS2 Region 1,DMS2_EXCLUSIVE,2,2,0,2,0,0.0,0.10376739838269176,1.2385828898893576,74.71027915871993,77.28099986204514,24.94725535402452,AI105140,False,40.72509005935567,-73.95270338260443,11222,41.0368341909075,-74.7742792481975
"North Jersey, NJ",3,07871,north_jersey_nj_r03,3,DMS2 Region 1,DMS2 Region 1,DMS2_EXCLUSIVE,11,11,0,11,0,0.0,0.13353847123260232,3.7390319469054982,66.67924354272587,67.3142576922453,17.37655447106002,AI105140,False,40.72509005935567,-73.95270338260443,11222,41.02902215742409,-74.64512147595654
"North Jersey, NJ",3,07874,north_jersey_nj_r03,3,DMS2 Region 1,DMS2 Region 1,DMS2_EXCLUSIVE,2,2,0,2,0,0.0,0.10614082135990008,1.5719652034616185,63.632548472855,65.92422519545262,12.512520658252367,AI105140,False,40.72509005935567,-73.95270338260443,11222,40.9202018145655,-74.69252124648699
"North Jersey, NJ",3,07876,north_jersey_nj_r03,3,DMS2 Region 1,DMS2 Region 1,DMS2_EXCLUSIVE,4,4,0,4,0,0.0,0.11574394094742177,2.7896660358811927,58.95470180894926,61.12945872206638,10.606240878242392,AI105140,False,40.72509005935567,-73.95270338260443,11222,40.846730986208,-74.6607810796165
"North Jersey, NJ",3,07901,north_jersey_nj_r03,3,DMS2 Region 1,DMS2 Region 1,DMS2_EXCLUSIVE,3,3,0,3,0,0.0,0.11189342757797197,1.9862433609756727,41.8973188143545,34.39091837110095,22.10712335455898,AI103916,False,40.72509005935567,-73.95270338260443,11222,40.72628621930767,-74.360812908946
"North Jersey, NJ",3,07927,north_jersey_nj_r03,3,DMS2 Region 1,DMS2 Region 1,DMS2_EXCLUSIVE,2,2,0,2,0,0.0,0.11806388944085627,4.107874288807523,47.232932901915426,43.35107364429477,11.161249110407208,AI105140,False,40.72509005935567,-73.95270338260443,11222,40.822812314817995,-74.451083975944
"North Jersey, NJ",3,07928,north_jersey_nj_r03,3,DMS2 Region 1,DMS2 Region 1,DMS2_EXCLUSIVE,7,7,3,4,0,0.42857142857142855,0.43109024236123167,4.663605093974472,43.67435617088116,38.42817317484656,21.68941322069663,AI105140,False,40.72509005935567,-73.95270338260443,11222,40.72699059016172,-74.40872116104215
"North Jersey, NJ",3,07930,north_jersey_nj_r03,3,DMS2 Region 1,DMS2 Region 1,DMS2_EXCLUSIVE,2,2,0,2,0,0.0,0.1138552087615919,3.3733115758870413,60.34086008171161,63.41295943943431,15.68608703453755,AI105140,False,40.72509005935567,-73.95270338260443,11222,40.806060793366,-74.6980418125315
"North Jersey, NJ",3,07932,north_jersey_nj_r03,3,DMS2 Region 1,DMS2 Region 1,DMS2_EXCLUSIVE,5,5,3,2,0,0.6,0.5433638493761934,3.8011528928453853,43.76941306583896,37.07773511048116,18.21052721507831,AI105140,False,40.72509005935567,-73.95270338260443,11222,40.782535045978,-74.3863049604648
"North Jersey, NJ",3,07940,north_jersey_nj_r03,3,DMS2 Region 1,DMS2 Region 1,DMS2_EXCLUSIVE,1,1,1,0,0,1.0,0.8157891806343853,4.0,44.434554360046725,39.29016778913815,18.64844888798998,AI105140,False,40.72509005935567,-73.95270338260443,11222,40.755720982108,-74.41730239781
"North Jersey, NJ",3,07945,north_jersey_nj_r03,3,DMS2 Region 1,DMS2 Region 1,DMS2_EXCLUSIVE,3,3,3,0,0,1.0,0.8080583844001974,1.3060443675787214,53.347054197399366,54.19673806781509,12.647874238398154,AI105140,False,40.72509005935567,-73.95270338260443,11222,40.781684034405004,-74.59176576582068
"North Jersey, NJ",3,07950,north_jersey_nj_r03,3,DMS2 Region 1,DMS2 Region 1,DMS2_EXCLUSIVE,5,5,2,3,0,0.4,0.3997161927433319,3.025847149629387,48.809920402214054,45.827465113105376,8.03828691619002,AI105140,False,40.72509005935567,-73.95270338260443,11222,40.8470330931686,-74.472654569079
"North Jersey, NJ",3,07960,north_jersey_nj_r03,3,DMS2 Region 1,DMS2 Region 1,DMS2_EXCLUSIVE,6,6,2,4,0,0.3333333333333333,0.35108367944527796,2.0179052234461365,47.69174791336915,44.93594484870603,12.727264495155062,AI105140,False,40.72509005935567,-73.95270338260443,11222,40.78896765028467,-74.47949721831282
"North Jersey, NJ",3,07974,north_jersey_nj_r03,3,DMS2 Region 1,DMS2 Region 1,DMS2_EXCLUSIVE,3,3,1,2,0,0.3333333333333333,0.34769349129711574,2.6047449490876247,42.78227989661908,37.171762947898046,20.091731502866992,AI103916,False,40.72509005935567,-73.95270338260443,11222,40.702637312866,-74.392741705047
"North Jersey, NJ",3,07981,north_jersey_nj_r03,3,DMS2 Region 1,DMS2 Region 1,DMS2_EXCLUSIVE,5,5,2,3,0,0.4,0.4013075391157934,3.3594850867830948,46.40120445102348,41.45038477380249,12.386382644261001,AI105140,False,40.72509005935567,-73.95270338260443,11222,40.8305636554378,-74.42485993370941
"North Jersey, NJ",3,08015,north_jersey_nj_r03,3,DMS2 Region 1,DMS2 Region 1,DMS2_EXCLUSIVE,1,1,0,1,0,0.0,0.1115245104368742,4.0,91.64322946107772,99.74949276770015,26.003928631380322,AI103541,False,40.72509005935567,-73.95270338260443,11222,39.969397374982,-74.586967400805
"North Jersey, NJ",3,08046,north_jersey_nj_r03,3,DMS2 Region 1,DMS2 Region 1,DMS2_EXCLUSIVE,7,7,7,0,0,1.0,0.8227085889645893,3.82564423594707,98.26306370178133,111.46776679820367,5.686640319673494,AI103541,False,40.72509005935567,-73.95270338260443,11222,40.021625780694,-74.89016381762687
"North Jersey, NJ",3,08052,north_jersey_nj_r03,3,DMS2 Region 1,DMS2 Region 1,DMS2_EXCLUSIVE,3,3,1,2,0,0.3333333333333333,0.3471887250782085,3.944738244176217,109.4460463964936,123.07596952479253,16.875178506524975,AI103541,False,40.72509005935567,-73.95270338260443,11222,39.965528806052994,-75.00907181538867
"North Jersey, NJ",3,08053,north_jersey_nj_r03,3,DMS2 Region 1,DMS2 Region 1,DMS2_EXCLUSIVE,14,14,7,7,0,0.5,0.4863409829441643,3.8860842719234547,111.54451265665466,124.04725444987315,21.093724280155946,AI103541,False,40.72509005935567,-73.95270338260443,11222,39.88239171077307,-74.91128525089893
"North Jersey, NJ",3,08054,north_jersey_nj_r03,3,DMS2 Region 1,DMS2 Region 1,DMS2_EXCLUSIVE,10,10,5,5,0,0.5,0.44911983586745535,0.03434417678688489,255.76414793056605,271.50364905718345,167.87500409608654,AI103541,False,40.72509005935567,-73.95270338260443,11222,39.3564541053298,-76.5941686702686
"North Jersey, NJ",3,08055,north_jersey_nj_r03,3,DMS2 Region 1,DMS2 Region 1,DMS2_EXCLUSIVE,2,2,1,1,0,0.5,0.4498664602081685,1.0803576602804812,110.68072716927755,122.25214490346956,23.78703394961788,AI103541,False,40.72509005935567,-73.95270338260443,11222,39.855723911975005,-74.83507399822301
"North Jersey, NJ",3,08057,north_jersey_nj_r03,3,DMS2 Region 1,DMS2 Region 1,DMS2_EXCLUSIVE,6,6,1,5,0,0.16666666666666666,0.23184768850291068,2.65856982249259,105.33456643659093,118.63639600960931,12.744526765590264,AI103541,False,40.72509005935567,-73.95270338260443,11222,39.97222270644383,-74.94468145290332
"North Jersey, NJ",3,08065,north_jersey_nj_r03,3,DMS2 Region 1,DMS2 Region 1,DMS2_EXCLUSIVE,1,1,1,0,0,1.0,0.8100839437435849,4.0,107.5898893046782,121.39961163648567,15.647238957928367,AI103541,False,40.72509005935567,-73.95270338260443,11222,40.000278438823,-75.024263120177
"North Jersey, NJ",3,08068,north_jersey_nj_r03,3,DMS2 Region 1,DMS2 Region 1,DMS2_EXCLUSIVE,3,3,2,1,0,0.6666666666666666,0.6149467161300551,12.0,95.52931747777417,105.17463092300564,20.734574987964585,AI103541,False,40.72509005935567,-73.95270338260443,11222,39.954008976663,-74.671404298361
"North Jersey, NJ",3,08075,north_jersey_nj_r03,3,DMS2 Region 1,DMS2 Region 1,DMS2_EXCLUSIVE,6,6,3,3,1,0.5,0.4655390600925541,2.6484548635978338,100.91015149601674,114.4920578899859,8.493778277703761,AI103541,False,40.72509005935567,-73.95270338260443,11222,40.02959082861417,-74.94938798265034
"North Jersey, NJ",3,08077,north_jersey_nj_r03,3,DMS2 Region 1,DMS2 Region 1,DMS2_EXCLUSIVE,5,5,2,3,1,0.4,0.39845732601784,3.9942429446104724,106.8841556393395,120.56437428393356,14.45647472799426,AI103541,False,40.72509005935567,-73.95270338260443,11222,39.9907391117622,-74.99958209522799
"North Jersey, NJ",3,08110,north_jersey_nj_r03,3,DMS2 Region 1,DMS2 Region 1,DMS2_EXCLUSIVE,2,2,1,1,0,0.5,0.4778889169803505,8.0,115.87362369789123,129.72616738820554,23.62191276677301,AI103541,False,40.72509005935567,-73.95270338260443,11222,39.937760472519,-75.0820984933425
"North Jersey, NJ",3,08515,north_jersey_nj_r03,3,DMS2 Region 1,DMS2 Region 1,DMS2_EXCLUSIVE,2,2,2,0,0,1.0,0.8048247644012282,1.603145158129224,79.62208628634819,88.53268118969036,19.796840753002193,AI103541,False,40.72509005935567,-73.95270338260443,11222,40.127572019434496,-74.643965523081
"North Jersey, NJ",3,08533,north_jersey_nj_r03,3,DMS2 Region 1,DMS2 Region 1,DMS2_EXCLUSIVE,1,1,1,0,0,1.0,0.8125033821804453,4.0,80.80740020168922,87.83686553100524,27.275134435222633,AI103541,False,40.72509005935567,-73.95270338260443,11222,40.0756,-74.54313
"North Jersey, NJ",3,10001,north_jersey_nj_r03,3,DMS2 Region 1,DMS2 Region 1,DMS2_EXCLUSIVE,4,4,0,4,0,0.0,0.14379800042600588,9.153227128811816,38.45189141135388,4.282838727095905,12.169946169177267,AI104065,False,40.72509005935567,-73.95270338260443,11222,40.74719101051275,-73.994334221967
"North Jersey, NJ",3,10003,north_jersey_nj_r03,3,DMS2 Region 1,DMS2 Region 1,DMS2_EXCLUSIVE,6,6,0,6,0,0.0,0.17312234424307904,15.262040612238081,38.39994771141464,3.1189531043637584,11.283626561914748,AI103381,False,40.72509005935567,-73.95270338260443,11222,40.73340059839883,-73.98805561894117
"North Jersey, NJ",3,10005,north_jersey_nj_r03,3,DMS2 Region 1,DMS2 Region 1,DMS2_EXCLUSIVE,4,4,0,4,0,0.0,0.17203584987776666,16.0,37.93910293719894,5.061658588202223,11.389933589287429,AI103381,False,40.72509005935567,-73.95270338260443,11222,40.705967469695,-74.007203978604
"North Jersey, NJ",3,10007,north_jersey_nj_r03,3,DMS2 Region 1,DMS2 Region 1,DMS2_EXCLUSIVE,2,2,0,2,0,0.0,0.13492892759869884,8.0,37.94272667720996,4.952993530296117,11.9193399890122,AI103381,False,40.72509005935567,-73.95270338260443,11222,40.714627116196,-74.00983035493451
"North Jersey, NJ",3,10010,north_jersey_nj_r03,3,DMS2 Region 1,DMS2 Region 1,DMS2_EXCLUSIVE,2,2,0,2,0,0.0,0.13488493762223597,8.0,38.42968309127229,3.6239456239060734,11.920549480540581,AI103381,False,40.72509005935567,-73.95270338260443,11222,40.7403954547,-73.990675000841
"North Jersey, NJ",3,10011,north_jersey_nj_r03,3,DMS2 Region 1,DMS2 Region 1,DMS2_EXCLUSIVE,3,3,0,3,0,0.0,0.1332754488669898,7.099881777001533,38.281275629408576,4.523047937297911,12.756132672425371,AI103381,False,40.72509005935567,-73.95270338260443,11222,40.741741443877004,-74.00168013517465
"North Jersey, NJ",3,10012,north_jersey_nj_r03,3,DMS2 Region 1,DMS2 Region 1,DMS2_EXCLUSIVE,2,2,0,2,0,0.0,0.1349132025823765,8.0,38.11679809472633,4.192977236677773,11.867248366076804,AI103381,False,40.72509005935567,-73.95270338260443,11222,40.725616626768,-74.002455754973
"North Jersey, NJ",3,10013,north_jersey_nj_r03,3,DMS2 Region 1,DMS2 Region 1,DMS2_EXCLUSIVE,6,6,0,6,0,0.0,0.18279842688375175,17.603359172226995,38.004488116779484,4.719494076011249,12.128137659664937,AI103381,False,40.72509005935567,-73.95270338260443,11222,40.72167005980017,-74.0085249101125
"North Jersey, NJ",3,10014,north_jersey_nj_r03,3,DMS2 Region 1,DMS2 Region 1,DMS2_EXCLUSIVE,10,10,0,10,0,0.0,0.2514023436555856,32.24442135555927,38.1579010613691,4.512060051321184,12.517858155832911,AI103381,False,40.72509005935567,-73.95270338260443,11222,40.7341596381368,-74.0048958749828
"North Jersey, NJ",3,10016,north_jersey_nj_r03,3,DMS2 Region 1,DMS2 Region 1,DMS2_EXCLUSIVE,4,4,0,4,0,0.0,0.14298397431761448,8.961071943768205,38.70460030875217,3.1977508692348673,11.549195258041651,AI103381,False,40.72509005935567,-73.95270338260443,11222,40.74637077875925,-73.978231142181
"North Jersey, NJ",3,10017,north_jersey_nj_r03,3,DMS2 Region 1,DMS2 Region 1,DMS2_EXCLUSIVE,1,1,0,1,0,0.0,0.11629044622370785,4.0,38.885688152418346,3.9036670109454694,11.171618615912465,AI104065,False,40.72509005935567,-73.95270338260443,11222,40.755848992018,-73.975037477212
"North Jersey, NJ",3,10018,north_jersey_nj_r03,3,DMS2 Region 1,DMS2 Region 1,DMS2_EXCLUSIVE,1,1,0,1,0,0.0,0.11631696819616498,4.0,38.59209752927994,4.81631043688359,11.178007445250218,AI104065,False,40.72509005935567,-73.95270338260443,11222,40.756037550885,-73.992700172052
"North Jersey, NJ",3,10019,north_jersey_nj_r03,3,DMS2 Region 1,DMS2 Region 1,DMS2_EXCLUSIVE,6,6,0,6,0,0.0,0.2082063130218151,23.794640128546884,38.94162429587952,4.891434804978827,10.216122770182814,AI104065,False,40.72509005935567,-73.95270338260443,11222,40.76434522011234,-73.97890702873916
"North Jersey, NJ",3,10021,north_jersey_nj_r03,3,DMS2 Region 1,DMS2 Region 1,DMS2_EXCLUSIVE,6,6,0,6,0,0.0,0.17944856124189626,16.82089070686974,39.42206175789876,5.1889783258299715,9.59740796081573,AI104065,False,40.72509005935567,-73.95270338260443,11222,40.77142678881933,-73.96000278962734
"North Jersey, NJ",3,10022,north_jersey_nj_r03,3,DMS2 Region 1,DMS2 Region 1,DMS2_EXCLUSIVE,3,3,0,3,0,0.0,0.15338224092574723,12.0,39.04952234840862,3.972535413434388,10.89047016996852,AI104065,False,40.72509005935567,-73.95270338260443,11222,40.758750876744,-73.968502236459
"North Jersey, NJ",3,10023,north_jersey_nj_r03,3,DMS2 Region 1,DMS2 Region 1,DMS2_EXCLUSIVE,4,4,0,4,0,0.0,0.13730920256672255,7.590044125785061,39.03200927310108,5.97887837487436,9.15640046590974,AI104065,False,40.72509005935567,-73.95270338260443,11222,40.7738603415965,-73.98258908745625
"North Jersey, NJ",3,10024,north_jersey_nj_r03,3,DMS2 Region 1,DMS2 Region 1,DMS2_EXCLUSIVE,10,10,0,10,1,0.0,0.20714459177645,21.524175638119317,39.45567299551144,7.134499868560415,7.6830994155173205,AI104065,False,40.72509005935567,-73.95270338260443,11222,40.7874113526846,-73.97284670479121
"North Jersey, NJ",3,10028,north_jersey_nj_r03,3,DMS2 Region 1,DMS2 Region 1,DMS2_EXCLUSIVE,2,2,0,2,0,0.0,0.13477589641503568,8.0,39.636737959512,6.137241025051781,8.694450966227418,AI104065,False,40.72509005935567,-73.95270338260443,11222,40.780173972754,-73.9572915225785
"North Jersey, NJ",3,10029,north_jersey_nj_r03,3,DMS2 Region 1,DMS2 Region 1,DMS2_EXCLUSIVE,6,6,0,6,0,0.0,0.1507066755730235,9.855476026749608,40.106758810192794,7.408951446053897,7.760275395787969,AI104065,False,40.72509005935567,-73.95270338260443,11222,40.79156258288017,-73.94665521197668
"North Jersey, NJ",3,10035,north_jersey_nj_r03,3,DMS2 Region 1,DMS2 Region 1,DMS2_EXCLUSIVE,2,2,0,2,0,0.0,0.11975586498281972,4.373319318296653,40.6020861107519,8.752969112586324,7.002456977855448,AI104065,False,40.72509005935567,-73.95270338260443,11222,40.8029127496595,-73.93707964483349
"North Jersey, NJ",3,10036,north_jersey_nj_r03,3,DMS2 Region 1,DMS2 Region 1,DMS2_EXCLUSIVE,1,1,0,1,0,0.0,0.11631244798316517,4.0,38.64213498986002,5.037905874312135,10.83769160206212,AI104065,False,40.72509005935567,-73.95270338260443,11222,40.759079678797,-73.992242488232
"North Jersey, NJ",3,10038,north_jersey_nj_r03,3,DMS2 Region 1,DMS2 Region 1,DMS2_EXCLUSIVE,2,2,0,2,0,0.0,0.1349236823896277,8.0,38.000789636221775,4.646971407299201,11.214016539399895,AI103381,False,40.72509005935567,-73.95270338260443,11222,40.7090794709085,-74.00363436181149
"North Jersey, NJ",3,10044,north_jersey_nj_r03,3,DMS2 Region 1,DMS2 Region 1,DMS2_EXCLUSIVE,2,2,0,2,0,0.0,0.1297091476120467,6.765609296956847,39.461351122770274,4.020689949323227,10.880149021996703,AI104065,False,40.72509005935567,-73.95270338260443,11222,40.761208013429496,-73.9504332424805
"North Jersey, NJ",3,10065,north_jersey_nj_r03,3,DMS2 Region 1,DMS2 Region 1,DMS2_EXCLUSIVE,5,5,0,5,1,0.0,0.16089330915520317,12.816151190249903,39.22767436667695,4.664875273284128,10.1259807886449,AI104065,False,40.72509005935567,-73.95270338260443,11222,40.7659805577304,-73.96508204740199
"North Jersey, NJ",3,10075,north_jersey_nj_r03,3,DMS2 Region 1,DMS2 Region 1,DMS2_EXCLUSIVE,4,4,0,4,1,0.0,0.1463823781598569,9.804848946093667,39.54413174635362,5.379982400882633,9.452990966875735,AI104065,False,40.72509005935567,-73.95270338260443,11222,40.7734125444265,-73.955903938787
"North Jersey, NJ",3,10128,north_jersey_nj_r03,3,DMS2 Region 1,DMS2 Region 1,DMS2_EXCLUSIVE,6,6,0,6,2,0.0,0.19969066617765455,21.745789877038636,39.821935557423174,6.765671178995354,8.149453762730742,AI104065,False,40.72509005935567,-73.95270338260443,11222,40.7859280195345,-73.95393029546884
"North Jersey, NJ",3,10280,north_jersey_nj_r03,3,DMS2 Region 1,DMS2 Region 1,DMS2_EXCLUSIVE,1,1,0,1,0,0.0,0.1163864103079724,4.0,37.82339328186621,5.700781529568166,12.27224184509537,AI103381,False,40.72509005935567,-73.95270338260443,11222,40.708987868723,-74.016922138109
"North Jersey, NJ",3,10451,north_jersey_nj_r03,3,DMS2 Region 1,DMS2 Region 1,DMS2_EXCLUSIVE,4,4,0,4,1,0.0,0.06801885581785624,0.005445785918254302,460.35448590128476,476.8883831614914,388.6453319685224,AI103541,False,40.72509005935567,-73.95270338260443,11222,39.628556535053754,-79.3803750693445
"North Jersey, NJ",3,10452,north_jersey_nj_r03,3,DMS2 Region 1,DMS2 Region 1,DMS2_EXCLUSIVE,1,1,0,1,2,0.0,0.11600095645176119,4.0,42.090256842601455,12.692627171565627,5.791886201951642,AI104065,False,40.72509005935567,-73.95270338260443,11222,40.83615,-73.91788
"North Jersey, NJ",3,10455,north_jersey_nj_r03,3,DMS2 Region 1,DMS2 Region 1,DMS2_EXCLUSIVE,3,3,0,3,3,0.0,0.14875210580112486,10.93670673853702,41.839473656513924,10.753369868534673,7.866801852602346,AI104065,False,40.72509005935567,-73.95270338260443,11222,40.814938858144664,-73.90547222912733
"North Jersey, NJ",3,10456,north_jersey_nj_r03,3,DMS2 Region 1,DMS2 Region 1,DMS2_EXCLUSIVE,2,2,0,2,2,0.0,0.11589151690853257,3.470832673024764,42.24447071137229,12.369306546351813,6.788549510128594,AI104065,False,40.72509005935567,-73.95270338260443,11222,40.8310311918365,-73.90790592712
"North Jersey, NJ",3,10457,north_jersey_nj_r03,3,DMS2 Region 1,DMS2 Region 1,DMS2_EXCLUSIVE,2,2,0,2,0,0.0,0.10940876563985757,1.910519515478076,42.88846051178265,13.781134269609101,7.007580501966779,AI104065,False,40.72509005935567,-73.95270338260443,11222,40.8424577328755,-73.900122366068
"North Jersey, NJ",3,10458,north_jersey_nj_r03,3,DMS2 Region 1,DMS2 Region 1,DMS2_EXCLUSIVE,3,3,0,3,1,0.0,0.13294336214281532,7.142820892402837,43.91452136017484,16.246965323312327,7.326190310561026,AI104065,False,40.72509005935567,-73.95270338260443,11222,40.864521994157336,-73.89501225126133
"North Jersey, NJ",3,10459,north_jersey_nj_r03,3,DMS2 Region 1,DMS2 Region 1,DMS2_EXCLUSIVE,2,2,0,2,1,0.0,0.1344933744359167,8.0,42.76417518289028,12.609534276998291,8.360160001973325,AI104065,False,40.72509005935567,-73.95270338260443,11222,40.8278533799005,-73.889382106035
"North Jersey, NJ",3,10460,north_jersey_nj_r03,3,DMS2 Region 1,DMS2 Region 1,DMS2_EXCLUSIVE,5,5,0,5,0,0.0,0.1428830061629711,8.541314784071789,43.75189292758099,14.433875823758157,9.267732959870647,AI104065,False,40.72509005935567,-73.95270338260443,11222,40.840138684938594,-73.8733136321514
"North Jersey, NJ",3,10461,north_jersey_nj_r03,3,DMS2 Region 1,DMS2 Region 1,DMS2_EXCLUSIVE,6,6,0,6,4,0.0,0.14713056367610503,9.097854311392808,45.16131461059201,16.650622069404047,11.24567413934064,AI104065,False,40.72509005935567,-73.95270338260443,11222,40.852048779830334,-73.8478336287085
"North Jersey, NJ",3,10462,north_jersey_nj_r03,3,DMS2 Region 1,DMS2 Region 1,DMS2_EXCLUSIVE,1,1,0,1,1,0.0,0.11581641544119475,4.0,44.133072865216974,14.648853063607197,10.49061731719583,AI104065,False,40.72509005935567,-73.95270338260443,11222,40.836335831113,-73.85950923945
"North Jersey, NJ",3,10464,north_jersey_nj_r03,3,DMS2 Region 1,DMS2 Region 1,DMS2_EXCLUSIVE,2,2,0,2,0,0.0,0.10358216993366111,0.5727164352522764,46.41088216035538,18.520308245547092,13.110395319681528,AI104065,False,40.72509005935567,-73.95270338260443,11222,40.861076033488,-73.825672340292
"North Jersey, NJ",3,10465,north_jersey_nj_r03,3,DMS2 Region 1,DMS2 Region 1,DMS2_EXCLUSIVE,3,3,0,3,1,0.0,0.11427450224224407,2.6473070958964873,45.670423136508326,16.255884830914184,14.658493061024311,AI104065,False,40.72509005935567,-73.95270338260443,11222,40.82522981494834,-73.81205555355099
"North Jersey, NJ",3,10466,north_jersey_nj_r03,3,DMS2 Region 1,DMS2 Region 1,DMS2_EXCLUSIVE,7,7,0,7,4,0.0,0.14785538346623547,8.811100811283046,47.129604538072094,20.759055974317995,12.450252493977308,AI104065,False,40.72509005935567,-73.95270338260443,11222,40.89150200423986,-73.84090649794699
"North Jersey, NJ",3,10467,north_jersey_nj_r03,3,DMS2 Region 1,DMS2 Region 1,DMS2_EXCLUSIVE,5,5,0,5,1,0.0,0.13747348863782302,7.254301170168566,44.97233445087602,17.65639472550495,9.13509923697295,AI104065,False,40.72509005935567,-73.95270338260443,11222,40.8725738234816,-73.87497763568942
"North Jersey, NJ",3,10470,north_jersey_nj_r03,3,DMS2 Region 1,DMS2 Region 1,DMS2_EXCLUSIVE,1,1,0,1,0,0.0,0.11550758115402018,4.0,47.55177978698341,21.9488637062802,12.497953723006049,AI104065,False,40.72509005935567,-73.95270338260443,11222,40.90591,-73.8481
"North Jersey, NJ",3,10472,north_jersey_nj_r03,3,DMS2 Region 1,DMS2 Region 1,DMS2_EXCLUSIVE,5,5,0,5,1,0.0,0.14197189702363708,8.31851301885783,43.6824290300514,13.837517363683993,10.033578061760767,AI104065,False,40.72509005935567,-73.95270338260443,11222,40.8311899424776,-73.8668248833236
"North Jersey, NJ",3,10473,north_jersey_nj_r03,3,DMS2 Region 1,DMS2 Region 1,DMS2_EXCLUSIVE,5,5,0,5,0,0.0,0.1329772431341432,6.13026268391832,43.5114325119952,12.947038331178314,11.05380373272083,AI104065,False,40.72509005935567,-73.95270338260443,11222,40.8180381430104,-73.86010389302639
"North Jersey, NJ",3,10474,north_jersey_nj_r03,3,DMS2 Region 1,DMS2 Region 1,DMS2_EXCLUSIVE,1,1,0,1,0,0.0,0.11596340718558966,4.0,42.505916442260215,11.516437325179227,9.230594120313484,AI104065,False,40.72509005935567,-73.95270338260443,11222,40.815439889949,-73.885847992401
"North Jersey, NJ",3,10475,north_jersey_nj_r03,3,DMS2 Region 1,DMS2 Region 1,DMS2_EXCLUSIVE,5,5,0,5,3,0.0,0.17347951762615435,16.042787186874758,46.97023356199555,19.85709611622498,13.089843679445586,AI104065,False,40.72509005935567,-73.95270338260443,11222,40.876752791205206,-73.82815558895219
"North Jersey, NJ",3,10550,north_jersey_nj_r03,3,DMS2 Region 1,DMS2 Region 1,DMS2_EXCLUSIVE,5,5,0,5,1,0.0,0.13356961314477836,6.3739723429392585,48.062217258738,22.429336187856297,13.474020505720578,AI104065,False,40.72509005935567,-73.95270338260443,11222,40.9062382618772,-73.8354629870248
"North Jersey, NJ",3,10704,north_jersey_nj_r03,3,DMS2 Region 1,DMS2 Region 1,DMS2_EXCLUSIVE,4,4,0,4,1,0.0,0.12296816906726142,4.300899312007805,47.86574236861628,22.955169356623657,12.554003256802718,AI104065,False,40.72509005935567,-73.95270338260443,11222,40.91833661281825,-73.85674180501624
"North Jersey, NJ",3,10901,north_jersey_nj_r03,3,DMS2 Region 1,DMS2 Region 1,DMS2_EXCLUSIVE,6,6,6,0,0,1.0,0.8183888097684856,2.3919426600840414,57.672556868047856,46.82954840723906,8.86288895419271,AI103382,False,40.72509005935567,-73.95270338260443,11222,41.12468889520466,-74.128716558999
"North Jersey, NJ",3,10983,north_jersey_nj_r03,3,DMS2 Region 1,DMS2 Region 1,DMS2_EXCLUSIVE,2,2,2,0,0,1.0,0.810786638570835,2.453458521732569,52.38266064378062,34.280191636308025,11.575726925668418,AI103382,False,40.72509005935567,-73.95270338260443,11222,41.033326161027006,-73.945168596798
"North Jersey, NJ",3,11020,north_jersey_nj_r03,3,DMS2 Region 1,DMS2 Region 1,DMS2_EXCLUSIVE,1,1,0,1,0,0.0,0.11535765061574024,4.0,49.21146781479647,21.169802314593838,11.087128604877789,AI103409,False,40.72509005935567,-73.95270338260443,11222,40.781928540635,-73.712840681007
"North Jersey, NJ",3,11021,north_jersey_nj_r03,3,DMS2 Region 1,DMS2 Region 1,DMS2_EXCLUSIVE,7,7,0,7,0,0.0,0.1532268820002342,10.151121650405985,48.74606218757853,20.463018099267877,11.453313738048093,AI103409,False,40.72509005935567,-73.95270338260443,11222,40.78572172559071,-73.72332728513028
"North Jersey, NJ",3,11023,north_jersey_nj_r03,3,DMS2 Region 1,DMS2 Region 1,DMS2_EXCLUSIVE,12,12,0,12,0,0.0,0.18677998987517638,15.765967145237399,48.55383399621937,20.20584225233613,12.869141973508984,AI103409,False,40.72509005935567,-73.95270338260443,11222,40.79836370024816,-73.73316243170308
"North Jersey, NJ",3,11024,north_jersey_nj_r03,3,DMS2 Region 1,DMS2 Region 1,DMS2_EXCLUSIVE,3,3,0,3,0,0.0,0.13047731919498498,6.639821641642974,48.28648285170008,19.88539222928849,14.26421696960511,AI103409,False,40.72509005935567,-73.95270338260443,11222,40.810238332416,-73.74506009402734
"North Jersey, NJ",3,11030,north_jersey_nj_r03,3,DMS2 Region 1,DMS2 Region 1,DMS2_EXCLUSIVE,7,7,0,7,0,0.0,0.127970595919814,4.0642686387226385,50.89052453301374,23.667720900329034,13.059362817342622,AI103409,False,40.72509005935567,-73.95270338260443,11222,40.79654368837142,-73.68800077774542
"North Jersey, NJ",3,11050,north_jersey_nj_r03,3,DMS2 Region 1,DMS2 Region 1,DMS2_EXCLUSIVE,11,11,0,11,0,0.0,0.16439330841990105,10.90381326599541,51.691800163423785,24.988020758128695,16.694123904599415,AI103409,False,40.72509005935567,-73.95270338260443,11222,40.83041271279064,-73.69055328643927
"North Jersey, NJ",3,11101,north_jersey_nj_r03,3,DMS2 Region 1,DMS2 Region 1,DMS2_EXCLUSIVE,4,4,0,4,0,0.0,0.13641977308934305,7.3820541807387094,39.39767226750092,2.6770743211862675,9.886933348604716,AI103381,False,40.72509005935567,-73.95270338260443,11222,40.74844738123825,-73.94500070952175
"North Jersey, NJ",3,11103,north_jersey_nj_r03,3,DMS2 Region 1,DMS2 Region 1,DMS2_EXCLUSIVE,3,3,0,3,0,0.0,0.135776707989431,7.751433559241353,40.29042297890992,5.0578958876543565,10.193353519996238,AI103381,False,40.72509005935567,-73.95270338260443,11222,40.761997432629,-73.917611051508
"North Jersey, NJ",3,11104,north_jersey_nj_r03,3,DMS2 Region 1,DMS2 Region 1,DMS2_EXCLUSIVE,3,3,0,3,0,0.0,0.14285253756220542,9.463207431521964,39.98472173150754,3.5460407462686816,8.334907386392173,AI103381,False,40.72509005935567,-73.95270338260443,11222,40.74375987558367,-73.91858366468132
"North Jersey, NJ",3,11105,north_jersey_nj_r03,3,DMS2 Region 1,DMS2 Region 1,DMS2_EXCLUSIVE,5,5,0,5,0,0.0,0.1510576281401642,10.463117506000614,40.85587330992672,6.756375217823572,11.090530839834173,AI104065,False,40.72509005935567,-73.95270338260443,11222,40.7744507348776,-73.9059316672266
"North Jersey, NJ",3,11106,north_jersey_nj_r03,3,DMS2 Region 1,DMS2 Region 1,DMS2_EXCLUSIVE,2,2,0,2,0,0.0,0.1298190503279707,6.801586799892011,39.884594179801105,4.4296025866012405,10.694483131711635,AI103381,False,40.72509005935567,-73.95270338260443,11222,40.762052940798995,-73.933096104389
"North Jersey, NJ",3,11354,north_jersey_nj_r03,3,DMS2 Region 1,DMS2 Region 1,DMS2_EXCLUSIVE,4,4,1,3,0,0.25,0.31601152290553697,8.600586891604717,44.10836309448377,12.737531466464485,12.067214182675263,AI103381,False,40.72509005935567,-73.95270338260443,11222,40.772709412313,-73.815180339029
"North Jersey, NJ",3,11355,north_jersey_nj_r03,3,DMS2 Region 1,DMS2 Region 1,DMS2_EXCLUSIVE,7,7,2,5,0,0.2857142857142857,0.34814781143015294,8.801162244733723,43.43951656877116,11.433730717397392,9.93572988090568,AI103381,False,40.72509005935567,-73.95270338260443,11222,40.753993691672996,-73.82246441591614
"North Jersey, NJ",3,11356,north_jersey_nj_r03,3,DMS2 Region 1,DMS2 Region 1,DMS2_EXCLUSIVE,1,1,1,0,0,1.0,0.8159093939443329,4.0,43.10382752085354,10.954251339217995,11.759013822280835,AI103381,False,40.72509005935567,-73.95270338260443,11222,40.777535671352,-73.842620573771
"North Jersey, NJ",3,11357,north_jersey_nj_r03,3,DMS2 Region 1,DMS2 Region 1,DMS2_EXCLUSIVE,6,6,1,5,1,0.16666666666666666,0.27987665646468957,12.98759689882452,44.45898669234847,13.45965992235754,13.220374324667953,AI103381,False,40.72509005935567,-73.95270338260443,11222,40.7832540098995,-73.81256749750999
"North Jersey, NJ",3,11360,north_jersey_nj_r03,3,DMS2 Region 1,DMS2 Region 1,DMS2_EXCLUSIVE,2,2,1,1,0,0.5,0.47639009567548535,6.10091667721593,45.90598344749801,15.944562036137237,12.434594285802971,AI103409,False,40.72509005935567,-73.95270338260443,11222,40.7864318450225,-73.781601392301
"North Jersey, NJ",3,11363,north_jersey_nj_r03,3,DMS2 Region 1,DMS2 Region 1,DMS2_EXCLUSIVE,1,1,1,0,0,1.0,0.8155532708076448,4.0,47.04600843455621,17.79215818389223,10.094470890978483,AI103409,False,40.72509005935567,-73.95270338260443,11222,40.771638711741,-73.750629223041
"North Jersey, NJ",3,11368,north_jersey_nj_r03,3,DMS2 Region 1,DMS2 Region 1,DMS2_EXCLUSIVE,5,5,3,2,0,0.6,0.5542221670864372,6.394432520569995,41.7711959315383,7.969872376169846,7.74057816068023,AI103381,False,40.72509005935567,-73.95270338260443,11222,40.74371874570561,-73.86136430927499
"North Jersey, NJ",3,11369,north_jersey_nj_r03,3,DMS2 Region 1,DMS2 Region 1,DMS2_EXCLUSIVE,4,4,4,0,0,1.0,0.8403530224849194,8.38550094669637,41.59427598033222,7.725864072452248,9.741000362106057,AI103381,False,40.72509005935567,-73.95270338260443,11222,40.76288266161175,-73.87574942555175
"North Jersey, NJ",3,11370,north_jersey_nj_r03,3,DMS2 Region 1,DMS2 Region 1,DMS2_EXCLUSIVE,5,5,0,5,0,0.0,0.15108063418308076,10.470739768469098,40.948621502895215,6.328316350922635,9.653256993991077,AI103381,False,40.72509005935567,-73.95270338260443,11222,40.7612247887494,-73.89466996040021
"North Jersey, NJ",3,11372,north_jersey_nj_r03,3,DMS2 Region 1,DMS2 Region 1,DMS2_EXCLUSIVE,8,8,2,6,0,0.25,0.36275067990261345,17.863148909511246,41.149344443081844,6.585178021481238,8.72163019636849,AI103381,False,40.72509005935567,-73.95270338260443,11222,40.7536094203515,-73.88420202771562
"North Jersey, NJ",3,11373,north_jersey_nj_r03,3,DMS2 Region 1,DMS2 Region 1,DMS2_EXCLUSIVE,7,7,3,4,0,0.42857142857142855,0.4844086216293172,17.55502697049823,41.039041608673905,6.2541402860841755,7.145620990875992,AI103381,False,40.72509005935567,-73.95270338260443,11222,40.739531741568285,-73.88096744239358
"North Jersey, NJ",3,11422,north_jersey_nj_r03,3,DMS2 Region 1,DMS2 Region 1,DMS2_EXCLUSIVE,7,7,4,3,0,0.5714285714285714,0.4125034552855088,0.00428571024369336,1144.0268671570855,1158.2374128236468,1105.066685583217,AI105140,False,40.72509005935567,-73.95270338260443,11222,42.56045726729586,-87.68966434953157
"North Jersey, NJ",3,11514,north_jersey_nj_r03,3,DMS2 Region 1,DMS2 Region 1,DMS2_EXCLUSIVE,1,1,0,1,0,0.0,0.1148491443791902,4.0,54.84048590912612,29.188739177394382,12.715309179984951,AI103409,False,40.72509005935567,-73.95270338260443,11222,40.754038642663,-73.608365389618
"North Jersey, NJ",3,11520,north_jersey_nj_r03,3,DMS2 Region 1,DMS2 Region 1,DMS2_EXCLUSIVE,8,8,0,8,0,0.0,0.13803416805881322,6.130324569311626,56.72125187815464,31.949042419922783,12.297914169743894,AI103409,False,40.72509005935567,-73.95270338260443,11222,40.65264057962138,-73.58602180681888
"North Jersey, NJ",3,11542,north_jersey_nj_r03,3,DMS2 Region 1,DMS2 Region 1,DMS2_EXCLUSIVE,1,1,0,1,0,0.0,0.11478675719161016,4.0,55.53109417014755,30.490790849747846,19.139986213233925,AI102719,False,40.72509005935567,-73.95270338260443,11222,40.865237062384,-73.641375896691
"North Jersey, NJ",3,11545,north_jersey_nj_r03,3,DMS2 Region 1,DMS2 Region 1,DMS2_EXCLUSIVE,5,5,0,5,0,0.0,0.1166337451884793,2.4599543934826094,57.13865297622339,32.39982528255082,15.234732414501375,AI102719,False,40.72509005935567,-73.95270338260443,11222,40.822591761005,-73.59012096619361
"North Jersey, NJ",3,11548,north_jersey_nj_r03,3,DMS2 Region 1,DMS2 Region 1,DMS2_EXCLUSIVE,1,1,0,1,0,0.0,0.11476391703635828,4.0,55.78392813352707,30.558187977660104,17.073429431721046,AI102719,False,40.72509005935567,-73.95270338260443,11222,40.817555964734,-73.610981627885
"North Jersey, NJ",3,11553,north_jersey_nj_r03,3,DMS2 Region 1,DMS2 Region 1,DMS2_EXCLUSIVE,1,1,0,1,0,0.0,0.11474115046413025,4.0,56.03594755395133,30.856875992198056,11.909111225475879,AI103409,False,40.72509005935567,-73.95270338260443,11222,40.703366350722,-73.587715453823
"North Jersey, NJ",3,11560,north_jersey_nj_r03,3,DMS2 Region 1,DMS2 Region 1,DMS2_EXCLUSIVE,3,3,0,3,0,0.0,0.1115986869451846,2.278571794611469,58.48418049176272,34.43039803077255,15.478037809445752,AI102719,False,40.72509005935567,-73.95270338260443,11222,40.87665924554566,-73.59601625639966
"North Jersey, NJ",3,11561,north_jersey_nj_r03,3,DMS2 Region 1,DMS2 Region 1,DMS2_EXCLUSIVE,5,5,0,5,0,0.0,0.12451065026104012,4.321841807173479,54.80736761095347,30.250742151393112,12.606134116001398,AI103409,False,40.72509005935567,-73.95270338260443,11222,40.5891104098232,-73.642100970176
"North Jersey, NJ",3,11566,north_jersey_nj_r03,3,DMS2 Region 1,DMS2 Region 1,DMS2_EXCLUSIVE,6,6,0,6,0,0.0,0.1254807795464024,4.131400408856191,58.45000387975722,34.00972397575611,14.408065821529718,AI103409,False,40.72509005935567,-73.95270338260443,11222,40.665825076539,-73.5569430861465
"North Jersey, NJ",3,11568,north_jersey_nj_r03,3,DMS2 Region 1,DMS2 Region 1,DMS2_EXCLUSIVE,1,1,0,1,0,0.0,0.11480326716953772,4.0,55.34833345295019,29.87554275394695,14.77088545476503,AI103409,False,40.72509005935567,-73.95270338260443,11222,40.778756354353,-73.605181548411
"North Jersey, NJ",3,11575,north_jersey_nj_r03,3,DMS2 Region 1,DMS2 Region 1,DMS2_EXCLUSIVE,1,1,0,1,0,0.0,0.11468906598249984,4.0,56.61250781704761,31.704183611645444,12.136783786189525,AI103409,False,40.72509005935567,-73.95270338260443,11222,40.672800152239,-73.583003569565
"North Jersey, NJ",3,11576,north_jersey_nj_r03,3,DMS2 Region 1,DMS2 Region 1,DMS2_EXCLUSIVE,7,7,0,7,0,0.0,0.1260414188146771,3.620236629225217,52.00722929936882,25.26125429191394,11.775111635601586,AI103409,False,40.72509005935567,-73.95270338260443,11222,40.77615259295943,-73.6604923634023
"North Jersey, NJ",3,11577,north_jersey_nj_r03,3,DMS2 Region 1,DMS2 Region 1,DMS2_EXCLUSIVE,1,1,0,1,0,0.0,0.11504974101816412,4.0,52.619938688099374,26.124840273797943,13.146705295891438,AI103409,False,40.72509005935567,-73.95270338260443,11222,40.787360788871,-73.653633441274
"North Jersey, NJ",3,11579,north_jersey_nj_r03,3,DMS2 Region 1,DMS2 Region 1,DMS2_EXCLUSIVE,5,5,0,5,0,0.0,0.14021293215630204,8.133331567635505,54.71319769601757,29.232116929662137,19.170841609245628,AI103409,False,40.72509005935567,-73.95270338260443,11222,40.8430012644798,-73.6423866017054
"North Jersey, NJ",3,11590,north_jersey_nj_r03,3,DMS2 Region 1,DMS2 Region 1,DMS2_EXCLUSIVE,15,15,0,15,0,0.0,0.16576738664092386,9.327491168992003,56.8808721943239,31.896610434097603,15.0901492602022,AI103409,False,40.72509005935567,-73.95270338260443,11222,40.75700162048133,-73.5764531494596
"North Jersey, NJ",3,11702,north_jersey_nj_r03,3,DMS2 Region 1,DMS2 Region 1,DMS2_EXCLUSIVE,4,4,0,4,0,0.0,0.1198725572129514,4.122378011404809,73.99637551690579,52.19145186375355,19.458107300678996,AI102719,False,40.72509005935567,-73.95270338260443,11222,40.69060905760175,-73.335192414457
"North Jersey, NJ",3,11709,north_jersey_nj_r03,3,DMS2 Region 1,DMS2 Region 1,DMS2_EXCLUSIVE,1,1,0,1,0,0.0,0.1142750873884596,4.0,61.19513203878284,38.03368991322133,14.03890384634976,AI102719,False,40.72509005935567,-73.95270338260443,11222,40.904436986529,-73.567865902717
"North Jersey, NJ",3,11710,north_jersey_nj_r03,3,DMS2 Region 1,DMS2 Region 1,DMS2_EXCLUSIVE,14,14,0,14,0,0.0,0.16129534946499346,8.806943785939977,59.59687787492501,35.36706050940098,15.995124688100976,AI103409,False,40.72509005935567,-73.95270338260443,11222,40.68407246411857,-73.53664351167365
"North Jersey, NJ",3,11713,north_jersey_nj_r03,3,DMS2 Region 1,DMS2 Region 1,DMS2_EXCLUSIVE,1,1,0,1,0,0.0,0.11031553474365041,4.0,105.02624340193377,84.96524496231783,41.11120824931887,AI102719,False,40.72509005935567,-73.95270338260443,11222,40.752587278939,-72.944881049204
"North Jersey, NJ",3,11714,north_jersey_nj_r03,3,DMS2 Region 1,DMS2 Region 1,DMS2_EXCLUSIVE,6,6,0,6,2,0.0,0.12303934289983816,3.63825017083144,62.99849320264121,39.634026127200826,13.646976507357076,AI102719,False,40.72509005935567,-73.95270338260443,11222,40.7439208177775,-73.48296596138783
"North Jersey, NJ",3,11715,north_jersey_nj_r03,3,DMS2 Region 1,DMS2 Region 1,DMS2_EXCLUSIVE,4,4,0,4,0,0.0,0.13003174334226936,7.11474058433286,97.92732307296677,77.6390052111215,34.23057911729803,AI102719,False,40.72509005935567,-73.95270338260443,11222,40.7502431429405,-73.03180019422625
"North Jersey, NJ",3,11717,north_jersey_nj_r03,3,DMS2 Region 1,DMS2 Region 1,DMS2_EXCLUSIVE,8,8,0,8,1,0.0,0.12558643476851702,3.6426321832028443,81.12645107628111,60.16068116073156,16.779933667756925,AI102719,False,40.72509005935567,-73.95270338260443,11222,40.77889691354575,-73.24204130956588
"North Jersey, NJ",3,11720,north_jersey_nj_r03,3,DMS2 Region 1,DMS2 Region 1,DMS2_EXCLUSIVE,4,4,0,4,0,0.0,0.11266974502445866,2.8433318946478923,95.43122836715877,75.1989432711611,28.1722154004191,AI102719,False,40.72509005935567,-73.95270338260443,11222,40.868343469860996,-73.07964153811025
"North Jersey, NJ",3,11722,north_jersey_nj_r03,3,DMS2 Region 1,DMS2 Region 1,DMS2_EXCLUSIVE,1,1,0,1,0,0.0,0.11223843635933185,4.0,83.74027440040828,62.89033721577108,19.592464960387197,AI102719,False,40.72509005935567,-73.95270338260443,11222,40.772192127802,-73.208726173308
"North Jersey, NJ",3,11725,north_jersey_nj_r03,3,DMS2 Region 1,DMS2 Region 1,DMS2_EXCLUSIVE,4,4,0,4,0,0.0,0.11082026495012996,2.0461874805062568,79.5710428097596,58.78668753228601,11.997020062664792,AI102719,False,40.72509005935567,-73.95270338260443,11222,40.8438633297295,-73.27231942892526
"North Jersey, NJ",3,11727,north_jersey_nj_r03,3,DMS2 Region 1,DMS2 Region 1,DMS2_EXCLUSIVE,8,8,0,8,0,0.0,0.12724787899228476,4.493016559178906,101.49478738994004,81.45360209662545,34.17084713831335,AI102719,False,40.72509005935567,-73.95270338260443,11222,40.89463083893138,-73.01115271016887
"North Jersey, NJ",3,11730,north_jersey_nj_r03,3,DMS2 Region 1,DMS2 Region 1,DMS2_EXCLUSIVE,1,1,0,1,0,0.0,0.11200582579933539,4.0,86.31520653897088,65.52200505255796,24.357645262075252,AI102719,False,40.72509005935567,-73.95270338260443,11222,40.731592813593,-73.17517673329
"North Jersey, NJ",3,11733,north_jersey_nj_r03,3,DMS2 Region 1,DMS2 Region 1,DMS2_EXCLUSIVE,4,4,0,4,3,0.0,0.1098886636027887,2.1647192844162255,95.28621606596022,75.12231573212301,27.65067830112842,AI102719,False,40.72509005935567,-73.95270338260443,11222,40.9021050277565,-73.091238380657
"North Jersey, NJ",3,11735,north_jersey_nj_r03,3,DMS2 Region 1,DMS2 Region 1,DMS2_EXCLUSIVE,3,3,0,3,0,0.0,0.11451858996740605,3.127108890419636,64.83754108868409,41.79261633363527,14.682533276873658,AI102719,False,40.72509005935567,-73.95270338260443,11222,40.727009994216,-73.45675937315
"North Jersey, NJ",3,11738,north_jersey_nj_r03,3,DMS2 Region 1,DMS2 Region 1,DMS2_EXCLUSIVE,3,3,0,3,0,0.0,0.10936544335573767,2.5860872507447485,97.22192957879889,76.98983489542704,30.569439250354673,AI102719,False,40.72509005935567,-73.95270338260443,11222,40.841132360073665,-73.05121591098633
"North Jersey, NJ",3,11741,north_jersey_nj_r03,3,DMS2 Region 1,DMS2 Region 1,DMS2_EXCLUSIVE,1,1,0,1,0,0.0,0.11122742664760671,4.0,94.93186174347478,74.55444696904112,30.123575622885408,AI102719,False,40.72509005935567,-73.95270338260443,11222,40.779261397873,-73.070513545759
"North Jersey, NJ",3,11742,north_jersey_nj_r03,3,DMS2 Region 1,DMS2 Region 1,DMS2_EXCLUSIVE,2,2,0,2,0,0.0,0.10296401138427053,1.552315015970812,97.90327851999582,77.65353175879657,32.01481677587733,AI102719,False,40.72509005935567,-73.95270338260443,11222,40.812440223264,-73.037839839195
"North Jersey, NJ",3,11751,north_jersey_nj_r03,3,DMS2 Region 1,DMS2 Region 1,DMS2_EXCLUSIVE,1,1,0,1,0,0.0,0.11226471627099055,4.0,83.44936332083573,62.516797204266155,21.159168656112467,AI102719,False,40.72509005935567,-73.95270338260443,11222,40.742913776703,-73.211103338023
"North Jersey, NJ",3,11752,north_jersey_nj_r03,3,DMS2 Region 1,DMS2 Region 1,DMS2_EXCLUSIVE,2,2,0,2,0,0.0,0.13071202882532246,8.0,84.62258582374822,63.775002215447756,21.517666229342034,AI102719,False,40.72509005935567,-73.95270338260443,11222,40.753388535368,-73.1966597974075
"North Jersey, NJ",3,11753,north_jersey_nj_r03,3,DMS2 Region 1,DMS2 Region 1,DMS2_EXCLUSIVE,6,6,0,6,0,0.0,0.17178252431400318,15.414125786986762,60.16332749277702,36.280396310890644,12.053542043945948,AI102719,False,40.72509005935567,-73.95270338260443,11222,40.7926186554065,-73.53128040151833
"North Jersey, NJ",3,11754,north_jersey_nj_r03,3,DMS2 Region 1,DMS2 Region 1,DMS2_EXCLUSIVE,5,5,0,5,0,0.0,0.11879650492884887,3.5488183059363645,82.82733507492894,62.30457274472977,14.733139324928999,AI102719,False,40.72509005935567,-73.95270338260443,11222,40.888795963137404,-73.244736028641
"North Jersey, NJ",3,11755,north_jersey_nj_r03,3,DMS2 Region 1,DMS2 Region 1,DMS2_EXCLUSIVE,4,4,0,4,0,0.0,0.11318026934477117,2.898649074836044,92.30119698031346,71.96062940137017,25.108888400833198,AI102719,False,40.72509005935567,-73.95270338260443,11222,40.856179854629,-73.115638416405
"North Jersey, NJ",3,11756,north_jersey_nj_r03,3,DMS2 Region 1,DMS2 Region 1,DMS2_EXCLUSIVE,12,12,0,12,0,0.0,0.15824747903509495,9.102835473600006,60.698703236930534,36.74533995281895,16.1762855026163,AI102719,False,40.72509005935567,-73.95270338260443,11222,40.7320280691685,-73.51672843921466
"North Jersey, NJ",3,11757,north_jersey_nj_r03,3,DMS2 Region 1,DMS2 Region 1,DMS2_EXCLUSIVE,5,5,0,5,1,0.0,0.1201007760675961,3.5998188340291795,70.7140036156527,48.50761483369993,18.74566424997393,AI102719,False,40.72509005935567,-73.95270338260443,11222,40.6885625127416,-73.3792532438068
"North Jersey, NJ",3,11758,north_jersey_nj_r03,3,DMS2 Region 1,DMS2 Region 1,DMS2_EXCLUSIVE,10,10,0,10,0,0.0,0.13121749127291799,3.648782993592625,65.19642637864911,42.116945539741835,20.01262207609481,AI102719,False,40.72509005935567,-73.95270338260443,11222,40.678020560896705,-73.4569607395098
"North Jersey, NJ",3,11764,north_jersey_nj_r03,3,DMS2 Region 1,DMS2 Region 1,DMS2_EXCLUSIVE,2,2,0,2,1,0.0,0.09965004709259906,0.8889541407575526,104.35229225107112,84.46460661476073,36.891206590320294,AI102719,False,40.72509005935567,-73.95270338260443,11222,40.943969739024496,-72.9913060352535
"North Jersey, NJ",3,11766,north_jersey_nj_r03,3,DMS2 Region 1,DMS2 Region 1,DMS2_EXCLUSIVE,6,6,0,6,3,0.0,0.12042872970632344,3.8643242031658316,102.20156068569703,82.23850729699805,34.70296137205303,AI102719,False,40.72509005935567,-73.95270338260443,11222,40.9273607157435,-73.01256993133067
"North Jersey, NJ",3,11767,north_jersey_nj_r03,3,DMS2 Region 1,DMS2 Region 1,DMS2_EXCLUSIVE,1,1,0,1,1,0.0,0.11188176299866591,4.0,87.68854613562893,67.14172973071852,21.016312764557902,AI102719,False,40.72509005935567,-73.95270338260443,11222,40.827825102336,-73.166956342014
"North Jersey, NJ",3,11772,north_jersey_nj_r03,3,DMS2 Region 1,DMS2 Region 1,DMS2_EXCLUSIVE,3,3,0,3,2,0.0,0.10758300115213841,2.2856431038064473,103.25897603667359,83.14443747788471,38.57134055513825,AI102719,False,40.72509005935567,-73.95270338260443,11222,40.775868070928,-72.96794550463267
"North Jersey, NJ",3,11776,north_jersey_nj_r03,3,DMS2 Region 1,DMS2 Region 1,DMS2_EXCLUSIVE,4,4,0,4,1,0.0,0.11140336704167651,2.6145456362729576,99.02171873157249,78.95382682790077,31.49443869907421,AI102719,False,40.72509005935567,-73.95270338260443,11222,40.9082056535235,-73.0462169610165
"North Jersey, NJ",3,11777,north_jersey_nj_r03,3,DMS2 Region 1,DMS2 Region 1,DMS2_EXCLUSIVE,2,2,0,2,0,0.0,0.1281334191737899,7.713351299662603,100.10176621103517,80.15116536334197,32.57388418871005,AI102719,False,40.72509005935567,-73.95270338260443,11222,40.9498687658475,-73.0474613985605
"North Jersey, NJ",3,11778,north_jersey_nj_r03,3,DMS2 Region 1,DMS2 Region 1,DMS2_EXCLUSIVE,1,1,0,1,0,0.0,0.10995205347278815,4.0,109.04987674911723,89.25454864997978,41.695587963972365,AI102719,False,40.72509005935567,-73.95270338260443,11222,40.949787416963,-72.934158068107
"North Jersey, NJ",3,11779,north_jersey_nj_r03,3,DMS2 Region 1,DMS2 Region 1,DMS2_EXCLUSIVE,3,3,0,3,1,0.0,0.10647418753827721,1.7724098942368425,92.14034018169299,71.7284611025816,25.79218394325194,AI102719,False,40.72509005935567,-73.95270338260443,11222,40.82240469442467,-73.11064153650632
"North Jersey, NJ",3,11780,north_jersey_nj_r03,3,DMS2 Region 1,DMS2 Region 1,DMS2_EXCLUSIVE,3,3,0,3,1,0.0,0.11008711681451855,2.595323438265286,89.6541918063035,69.28692204111142,21.999845946727476,AI102719,False,40.72509005935567,-73.95270338260443,11222,40.87584658471567,-73.15401098316899
"North Jersey, NJ",3,11782,north_jersey_nj_r03,3,DMS2 Region 1,DMS2 Region 1,DMS2_EXCLUSIVE,3,3,0,3,0,0.0,0.110679320325023,2.8398243896649493,94.2428863283548,73.82075061379912,30.588202864586783,AI102719,False,40.72509005935567,-73.95270338260443,11222,40.75201271829667,-73.077230619389
"North Jersey, NJ",3,11783,north_jersey_nj_r03,3,DMS2 Region 1,DMS2 Region 1,DMS2_EXCLUSIVE,7,7,0,7,1,0.0,0.12283610107915555,3.0761361976762838,62.68938154712682,39.132497134974706,19.747613254660926,AI103409,False,40.72509005935567,-73.95270338260443,11222,40.680924503777135,-73.492151235302
"North Jersey, NJ",3,11784,north_jersey_nj_r03,3,DMS2 Region 1,DMS2 Region 1,DMS2_EXCLUSIVE,3,3,0,3,0,0.0,0.10771771439966303,2.2044305711810197,98.06611696877245,77.8999899621922,30.925860693709414,AI102719,False,40.72509005935567,-73.95270338260443,11222,40.86844286579767,-73.04686228291067
"North Jersey, NJ",3,11786,north_jersey_nj_r03,3,DMS2 Region 1,DMS2 Region 1,DMS2_EXCLUSIVE,2,2,0,2,0,0.0,0.12822323917783215,8.0,112.17277292420557,92.42450501002655,44.89872261475162,AI102719,False,40.72509005935567,-73.95270338260443,11222,40.947743108393,-72.894225727013
"North Jersey, NJ",3,11788,north_jersey_nj_r03,3,DMS2 Region 1,DMS2 Region 1,DMS2_EXCLUSIVE,2,2,0,2,3,0.0,0.10330756273795054,1.402551313239172,87.2741173370797,66.69888161094111,20.77814293593675,AI102719,False,40.72509005935567,-73.95270338260443,11222,40.822127459551496,-73.171056845912
"North Jersey, NJ",3,11789,north_jersey_nj_r03,3,DMS2 Region 1,DMS2 Region 1,DMS2_EXCLUSIVE,2,2,0,2,1,0.0,0.1135569740170624,4.288168914312081,105.34092191522241,85.5013876357256,37.917610729725794,AI102719,False,40.72509005935567,-73.95270338260443,11222,40.957937067284504,-72.98401440159901
"North Jersey, NJ",3,11790,north_jersey_nj_r03,3,DMS2 Region 1,DMS2 Region 1,DMS2_EXCLUSIVE,2,2,0,2,0,0.0,0.1053303354176994,2.0256947029768653,93.28513354414294,73.0451607170839,25.656097367794057,AI102719,False,40.72509005935567,-73.95270338260443,11222,40.88973101201201,-73.1125160792935
"North Jersey, NJ",3,11791,north_jersey_nj_r03,3,DMS2 Region 1,DMS2 Region 1,DMS2_EXCLUSIVE,8,8,0,8,1,0.0,0.12605255152871883,3.3379207404479625,62.07809418390053,38.865589287959246,8.957081823396276,AI102719,False,40.72509005935567,-73.95270338260443,11222,40.81539837936062,-73.50685205416713
"North Jersey, NJ",3,11792,north_jersey_nj_r03,3,DMS2 Region 1,DMS2 Region 1,DMS2_EXCLUSIVE,3,3,0,3,2,0.0,0.10653614275476354,2.319345581560775,116.3835382378989,96.70715601868893,49.20668368548656,AI102719,False,40.72509005935567,-73.95270338260443,11222,40.951281725829666,-72.842696904854
"North Jersey, NJ",3,11793,north_jersey_nj_r03,3,DMS2 Region 1,DMS2 Region 1,DMS2_EXCLUSIVE,8,8,0,8,0,0.0,0.13506451520846705,5.511157200253997,61.37315221127974,37.53535401292713,18.30620458635544,AI103409,False,40.72509005935567,-73.95270338260443,11222,40.69189058169738,-73.50955009881761
"North Jersey, NJ",3,11795,north_jersey_nj_r03,3,DMS2 Region 1,DMS2 Region 1,DMS2_EXCLUSIVE,4,4,0,4,0,0.0,0.11016991230957786,1.8483206837382418,77.7516013067946,56.34578594549326,19.66556907306782,AI102719,False,40.72509005935567,-73.95270338260443,11222,40.7079523614915,-73.2845287515235
"North Jersey, NJ",3,11796,north_jersey_nj_r03,3,DMS2 Region 1,DMS2 Region 1,DMS2_EXCLUSIVE,1,1,0,1,0,0.0,0.11146132476107436,4.0,92.34267675752155,71.83508068443686,29.714616178705718,AI102719,False,40.72509005935567,-73.95270338260443,11222,40.732865693303,-73.100262803031
"North Jersey, NJ",3,11797,north_jersey_nj_r03,3,DMS2 Region 1,DMS2 Region 1,DMS2_EXCLUSIVE,1,1,0,1,0,0.0,0.11408118931827328,4.0,63.341528025859105,40.48127584691399,7.592402899079838,AI102719,False,40.72509005935567,-73.95270338260443,11222,40.814404978983,-73.48668948932
"North Jersey, NJ",3,11801,north_jersey_nj_r03,3,DMS2 Region 1,DMS2 Region 1,DMS2_EXCLUSIVE,12,12,0,12,1,0.0,0.15819759196486563,9.093070790452964,60.80586995800082,37.003927937490474,12.917562938231953,AI102719,False,40.72509005935567,-73.95270338260443,11222,40.76899609688725,-73.51728138905158
"North Jersey, NJ",3,11803,north_jersey_nj_r03,3,DMS2 Region 1,DMS2 Region 1,DMS2_EXCLUSIVE,7,7,0,7,0,0.0,0.12835510329913344,4.446414251627594,64.0521227555379,41.164422900160226,9.201731463784297,AI102719,False,40.72509005935567,-73.95270338260443,11222,40.783999517575424,-73.47022545180444
"North Jersey, NJ",3,11901,north_jersey_nj_r03,3,DMS2 Region 1,DMS2 Region 1,DMS2_EXCLUSIVE,4,4,0,4,0,0.0,0.10298621733410035,1.2340511170137387,129.27497761732897,109.76849432292386,62.53722579240583,AI102719,False,40.72509005935567,-73.95270338260443,11222,40.93337673634475,-72.67742132889126
"North Jersey, NJ",3,11930,north_jersey_nj_r03,3,DMS2 Region 1,DMS2 Region 1,DMS2_EXCLUSIVE,1,1,0,1,0,0.0,0.10406044201736248,4.0,174.26832463355586,155.28867886545513,108.22751741653715,AI102719,False,40.72509005935567,-73.95270338260443,11222,40.971843317982,-72.13551368546
"North Jersey, NJ",3,11932,north_jersey_nj_r03,3,DMS2 Region 1,DMS2 Region 1,DMS2_EXCLUSIVE,1,1,0,1,0,0.0,0.1053251047156537,4.0,160.26887152910095,141.150016014081,94.15440559190296,AI102719,False,40.72509005935567,-73.95270338260443,11222,40.944750119023,-72.300221880709
"North Jersey, NJ",3,11933,north_jersey_nj_r03,3,DMS2 Region 1,DMS2 Region 1,DMS2_EXCLUSIVE,1,1,0,1,0,0.0,0.10854460039596442,4.0,124.62997836224868,105.09426464580704,57.60381772458999,AI102719,False,40.72509005935567,-73.95270338260443,11222,40.966589619819,-72.744768508264
"North Jersey, NJ",3,11934,north_jersey_nj_r03,3,DMS2 Region 1,DMS2 Region 1,DMS2_EXCLUSIVE,1,1,0,1,0,0.0,0.10921256741727103,4.0,117.2357751468466,97.4727442155915,52.16413837228143,AI102719,False,40.72509005935567,-73.95270338260443,11222,40.795895743083,-72.79917551937
"North Jersey, NJ",3,11937,north_jersey_nj_r03,3,DMS2 Region 1,DMS2 Region 1,DMS2_EXCLUSIVE,3,3,0,3,3,0.0,0.09903496699144756,1.6381435884824123,168.37059297349262,149.33567430548658,102.23866909455629,AI102719,False,40.72509005935567,-73.95270338260443,11222,40.97003039341234,-72.20704699363134
"North Jersey, NJ",3,11940,north_jersey_nj_r03,3,DMS2 Region 1,DMS2 Region 1,DMS2_EXCLUSIVE,2,2,0,2,0,0.0,0.10171353092140438,1.7586327967852344,121.14958808144688,101.46655707972526,55.90861780059575,AI102719,False,40.72509005935567,-73.95270338260443,11222,40.806888894835,-72.752724893067
"North Jersey, NJ",3,11944,north_jersey_nj_r03,3,DMS2 Region 1,DMS2 Region 1,DMS2_EXCLUSIVE,1,1,0,1,0,0.0,0.10547787606014224,4.0,158.57773659188703,139.54396028227217,91.96009214803105,AI102719,False,40.72509005935567,-73.95270338260443,11222,41.09795930579,-72.367070181242
"North Jersey, NJ",3,11946,north_jersey_nj_r03,3,DMS2 Region 1,DMS2 Region 1,DMS2_EXCLUSIVE,4,4,0,4,0,0.0,0.10506298811781466,1.9913782164905285,140.80426919238755,121.4455691626464,74.98283492872928,AI102719,False,40.72509005935567,-73.95270338260443,11222,40.870317512023746,-72.52275779924574
"North Jersey, NJ",3,11948,north_jersey_nj_r03,3,DMS2 Region 1,DMS2 Region 1,DMS2_EXCLUSIVE,1,1,0,1,0,0.0,0.10723832523218402,4.0,139.09006951664637,119.74794136017437,72.34185067503496,AI102719,False,40.72509005935567,-73.95270338260443,11222,40.97751914021,-72.568627071125
"North Jersey, NJ",3,11949,north_jersey_nj_r03,3,DMS2 Region 1,DMS2 Region 1,DMS2_EXCLUSIVE,4,4,0,4,0,0.0,0.10515230433361372,1.543915285757438,119.42045273316903,99.70292083592034,53.37127741999162,AI102719,False,40.72509005935567,-73.95270338260443,11222,40.8483535489445,-72.77969013578026
"North Jersey, NJ",3,11950,north_jersey_nj_r03,3,DMS2 Region 1,DMS2 Region 1,DMS2_EXCLUSIVE,2,2,0,2,0,0.0,0.12815382035864203,8.0,112.94121932903118,93.08131576480145,47.96707573924634,AI102719,False,40.72509005935567,-73.95270338260443,11222,40.7891398003745,-72.8508306123635
"North Jersey, NJ",3,11953,north_jersey_nj_r03,3,DMS2 Region 1,DMS2 Region 1,DMS2_EXCLUSIVE,1,1,0,1,0,0.0,0.11031935753388326,4.0,104.9839262112193,84.99543097337448,37.964196428966915,AI102719,False,40.72509005935567,-73.95270338260443,11222,40.880308681225,-72.963937645551
"North Jersey, NJ",3,11955,north_jersey_nj_r03,3,DMS2 Region 1,DMS2 Region 1,DMS2_EXCLUSIVE,1,1,0,1,0,0.0,0.10935610685158893,4.0,115.6468348056088,95.84917667445711,50.63165994095324,AI102719,False,40.72509005935567,-73.95270338260443,11222,40.792411230636,-72.818176916298
"North Jersey, NJ",3,11963,north_jersey_nj_r03,3,DMS2 Region 1,DMS2 Region 1,DMS2_EXCLUSIVE,2,2,0,2,2,0.0,0.09567386899328795,1.1113236388213346,158.50292070387687,139.38157321629603,92.03924951011842,AI102719,False,40.72509005935567,-73.95270338260443,11222,40.999350363499,-72.33540797862
"North Jersey, NJ",3,11967,north_jersey_nj_r03,3,DMS2 Region 1,DMS2 Region 1,DMS2_EXCLUSIVE,3,3,0,3,1,0.0,0.10272108178300499,1.2806931310103409,111.27396706549284,91.37409988111547,45.80325690082532,AI102719,False,40.72509005935567,-73.95270338260443,11222,40.808337481035664,-72.87328540809567
"North Jersey, NJ",3,11968,north_jersey_nj_r03,3,DMS2 Region 1,DMS2 Region 1,DMS2_EXCLUSIVE,3,3,0,3,0,0.0,0.09441430820625075,0.32693507016980383,159.7558043624873,140.63750405122144,93.42837238481431,AI102719,False,40.72509005935567,-73.95270338260443,11222,40.97645712857834,-72.313958244144
"North Jersey, NJ",3,11971,north_jersey_nj_r03,3,DMS2 Region 1,DMS2 Region 1,DMS2_EXCLUSIVE,1,1,0,1,0,0.0,0.10591237933771938,4.0,153.7679100141031,134.67289968680947,87.09149654401347,AI102719,False,40.72509005935567,-73.95270338260443,11222,41.076840526839,-72.419371663721
"North Jersey, NJ",3,11972,north_jersey_nj_r03,3,DMS2 Region 1,DMS2 Region 1,DMS2_EXCLUSIVE,1,1,0,1,0,0.0,0.10850749142303448,4.0,125.04076404208975,105.43103862415113,59.637025568476,AI102719,False,40.72509005935567,-73.95270338260443,11222,40.81924,-72.70687
"North Jersey, NJ",3,11975,north_jersey_nj_r03,3,DMS2 Region 1,DMS2 Region 1,DMS2_EXCLUSIVE,1,1,0,1,0,0.0,0.10487566154152167,4.0,165.24407847390952,146.17722665010115,99.20060651459559,AI102719,False,40.72509005935567,-73.95270338260443,11222,40.947999028755,-72.240271731475
"North Jersey, NJ",3,11976,north_jersey_nj_r03,3,DMS2 Region 1,DMS2 Region 1,DMS2_EXCLUSIVE,1,1,0,1,0,0.0,0.10572239160005387,4.0,155.87101974246278,136.7038243432885,89.96085336405743,AI102719,False,40.72509005935567,-73.95270338260443,11222,40.90905,-72.34649
"North Jersey, NJ",3,11977,north_jersey_nj_r03,3,DMS2 Region 1,DMS2 Region 1,DMS2_EXCLUSIVE,1,1,0,1,0,0.0,0.10814053095908398,4.0,129.1029110582113,109.56735143018578,63.74291956471798,AI102719,False,40.72509005935567,-73.95270338260443,11222,40.821426347178,-72.657773679348
"North Jersey, NJ",3,11978,north_jersey_nj_r03,3,DMS2 Region 1,DMS2 Region 1,DMS2_EXCLUSIVE,3,3,0,3,0,0.0,0.11559316433095884,4.812727630319821,129.77187622070855,110.25156795828813,64.57314866490572,AI102719,False,40.72509005935567,-73.95270338260443,11222,40.81304862687634,-72.64865894702467
